Бренд;Модель;Год;Цена;URL;ПТС;Владельцы;Розыск;Ограничения;Город;Двигатель;Мощность;Коробка передач;Привод;Тип кузова;Цвет;Пробег;Руль;Поколение;Комплектация;Особые отметки;VIN;
BMW;5-Series;2023;9100000;https://auto.drom.ru/moscow/bmw/5-series/848976754.html;;;;;Москве;дизель, 2.0 л;188 л.с., налог;АКПП;4WD;седан;серый;новый автомобиль;левый;8 поколение;520d AT xDrive M Sport;;WBA**************;
BMW;X7;2023;15800000;https://auto.drom.ru/moscow/bmw/x7/53895963.html;Характеристики совпадают с ПТС;1 запись о регистрации;Не числится в розыске;Ограничений не обнаружено;Москве;дизель, 3.0 л;352 л.с., налог;АКПП;4WD;;серый;15 км;левый;1 поколение, рестайлинг;xDrive40d AT;;;
BMW;X6;2023;9990000;https://auto.drom.ru/moscow/bmw/x6/484434967.html;;;;;Москве;бензин, 3.0 л;340 л.с., налог;АКПП;4WD;;черный;3 759 км;левый;3 поколение;;;;
BMW;X5;2023;14300000;https://auto.drom.ru/moscow/bmw/x5/53701513.html;Мощность двигателя не совпадает с ПТС;1 запись о регистрации;Не числится в розыске;Ограничений не обнаружено;Москве;дизель, 3.0 л;249 л.с., налог;АКПП;4WD;;черный;новый автомобиль;левый;4 поколение;xDrive 30d AT M Sport;;WBA**************;
BMW;X6;2023;16820000;https://auto.drom.ru/moscow/bmw/x6/53701478.html;Характеристики совпадают с ПТС;1 запись о регистрации;Не числится в розыске;Ограничений не обнаружено;Москве;бензин, 3.0 л;381 л.с., налог;АКПП;4WD;;черный;новый автомобиль;левый;3 поколение, рестайлинг;xDrive40i AT M Sport;;WBA**************;
BMW;X6;2023;16600000;https://auto.drom.ru/moscow/bmw/x6/53477804.html;Характеристики совпадают с ПТС;1 запись о регистрации;Не числится в розыске;Ограничений не обнаружено;Москве;дизель, 3.0 л;298 л.с., налог;АКПП;4WD;;белый;новый автомобиль;левый;3 поколение, рестайлинг;xDrive30d AT M Sport;;WBA**************;
BMW;X6;2023;16900000;https://auto.drom.ru/moscow/bmw/x6/52928116.html;Характеристики совпадают с ПТС;1 запись о регистрации;Не числится в розыске;Ограничений не обнаружено;Москве;дизель, 3.0 л;298 л.с., налог;АКПП;4WD;;черный;новый автомобиль;левый;3 поколение, рестайлинг;xDrive30d AT M Sport;;WBA**************;
BMW;X3;2023;7700000;https://auto.drom.ru/moscow/bmw/x3/269470286.html;;;;;Москве;бензин, 2.0 л;245 л.с., налог;АКПП;4WD;;синий;11 981 км;левый;3 поколение, рестайлинг;;;;
BMW;X7;2023;17300000;https://auto.drom.ru/moscow/bmw/x7/137726106.html;Характеристики совпадают с ПТС;1 запись о регистрации;Не числится в розыске;Ограничений не обнаружено;Москве;дизель, 3.0 л;340 л.с., налог;автомат;4WD;;черный;новый автомобиль;левый;;;;WBA**************;
BMW;X7;2023;17300000;https://auto.drom.ru/moscow/bmw/x7/587972334.html;Характеристики совпадают с ПТС;1 запись о регистрации;Не числится в розыске;Ограничений не обнаружено;Москве;дизель, 3.0 л;340 л.с., налог;автомат;4WD;;черный;новый автомобиль;левый;;;;WBA**************;
BMW;X5;2023;14700000;https://auto.drom.ru/moscow/bmw/x5/54104196.html;;;;;Москве;бензин, 3.0 л;381 л.с., налог;АКПП;4WD;;черный;новый автомобиль;левый;4 поколение, рестайлинг;;;5UX**************;
BMW;X5;2023;13249000;https://auto.drom.ru/moscow/bmw/x5/53447971.html;;;;;Москве;дизель, 3.0 л;298 л.с., налог;АКПП;4WD;;черный;273 км;левый;4 поколение, рестайлинг;;;;
BMW;X5;2023;14000000;https://auto.drom.ru/spb/bmw/x5/53017800.html;;;;;Санкт-Петербурге;дизель, 3.0 л;352 л.с., налог;автомат;4WD;;черный;105 км;левый;;;;;
BMW;X5;2023;13930000;https://auto.drom.ru/spb/bmw/x5/52562201.html;;;;;Санкт-Петербурге;дизель, 3.0 л;298 л.с., налог;АКПП;4WD;;черный;новый автомобиль;левый;4 поколение, рестайлинг;xDrive30d AT;;WBA**************;
BMW;X7;2023;16200000;https://auto.drom.ru/moscow/bmw/x7/53873005.html;Характеристики совпадают с ПТС;1 запись о регистрации;Не числится в розыске;Ограничений не обнаружено;Москве;дизель, 3.0 л;352 л.с., налог;АКПП;4WD;;серый;29 км;левый;1 поколение, рестайлинг;xDrive40d AT;;;
BMW;X7;2023;13700000;https://auto.drom.ru/moscow/bmw/x7/53434576.html;Характеристики совпадают с ПТС;1 запись о регистрации;Не числится в розыске;Ограничений не обнаружено;Москве;дизель, 3.0 л;352 л.с., налог;АКПП;4WD;;черный;19 500 км;левый;1 поколение, рестайлинг;xDrive40d AT;;;
BMW;X6;2023;17000000;https://auto.drom.ru/moscow/bmw/x6/52992152.html;Характеристики совпадают с ПТС;1 запись о регистрации;Не числится в розыске;Ограничений не обнаружено;Москве;дизель, 3.0 л;298 л.с., налог;АКПП;4WD;;белый;новый автомобиль;левый;3 поколение, рестайлинг;xDrive30d AT M Sport;;WBA**************;
BMW;X6;2023;18017704;https://auto.drom.ru/moscow/bmw/x6/277656373.html;;;;;Москве;дизель, 3.0 л;298 л.с., налог;АКПП;4WD;;зеленый;новый автомобиль;левый;3 поколение, рестайлинг;xDrive30d AT M Sport;;WBA**************;
BMW;X5;2023;16757183;https://auto.drom.ru/moscow/bmw/x5/301390309.html;;;;;Москве;дизель, 3.0 л;298 л.с., налог;АКПП;4WD;;черный;новый автомобиль;левый;4 поколение, рестайлинг;xDrive30d AT;;WBA**************;
BMW;X6;2023;18017704;https://auto.drom.ru/moscow/bmw/x6/466982959.html;;;;;Москве;дизель, 3.0 л;298 л.с., налог;АКПП;4WD;;зеленый;новый автомобиль;левый;3 поколение, рестайлинг;xDrive30d AT M Sport;;WBA**************;
BMW;X5;2023;16757183;https://auto.drom.ru/moscow/bmw/x5/841953894.html;;;;;Москве;дизель, 3.0 л;298 л.с., налог;АКПП;4WD;;черный;новый автомобиль;левый;4 поколение, рестайлинг;;;WBA**************;
BMW;X6;2023;15950000;https://auto.drom.ru/moscow/bmw/x6/54089025.html;Характеристики совпадают с ПТС;1 запись о регистрации;Не числится в розыске;Ограничений не обнаружено;Москве;дизель, 3.0 л;298 л.с., налог;АКПП;4WD;;синий;новый автомобиль;левый;3 поколение, рестайлинг;xDrive30d AT M Sport;;WBA**************;
BMW;X6;2023;16500000;https://auto.drom.ru/moscow/bmw/x6/54089028.html;;;;;Москве;дизель, 3.0 л;298 л.с., налог;АКПП;4WD;;черный;новый автомобиль;левый;3 поколение, рестайлинг;xDrive30d AT M Sport;;WBA**************;
BMW;X5;2023;15210436;https://auto.drom.ru/moscow/bmw/x5/54088823.html;;;;;Москве;дизель, 3.0 л;298 л.с., налог;АКПП;4WD;;черный;новый автомобиль;левый;4 поколение, рестайлинг;;;WBA**************;
BMW;XM;2023;24950900;https://auto.drom.ru/moscow/bmw/xm/53801873.html;;;;;Москве;бензин, 4.4 л, гибрид;653 л.с., налог;автомат;4WD;;серый;новый автомобиль;левый;;;;WBS**************;
BMW;X5;2023;16450000;https://auto.drom.ru/spb/bmw/x5/53425381.html;;;;;Санкт-Петербурге;бензин, 4.4 л;530 л.с., налог;АКПП;4WD;;серый;405 км;левый;4 поколение;;;;
BMW;X4;2023;8850000;https://auto.drom.ru/moscow/bmw/x4/571759367.html;;;;;Москве;дизель, 2.0 л;190 л.с., налог;АКПП;4WD;;черный;6 578 км;левый;2 поколение, рестайлинг;;;;
BMW;X6;2023;14990000;https://auto.drom.ru/spb/bmw/x6/145370662.html;Характеристики совпадают с ПТС;1 запись о регистрации;Не числится в розыске;Ограничений не обнаружено;Санкт-Петербурге;дизель, 3.0 л;298 л.с., налог;АКПП;4WD;;белый;новый автомобиль;левый;3 поколение, рестайлинг;xDrive30d AT M Sport;;WBA**************;
BMW;X6;2023;16000000;https://auto.drom.ru/spb/bmw/x6/812600899.html;;;;;Санкт-Петербурге;дизель, 3.0 л;298 л.с., налог;АКПП;4WD;;черный;новый автомобиль;левый;3 поколение, рестайлинг;xDrive30d AT M Sport;;WBA**************;
BMW;X5;2023;22500000;https://auto.drom.ru/moscow/bmw/x5/724598706.html;;;;;Москве;бензин, 4.4 л;625 л.с., налог;АКПП;4WD;;серый;новый автомобиль;левый;4 поколение;;;WBS**************;
BMW;X7;2023;15790000;https://auto.drom.ru/moscow/bmw/x7/54088006.html;Характеристики совпадают с ПТС;1 запись о регистрации;Не числится в розыске;Ограничений не обнаружено;Москве;дизель, 3.0 л;340 л.с., налог;автомат;4WD;;черный;10 818 км;левый;;;;;
BMW;X7;2023;15400000;https://auto.drom.ru/spb/bmw/x7/54084366.html;;;;;Санкт-Петербурге;дизель, 3.0 л;340 л.с., налог;автомат;4WD;;белый;новый автомобиль;левый;;;;WBA**************;
BMW;X6;2023;13700000;https://auto.drom.ru/himki/bmw/x6/53798679.html;;;;;Химках;бензин, 3.0 л;340 л.с., налог;АКПП;4WD;;черный;новый автомобиль;левый;3 поколение;xDrive 40i AT Base;;WBA**************;
BMW;3-Series;2023;5900000;https://auto.drom.ru/himki/bmw/3-series/53798557.html;;;;;Химках;бензин, 2.0 л;156 л.с., налог;АКПП;задний;универсал;черный;новый автомобиль;левый;7 поколение, рестайлинг;318i AT Base;;WBA**************;
BMW;3-Series;2023;5900000;https://auto.drom.ru/himki/bmw/3-series/53798563.html;;;;;Химках;бензин, 2.0 л;156 л.с., налог;АКПП;задний;универсал;черный;новый автомобиль;левый;7 поколение, рестайлинг;318i AT Base;;WBA**************;
BMW;3-Series;2023;5900000;https://auto.drom.ru/himki/bmw/3-series/53798564.html;;;;;Химках;бензин, 2.0 л;156 л.с., налог;АКПП;задний;универсал;черный;новый автомобиль;левый;7 поколение, рестайлинг;318i AT Base;;WBA**************;
BMW;X6;2023;16350000;https://auto.drom.ru/himki/bmw/x6/53798567.html;;;;;Химках;дизель, 3.0 л;298 л.с., налог;АКПП;4WD;;синий;новый автомобиль;левый;3 поколение, рестайлинг;xDrive30d AT M Sport;;WBA**************;
BMW;5-Series;2023;9400000;https://auto.drom.ru/himki/bmw/5-series/53798611.html;;;;;Химках;бензин, 2.0 л;249 л.с., налог;АКПП;4WD;седан;черный;новый автомобиль;левый;7 поколение, рестайлинг;530i AT xDrive Base;;WBA**************;
BMW;X6;2023;14500000;https://auto.drom.ru/himki/bmw/x6/53798624.html;;;;;Химках;дизель, 3.0 л;298 л.с., налог;АКПП;4WD;;белый;новый автомобиль;левый;3 поколение, рестайлинг;xDrive30d AT M Sport;;WBA**************;
BMW;5-Series;2023;9400000;https://auto.drom.ru/himki/bmw/5-series/53798642.html;;;;;Химках;бензин, 2.0 л;249 л.с., налог;АКПП;4WD;седан;черный;новый автомобиль;левый;7 поколение, рестайлинг;530i AT xDrive Base;;WBA**************;
BMW;X6;2023;14500000;https://auto.drom.ru/himki/bmw/x6/53798652.html;;;;;Химках;дизель, 3.0 л;298 л.с., налог;АКПП;4WD;;белый;новый автомобиль;левый;3 поколение, рестайлинг;xDrive30d AT M Sport;;WBA**************;
BMW;X6;2023;13700000;https://auto.drom.ru/himki/bmw/x6/53798672.html;;;;;Химках;бензин, 3.0 л;340 л.с., налог;АКПП;4WD;;черный;новый автомобиль;левый;3 поколение;xDrive 40i AT Base;;WBA**************;
BMW;3-Series;2023;5900000;https://auto.drom.ru/himki/bmw/3-series/53798551.html;;;;;Химках;бензин, 2.0 л;156 л.с., налог;АКПП;задний;универсал;черный;новый автомобиль;левый;7 поколение, рестайлинг;318i AT Base;;WBA**************;
BMW;X7;2023;15689000;https://auto.drom.ru/spb/bmw/x7/53408967.html;Характеристики совпадают с ПТС;1 запись о регистрации;Не числится в розыске;Ограничений не обнаружено;Санкт-Петербурге;дизель, 3.0 л;340 л.с., налог;автомат;4WD;;черный;7 000 км;левый;;;;;
BMW;X5;2023;13550000;https://auto.drom.ru/himki/bmw/x5/53232155.html;;;;;Химках;бензин, 3.0 л;340 л.с., налог;АКПП;4WD;;синий;новый автомобиль;левый;4 поколение;xDrive 40i AT Base;;WBA**************;
BMW;X5;2023;13550000;https://auto.drom.ru/himki/bmw/x5/53232164.html;;;;;Химках;бензин, 3.0 л;340 л.с., налог;АКПП;4WD;;синий;новый автомобиль;левый;4 поколение;xDrive 40i AT Base;;WBA**************;
BMW;X5;2023;13550000;https://auto.drom.ru/himki/bmw/x5/53232165.html;;;;;Химках;бензин, 3.0 л;340 л.с., налог;АКПП;4WD;;черный;новый автомобиль;левый;4 поколение;xDrive 40i AT Base;;WBA**************;
BMW;X6;2023;13100000;https://auto.drom.ru/himki/bmw/x6/53126445.html;;;;;Химках;дизель, 3.0 л;286 л.с., налог;АКПП;4WD;;коричневый;новый автомобиль;левый;3 поколение;xDrive30d;;WBA**************;
BMW;XM;2023;22900000;https://auto.drom.ru/himki/bmw/xm/53133538.html;;;;;Химках;бензин, 4.4 л, гибрид;653 л.с., налог;автомат;4WD;;синий;новый автомобиль;левый;;;;WBS**************;
BMW;X6;2023;15900000;https://auto.drom.ru/himki/bmw/x6/53133540.html;;;;;Химках;дизель, 3.0 л;298 л.с., налог;АКПП;4WD;;серый;новый автомобиль;левый;3 поколение, рестайлинг;xDrive30d AT M Sport;;WBA**************;
BMW;X6;2023;15500000;https://auto.drom.ru/himki/bmw/x6/52930725.html;;;;;Химках;дизель, 3.0 л;298 л.с., налог;АКПП;4WD;;черный;новый автомобиль;левый;3 поколение, рестайлинг;xDrive30d AT M Sport;;WBA**************;
BMW;X6;2023;15600000;https://auto.drom.ru/himki/bmw/x6/52917023.html;;;;;Химках;дизель, 3.0 л;298 л.с., налог;АКПП;4WD;;белый;новый автомобиль;левый;3 поколение, рестайлинг;xDrive30d AT M Sport;;WBA**************;
BMW;X6;2023;15600000;https://auto.drom.ru/himki/bmw/x6/52917025.html;;;;;Химках;дизель, 3.0 л;298 л.с., налог;АКПП;4WD;;белый;новый автомобиль;левый;3 поколение, рестайлинг;xDrive30d AT M Sport;;WBA**************;
BMW;X5;2023;15100000;https://auto.drom.ru/himki/bmw/x5/52917027.html;;;;;Химках;дизель, 3.0 л;298 л.с., налог;АКПП;4WD;;белый;новый автомобиль;левый;4 поколение, рестайлинг;;;WBA**************;
BMW;X5;2023;16300000;https://auto.drom.ru/himki/bmw/x5/52917118.html;;;;;Химках;дизель, 3.0 л;298 л.с., налог;АКПП;4WD;;черный;новый автомобиль;левый;4 поколение, рестайлинг;;;WBA**************;
BMW;X5;2023;16300000;https://auto.drom.ru/himki/bmw/x5/52917120.html;;;;;Химках;дизель, 3.0 л;298 л.с., налог;АКПП;4WD;;черный;новый автомобиль;левый;4 поколение, рестайлинг;;;WBA**************;
BMW;X5;2023;15300000;https://auto.drom.ru/himki/bmw/x5/52917124.html;;;;;Химках;дизель, 3.0 л;298 л.с., налог;АКПП;4WD;;черный;новый автомобиль;левый;4 поколение, рестайлинг;;;WBA**************;
BMW;X6;2023;15500000;https://auto.drom.ru/himki/bmw/x6/52917129.html;;;;;Химках;дизель, 3.0 л;298 л.с., налог;АКПП;4WD;;белый;новый автомобиль;левый;3 поколение, рестайлинг;xDrive30d AT M Sport;;WBA**************;
BMW;X5;2023;13900000;https://auto.drom.ru/himki/bmw/x5/52862888.html;;;;;Химках;бензин, 3.0 л;340 л.с., налог;АКПП;4WD;;черный;новый автомобиль;левый;4 поколение;xDrive 40i AT Base;;WBA**************;
BMW;X5;2023;16000000;https://auto.drom.ru/himki/bmw/x5/52862900.html;;;;;Химках;дизель, 3.0 л;298 л.с., налог;АКПП;4WD;;серый;новый автомобиль;левый;4 поколение, рестайлинг;;;WBA**************;
BMW;X6;2023;14000000;https://auto.drom.ru/himki/bmw/x6/52862915.html;;;;;Химках;бензин, 3.0 л;340 л.с., налог;АКПП;4WD;;черный;новый автомобиль;левый;3 поколение;xDrive 40i AT Base;;WBA**************;
BMW;X6;2023;14000000;https://auto.drom.ru/himki/bmw/x6/52862919.html;;;;;Химках;бензин, 3.0 л;340 л.с., налог;АКПП;4WD;;черный;новый автомобиль;левый;3 поколение;xDrive 40i AT Base;;WBA**************;
BMW;X6;2023;14100000;https://auto.drom.ru/himki/bmw/x6/52862935.html;;;;;Химках;бензин, 3.0 л;340 л.с., налог;АКПП;4WD;;черный;новый автомобиль;левый;3 поколение;xDrive 40i AT Base;;WBA**************;
BMW;X6;2023;14100000;https://auto.drom.ru/himki/bmw/x6/52862937.html;;;;;Химках;бензин, 3.0 л;340 л.с., налог;АКПП;4WD;;черный;новый автомобиль;левый;3 поколение;xDrive 40i AT Base;;WBA**************;
BMW;XM;2023;24200000;https://auto.drom.ru/himki/bmw/xm/52862973.html;;;;;Химках;бензин, 4.4 л, гибрид;653 л.с., налог;автомат;4WD;;черный;новый автомобиль;левый;;;;WBS**************;
BMW;X5;2023;13800000;https://auto.drom.ru/himki/bmw/x5/52638900.html;;;;;Химках;бензин, 3.0 л;340 л.с., налог;АКПП;4WD;;белый;новый автомобиль;левый;4 поколение;xDrive 40i AT Base;;WBA**************;
BMW;X5;2023;13800000;https://auto.drom.ru/himki/bmw/x5/52638902.html;;;;;Химках;бензин, 3.0 л;340 л.с., налог;АКПП;4WD;;белый;новый автомобиль;левый;4 поколение;xDrive 40i AT Base;;WBA**************;
BMW;X5;2023;14100000;https://auto.drom.ru/himki/bmw/x5/52622155.html;;;;;Химках;бензин, 3.0 л;340 л.с., налог;АКПП;4WD;;черный;новый автомобиль;левый;4 поколение;xDrive 40i AT Base;;WBA**************;
BMW;X5;2023;14100000;https://auto.drom.ru/himki/bmw/x5/52622158.html;;;;;Химках;бензин, 3.0 л;340 л.с., налог;АКПП;4WD;;черный;новый автомобиль;левый;4 поколение;xDrive 40i AT Base;;WBA**************;
BMW;X5;2023;13950000;https://auto.drom.ru/himki/bmw/x5/52622170.html;;;;;Химках;бензин, 3.0 л;340 л.с., налог;АКПП;4WD;;синий;новый автомобиль;левый;4 поколение;xDrive 40i AT Base;;WBA**************;
BMW;X5;2023;13900000;https://auto.drom.ru/himki/bmw/x5/52622180.html;;;;;Химках;бензин, 3.0 л;340 л.с., налог;АКПП;4WD;;белый;новый автомобиль;левый;4 поколение;xDrive 40i AT Base;;WBA**************;
BMW;X5;2023;17000000;https://auto.drom.ru/moscow/bmw/x5/50108603.html;;;;;Москве;бензин, 4.4 л;625 л.с., налог;АКПП;4WD;;черный;50 км, без пробега по РФ;левый;4 поколение;M Competition;;;
BMW;X6;2023;15800000;https://auto.drom.ru/himki/bmw/x6/53780911.html;Характеристики совпадают с ПТС;1 запись о регистрации;Не числится в розыске;Ограничений не обнаружено;Химках;дизель, 3.0 л;298 л.с., налог;АКПП;4WD;;синий;новый автомобиль;левый;3 поколение, рестайлинг;xDrive30d AT M Sport;;WBA**************;
BMW;X4;2023;11990000;https://auto.drom.ru/moscow/bmw/x4/276883904.html;;;;;Москве;дизель, 3.0 л;286 л.с., налог;АКПП;4WD;;серый;53 км;левый;2 поколение, рестайлинг;;;;
BMW;4-Series;2023;6800000;https://auto.drom.ru/spb/bmw/4-series/737812074.html;Цвет не совпадает с ПТС;1 запись о регистрации;Не числится в розыске;Ограничений не обнаружено;Санкт-Петербурге;дизель, 2.0 л;190 л.с., налог;АКПП;4WD;купе;синий;28 000 км;левый;2 поколение;;;;
BMW;X6;2023;14990000;https://auto.drom.ru/spb/bmw/x6/53751471.html;;;;;Санкт-Петербурге;дизель, 3.0 л;298 л.с., налог;АКПП;4WD;;черный;73 км;левый;3 поколение, рестайлинг;xDrive30d AT M Sport;;;
BMW;X4;2023;8984000;https://auto.drom.ru/moscow/bmw/x4/907018345.html;;;;;Москве;дизель, 2.0 л;190 л.с., налог;АКПП;4WD;;черный;3 200 км;левый;2 поколение, рестайлинг;;;;
BMW;5-Series;2023;8600000;https://auto.drom.ru/moscow/bmw/5-series/679363986.html;;;;;Москве;бензин, 2.0 л;208 л.с., налог;автомат;задний;седан;черный;50 км;левый;8 поколение;;;;
BMW;X7;2023;15950000;https://auto.drom.ru/moscow/bmw/x7/52677443.html;;;;;Москве;дизель, 3.0 л;340 л.с., налог;автомат;4WD;;коричневый;50 км;левый;1 поколение, рестайлинг;;;;
BMW;iX;2023;6816372;https://auto.drom.ru/minsk/bmw/ix/317284091.html;;;;;Минске;электро;326 л.с., налог;АКПП;4WD;;зеленый;8 000 км;левый;1 поколение;xDrive40 Suite Sport;;;
Audi;Q7;2010;2200000;https://auto.drom.ru/tver/audi/q7/200133499.html;Характеристики совпадают с ПТС;3 записи о регистрации;Не числится в розыске;Ограничений не обнаружено;Твери;дизель, 3.0 л;239 л.с., налог;автомат;4WD;;коричневый;313 000 км;левый;;;;;
Audi;A3;2013;1128000;https://auto.drom.ru/moscow/audi/a3/54106345.html;Характеристики совпадают с ПТС;6 записей о регистрации;Не числится в розыске;Ограничений не обнаружено;Москве;бензин, 1.4 л;122 л.с., налог;робот;передний;хэтчбек 5 дв.;красный;131 504 км;левый;3 поколение;;;;
Audi;A6;2013;1600000;https://auto.drom.ru/kursk/audi/a6/52843066.html;Характеристики совпадают с ПТС;6 записей о регистрации;Не числится в розыске;Ограничений не обнаружено;Курске;бензин, 2.0 л;180 л.с., налог;вариатор;передний;седан;белый;250 000 км;левый;4 поколение;2.0 TFSI Multitronic;;;
Audi;A4;2019;3599000;https://auto.drom.ru/spb/audi/a4/54147958.html;Характеристики совпадают с ПТС;;Не числится в розыске;Ограничений не обнаружено;Санкт-Петербурге;дизель, 2.0 л;190 л.с., налог;робот;4WD;седан;синий;76 000 км;левый;5 поколение;2.0 40 TDI quattro S tronic Advance;;;
Audi;Q7;2020;8500000;https://auto.drom.ru/moscow/audi/q7/205193753.html;Характеристики совпадают с ПТС;1 запись о регистрации;Не числится в розыске;Ограничений не обнаружено;Москве;дизель, 3.0 л;249 л.с., налог;АКПП;4WD;;синий;61 478 км;левый;2 поколение;;;;
Audi;A8;2020;6621423;https://auto.drom.ru/minsk/audi/a8/53853214.html;;;;;Минске;бензин, 3.0 л;340 л.с., налог;автомат;4WD;;черный;215 239 км;левый;4 поколение;;;;
Audi;Q8;2020;8090000;https://auto.drom.ru/spb/audi/q8/818983338.html;;;;;Санкт-Петербурге;дизель, 3.0 л;286 л.с., налог;АКПП;4WD;;черный;31 823 км, без пробега по РФ;левый;1 поколение;3.0 50 TDI quattro tiptronic;;;
Audi;Q8;2020;8500000;https://auto.drom.ru/kirov/audi/q8/774860854.html;;;;;Кирове;дизель, 3.0 л;286 л.с., налог;АКПП;4WD;;серый;50 082 км, без пробега по РФ;левый;1 поколение;3.0 50 TDI quattro tiptronic;;;
Audi;A4;2020;3640000;https://auto.drom.ru/moscow/audi/a4/54136117.html;;;;;Москве;дизель, 2.0 л;190 л.с., налог;робот;4WD;седан;белый;84 360 км;левый;5 поколение;;;;
Audi;A3;2020;2100000;https://auto.drom.ru/minsk/audi/a3/53483363.html;;;;;Минске;бензин, 1.4 л;204 л.с., налог;автомат;передний;хэтчбек 5 дв.;серебристый;106 000 км;левый;3 поколение, рестайлинг;;документы с проблемами или отсутствуют;;
Audi;e-tron;2020;6450000;https://auto.drom.ru/cherepovets/audi/e-tron/52482669.html;Мощность двигателя не совпадает с ПТС;1 запись о регистрации;Не числится в розыске;Ограничений не обнаружено;Череповце;электро;408 л.с., налог;АКПП;4WD;;белый;22 200 км;левый;1 поколение;95 kWh 55 quattro e-tron Sport;;;
Audi;Q7;2020;6395000;https://auto.drom.ru/moscow/audi/q7/806138772.html;Характеристики совпадают с ПТС;2 записи о регистрации;Не числится в розыске;Ограничений не обнаружено;Москве;дизель, 3.0 л;249 л.с., налог;АКПП;4WD;;синий;159 679 км;левый;2 поколение;;;;
Audi;Q7;2022;12605256;https://auto.drom.ru/spb/audi/q7/102521404.html;;;;;Санкт-Петербурге;дизель, 3.0 л;249 л.с., налог;АКПП;4WD;;белый;новый автомобиль;левый;2 поколение, рестайлинг;;;WAU**************;
Audi;Q8;2022;14263240;https://auto.drom.ru/spb/audi/q8/211351713.html;;;;;Санкт-Петербурге;бензин, 3.0 л;340 л.с., налог;автомат;4WD;;черный;новый автомобиль;левый;;;;WAU**************;
Audi;A8;2022;14169916;https://auto.drom.ru/spb/audi/a8/939148915.html;;;;;Санкт-Петербурге;бензин, 3.0 л;340 л.с., налог;автомат;4WD;;серый;новый автомобиль;левый;;;;WAU**************;
Audi;Q7;2022;12623365;https://auto.drom.ru/spb/audi/q7/805351556.html;;;;;Санкт-Петербурге;дизель, 3.0 л;249 л.с., налог;АКПП;4WD;;серый;новый автомобиль;левый;2 поколение, рестайлинг;;;WAU**************;
Audi;Q7;2022;12756685;https://auto.drom.ru/spb/audi/q7/729690757.html;;;;;Санкт-Петербурге;дизель, 3.0 л;249 л.с., налог;АКПП;4WD;;черный;новый автомобиль;левый;2 поколение, рестайлинг;;;WAU**************;
Audi;Q5;2022;5250000;https://auto.drom.ru/spb/audi/q5/53810406.html;;;;;Санкт-Петербурге;бензин, 2.0 л;265 л.с., налог;автомат;4WD;;серый;12 983 км;левый;;;;;
Audi;Q5;2022;6470000;https://auto.drom.ru/bryansk/audi/q5/54087432.html;;;;;Брянске;бензин, 2.0 л;249 л.с., налог;автомат;4WD;;белый;10 606 км;левый;;;;;
Audi;A6;2022;5400000;https://auto.drom.ru/balashiha/audi/a6/52991227.html;Цвет не совпадает с ПТС;1 запись о регистрации;Не числится в розыске;Ограничений не обнаружено;Балашихе;бензин, 2.0 л;190 л.с., налог;автомат;передний;седан;черный;4 519 км;левый;;;;;
Audi;Q7;2022;12137650;https://auto.drom.ru/nizhniy-novgorod/audi/q7/52072445.html;;;;;Нижнем Новгороде;дизель, 3.0 л;249 л.с., налог;АКПП;4WD;;синий;новый автомобиль;левый;2 поколение, рестайлинг;;;XW8**************;
Audi;Q5;2022;5999000;https://auto.drom.ru/spb/audi/q5/560957897.html;Характеристики совпадают с ПТС;1 запись о регистрации;Не числится в розыске;Ограничений не обнаружено;Санкт-Петербурге;бензин, 2.0 л;204 л.с., налог;автомат;4WD;;черный;136 км;левый;;;;;
Audi;Q5;2022;7075000;https://auto.drom.ru/spb/audi/q5/53788914.html;;;;;Санкт-Петербурге;бензин, 2.0 л;249 л.с., налог;автомат;4WD;;белый;29 км;левый;;;;;
Audi;Q8;2022;11490000;https://auto.drom.ru/spb/audi/q8/53395012.html;;;;;Санкт-Петербурге;бензин, 3.0 л;340 л.с., налог;автомат;4WD;;белый;5 км;левый;;;;;
Audi;Q5;2022;8500000;https://auto.drom.ru/spb/audi/q5/52972303.html;;;;;Санкт-Петербурге;бензин, 2.0 л;249 л.с., налог;автомат;4WD;;белый;новый автомобиль;левый;;;;WAU**************;
Audi;A4;2022;3850000;https://auto.drom.ru/moscow/audi/a4/53746234.html;;;;;Москве;бензин, 2.0 л, гибрид;265 л.с., налог;робот;4WD;седан;серый;1 200 км, без пробега по РФ;левый;5 поколение, рестайлинг;2.0 45 TFSI quattro S tronic;;;
Audi;A7;2022;6550000;https://auto.drom.ru/moscow/audi/a7/54059782.html;Характеристики совпадают с ПТС;2 записи о регистрации;Не числится в розыске;Ограничений не обнаружено;Москве;дизель, 2.0 л;204 л.с., налог;автомат;передний;;черный;43 057 км;левый;;;;;
Audi;A4;2022;6600000;https://auto.drom.ru/moscow/audi/a4/53394393.html;;;;;Москве;бензин, 2.0 л;150 л.с., налог;робот;передний;седан;синий;новый автомобиль;левый;5 поколение, рестайлинг;;;WAU**************;
Audi;A4;2022;5440000;https://auto.drom.ru/moscow/audi/a4/53394397.html;;;;;Москве;бензин, 2.0 л;150 л.с., налог;робот;передний;седан;синий;новый автомобиль;левый;5 поколение, рестайлинг;;;WAU**************;
Audi;A4;2022;5900000;https://auto.drom.ru/moscow/audi/a4/53394400.html;;;;;Москве;бензин, 2.0 л;150 л.с., налог;робот;передний;седан;красный;новый автомобиль;левый;5 поколение, рестайлинг;;;WAU**************;
Audi;A4;2022;5900000;https://auto.drom.ru/moscow/audi/a4/53394401.html;;;;;Москве;бензин, 2.0 л;150 л.с., налог;робот;передний;седан;синий;новый автомобиль;левый;5 поколение, рестайлинг;;;WAU**************;
Audi;Q7;2022;11934500;https://auto.drom.ru/nizhniy-novgorod/audi/q7/52072455.html;;;;;Нижнем Новгороде;дизель, 3.0 л;249 л.с., налог;АКПП;4WD;;синий;новый автомобиль;левый;2 поколение, рестайлинг;;;XW8**************;
Audi;Q2;2022;3595000;https://auto.drom.ru/moscow/audi/q2/52068881.html;Электронный ПТС выдан;;Не числится в розыске;Ограничений не обнаружено;Москве;дизель, 2.0 л;150 л.с., налог;робот;передний;;белый;7 674 км, без пробега по РФ;левый;1 поколение, рестайлинг;;;;
Audi;Q7;2022;9126000;https://auto.drom.ru/spb/audi/q7/474961828.html;Характеристики совпадают с ПТС;1 запись о регистрации;Не числится в розыске;Есть ограничения;Санкт-Петербурге;дизель, 3.0 л;249 л.с., налог;АКПП;4WD;;черный;12 826 км;левый;2 поколение, рестайлинг;;;;
Audi;A6;2022;7800000;https://auto.drom.ru/moscow/audi/a6/53760419.html;Модель, год, цвет, мощность двигателя не совпадают с ПТС;1 запись о регистрации;Не числится в розыске;Ограничений не обнаружено;Москве;бензин, 2.0 л, гибрид;245 л.с., налог;робот;4WD;седан;черный;новый автомобиль;левый;5 поколение;2.0 45 TFSI quattro S tronic Advance;;LFP**************;
Audi;A6;2022;7800000;https://auto.drom.ru/moscow/audi/a6/53760420.html;;;;;Москве;бензин, 2.0 л;245 л.с., налог;автомат;4WD;седан;черный;новый автомобиль;левый;;;;WAU**************;
Audi;Q5;2022;5740000;https://auto.drom.ru/spb/audi/q5/53383118.html;Характеристики совпадают с ПТС;1 запись о регистрации;Не числится в розыске;Ограничений не обнаружено;Санкт-Петербурге;бензин, 2.0 л;204 л.с., налог;автомат;4WD;;белый;15 570 км;левый;;;;;
Audi;Q7;2022;10950000;https://auto.drom.ru/moscow/audi/q7/51658023.html;;;;;Москве;дизель, 3.0 л;286 л.с., налог;автомат;4WD;;серый;новый автомобиль;левый;;;;WAU**************;
Audi;Q7;2022;9999000;https://auto.drom.ru/yaroslavl/audi/q7/655463898.html;;;;;Ярославле;дизель, 3.0 л;231 л.с., налог;автомат;4WD;;белый;3 925 км, без пробега по РФ;левый;;;;;
Audi;Q8;2022;9400000;https://auto.drom.ru/moscow/audi/q8/54035591.html;Характеристики совпадают с ПТС;1 запись о регистрации;Не числится в розыске;Ограничений не обнаружено;Москве;бензин, 3.0 л;340 л.с., налог;автомат;4WD;;черный;116 км;левый;;;;;
Audi;A6;2022;5970000;https://auto.drom.ru/balashiha/audi/a6/407663146.html;Характеристики совпадают с ПТС;1 запись о регистрации;Не числится в розыске;Ограничений не обнаружено;Балашихе;дизель, 2.0 л;204 л.с., налог;автомат;4WD;седан;серый;16 220 км;левый;;;;;
Audi;Q7;2022;12400000;https://auto.drom.ru/spb/audi/q7/262642048.html;;;;;Санкт-Петербурге;дизель, 3.0 л;249 л.с., налог;АКПП;4WD;;серый;новый автомобиль;левый;2 поколение, рестайлинг;;;XW8**************;
Audi;Q7;2022;12800000;https://auto.drom.ru/spb/audi/q7/198966858.html;;;;;Санкт-Петербурге;дизель, 3.0 л;249 л.с., налог;АКПП;4WD;;черный;новый автомобиль;левый;2 поколение, рестайлинг;;;XW8**************;
Audi;Q8;2022;15500000;https://auto.drom.ru/moscow/audi/q8/54031314.html;;;;;Москве;дизель, 3.0 л;249 л.с., налог;АКПП;4WD;;синий;новый автомобиль;левый;1 поколение;;;XW8**************;
Audi;Q8;2022;15500000;https://auto.drom.ru/moscow/audi/q8/54031321.html;;;;;Москве;дизель, 3.0 л;249 л.с., налог;АКПП;4WD;;оранжевый;новый автомобиль;левый;1 поколение;;;XW8**************;
Audi;Q5 Sportback;2022;8500000;https://auto.drom.ru/moscow/audi/q5_sportback/52469440.html;Модель не совпадает с ПТС;1 запись о регистрации;Не числится в розыске;Ограничений не обнаружено;Москве;бензин, 2.0 л, гибрид;249 л.с., налог;робот;4WD;;белый;новый автомобиль;левый;1 поколение;2.0 45 TFSI quattro S tronic Sport;;3U5**************;
Audi;Q5 e-tron;2022;8104640;https://auto.drom.ru/moscow/audi/q5_e-tron/50533697.html;;;;;Москве;электро;306 л.с., налог;АКПП;4WD;;черный;новый автомобиль;левый;1 поколение;83.4 kWh 50 e-tron quattro;;LSV**************;
Audi;A5;2022;5700000;https://auto.drom.ru/moscow/audi/a5/53547229.html;;;;;Москве;бензин, 2.0 л, гибрид;265 л.с., налог;робот;4WD;купе;серый;6 000 км, без пробега по РФ;левый;2 поколение, рестайлинг;2.0 45 TFSI quattro S tronic S line;;;
Audi;A6;2022;6600000;https://auto.drom.ru/solnechnogorsk/audi/a6/420126120.html;;;;;Солнечногорске;бензин, 2.0 л;245 л.с., налог;автомат;4WD;седан;черный;28 677 км;левый;;;;;
Audi;Q5;2022;7833000;https://auto.drom.ru/moscow/audi/q5/52739261.html;;;;;Москве;бензин, 2.0 л;249 л.с., налог;автомат;4WD;;зеленый;новый автомобиль;левый;;;;WAU**************;
Audi;Q8;2022;13934000;https://auto.drom.ru/moscow/audi/q8/51151147.html;;;;;Москве;дизель, 3.0 л;249 л.с., налог;АКПП;4WD;;зеленый;новый автомобиль;левый;1 поколение;3.0 45 TDI quattro tiptronic;;XW8**************;
Audi;A4 allroad quattro;2022;7500000;https://auto.drom.ru/voronezh/audi/a4_allroad_quattro/51206823.html;;;;;Воронеже;бензин, 2.0 л;249 л.с., налог;автомат;4WD;;белый;31 км;левый;;;;;
Audi;A4;2022;5089000;https://auto.drom.ru/moscow/audi/a4/53513822.html;;;;;Москве;бензин, 2.0 л;150 л.с., налог;робот;передний;универсал;черный;новый автомобиль;левый;5 поколение, рестайлинг;;;WAU**************;
Audi;Q6;2022;9855000;https://auto.drom.ru/moscow/audi/q6/53245864.html;;;;;Москве;бензин, 2.0 л;265 л.с., налог;робот;4WD;;черный;новый автомобиль;левый;1 поколение;2.0 45 TFSI quattro Roadjet;;LSV**************;
Audi;A4;2022;5950000;https://auto.drom.ru/moscow/audi/a4/53218337.html;;;;;Москве;бензин, 2.0 л;150 л.с., налог;робот;передний;седан;синий;новый автомобиль;левый;5 поколение, рестайлинг;;;WAU**************;
Audi;A6;2022;7900000;https://auto.drom.ru/moscow/audi/a6/53611913.html;;;;;Москве;бензин, 2.0 л;245 л.с., налог;автомат;4WD;седан;синий;новый автомобиль;левый;;;;WAU**************;
Audi;Q5;2022;8274000;https://auto.drom.ru/moscow/audi/q5/54154645.html;;;;;Москве;бензин, 2.0 л, гибрид;249 л.с., налог;робот;4WD;;зеленый;новый автомобиль;левый;2 поколение, рестайлинг;2.0 45 TFSI quattro S tronic Design;;WAU**************;
Audi;Q6;2023;13428500;https://auto.drom.ru/spb/audi/q6/715770860.html;;;;;Санкт-Петербурге;бензин, 2.5 л;299 л.с., налог;робот;4WD;;коричневый;новый автомобиль;левый;1 поколение;2.5 50 TFSI quattro Roadjet;;LSV**************;
Audi;Q6;2023;12733000;https://auto.drom.ru/spb/audi/q6/725336230.html;;;;;Санкт-Петербурге;бензин, 2.5 л;299 л.с., налог;робот;4WD;;черный;новый автомобиль;левый;1 поколение;2.5 50 TFSI quattro Roadjet;;LSV**************;
Audi;Q6;2023;9994600;https://auto.drom.ru/spb/audi/q6/680860246.html;;;;;Санкт-Петербурге;бензин, 2.0 л;265 л.с., налог;робот;4WD;;черный;новый автомобиль;левый;1 поколение;2.0 45 TFSI quattro Roadjet;;LSV**************;
Audi;Q6;2023;9994600;https://auto.drom.ru/spb/audi/q6/735572489.html;;;;;Санкт-Петербурге;бензин, 2.0 л;265 л.с., налог;робот;4WD;;черный;новый автомобиль;левый;1 поколение;2.0 45 TFSI quattro Roadjet;;LSV**************;
Audi;Q6;2023;9994600;https://auto.drom.ru/spb/audi/q6/489225207.html;;;;;Санкт-Петербурге;бензин, 2.0 л;265 л.с., налог;робот;4WD;;черный;новый автомобиль;левый;1 поколение;2.0 45 TFSI quattro Roadjet;;LSV**************;
Mercedes-Benz;E-Class;2018;3134000;https://auto.drom.ru/moscow/mercedes-benz/e-class/54058872.html;Характеристики совпадают с ПТС;3 записи о регистрации;Не числится в розыске;Ограничений не обнаружено;Москве;бензин, 2.0 л;184 л.с., налог;АКПП;4WD;седан;синий;159 163 км;левый;5 поколение;;;;
Mercedes-Benz;E-Class;2018;3000000;https://auto.drom.ru/moscow/mercedes-benz/e-class/54059189.html;Характеристики совпадают с ПТС;2 записи о регистрации;Не числится в розыске;Ограничений не обнаружено;Москве;бензин, 2.0 л;184 л.с., налог;АКПП;задний;седан;черный;235 306 км;левый;5 поколение;;;;
Mercedes-Benz;GLS-Class;2018;4490000;https://auto.drom.ru/moscow/mercedes-benz/gls-class/52960952.html;Характеристики совпадают с ПТС;4 записи о регистрации;Не числится в розыске;Ограничений не обнаружено;Москве;бензин, 3.0 л;333 л.с., налог;АКПП;4WD;;черный;146 936 км;левый;1 поколение;400 4MATIC Особая серия;;;
Mercedes-Benz;E-Class;2018;3668000;https://auto.drom.ru/moscow/mercedes-benz/e-class/329817676.html;Характеристики совпадают с ПТС;2 записи о регистрации;Не числится в розыске;Ограничений не обнаружено;Москве;дизель, 2.0 л;194 л.с., налог;АКПП;4WD;седан;черный;81 546 км;левый;5 поколение;;;;
Mercedes-Benz;GLC;2018;3399000;https://auto.drom.ru/moscow/mercedes-benz/glc-class/184665088.html;Характеристики совпадают с ПТС;1 запись о регистрации;Не числится в розыске;Ограничений не обнаружено;Москве;бензин, 2.0 л;211 л.с., налог;АКПП;4WD;;черный;111 004 км;левый;1 поколение;;;;
Mercedes-Benz;C-Class;2018;3420000;https://auto.drom.ru/moscow/mercedes-benz/c-class/268947854.html;Характеристики совпадают с ПТС;2 записи о регистрации;Не числится в розыске;Ограничений не обнаружено;Москве;бензин, 1.6 л;150 л.с., налог;АКПП;задний;седан;белый;39 000 км;левый;4 поколение;;;;
Mercedes-Benz;E-Class;2018;3100000;https://auto.drom.ru/moscow/mercedes-benz/e-class/840559951.html;Характеристики совпадают с ПТС;1 запись о регистрации;Не числится в розыске;Ограничений не обнаружено;Москве;бензин, 3.0 л;367 л.с., налог;АКПП;4WD;седан;черный;258 878 км;левый;5 поколение;E 450 4MATIC Luxury;;;
Mercedes-Benz;GLE;2018;5500000;https://auto.drom.ru/moscow/mercedes-benz/gle-class/775556370.html;Характеристики совпадают с ПТС;1 запись о регистрации;Не числится в розыске;Ограничений не обнаружено;Москве;дизель, 3.0 л;249 л.с., налог;АКПП;4WD;;белый;107 045 км;левый;1 поколение;;;;
Mercedes-Benz;E-Class;2018;3500000;https://auto.drom.ru/moscow/mercedes-benz/e-class/52690088.html;Характеристики совпадают с ПТС;3 записи о регистрации;Не числится в розыске;Ограничений не обнаружено;Москве;бензин, 2.0 л;184 л.с., налог;АКПП;задний;купе;черный;64 227 км;левый;5 поколение;;;;
Mercedes-Benz;C-Class;2018;3100000;https://auto.drom.ru/spb/mercedes-benz/c-class/355753284.html;Характеристики совпадают с ПТС;4 записи о регистрации;Не числится в розыске;Ограничений не обнаружено;Санкт-Петербурге;бензин, 1.5 л, гибрид;184 л.с., налог;АКПП;4WD;седан;синий;83 000 км;левый;4 поколение, рестайлинг;C 200 4MATIC Sport;;;
Mercedes-Benz;GLC Coupe;2018;4050000;https://auto.drom.ru/spb/mercedes-benz/glc_coupe/291256397.html;Модель не совпадает с ПТС;1 запись о регистрации;Не числится в розыске;Ограничений не обнаружено;Санкт-Петербурге;дизель, 2.1 л;170 л.с., налог;АКПП;4WD;;серый;98 748 км;левый;1 поколение;;;;
Mercedes-Benz;E-Class;2018;7450000;https://auto.drom.ru/moscow/mercedes-benz/e-class/642861678.html;Характеристики совпадают с ПТС;4 записи о регистрации;Не числится в розыске;Ограничений не обнаружено;Москве;бензин, 4.0 л;571 л.с., налог;автомат;4WD;седан;синий;65 032 км;левый;5 поколение;;;;
Mercedes-Benz;GLE;2018;6290000;https://auto.drom.ru/moscow/mercedes-benz/gle-class/357788185.html;Характеристики совпадают с ПТС;2 записи о регистрации;Не числится в розыске;Ограничений не обнаружено;Москве;дизель, 3.0 л;249 л.с., налог;АКПП;4WD;;белый;66 000 км;левый;1 поколение;;;;
Mercedes-Benz;C-Class;2018;3180000;https://auto.drom.ru/moscow/mercedes-benz/c-class/54047267.html;Характеристики совпадают с ПТС;3 записи о регистрации;Не числится в розыске;Ограничений не обнаружено;Москве;бензин, 1.5 л;184 л.с., налог;АКПП;4WD;седан;черный;82 000 км;левый;4 поколение, рестайлинг;;;;
Mercedes-Benz;V-Class;2018;4250000;https://auto.drom.ru/bryansk/mercedes-benz/v-class/454741818.html;Характеристики совпадают с ПТС;1 запись о регистрации;Не числится в розыске;Ограничений не обнаружено;Брянске;дизель, 2.1 л;163 л.с., налог;АКПП;задний;;черный;60 200 км;левый;3 поколение;220 d AT Exclusive Длинный;;;
Mercedes-Benz;GLS-Class;2018;5390000;https://auto.drom.ru/moscow/mercedes-benz/gls-class/53366239.html;Характеристики совпадают с ПТС;3 записи о регистрации;Не числится в розыске;Ограничений не обнаружено;Москве;дизель, 3.0 л;249 л.с., налог;АКПП;4WD;;черный;137 450 км;левый;1 поколение;350 d 4MATIC Особая серия;;;
Mercedes-Benz;GLC;2018;3500000;https://auto.drom.ru/kazan/mercedes-benz/glc-class/54045396.html;Характеристики совпадают с ПТС;1 запись о регистрации;Не числится в розыске;Ограничений не обнаружено;Казани;бензин, 2.0 л;211 л.с., налог;автомат;4WD;;серый;83 000 км;;;;;;
Mercedes-Benz;GLE Coupe;2018;5900000;https://auto.drom.ru/sergiev-posad/mercedes-benz/gle_coupe/54036770.html;Характеристики совпадают с ПТС;3 записи о регистрации;Не числится в розыске;Ограничений не обнаружено;Сергиевом Посаде;бензин, 3.0 л;390 л.с., налог;АКПП;4WD;;черный;93 320 км;левый;1 поколение;AMG 43 4MATIC;;;
Mercedes-Benz;GLC Coupe;2018;4149000;https://auto.drom.ru/kolomna/mercedes-benz/glc_coupe/53753890.html;Характеристики совпадают с ПТС;3 записи о регистрации;Не числится в розыске;Ограничений не обнаружено;Коломне;бензин, 2.0 л;245 л.с., налог;АКПП;4WD;;синий;55 484 км;левый;1 поколение;;;;
Mercedes-Benz;GLC Coupe;2018;6500000;https://auto.drom.ru/dubna/mercedes-benz/glc_coupe/49723685.html;Характеристики совпадают с ПТС;1 запись о регистрации;Не числится в розыске;Ограничений не обнаружено;Дубне;бензин, 2.0 л;211 л.с., налог;АКПП;4WD;;черный;42 000 км;левый;1 поколение;GLC 250 4MATIC "Особая серия";;;
Mercedes-Benz;E-Class;2018;3630000;https://auto.drom.ru/moscow/mercedes-benz/e-class/782834455.html;Характеристики совпадают с ПТС;2 записи о регистрации;Не числится в розыске;Есть ограничения;Москве;бензин, 3.0 л;333 л.с., налог;АКПП;4WD;седан;серый;58 000 км;левый;5 поколение;;документы с проблемами или отсутствуют;;
Mercedes-Benz;S-Class;2018;9897000;https://auto.drom.ru/moscow/mercedes-benz/s-class/54029496.html;;;;;Москве;бензин, 4.0 л;469 л.с., налог;АКПП;4WD;купе;белый;21 322 км;левый;6 поколение, рестайлинг;S 560 4MATIC;;;
Mercedes-Benz;GLS-Class;2018;6250000;https://auto.drom.ru/moscow/mercedes-benz/gls-class/53739881.html;Характеристики совпадают с ПТС;3 записи о регистрации;Не числится в розыске;Ограничений не обнаружено;Москве;бензин, 3.0 л;333 л.с., налог;АКПП;4WD;;серый;74 843 км;левый;1 поколение;400 4MATIC Особая серия;;;
Mercedes-Benz;E-Class;2018;2500000;https://auto.drom.ru/moscow/mercedes-benz/e-class/53356956.html;Характеристики совпадают с ПТС;1 запись о регистрации;Не числится в розыске;Ограничений не обнаружено;Москве;бензин, 2.0 л;184 л.с., налог;АКПП;задний;седан;черный;196 475 км;левый;5 поколение;;;;
Mercedes-Benz;A-Class;2018;2388000;https://auto.drom.ru/moscow/mercedes-benz/a-class/447660365.html;Характеристики совпадают с ПТС;1 запись о регистрации;Не числится в розыске;Ограничений не обнаружено;Москве;бензин, 1.3 л;150 л.с., налог;робот;передний;хэтчбек 5 дв.;красный;82 762 км;левый;4 поколение;;;;
Mercedes-Benz;GLA-Class;2018;2369000;https://auto.drom.ru/voronezh/mercedes-benz/gla-class/54012291.html;Характеристики совпадают с ПТС;1 запись о регистрации;Не числится в розыске;Ограничений не обнаружено;Воронеже;дизель, 1.5 л;109 л.с., налог;робот;передний;;черный;118 243 км;левый;1 поколение, рестайлинг;;;;
Mercedes-Benz;C-Class;2018;2380000;https://auto.drom.ru/moscow/mercedes-benz/c-class/53730610.html;Характеристики совпадают с ПТС;2 записи о регистрации;Не числится в розыске;Ограничений не обнаружено;Москве;бензин, 1.6 л;150 л.с., налог;АКПП;задний;седан;черный;43 300 км;левый;4 поколение;;;;
Mercedes-Benz;E-Class;2018;2500000;https://auto.drom.ru/moscow/mercedes-benz/e-class/53342874.html;Характеристики совпадают с ПТС;1 запись о регистрации;Не числится в розыске;Ограничений не обнаружено;Москве;бензин, 2.0 л;184 л.с., налог;АКПП;задний;седан;черный;241 044 км;левый;5 поколение;;;;
Mercedes-Benz;E-Class;2018;2500000;https://auto.drom.ru/moscow/mercedes-benz/e-class/53342875.html;Характеристики совпадают с ПТС;1 запись о регистрации;Не числится в розыске;Ограничений не обнаружено;Москве;бензин, 2.0 л;184 л.с., налог;АКПП;задний;седан;черный;196 935 км;левый;5 поколение;;;;
Mercedes-Benz;E-Class;2018;2500000;https://auto.drom.ru/moscow/mercedes-benz/e-class/53342884.html;Характеристики совпадают с ПТС;1 запись о регистрации;Не числится в розыске;Ограничений не обнаружено;Москве;бензин, 2.0 л;184 л.с., налог;АКПП;задний;седан;черный;207 785 км;левый;5 поколение;;;;
Mercedes-Benz;E-Class;2018;2500000;https://auto.drom.ru/moscow/mercedes-benz/e-class/53342891.html;Характеристики совпадают с ПТС;1 запись о регистрации;Не числится в розыске;Ограничений не обнаружено;Москве;бензин, 2.0 л;184 л.с., налог;АКПП;задний;седан;черный;263 583 км;левый;5 поколение;;;;
Mercedes-Benz;CLS-Class;2018;5899000;https://auto.drom.ru/moscow/mercedes-benz/cls-class/53336962.html;;;;;Москве;бензин, 3.0 л;367 л.с., налог;автомат;4WD;седан;синий;60 180 км;левый;;;;;
Mercedes-Benz;CLS-Class;2018;5490000;https://auto.drom.ru/moscow/mercedes-benz/cls-class/53321797.html;Характеристики совпадают с ПТС;5 записей о регистрации;Не числится в розыске;Ограничений не обнаружено;Москве;дизель, 2.9 л;249 л.с., налог;АКПП;4WD;седан;черный;102 000 км;левый;3 поколение;;;;
Mercedes-Benz;E-Class;2018;2650000;https://auto.drom.ru/moscow/mercedes-benz/e-class/52457691.html;Характеристики совпадают с ПТС;1 запись о регистрации;Не числится в розыске;Ограничений не обнаружено;Москве;бензин, 2.0 л;184 л.с., налог;АКПП;задний;седан;черный;215 175 км;левый;5 поколение;;;;
Mercedes-Benz;E-Class;2018;2650000;https://auto.drom.ru/moscow/mercedes-benz/e-class/52457697.html;Характеристики совпадают с ПТС;1 запись о регистрации;Не числится в розыске;Ограничений не обнаружено;Москве;бензин, 2.0 л;184 л.с., налог;АКПП;задний;седан;черный;172 208 км;левый;5 поколение;;;;
Mercedes-Benz;E-Class;2018;3000000;https://auto.drom.ru/moscow/mercedes-benz/e-class/52457698.html;Характеристики совпадают с ПТС;1 запись о регистрации;Не числится в розыске;Ограничений не обнаружено;Москве;бензин, 2.0 л;184 л.с., налог;АКПП;задний;седан;черный;181 473 км;левый;5 поколение;;;;
Mercedes-Benz;E-Class;2018;3100000;https://auto.drom.ru/moscow/mercedes-benz/e-class/536757772.html;Характеристики совпадают с ПТС;1 запись о регистрации;Не числится в розыске;Ограничений не обнаружено;Москве;бензин, 3.0 л;367 л.с., налог;АКПП;4WD;седан;черный;297 704 км;левый;5 поколение;E 450 4MATIC Luxury;;;
Mercedes-Benz;E-Class;2018;5290000;https://auto.drom.ru/moscow/mercedes-benz/e-class/167054289.html;Характеристики совпадают с ПТС;1 запись о регистрации;Не числится в розыске;Ограничений не обнаружено;Москве;бензин, 2.0 л;184 л.с., налог;АКПП;4WD;купе;серый;34 393 км;левый;5 поколение;;;;
Mercedes-Benz;S-Class;2018;6222000;https://auto.drom.ru/moscow/mercedes-benz/s-class/605998342.html;Характеристики совпадают с ПТС;4 записи о регистрации;Не числится в розыске;Ограничений не обнаружено;Москве;бензин, 3.0 л;367 л.с., налог;АКПП;4WD;седан;черный;72 000 км;левый;6 поколение;;;;
Mercedes-Benz;C-Class;2018;3141000;https://auto.drom.ru/kazan/mercedes-benz/c-class/385561124.html;Характеристики совпадают с ПТС;3 записи о регистрации;Не числится в розыске;Ограничений не обнаружено;Казани;бензин, 2.0 л;184 л.с., налог;АКПП;4WD;седан;черный;70 756 км;левый;4 поколение;;;;
Mercedes-Benz;C-Class;2018;2639000;https://auto.drom.ru/moscow/mercedes-benz/c-class/54004464.html;Характеристики совпадают с ПТС;3 записи о регистрации;Не числится в розыске;Ограничений не обнаружено;Москве;бензин, 1.6 л;150 л.с., налог;АКПП;задний;седан;черный;109 494 км;левый;4 поколение;;;;
Mercedes-Benz;E-Class;2018;2300000;https://auto.drom.ru/moscow/mercedes-benz/e-class/54008763.html;Характеристики совпадают с ПТС;1 запись о регистрации;Не числится в розыске;Ограничений не обнаружено;Москве;бензин, 2.0 л;184 л.с., налог;АКПП;задний;седан;черный;229 825 км;левый;5 поколение;;;;
Mercedes-Benz;C-Class;2018;3095700;https://auto.drom.ru/moscow/mercedes-benz/c-class/53727285.html;Характеристики совпадают с ПТС;3 записи о регистрации;Не числится в розыске;Ограничений не обнаружено;Москве;бензин, 2.0 л;184 л.с., налог;АКПП;4WD;купе;синий;92 821 км;левый;4 поколение;;;;
Mercedes-Benz;E-Class;2018;3000000;https://auto.drom.ru/moscow/mercedes-benz/e-class/53325980.html;Характеристики совпадают с ПТС;1 запись о регистрации;Не числится в розыске;Ограничений не обнаружено;Москве;бензин, 2.0 л;184 л.с., налог;АКПП;задний;седан;черный;178 621 км;левый;5 поколение;;;;
Mercedes-Benz;E-Class;2018;2500000;https://auto.drom.ru/moscow/mercedes-benz/e-class/53317195.html;Характеристики совпадают с ПТС;1 запись о регистрации;Не числится в розыске;Ограничений не обнаружено;Москве;бензин, 2.0 л;184 л.с., налог;АКПП;задний;седан;черный;265 611 км;левый;5 поколение;;;;
Mercedes-Benz;E-Class;2018;2300000;https://auto.drom.ru/moscow/mercedes-benz/e-class/52436639.html;Характеристики совпадают с ПТС;1 запись о регистрации;Не числится в розыске;Ограничений не обнаружено;Москве;бензин, 2.0 л;184 л.с., налог;АКПП;задний;седан;черный;242 454 км;левый;5 поколение;;;;
Mercedes-Benz;E-Class;2018;3000000;https://auto.drom.ru/moscow/mercedes-benz/e-class/52436641.html;Характеристики совпадают с ПТС;1 запись о регистрации;Не числится в розыске;Ограничений не обнаружено;Москве;бензин, 2.0 л;184 л.с., налог;АКПП;задний;седан;черный;200 427 км;левый;5 поколение;;;;
Mercedes-Benz;E-Class;2018;2500000;https://auto.drom.ru/moscow/mercedes-benz/e-class/52436646.html;Характеристики совпадают с ПТС;1 запись о регистрации;Не числится в розыске;Ограничений не обнаружено;Москве;бензин, 2.0 л;184 л.с., налог;АКПП;задний;седан;черный;232 583 км;левый;5 поколение;;;;
Mercedes-Benz;E-Class;2018;2500000;https://auto.drom.ru/moscow/mercedes-benz/e-class/52436647.html;Характеристики совпадают с ПТС;1 запись о регистрации;Не числится в розыске;Ограничений не обнаружено;Москве;бензин, 2.0 л;184 л.с., налог;АКПП;задний;седан;черный;234 425 км;левый;5 поколение;;;;
Mercedes-Benz;E-Class;2018;2500000;https://auto.drom.ru/moscow/mercedes-benz/e-class/52436648.html;Характеристики совпадают с ПТС;1 запись о регистрации;Не числится в розыске;Ограничений не обнаружено;Москве;бензин, 2.0 л;184 л.с., налог;АКПП;задний;седан;черный;210 400 км;левый;5 поколение;;;;
Mercedes-Benz;E-Class;2018;2200000;https://auto.drom.ru/moscow/mercedes-benz/e-class/52436649.html;Характеристики совпадают с ПТС;1 запись о регистрации;Не числится в розыске;Ограничений не обнаружено;Москве;бензин, 2.0 л;184 л.с., налог;АКПП;задний;седан;черный;202 083 км;левый;5 поколение;;;;
Mercedes-Benz;E-Class;2018;2500000;https://auto.drom.ru/moscow/mercedes-benz/e-class/52436653.html;Характеристики совпадают с ПТС;1 запись о регистрации;Не числится в розыске;Ограничений не обнаружено;Москве;бензин, 2.0 л;184 л.с., налог;АКПП;задний;седан;черный;190 532 км;левый;5 поколение;;;;
Mercedes-Benz;E-Class;2018;2650000;https://auto.drom.ru/moscow/mercedes-benz/e-class/52436655.html;Характеристики совпадают с ПТС;1 запись о регистрации;Не числится в розыске;Ограничений не обнаружено;Москве;бензин, 2.0 л;184 л.с., налог;АКПП;задний;седан;черный;229 645 км;левый;5 поколение;;;;
Mercedes-Benz;E-Class;2018;2650000;https://auto.drom.ru/moscow/mercedes-benz/e-class/52436661.html;Характеристики совпадают с ПТС;1 запись о регистрации;Не числится в розыске;Ограничений не обнаружено;Москве;бензин, 2.0 л;184 л.с., налог;АКПП;задний;седан;черный;249 961 км;левый;5 поколение;;;;
Mercedes-Benz;E-Class;2018;2500000;https://auto.drom.ru/moscow/mercedes-benz/e-class/52436662.html;Характеристики совпадают с ПТС;1 запись о регистрации;Не числится в розыске;Ограничений не обнаружено;Москве;бензин, 2.0 л;184 л.с., налог;АКПП;задний;седан;черный;239 580 км;левый;5 поколение;;;;
Mercedes-Benz;E-Class;2018;3090000;https://auto.drom.ru/moscow/mercedes-benz/e-class/124983949.html;Характеристики совпадают с ПТС;3 записи о регистрации;Не числится в розыске;Ограничений не обнаружено;Москве;2.0 л;;автомат;;седан;черный;53 000 км;левый;5 поколение;;;;
Mercedes-Benz;GLC;2018;2988000;https://auto.drom.ru/moscow/mercedes-benz/glc-class/827134842.html;Характеристики совпадают с ПТС;2 записи о регистрации;Не числится в розыске;Ограничений не обнаружено;Москве;бензин, 2.0 л;211 л.с., налог;АКПП;4WD;;белый;146 210 км;левый;1 поколение;;;;
Mercedes-Benz;Vito;2018;2484188;https://auto.drom.ru/minsk/mercedes-benz/vito/52838230.html;;;;;Минске;дизель, 2.1 л;136 л.с., налог;механика;задний;;синий;152 000 км, без пробега по РФ;левый;3 поколение;200 CDI Marco Polo ACTIVITY;;;
