Бренд;Модель;Год;Цена;URL;ПТС;Владельцы;Розыск;Ограничения;Город;Двигатель;Мощность;Коробка передач;Привод;Пробег;Руль;Поколение;Цвет;Тип кузова;Комплектация;Особые отметки;VIN;
Audi;SQ7;2018;5729340;https://auto.drom.ru/minsk/audi/sq7/53015068.html;;;;;Минске;дизель, 4.0 л;435 л.с., налог;АКПП;4WD;155 577 км;левый;1 поколение;черный;;4.0 TDI quattro tiptronic;;;
Audi;A6;2018;2670655;https://auto.drom.ru/minsk/audi/a6/52570013.html;;;;;Минске;дизель, 2.0 л;204 л.с., налог;автомат;передний;250 000 км;левый;4 поколение, рестайлинг;;универсал;;;;
Audi;A6;2018;2599000;https://auto.drom.ru/moscow/audi/a6/54104674.html;Характеристики совпадают с ПТС;2 записи о регистрации;Не числится в розыске;Ограничений не обнаружено;Москве;бензин, 1.8 л;190 л.с., налог;робот;передний;143 380 км;левый;4 поколение, рестайлинг;черный;седан;;;;
Audi;A4;2018;2160000;https://auto.drom.ru/moscow/audi/a4/54104210.html;Характеристики совпадают с ПТС;2 записи о регистрации;Не числится в розыске;Ограничений не обнаружено;Москве;дизель, 2.0 л;150 л.с., налог;робот;передний;203 000 км;левый;5 поколение;серый;универсал;2.0 35 TDI S tronic Sport;;;
Audi;A3;2018;2345000;https://auto.drom.ru/moscow/audi/a3/53820110.html;Характеристики совпадают с ПТС;1 запись о регистрации;Не числится в розыске;Ограничений не обнаружено;Москве;бензин, 1.4 л;150 л.с., налог;робот;передний;47 956 км;левый;3 поколение, рестайлинг;серый;седан;;;;
Audi;Q8;2018;6400000;https://auto.drom.ru/spb/audi/q8/53447479.html;Характеристики совпадают с ПТС;2 записи о регистрации;Не числится в розыске;Ограничений не обнаружено;Санкт-Петербурге;бензин, 3.0 л, гибрид;340 л.с., налог;АКПП;4WD;67 000 км;левый;1 поколение;синий;;3.0 55 TFSI quattro tiptronic Sport;;;
Audi;S3;2018;3030000;https://auto.drom.ru/minsk/audi/s3/52562210.html;;;;;Минске;бензин, 2.0 л;290 л.с., налог;робот;4WD;84 000 км, без пробега по РФ;левый;3 поколение, рестайлинг;белый;седан;2.0;;;
Audi;A8;2018;5398000;https://auto.drom.ru/moscow/audi/a8/317875806.html;Характеристики совпадают с ПТС;3 записи о регистрации;Не числится в розыске;Ограничений не обнаружено;Москве;бензин, 3.0 л;340 л.с., налог;автомат;4WD;146 000 км;левый;;черный;;;;;
Audi;A7;2018;4779000;https://auto.drom.ru/spb/audi/a7/54098387.html;Цвет не совпадает с ПТС;1 запись о регистрации;Не числится в розыске;Ограничений не обнаружено;Санкт-Петербурге;бензин, 3.0 л;340 л.с., налог;робот;4WD;83 255 км;левый;2 поколение;черный;;;;;
Audi;A6;2018;3140000;https://auto.drom.ru/solnechnogorsk/audi/a6/53425309.html;Характеристики совпадают с ПТС;1 запись о регистрации;Не числится в розыске;Ограничений не обнаружено;Солнечногорске;бензин, 2.0 л;252 л.с., налог;автомат;передний;47 224 км;левый;4 поколение, рестайлинг;черный;седан;;;;
Audi;e-tron;2018;5490000;https://auto.drom.ru/voronezh/audi/e-tron/52628175.html;Мощность двигателя не совпадает с ПТС;2 записи о регистрации;Не числится в розыске;Ограничений не обнаружено;Воронеже;электро;408 л.с., налог;АКПП;4WD;14 700 км;левый;1 поколение;серый;;95 kWh 55 quattro e-tron Advanced;;;
Audi;A4;2018;3310000;https://auto.drom.ru/moscow/audi/a4/806274449.html;Характеристики совпадают с ПТС;2 записи о регистрации;Не числится в розыске;Ограничений не обнаружено;Москве;бензин, 2.0 л;249 л.с., налог;робот;4WD;84 450 км;левый;5 поколение;белый;седан;;;;
Audi;A7;2018;5649000;https://auto.drom.ru/moscow/audi/a7/667447883.html;Характеристики совпадают с ПТС;2 записи о регистрации;Не числится в розыске;Ограничений не обнаружено;Москве;бензин, 3.0 л;340 л.с., налог;робот;4WD;58 000 км;левый;2 поколение;серый;;;;;
Audi;S5;2018;3350000;https://auto.drom.ru/moscow/audi/s5/53356292.html;;;;;Москве;бензин, 3.0 л;354 л.с., налог;АКПП;4WD;143 500 км, без пробега по РФ;левый;2 поколение;белый;лифтбек;3.0 TFSI quattro tiptronic;;;
Audi;Q2;2018;1889000;https://auto.drom.ru/spb/audi/q2/204429353.html;Характеристики совпадают с ПТС;1 запись о регистрации;Не числится в розыске;Ограничений не обнаружено;Санкт-Петербурге;бензин, 1.0 л;116 л.с., налог;робот;передний;147 729 км;левый;1 поколение;красный;;1.0 30 TFSI S tronic;;;
Audi;A5;2018;3700000;https://auto.drom.ru/moscow/audi/a5/767585733.html;;;;;Москве;бензин, 2.0 л;252 л.с., налог;автомат;4WD;48 219 км;левый;;серый;хэтчбек 5 дв.;;;;
Audi;A4;2018;2570000;https://auto.drom.ru/kazan/audi/a4/54082915.html;Характеристики совпадают с ПТС;4 записи о регистрации;Не числится в розыске;Ограничений не обнаружено;Казани;бензин, 1.4 л;150 л.с., налог;робот;передний;100 896 км;левый;5 поколение;черный;седан;;;;
Audi;A4;2018;2769000;https://auto.drom.ru/spb/audi/a4/53800231.html;Характеристики совпадают с ПТС;1 запись о регистрации;Не числится в розыске;Ограничений не обнаружено;Санкт-Петербурге;дизель, 2.0 л;190 л.с., налог;робот;4WD;43 230 км;левый;5 поколение;серый;седан;;;;
Audi;A4;2018;3490000;https://auto.drom.ru/moscow/audi/a4/53792130.html;;;;;Москве;бензин, 2.0 л;252 л.с., налог;автомат;4WD;31 861 км;левый;5 поколение;серый;седан;;;;
Audi;Q5;2018;3250000;https://auto.drom.ru/minsk/audi/q5/52989888.html;;;;;Минске;бензин, 2.0 л;252 л.с., налог;робот;4WD;33 000 км;левый;2 поколение;белый;;;;;
Audi;A6;2018;3150000;https://auto.drom.ru/moscow/audi/a6/545798008.html;Характеристики совпадают с ПТС;2 записи о регистрации;Не числится в розыске;Ограничений не обнаружено;Москве;бензин, 1.8 л;190 л.с., налог;робот;передний;85 145 км;левый;4 поколение, рестайлинг;черный;седан;;;;
Audi;A4 allroad quattro;2018;3590000;https://auto.drom.ru/moscow/audi/a4_allroad_quattro/282165047.html;Характеристики совпадают с ПТС;3 записи о регистрации;Не числится в розыске;Ограничений не обнаружено;Москве;бензин, 2.0 л;249 л.с., налог;робот;4WD;63 100 км;левый;2 поколение;серый;;2.0 45 TFSI S Tronic quattro;;;
Audi;Q5;2018;3420000;https://auto.drom.ru/moscow/audi/q5/54067876.html;Характеристики совпадают с ПТС;2 записи о регистрации;Не числится в розыске;Ограничений не обнаружено;Москве;дизель, 2.0 л;190 л.с., налог;робот;4WD;141 461 км;левый;2 поколение;черный;;;;;
Audi;Q7;2018;4450000;https://auto.drom.ru/moscow/audi/q7/53787947.html;Характеристики совпадают с ПТС;2 записи о регистрации;Не числится в розыске;Ограничений не обнаружено;Москве;дизель, 3.0 л;249 л.с., налог;АКПП;4WD;110 808 км;левый;2 поколение;черный;;;;;
Audi;Q8;2018;6200000;https://auto.drom.ru/kursk/audi/q8/53786967.html;Характеристики совпадают с ПТС;2 записи о регистрации;Не числится в розыске;Ограничений не обнаружено;Курске;бензин, 3.0 л;340 л.с., налог;автомат;4WD;129 216 км;левый;;синий;;;;;
Audi;Q8;2018;6749000;https://auto.drom.ru/nizhniy-novgorod/audi/q8/53780978.html;Характеристики совпадают с ПТС;3 записи о регистрации;Не числится в розыске;Ограничений не обнаружено;Нижнем Новгороде;бензин, 3.0 л;340 л.с., налог;автомат;;92 000 км;левый;;черный;;;;;
Audi;A8;2018;7140000;https://auto.drom.ru/volgograd/audi/a8/619792607.html;;;;;Волгограде;дизель, 3.0 л, гибрид;286 л.с., налог;АКПП;4WD;5 300 км;левый;4 поколение;черный;;3.0 50 TDI quattro tiptronic;;;
Audi;A4;2018;2450000;https://auto.drom.ru/moscow/audi/a4/493872835.html;Характеристики совпадают с ПТС;2 записи о регистрации;Не числится в розыске;Ограничений не обнаружено;Москве;бензин, 1.4 л;150 л.с., налог;робот;передний;118 310 км;левый;5 поколение;черный;седан;;;;
Audi;A4;2018;2420000;https://auto.drom.ru/moscow/audi/a4/54066773.html;Характеристики совпадают с ПТС;2 записи о регистрации;Не числится в розыске;Ограничений не обнаружено;Москве;бензин, 1.4 л;150 л.с., налог;робот;передний;55 139 км;левый;5 поколение;черный;седан;;;;
Audi;A6;2018;5270000;https://auto.drom.ru/spb/audi/a6/54066421.html;Характеристики совпадают с ПТС;2 записи о регистрации;Не числится в розыске;Ограничений не обнаружено;Санкт-Петербурге;бензин, 3.0 л;340 л.с., налог;автомат;4WD;58 350 км;левый;;серый;седан;;;;
Audi;A8;2018;6998000;https://auto.drom.ru/moscow/audi/a8/54065272.html;Характеристики совпадают с ПТС;3 записи о регистрации;Не числится в розыске;Ограничений не обнаружено;Москве;бензин, 3.0 л;340 л.с., налог;автомат;4WD;107 800 км;левый;;коричневый;;;;;
Audi;Q7;2018;5650000;https://auto.drom.ru/moscow/audi/q7/54057623.html;Характеристики совпадают с ПТС;1 запись о регистрации;Не числится в розыске;Ограничений не обнаружено;Москве;дизель, 3.0 л;231 л.с., налог;АКПП;4WD;90 500 км;левый;2 поколение;белый;;3.0 45 TDI quattro tiptronic;;;
Audi;A4;2018;3249000;https://auto.drom.ru/voronezh/audi/a4/54057195.html;Характеристики совпадают с ПТС;1 запись о регистрации;Не числится в розыске;Ограничений не обнаружено;Воронеже;дизель, 2.0 л;190 л.с., налог;робот;передний;52 511 км;левый;5 поколение;белый;седан;;;;
Audi;Q5;2018;3299000;https://auto.drom.ru/spb/audi/q5/53394780.html;Характеристики совпадают с ПТС;1 запись о регистрации;Не числится в розыске;Ограничений не обнаружено;Санкт-Петербурге;бензин, 2.0 л;249 л.с., налог;робот;4WD;123 000 км;левый;2 поколение;серый;;;;;
Audi;A5;2018;2864789;https://auto.drom.ru/spb/audi/a5/52961120.html;Характеристики совпадают с ПТС;3 записи о регистрации;Не числится в розыске;Ограничений не обнаружено;Санкт-Петербурге;дизель, 2.0 л;190 л.с., налог;робот;4WD;80 351 км;левый;2 поколение;белый;купе;;;;
Audi;A6;2018;2957000;https://auto.drom.ru/moscow/audi/a6/910598437.html;Характеристики совпадают с ПТС;3 записи о регистрации;Не числится в розыске;Ограничений не обнаружено;Москве;бензин, 1.8 л;190 л.с., налог;робот;передний;39 270 км;левый;4 поколение, рестайлинг;белый;седан;;;;
Audi;Q7;2018;4989000;https://auto.drom.ru/moscow/audi/q7/876796305.html;Характеристики совпадают с ПТС;1 запись о регистрации;Не числится в розыске;Ограничений не обнаружено;Москве;дизель, 3.0 л;249 л.с., налог;АКПП;4WD;91 951 км;левый;2 поколение;черный;;;;;
Audi;A3;2018;1978000;https://auto.drom.ru/moscow/audi/a3/552539669.html;Характеристики совпадают с ПТС;3 записи о регистрации;Не числится в розыске;Ограничений не обнаружено;Москве;бензин, 1.4 л;150 л.с., налог;робот;передний;89 000 км;левый;3 поколение, рестайлинг;белый;седан;;;;
Audi;Q5;2018;3446901;https://auto.drom.ru/minsk/audi/q5/53382709.html;;;;;Минске;дизель, 2.0 л;190 л.с., налог;робот;4WD;174 000 км;левый;2 поколение;;;;;;
Audi;A6;2018;2419000;https://auto.drom.ru/spb/audi/a6/407683117.html;Характеристики совпадают с ПТС;3 записи о регистрации;Не числится в розыске;Ограничений не обнаружено;Санкт-Петербурге;дизель, 2.0 л;190 л.с., налог;робот;передний;166 000 км;левый;;черный;седан;;;;
Audi;A6;2018;2489000;https://auto.drom.ru/spb/audi/a6/557323977.html;Характеристики совпадают с ПТС;2 записи о регистрации;Не числится в розыске;Ограничений не обнаружено;Санкт-Петербурге;бензин, 1.8 л;190 л.с., налог;робот;передний;124 858 км;левый;4 поколение, рестайлинг;черный;седан;;;;
Audi;SQ5;2018;3585516;https://auto.drom.ru/minsk/audi/sq5/53382620.html;;;;;Минске;бензин, 3.0 л;354 л.с., налог;АКПП;4WD;102 000 км;левый;2 поколение;белый;;3.0 TFSI quattro tiptronic;;;
Audi;A6;2018;4600000;https://auto.drom.ru/moscow/audi/a6/53201858.html;;;;;Москве;бензин, 3.0 л;340 л.с., налог;автомат;4WD;60 500 км;левый;5 поколение;черный;седан;;;;
Audi;A6;2018;4798000;https://auto.drom.ru/voronezh/audi/a6/50890280.html;Характеристики совпадают с ПТС;2 записи о регистрации;Не числится в розыске;Ограничений не обнаружено;Воронеже;бензин, 3.0 л;340 л.с., налог;автомат;4WD;72 000 км;левый;;синий;седан;;;;
Audi;TT;2018;3550000;https://auto.drom.ru/moscow/audi/tt/52885694.html;;;;;Москве;бензин, 2.0 л;230 л.с., налог;робот;передний;99 950 км, без пробега по РФ;левый;3 поколение;черный;хэтчбек 3 дв.;2.0 TFSI S tronic;;;
Audi;A5;2018;2950000;https://auto.drom.ru/mytishchi/audi/a5/902795451.html;Характеристики совпадают с ПТС;1 запись о регистрации;Не числится в розыске;Ограничений не обнаружено;Мытищах;дизель, 2.0 л;190 л.с., налог;робот;передний;138 000 км;левый;2 поколение;черный;лифтбек;;;;
Audi;Q5;2018;4150000;https://auto.drom.ru/nizhniy-novgorod/audi/q5/52895499.html;;;;;Нижнем Новгороде;дизель, 2.0 л;190 л.с., налог;робот;4WD;72 250 км, без пробега по РФ;левый;2 поколение;серый;;2.0 40 TDI quattro S tronic;;;
Audi;A4;2018;2889000;https://auto.drom.ru/voronezh/audi/a4/814106327.html;Характеристики совпадают с ПТС;1 запись о регистрации;Не числится в розыске;Ограничений не обнаружено;Воронеже;дизель, 2.0 л;150 л.с., налог;робот;передний;138 223 км;левый;5 поколение;серый;универсал;;;;
Audi;A6;2018;4899000;https://auto.drom.ru/moscow/audi/a6/626792873.html;Характеристики совпадают с ПТС;1 запись о регистрации;Не числится в розыске;Ограничений не обнаружено;Москве;бензин, 3.0 л;340 л.с., налог;автомат;4WD;63 750 км;левый;;белый;седан;;;;
Audi;A5;2018;2970000;https://auto.drom.ru/moscow/audi/a5/54041724.html;Характеристики совпадают с ПТС;1 запись о регистрации;Не числится в розыске;Ограничений не обнаружено;Москве;2.0 л;;автомат;;133 196 км;левый;2 поколение;черный;лифтбек;;;;
Audi;Q7;2018;4570000;https://auto.drom.ru/moscow/audi/q7/401201562.html;Характеристики совпадают с ПТС;1 запись о регистрации;Не числится в розыске;Ограничений не обнаружено;Москве;бензин, 3.0 л;333 л.с., налог;АКПП;4WD;93 600 км;левый;2 поколение;серый;;;;;
Audi;A6;2018;2690000;https://auto.drom.ru/moscow/audi/a6/516454772.html;Характеристики совпадают с ПТС;1 запись о регистрации;Не числится в розыске;Ограничений не обнаружено;Москве;бензин, 1.8 л;190 л.с., налог;робот;передний;102 376 км;левый;4 поколение, рестайлинг;черный;седан;1.8 TFSI S tronic Business;;;
Audi;A4;2018;2700000;https://auto.drom.ru/minsk/audi/a4/54039387.html;;;;;Минске;бензин, 2.0 л;252 л.с., налог;автомат;4WD;62 500 км;левый;5 поколение;черный;седан;;;;
Audi;Q7;2018;5339789;https://auto.drom.ru/spb/audi/q7/230338388.html;Характеристики совпадают с ПТС;1 запись о регистрации;Не числится в розыске;Ограничений не обнаружено;Санкт-Петербурге;дизель, 3.0 л;249 л.с., налог;АКПП;4WD;119 412 км;левый;2 поколение;белый;;;;;
Audi;A3;2018;1705000;https://auto.drom.ru/spb/audi/a3/53752952.html;Характеристики совпадают с ПТС;2 записи о регистрации;Не числится в розыске;Ограничений не обнаружено;Санкт-Петербурге;бензин, 1.4 л;150 л.с., налог;робот;передний;133 467 км;левый;3 поколение, рестайлинг;серый;седан;;;;
Audi;A4;2018;3090000;https://auto.drom.ru/moscow/audi/a4/855386095.html;Характеристики совпадают с ПТС;1 запись о регистрации;Не числится в розыске;Ограничений не обнаружено;Москве;дизель, 2.0 л;190 л.с., налог;робот;4WD;111 978 км;левый;5 поколение;черный;седан;;;;
Audi;A5;2018;3540000;https://auto.drom.ru/moscow/audi/a5/52930224.html;Объем двигателя, мощность двигателя не совпадают с ПТС;5 записей о регистрации;Не числится в розыске;Ограничений не обнаружено;Москве;дизель, 3.0 л;231 л.с., налог;автомат;4WD;78 500 км;левый;2 поколение, рестайлинг;черный;лифтбек;;;;
Audi;Q7;2018;5200000;https://auto.drom.ru/moscow/audi/q7/227324293.html;Характеристики совпадают с ПТС;4 записи о регистрации;Не числится в розыске;Ограничений не обнаружено;Москве;дизель, 3.0 л;249 л.с., налог;АКПП;4WD;92 000 км;левый;2 поколение;серый;;;;;
Audi;Q5;2018;3090000;https://auto.drom.ru/moscow/audi/q5/332963606.html;Характеристики совпадают с ПТС;1 запись о регистрации;Не числится в розыске;Ограничений не обнаружено;Москве;бензин, 2.0 л;249 л.с., налог;робот;4WD;238 578 км;левый;2 поколение;серый;;;;;
Audi;Q3;2018;2726101;https://auto.drom.ru/minsk/audi/q3/52903270.html;;;;;Минске;бензин, 2.0 л;220 л.с., налог;робот;4WD;36 000 км;левый;1 поколение, 2 рестайлинг;синий;;2.0 45 TFSI quattro S tronic Sport;;;
Audi;Q5;2018;2952506;https://auto.drom.ru/minsk/audi/q5/53357491.html;;;;;Минске;бензин, 2.0 л;249 л.с., налог;робот;4WD;52 000 км;левый;2 поколение;черный;;2.0 45 TFSI quattro S tronic Design;;;
Audi;Q8;2018;6890000;https://auto.drom.ru/moscow/audi/q8/687324562.html;Характеристики совпадают с ПТС;6 записей о регистрации;Не числится в розыске;Ограничений не обнаружено;Москве;бензин, 3.0 л;340 л.с., налог;автомат;4WD;83 099 км;левый;;черный;;;;;
Audi;Q5;2018;3290000;https://auto.drom.ru/moscow/audi/q5/52470150.html;Характеристики совпадают с ПТС;1 запись о регистрации;Не числится в розыске;Ограничений не обнаружено;Москве;бензин, 2.0 л;252 л.с., налог;робот;4WD;46 844 км;левый;2 поколение;черный;;;;;
Audi;A8;2018;5470000;https://auto.drom.ru/moscow/audi/a8/797044203.html;Характеристики совпадают с ПТС;3 записи о регистрации;Не числится в розыске;Ограничений не обнаружено;Москве;бензин, 3.0 л;340 л.с., налог;автомат;4WD;125 843 км;левый;;синий;;;;;
Audi;Q5;2018;3850000;https://auto.drom.ru/minsk/audi/q5/53980115.html;;;;;Минске;дизель, 2.0 л;190 л.с., налог;робот;4WD;125 000 км;левый;2 поколение;черный;;2.0 40 TDI quattro S tronic Design;;;
Audi;A4;2018;2090000;https://auto.drom.ru/moscow/audi/a4/52465472.html;;;;;Москве;дизель, 2.0 л;190 л.с., налог;робот;передний;220 000 км;левый;5 поколение;черный;универсал;;;;
Audi;A6;2018;4800000;https://auto.drom.ru/spb/audi/a6/278225665.html;Характеристики совпадают с ПТС;1 запись о регистрации;Не числится в розыске;Ограничений не обнаружено;Санкт-Петербурге;дизель, 3.0 л;231 л.с., налог;автомат;4WD;76 210 км;левый;;серый;универсал;;;;
Audi;A4;2018;2650000;https://auto.drom.ru/elets/audi/a4/351977570.html;;;;;Ельце;бензин, 2.0 л;190 л.с., налог;робот;передний;80 000 км;левый;5 поколение;серый;седан;2.0 40 TFSI S tronic;;;
Audi;A4;2018;2799000;https://auto.drom.ru/moscow/audi/a4/917304188.html;Характеристики совпадают с ПТС;1 запись о регистрации;Не числится в розыске;Ограничений не обнаружено;Москве;бензин, 1.4 л;150 л.с., налог;робот;передний;54 590 км;левый;5 поколение;белый;седан;;;;
Audi;Q7;2018;5900000;https://auto.drom.ru/yaroslavl/audi/q7/50423351.html;Характеристики совпадают с ПТС;1 запись о регистрации;Не числится в розыске;Ограничений не обнаружено;Ярославле;дизель, 3.0 л;249 л.с., налог;АКПП;4WD;91 000 км;левый;2 поколение;серебристый;;3.0 45 TDI quattro tiptronic Business;;;
Audi;Q7;2018;6500000;https://auto.drom.ru/moscow/audi/q7/664190864.html;Характеристики совпадают с ПТС;3 записи о регистрации;Не числится в розыске;Ограничений не обнаружено;Москве;дизель, 3.0 л;249 л.с., налог;АКПП;4WD;57 000 км;левый;2 поколение;серый;;;;;
Audi;Q8;2018;6025000;https://auto.drom.ru/moscow/audi/q8/53737366.html;Характеристики совпадают с ПТС;1 запись о регистрации;Не числится в розыске;Ограничений не обнаружено;Москве;бензин, 3.0 л;340 л.с., налог;автомат;4WD;135 994 км;левый;;белый;;;;;
Audi;Q5;2018;4650000;https://auto.drom.ru/moscow/audi/q5/53735832.html;Характеристики совпадают с ПТС;3 записи о регистрации;Не числится в розыске;Ограничений не обнаружено;Москве;бензин, 2.0 л;249 л.с., налог;робот;4WD;40 000 км;левый;2 поколение;черный;;2.0 45 TFSI quattro S tronic Sport;;;
Audi;A8;2018;6200000;https://auto.drom.ru/moscow/audi/a8/52884149.html;Характеристики совпадают с ПТС;1 запись о регистрации;Не числится в розыске;Ограничений не обнаружено;Москве;дизель, 3.0 л;286 л.с., налог;автомат;4WD;135 000 км;левый;4 поколение;серый;;;;;
Audi;A3;2018;1939000;https://auto.drom.ru/moscow/audi/a3/899327890.html;Характеристики совпадают с ПТС;3 записи о регистрации;Не числится в розыске;Ограничений не обнаружено;Москве;бензин, 1.4 л;150 л.с., налог;робот;передний;97 000 км;левый;3 поколение, рестайлинг;белый;седан;;;;
Audi;A4;2018;2419000;https://auto.drom.ru/moscow/audi/a4/374936252.html;Характеристики совпадают с ПТС;5 записей о регистрации;Не числится в розыске;Ограничений не обнаружено;Москве;бензин, 1.4 л;150 л.с., налог;робот;передний;57 620 км;левый;5 поколение;коричневый;седан;;;;
Audi;Q5;2018;3085850;https://auto.drom.ru/moscow/audi/q5/465464630.html;Характеристики совпадают с ПТС;2 записи о регистрации;Не числится в розыске;Ограничений не обнаружено;Москве;бензин, 2.0 л;249 л.с., налог;робот;4WD;166 751 км;левый;2 поколение;синий;;;;;
Audi;A5;2018;3600000;https://auto.drom.ru/moscow/audi/a5/727635003.html;Характеристики совпадают с ПТС;3 записи о регистрации;Не числится в розыске;Ограничений не обнаружено;Москве;дизель, 2.0 л;190 л.с., налог;робот;4WD;74 000 км;левый;2 поколение;белый;купе;2.0 40 TDI quattro S tronic Sport;;;
Audi;A4;2018;2690000;https://auto.drom.ru/spb/audi/a4/51207117.html;Характеристики совпадают с ПТС;1 запись о регистрации;Не числится в розыске;Ограничений не обнаружено;Санкт-Петербурге;бензин, 2.0 л;190 л.с., налог;робот;передний;139 000 км;левый;5 поколение;черный;седан;;;;
Audi;Q5;2018;3869000;https://auto.drom.ru/moscow/audi/q5/519981111.html;Характеристики совпадают с ПТС;1 запись о регистрации;Не числится в розыске;Ограничений не обнаружено;Москве;бензин, 2.0 л;249 л.с., налог;робот;4WD;62 064 км;левый;2 поколение;черный;;;;;
Audi;Q8;2018;7499000;https://auto.drom.ru/moscow/audi/q8/776218591.html;Характеристики совпадают с ПТС;2 записи о регистрации;Не числится в розыске;Ограничений не обнаружено;Москве;бензин, 3.0 л;340 л.с., налог;автомат;4WD;42 866 км;левый;;оранжевый;;;;;
Audi;A6;2018;2395000;https://auto.drom.ru/moscow/audi/a6/53727234.html;Характеристики совпадают с ПТС;1 запись о регистрации;Не числится в розыске;Ограничений не обнаружено;Москве;бензин, 1.8 л;190 л.с., налог;робот;передний;77 000 км;левый;4 поколение, рестайлинг;коричневый;седан;1.8 TFSI S tronic Business;требуется ремонт или не на ходу;;
Audi;A3;2018;1545000;https://auto.drom.ru/moscow/audi/a3/53715497.html;Характеристики совпадают с ПТС;1 запись о регистрации;Не числится в розыске;Ограничений не обнаружено;Москве;бензин, 1.4 л;150 л.с., налог;робот;передний;123 301 км;левый;3 поколение, рестайлинг;белый;седан;;;;
Audi;Q7;2018;6200000;https://auto.drom.ru/spb/audi/q7/53327412.html;Характеристики совпадают с ПТС;1 запись о регистрации;Не числится в розыске;Ограничений не обнаружено;Санкт-Петербурге;дизель, 3.0 л;249 л.с., налог;АКПП;4WD;54 824 км;левый;2 поколение;черный;;;;;
Audi;Q7;2018;4059000;https://auto.drom.ru/spb/audi/q7/902224771.html;Характеристики совпадают с ПТС;2 записи о регистрации;Не числится в розыске;Ограничений не обнаружено;Санкт-Петербурге;дизель, 3.0 л;249 л.с., налог;АКПП;4WD;161 000 км;левый;2 поколение;черный;;;;;
Audi;Q5;2018;4250000;https://auto.drom.ru/moscow/audi/q5/903793706.html;Характеристики совпадают с ПТС;2 записи о регистрации;Не числится в розыске;Ограничений не обнаружено;Москве;дизель, 2.0 л;190 л.с., налог;робот;4WD;95 500 км;левый;2 поколение;серый;;2.0 40 TDI quattro S tronic;;;
Audi;Q7;2018;3700000;https://auto.drom.ru/zhlobin/audi/q7/53706736.html;;;;;Жлобине;бензин, 3.0 л;333 л.с., налог;АКПП;4WD;93 115 км;левый;2 поколение;черный;;3.0 55 TFSI quattro tiptronic Business;;;
Audi;Q8;2018;7000000;https://auto.drom.ru/moscow/audi/q8/744766882.html;Характеристики совпадают с ПТС;2 записи о регистрации;Не числится в розыске;Ограничений не обнаружено;Москве;бензин, 3.0 л;340 л.с., налог;автомат;4WD;53 318 км;левый;;белый;;;;;
Audi;A4;2018;2950000;https://auto.drom.ru/spb/audi/a4/52872355.html;Мощность двигателя не совпадает с ПТС;1 запись о регистрации;Не числится в розыске;Ограничений не обнаружено;Санкт-Петербурге;дизель, 2.0 л;190 л.с., налог;робот;передний;75 000 км, без пробега по РФ;левый;5 поколение;серый;универсал;;;;
Audi;A6;2018;3320000;https://auto.drom.ru/moscow/audi/a6/218256283.html;Характеристики совпадают с ПТС;2 записи о регистрации;Не числится в розыске;Ограничений не обнаружено;Москве;бензин, 2.0 л;249 л.с., налог;робот;4WD;62 300 км;левый;4 поколение, рестайлинг;черный;седан;;;;
Audi;SQ5;2018;3971328;https://auto.drom.ru/minsk/audi/sq5/53294531.html;;;;;Минске;бензин, 3.0 л;354 л.с., налог;АКПП;4WD;85 000 км;левый;2 поколение;черный;;3.0 TFSI quattro tiptronic;;;
Audi;A5;2018;3430000;https://auto.drom.ru/moscow/audi/a5/160694191.html;Характеристики совпадают с ПТС;1 запись о регистрации;Не числится в розыске;Ограничений не обнаружено;Москве;бензин, 2.0 л;249 л.с., налог;робот;4WD;106 144 км;левый;2 поколение;синий;купе;;;;
Audi;A6;2018;2670655;https://auto.drom.ru/minsk/audi/a6/291677002.html;;;;;Минске;бензин, 2.0 л;252 л.с., налог;автомат;передний;46 514 км;левый;4 поколение, рестайлинг;черный;седан;;;;
Audi;A3;2018;2450000;https://auto.drom.ru/moscow/audi/a3/599438323.html;Характеристики совпадают с ПТС;1 запись о регистрации;Не числится в розыске;Ограничений не обнаружено;Москве;бензин, 1.4 л;150 л.с., налог;робот;передний;57 000 км;левый;3 поколение, рестайлинг;серый;седан;1.4 35 TFSI COD ultra S tronic Sport;;;
Audi;Q5;2018;3400000;https://auto.drom.ru/yaroslavl/audi/q5/695244306.html;Характеристики совпадают с ПТС;1 запись о регистрации;Не числится в розыске;Ограничений не обнаружено;Ярославле;дизель, 2.0 л;190 л.с., налог;робот;4WD;113 000 км;левый;2 поколение;черный;;;;;
Audi;A4;2018;2800000;https://auto.drom.ru/moscow/audi/a4/51339361.html;Характеристики совпадают с ПТС;1 запись о регистрации;Не числится в розыске;Ограничений не обнаружено;Москве;дизель, 2.0 л;150 л.с., налог;робот;передний;111 111 км;левый;5 поколение;красный;седан;2.0 35 TDI S tronic;;;
Audi;A6;2018;2749000;https://auto.drom.ru/moscow/audi/a6/53955195.html;Характеристики совпадают с ПТС;2 записи о регистрации;Не числится в розыске;Ограничений не обнаружено;Москве;дизель, 2.0 л;190 л.с., налог;робот;передний;106 000 км;левый;;черный;седан;;;;
Audi;Q5;2018;2952506;https://auto.drom.ru/minsk/audi/q5/494673032.html;;;;;Минске;бензин, 2.0 л;249 л.с., налог;робот;4WD;144 000 км;левый;2 поколение;серебристый;;2.0 45 TFSI quattro S tronic Design;;;
Audi;A4;2018;2521000;https://auto.drom.ru/himki/audi/a4/203848345.html;Характеристики совпадают с ПТС;2 записи о регистрации;Не числится в розыске;Ограничений не обнаружено;Химках;бензин, 1.4 л;150 л.с., налог;робот;передний;71 000 км;левый;5 поколение;черный;седан;;;;
Audi;A6;2018;2750000;https://auto.drom.ru/kursk/audi/a6/53994603.html;Характеристики совпадают с ПТС;1 запись о регистрации;Не числится в розыске;Ограничений не обнаружено;Курске;дизель, 2.0 л;150 л.с., налог;механика;передний;159 200 км;левый;4 поколение, рестайлинг;черный;универсал;2.0 TDI ultra MT;;;
Audi;A6;2018;2830000;https://auto.drom.ru/moscow/audi/a6/53693454.html;Характеристики совпадают с ПТС;3 записи о регистрации;Не числится в розыске;Ограничений не обнаружено;Москве;дизель, 2.0 л;190 л.с., налог;робот;передний;130 000 км;левый;4 поколение, рестайлинг;синий;седан;2.0 TDI S Tronic Comfort;;;
Audi;A4;2018;2175000;https://auto.drom.ru/bryansk/audi/a4/52844672.html;Характеристики совпадают с ПТС;1 запись о регистрации;Не числится в розыске;Ограничений не обнаружено;Брянске;дизель, 2.0 л;150 л.с., налог;робот;передний;108 214 км;левый;5 поколение;синий;универсал;;;;
Audi;Q5;2018;3690000;https://auto.drom.ru/moscow/audi/q5/831260172.html;Характеристики совпадают с ПТС;3 записи о регистрации;Не числится в розыске;Ограничений не обнаружено;Москве;бензин, 2.0 л;249 л.с., налог;робот;4WD;71 212 км;левый;2 поколение;серебристый;;;;;
Audi;Q5;2018;3876608;https://auto.drom.ru/minsk/audi/q5/52840467.html;;;;;Минске;дизель, 2.0 л;190 л.с., налог;робот;4WD;66 000 км;левый;2 поколение;;;2.0 40 TDI quattro S tronic Sport;;;
Audi;A7;2018;5130000;https://auto.drom.ru/moscow/audi/a7/802508767.html;Характеристики совпадают с ПТС;1 запись о регистрации;Не числится в розыске;Ограничений не обнаружено;Москве;бензин, 3.0 л;340 л.с., налог;робот;4WD;90 000 км;левый;2 поколение;серый;;;;;
Audi;Q7;2018;5899000;https://auto.drom.ru/voronezh/audi/q7/52830336.html;Характеристики совпадают с ПТС;3 записи о регистрации;Не числится в розыске;Ограничений не обнаружено;Воронеже;дизель, 3.0 л;249 л.с., налог;АКПП;4WD;106 907 км;левый;2 поколение;белый;;;;;
Audi;A5;2018;4100000;https://auto.drom.ru/moscow/audi/a5/289591605.html;Характеристики совпадают с ПТС;4 записи о регистрации;Не числится в розыске;Ограничений не обнаружено;Москве;дизель, 2.0 л;190 л.с., налог;робот;4WD;59 000 км;левый;2 поколение;белый;лифтбек;2.0 TDI quattro S tronic Design;;;
Audi;Q7;2018;3500000;https://auto.drom.ru/minsk/audi/q7/699841832.html;;;;;Минске;бензин, 3.0 л;333 л.с., налог;АКПП;4WD;139 000 км, без пробега по РФ;левый;2 поколение;белый;;;;;
Audi;A6;2018;3099000;https://auto.drom.ru/moscow/audi/a6/463105825.html;Характеристики совпадают с ПТС;3 записи о регистрации;Не числится в розыске;Ограничений не обнаружено;Москве;бензин, 1.8 л;190 л.с., налог;робот;передний;92 700 км;левый;4 поколение, рестайлинг;черный;седан;;;;
Audi;S4;2018;3603998;https://auto.drom.ru/minsk/audi/s4/52808860.html;;;;;Минске;бензин, 3.0 л;354 л.с., налог;АКПП;4WD;93 000 км;левый;6 поколение;черный;седан;3.0 TFSI quattro Tiptronic;;;
Audi;Q5;2018;3136000;https://auto.drom.ru/minsk/audi/q5/52383255.html;;;;;Минске;бензин, 2.0 л;252 л.с., налог;робот;4WD;57 000 км;левый;2 поколение;;;2.0 TFSI quattro S tronic;;;
Audi;A3;2018;1755701;https://auto.drom.ru/minsk/audi/a3/922184173.html;;;;;Минске;бензин, 1.0 л;116 л.с., налог;механика;передний;84 811 км;левый;3 поколение, рестайлинг;серый;хэтчбек 5 дв.;;;;
Audi;A6;2018;2410000;https://auto.drom.ru/minsk/audi/a6/53000100.html;;;;;Минске;бензин, 2.0 л;252 л.с., налог;робот;4WD;68 000 км;левый;4 поколение, рестайлинг;белый;седан;2.0 TFSI quattro S tronic;;;
Audi;A6;2018;3825782;https://auto.drom.ru/minsk/audi/a6/53973954.html;;;;;Минске;дизель, 3.0 л;286 л.с., налог;автомат;4WD;85 000 км;левый;5 поколение;белый;седан;;;;
Audi;Q3;2018;2787000;https://auto.drom.ru/himki/audi/q3/303757234.html;Характеристики совпадают с ПТС;2 записи о регистрации;Не числится в розыске;Ограничений не обнаружено;Химках;бензин, 2.0 л;180 л.с., налог;робот;4WD;61 862 км;левый;;синий;;;;;
Audi;A3;2018;2399000;https://auto.drom.ru/spb/audi/a3/53260426.html;Характеристики совпадают с ПТС;2 записи о регистрации;Не числится в розыске;Ограничений не обнаружено;Санкт-Петербурге;бензин, 1.4 л;150 л.с., налог;робот;передний;49 489 км;левый;3 поколение, рестайлинг;белый;седан;1.4 35 TFSI COD ultra S tronic;;;
Audi;Q8;2018;6700000;https://auto.drom.ru/moscow/audi/q8/52376743.html;Характеристики совпадают с ПТС;1 запись о регистрации;Не числится в розыске;Ограничений не обнаружено;Москве;бензин, 3.0 л, гибрид;340 л.с., налог;АКПП;4WD;145 000 км;левый;1 поколение;белый;;3.0 55 TFSI quattro tiptronic Sport;;;
Audi;A6;2018;4080000;https://auto.drom.ru/spb/audi/a6/903115034.html;Характеристики совпадают с ПТС;3 записи о регистрации;Не числится в розыске;Ограничений не обнаружено;Санкт-Петербурге;бензин, 3.0 л;340 л.с., налог;автомат;4WD;119 217 км;левый;;черный;седан;;;;
Audi;A5;2018;3399000;https://auto.drom.ru/spb/audi/a5/740281546.html;Характеристики совпадают с ПТС;5 записей о регистрации;Не числится в розыске;Ограничений не обнаружено;Санкт-Петербурге;дизель, 2.0 л;190 л.с., налог;робот;4WD;76 890 км;левый;2 поколение;синий;лифтбек;;;;
Audi;Q7;2018;5229000;https://auto.drom.ru/spb/audi/q7/477477006.html;Характеристики совпадают с ПТС;3 записи о регистрации;Не числится в розыске;Ограничений не обнаружено;Санкт-Петербурге;дизель, 3.0 л;249 л.с., налог;АКПП;4WD;111 000 км;левый;2 поколение;черный;;;;;
Audi;Q7;2018;5539000;https://auto.drom.ru/moscow/audi/q7/53405834.html;Характеристики совпадают с ПТС;3 записи о регистрации;Не числится в розыске;Ограничений не обнаружено;Москве;дизель, 3.0 л;249 л.с., налог;АКПП;4WD;85 455 км;левый;2 поколение;синий;;3.0 45 TDI quattro tiptronic Sport;;;
Audi;Q3;2018;2714000;https://auto.drom.ru/spb/audi/q3/410360581.html;Характеристики совпадают с ПТС;1 запись о регистрации;Не числится в розыске;Ограничений не обнаружено;Санкт-Петербурге;бензин, 2.0 л;180 л.с., налог;робот;4WD;83 087 км;левый;;серебристый;;;;;
Audi;Q5;2018;3850000;https://auto.drom.ru/spb/audi/q5/53603706.html;Характеристики совпадают с ПТС;1 запись о регистрации;Не числится в розыске;Ограничений не обнаружено;Санкт-Петербурге;бензин, 2.0 л;249 л.с., налог;робот;4WD;29 500 км;левый;2 поколение;черный;;;;;
Audi;A4;2018;2700000;https://auto.drom.ru/minsk/audi/a4/248802810.html;;;;;Минске;бензин, 2.0 л;190 л.с., налог;робот;передний;90 000 км;левый;5 поколение;серый;седан;2.0 40 TFSI S tronic;документы с проблемами или отсутствуют;;
Audi;A6;2018;2771382;https://auto.drom.ru/minsk/audi/a6/52099516.html;Мощность двигателя не совпадает с ПТС;1 запись о регистрации;Не числится в розыске;Ограничений не обнаружено;Минске;дизель, 2.0 л;163 л.с., налог;автомат;передний;199 900 км;левый;4 поколение, рестайлинг;;универсал;;;;
Audi;Q8;2018;6430000;https://auto.drom.ru/spb/audi/q8/105692294.html;Характеристики совпадают с ПТС;1 запись о регистрации;Не числится в розыске;Ограничений не обнаружено;Санкт-Петербурге;дизель, 3.0 л;286 л.с., налог;автомат;4WD;105 824 км;левый;1 поколение;белый;;;;;
Audi;A3;2018;2449000;https://auto.drom.ru/moscow/audi/a3/53595949.html;Характеристики совпадают с ПТС;2 записи о регистрации;Не числится в розыске;Ограничений не обнаружено;Москве;бензин, 2.0 л;190 л.с., налог;робот;4WD;106 942 км;левый;3 поколение, рестайлинг;желтый;седан;;;;
Audi;A5;2018;3143000;https://auto.drom.ru/moscow/audi/a5/226790419.html;Характеристики совпадают с ПТС;4 записи о регистрации;Не числится в розыске;Ограничений не обнаружено;Москве;дизель, 2.0 л;190 л.с., налог;робот;4WD;85 000 км;левый;2 поколение;синий;лифтбек;;;;
Audi;A6;2018;3899000;https://auto.drom.ru/spb/audi/a6/361411474.html;Характеристики совпадают с ПТС;4 записи о регистрации;Не числится в розыске;Ограничений не обнаружено;Санкт-Петербурге;бензин, 3.0 л;340 л.с., налог;автомат;4WD;164 000 км;левый;;черный;седан;;;;
Audi;A6;2018;2580000;https://auto.drom.ru/moscow/audi/a6/879200845.html;Характеристики совпадают с ПТС;2 записи о регистрации;Не числится в розыске;Ограничений не обнаружено;Москве;бензин, 1.8 л;190 л.с., налог;робот;передний;168 000 км;левый;4 поколение, рестайлинг;черный;седан;1.8 TFSI S tronic Comfort;;;
Audi;A5;2018;3479000;https://auto.drom.ru/spb/audi/a5/196111058.html;Характеристики совпадают с ПТС;5 записей о регистрации;Не числится в розыске;Ограничений не обнаружено;Санкт-Петербурге;бензин, 2.0 л;249 л.с., налог;робот;4WD;77 359 км;левый;2 поколение;белый;купе;;;;
Audi;A5;2018;3120000;https://auto.drom.ru/moscow/audi/a5/808928658.html;Характеристики совпадают с ПТС;2 записи о регистрации;Не числится в розыске;Ограничений не обнаружено;Москве;дизель, 2.0 л;150 л.с., налог;робот;передний;57 185 км;левый;2 поколение;синий;лифтбек;;;;
Audi;A7;2018;4700000;https://auto.drom.ru/moscow/audi/a7/348383995.html;Характеристики совпадают с ПТС;4 записи о регистрации;Не числится в розыске;Ограничений не обнаружено;Москве;бензин, 3.0 л;340 л.с., налог;робот;4WD;47 178 км;левый;2 поколение;серый;;;;;
Audi;Q7;2018;4489000;https://auto.drom.ru/spb/audi/q7/53229882.html;Характеристики совпадают с ПТС;2 записи о регистрации;Не числится в розыске;Ограничений не обнаружено;Санкт-Петербурге;дизель, 3.0 л;249 л.с., налог;АКПП;4WD;149 710 км;левый;2 поколение;черный;;;;;
Audi;A5;2018;3309000;https://auto.drom.ru/moscow/audi/a5/814398854.html;Характеристики совпадают с ПТС;4 записи о регистрации;Не числится в розыске;Ограничений не обнаружено;Москве;дизель, 2.0 л;190 л.с., налог;робот;4WD;105 200 км;левый;2 поколение;синий;лифтбек;;;;
Audi;Q8;2018;6700000;https://auto.drom.ru/moscow/audi/q8/793351214.html;Характеристики совпадают с ПТС;4 записи о регистрации;Не числится в розыске;Ограничений не обнаружено;Москве;бензин, 3.0 л;340 л.с., налог;автомат;4WD;75 110 км;левый;;зеленый;;;;;
Audi;Q5;2018;3550000;https://auto.drom.ru/moscow/audi/q5/798458785.html;Характеристики совпадают с ПТС;2 записи о регистрации;Не числится в розыске;Ограничений не обнаружено;Москве;бензин, 2.0 л;249 л.с., налог;робот;4WD;76 000 км;левый;2 поколение;белый;;2.0 45 TFSI quattro S tronic Sport;;;
Audi;Q8;2018;6799000;https://auto.drom.ru/moscow/audi/q8/54032570.html;Характеристики совпадают с ПТС;4 записи о регистрации;Не числится в розыске;Ограничений не обнаружено;Москве;бензин, 3.0 л, гибрид;340 л.с., налог;АКПП;4WD;74 000 км;левый;1 поколение;зеленый;;3.0 55 TFSI quattro tiptronic Sport;;;
Audi;A4;2018;2310163;https://auto.drom.ru/minsk/audi/a4/710444425.html;;;;;Минске;дизель, 2.0 л;150 л.с., налог;робот;передний;143 000 км;левый;5 поколение;синий;универсал;2.0 35 TDI S tronic Design;;;
Audi;A5;2018;3300000;https://auto.drom.ru/moscow/audi/a5/611282606.html;Характеристики совпадают с ПТС;2 записи о регистрации;Не числится в розыске;Ограничений не обнаружено;Москве;бензин, 2.0 л;249 л.с., налог;робот;4WD;57 761 км;левый;2 поколение;белый;лифтбек;;;;
Audi;A6;2018;2815000;https://auto.drom.ru/moscow/audi/a6/271564972.html;Характеристики совпадают с ПТС;3 записи о регистрации;Не числится в розыске;Ограничений не обнаружено;Москве;бензин, 1.8 л;190 л.с., налог;робот;передний;46 700 км;левый;4 поколение, рестайлинг;белый;седан;;;;
Audi;A3;2018;1483000;https://auto.drom.ru/moscow/audi/a3/53215997.html;Характеристики совпадают с ПТС;1 запись о регистрации;Не числится в розыске;Ограничений не обнаружено;Москве;бензин, 1.4 л;150 л.с., налог;робот;передний;210 641 км;левый;3 поколение, рестайлинг;белый;седан;;;;
Audi;Q7;2018;3700000;https://auto.drom.ru/moscow/audi/q7/49340565.html;Характеристики совпадают с ПТС;2 записи о регистрации;Не числится в розыске;Ограничений не обнаружено;Москве;бензин, 2.0 л;252 л.с., налог;АКПП;4WD;128 000 км;левый;2 поколение;белый;;2.0 45 TFSI quattro tiptronic;;;
Audi;A4;2018;2439000;https://auto.drom.ru/spb/audi/a4/662353036.html;Характеристики совпадают с ПТС;2 записи о регистрации;Не числится в розыске;Ограничений не обнаружено;Санкт-Петербурге;дизель, 2.0 л;150 л.с., налог;робот;передний;61 419 км;левый;5 поколение;синий;седан;;;;
Audi;A6;2018;2899000;https://auto.drom.ru/spb/audi/a6/848405492.html;Характеристики совпадают с ПТС;1 запись о регистрации;Не числится в розыске;Ограничений не обнаружено;Санкт-Петербурге;дизель, 2.0 л;204 л.с., налог;автомат;передний;170 000 км;левый;;черный;универсал;;;;
Audi;A4;2018;2629070;https://auto.drom.ru/minsk/audi/a4/53178119.html;;;;;Минске;бензин, 2.0 л;252 л.с., налог;автомат;передний;105 000 км;левый;5 поколение;белый;седан;;;;
Audi;A8;2018;5280000;https://auto.drom.ru/balashiha/audi/a8/53956082.html;Характеристики совпадают с ПТС;3 записи о регистрации;Не числится в розыске;Ограничений не обнаружено;Балашихе;бензин, 3.0 л;340 л.с., налог;автомат;4WD;78 149 км;левый;;черный;;;;;
Audi;A6;2018;3500000;https://auto.drom.ru/spb/audi/a6/53950663.html;Характеристики совпадают с ПТС;2 записи о регистрации;Не числится в розыске;Ограничений не обнаружено;Санкт-Петербурге;бензин, 3.0 л;333 л.с., налог;робот;4WD;105 430 км;левый;4 поколение, рестайлинг;коричневый;универсал;;;;
Audi;A4;2018;2200000;https://auto.drom.ru/moscow/audi/a4/843613204.html;Характеристики совпадают с ПТС;2 записи о регистрации;Не числится в розыске;Ограничений не обнаружено;Москве;бензин, 1.4 л;150 л.с., налог;робот;передний;130 480 км;левый;5 поколение;черный;седан;;;;
Audi;A5;2018;4330000;https://auto.drom.ru/moscow/audi/a5/199981748.html;Характеристики совпадают с ПТС;2 записи о регистрации;Не числится в розыске;Ограничений не обнаружено;Москве;бензин, 2.0 л;249 л.с., налог;робот;4WD;29 246 км;левый;2 поколение;серый;купе;;;;
Audi;Q7;2018;5400000;https://auto.drom.ru/voronezh/audi/q7/380957613.html;Характеристики совпадают с ПТС;2 записи о регистрации;Не числится в розыске;Ограничений не обнаружено;Воронеже;дизель, 3.0 л;249 л.с., налог;АКПП;4WD;91 000 км;левый;2 поколение;черный;;;;;
Audi;A6;2018;3450000;https://auto.drom.ru/moscow/audi/a6/53155471.html;;;;;Москве;дизель, 2.0 л, гибрид;204 л.с., налог;робот;передний;78 000 км;левый;5 поколение;белый;седан;2.0 40 TDI S tronic;документы с проблемами или отсутствуют;;
Audi;Q5;2018;3400000;https://auto.drom.ru/cherepovets/audi/q5/49523562.html;Характеристики совпадают с ПТС;1 запись о регистрации;Не числится в розыске;Ограничений не обнаружено;Череповце;дизель, 2.0 л;190 л.с., налог;робот;4WD;143 000 км;левый;2 поколение;черный;;2.0 TDI quattro S tronic;;;
Audi;A5;2018;1800000;https://auto.drom.ru/novomoskovsk/audi/a5/53941693.html;Мощность двигателя не совпадает с ПТС;3 записи о регистрации;Не числится в розыске;Ограничений не обнаружено;Новомосковске;бензин, 2.0 л;249 л.с., налог;робот;4WD;77 000 км;левый;2 поколение;черный;купе;;требуется ремонт или не на ходу;;
Audi;Q7;2018;5455000;https://auto.drom.ru/moscow/audi/q7/53597883.html;Характеристики совпадают с ПТС;2 записи о регистрации;Не числится в розыске;Ограничений не обнаружено;Москве;дизель, 3.0 л;249 л.с., налог;АКПП;4WD;93 500 км;левый;2 поколение;черный;;;;;
Audi;A4;2018;3195000;https://auto.drom.ru/minsk/audi/a4/53591852.html;;;;;Минске;бензин, 2.0 л;249 л.с., налог;робот;4WD;80 500 км;левый;5 поколение;белый;седан;2.0 45 TFSI quattro S tronic Sport;;;
Audi;A4;2018;2390000;https://auto.drom.ru/minsk/audi/a4/52239657.html;;;;;Минске;дизель, 2.0 л;150 л.с., налог;робот;передний;270 000 км, без пробега по РФ;левый;5 поколение;серый;универсал;2.0 35 TDI S tronic;;;
Audi;A5;2018;2433000;https://auto.drom.ru/himki/audi/a5/53930000.html;Характеристики совпадают с ПТС;2 записи о регистрации;Не числится в розыске;Ограничений не обнаружено;Химках;бензин, 2.0 л;190 л.с., налог;робот;передний;93 069 км;левый;2 поколение;серебристый;лифтбек;;;;
Audi;Q7;2018;4499000;https://auto.drom.ru/moscow/audi/q7/813749587.html;Характеристики совпадают с ПТС;3 записи о регистрации;Не числится в розыске;Ограничений не обнаружено;Москве;дизель, 3.0 л;249 л.с., налог;АКПП;4WD;169 750 км;левый;2 поколение;серый;;;;;
Audi;A5;2018;3019000;https://auto.drom.ru/spb/audi/a5/53582921.html;Характеристики совпадают с ПТС;4 записи о регистрации;Не числится в розыске;Ограничений не обнаружено;Санкт-Петербурге;дизель, 2.0 л;190 л.с., налог;робот;4WD;117 771 км;левый;2 поколение;белый;лифтбек;;;;
Audi;Q7;2018;3814900;https://auto.drom.ru/balashiha/audi/q7/52724005.html;Характеристики совпадают с ПТС;2 записи о регистрации;Не числится в розыске;Ограничений не обнаружено;Балашихе;дизель, 3.0 л;272 л.с., налог;АКПП;4WD;208 240 км;левый;2 поколение;черный;;3.0 45 TDI quattro tiptronic;;;
Audi;Q5;2018;3425401;https://auto.drom.ru/spb/audi/q5/518127743.html;Характеристики совпадают с ПТС;2 записи о регистрации;Не числится в розыске;Ограничений не обнаружено;Санкт-Петербурге;бензин, 2.0 л;249 л.с., налог;робот;4WD;121 420 км;левый;2 поколение;синий;;;;;
Audi;A6;2018;3600000;https://auto.drom.ru/moscow/audi/a6/53166335.html;Характеристики совпадают с ПТС;1 запись о регистрации;Не числится в розыске;Ограничений не обнаружено;Москве;дизель, 2.0 л, гибрид;204 л.с., налог;робот;передний;119 000 км;левый;5 поколение;синий;универсал;;;;
Audi;Q2;2018;1830000;https://auto.drom.ru/moscow/audi/q2/53151650.html;Характеристики совпадают с ПТС;1 запись о регистрации;Не числится в розыске;Ограничений не обнаружено;Москве;дизель, 1.6 л;116 л.с., налог;робот;передний;152 900 км;левый;1 поколение;черный;;;;;
Audi;Q7;2018;5460000;https://auto.drom.ru/moscow/audi/q7/599616988.html;Характеристики совпадают с ПТС;1 запись о регистрации;Не числится в розыске;Ограничений не обнаружено;Москве;дизель, 3.0 л;249 л.с., налог;АКПП;4WD;119 220 км;левый;2 поколение;белый;;;;;
Audi;A8;2018;7500000;https://auto.drom.ru/kazan/audi/a8/650614956.html;Характеристики совпадают с ПТС;1 запись о регистрации;Не числится в розыске;Ограничений не обнаружено;Казани;бензин, 3.0 л, гибрид;340 л.с., налог;АКПП;4WD;103 000 км;левый;4 поколение;черный;;3.0 55 TFSI quattro tiptronic L Business;;;
Audi;Q5;2018;3835000;https://auto.drom.ru/volgograd/audi/q5/53911535.html;Характеристики совпадают с ПТС;1 запись о регистрации;Не числится в розыске;Ограничений не обнаружено;Волгограде;бензин, 2.0 л;249 л.с., налог;робот;4WD;79 079 км;левый;2 поколение;черный;;2.0 45 TFSI quattro S tronic Sport;;;
Audi;A7;2018;4999000;https://auto.drom.ru/nizhniy-novgorod/audi/a7/52252731.html;Мощность двигателя не совпадает с ПТС;1 запись о регистрации;Не числится в розыске;Ограничений не обнаружено;Нижнем Новгороде;бензин, 3.0 л;340 л.с., налог;робот;4WD;142 172 км;левый;2 поколение;черный;;3.0 55 TFSI quattro S tronic Sport;;;
Audi;Q5;2018;3930000;https://auto.drom.ru/moscow/audi/q5/53139473.html;Характеристики совпадают с ПТС;2 записи о регистрации;Не числится в розыске;Ограничений не обнаружено;Москве;бензин, 2.0 л;249 л.с., налог;робот;4WD;55 591 км;левый;2 поколение;синий;;;;;
Audi;A4;2018;2142000;https://auto.drom.ru/himki/audi/a4/53898234.html;Характеристики совпадают с ПТС;2 записи о регистрации;Не числится в розыске;Ограничений не обнаружено;Химках;бензин, 1.4 л;150 л.с., налог;робот;передний;59 757 км;левый;5 поколение;черный;седан;;;;
Audi;A6;2018;2800000;https://auto.drom.ru/spb/audi/a6/53900792.html;Характеристики совпадают с ПТС;3 записи о регистрации;Не числится в розыске;Ограничений не обнаружено;Санкт-Петербурге;дизель, 2.0 л;190 л.с., налог;робот;передний;159 000 км;левый;4 поколение, рестайлинг;серый;седан;;;;
Audi;A4;2018;2200000;https://auto.drom.ru/moscow/audi/a4/53134261.html;;;;;Москве;дизель, 2.0 л;150 л.с., налог;робот;передний;190 000 км, без пробега по РФ;левый;5 поколение;черный;универсал;2.0 35 TDI S tronic Sport;;;
Audi;A8;2018;5345000;https://auto.drom.ru/moscow/audi/a8/53131214.html;Характеристики совпадают с ПТС;2 записи о регистрации;Не числится в розыске;Ограничений не обнаружено;Москве;бензин, 3.0 л;340 л.с., налог;автомат;4WD;120 894 км;левый;;черный;;;;;
Audi;A4;2018;2090000;https://auto.drom.ru/volgograd/audi/a4/902981775.html;Характеристики совпадают с ПТС;1 запись о регистрации;Не числится в розыске;Ограничений не обнаружено;Волгограде;бензин, 2.0 л;150 л.с., налог;автомат;передний;200 112 км;левый;;серый;универсал;;;;
Audi;Q7;2018;6345000;https://auto.drom.ru/moscow/audi/q7/53110126.html;Характеристики совпадают с ПТС;1 запись о регистрации;Не числится в розыске;Ограничений не обнаружено;Москве;дизель, 3.0 л;249 л.с., налог;АКПП;4WD;59 926 км;левый;2 поколение;белый;;;;;
Audi;Q5;2018;3769000;https://auto.drom.ru/spb/audi/q5/53108462.html;Характеристики совпадают с ПТС;1 запись о регистрации;Не числится в розыске;Ограничений не обнаружено;Санкт-Петербурге;дизель, 2.0 л;163 л.с., налог;робот;4WD;80 000 км;левый;2 поколение;серый;;;;;
Audi;A7;2018;4899000;https://auto.drom.ru/spb/audi/a7/52617911.html;Характеристики совпадают с ПТС;3 записи о регистрации;Не числится в розыске;Ограничений не обнаружено;Санкт-Петербурге;бензин, 3.0 л;340 л.с., налог;робот;4WD;102 939 км;левый;2 поколение;синий;;;;;
Audi;A3;2018;2750000;https://auto.drom.ru/spb/audi/a3/657443058.html;Характеристики совпадают с ПТС;1 запись о регистрации;Не числится в розыске;Ограничений не обнаружено;Санкт-Петербурге;бензин, 2.0 л;220 л.с., налог;робот;4WD;48 500 км;левый;3 поколение, рестайлинг;желтый;открытый;2.0 TFSI S Tronic quattro Premium;;;
Audi;A4;2018;3050000;https://auto.drom.ru/minsk/audi/a4/53547414.html;;;;;Минске;дизель, 2.0 л;190 л.с., налог;робот;4WD;97 000 км;левый;5 поколение;серый;универсал;2.0 40 TDI quattro S tronic Sport;;;
Audi;A8;2018;5955000;https://auto.drom.ru/tula/audi/a8/53887536.html;Цвет не совпадает с ПТС;1 запись о регистрации;Не числится в розыске;Ограничений не обнаружено;Туле;дизель, 3.0 л;286 л.с., налог;автомат;4WD;93 000 км;левый;;черный;;;;;
Audi;A6 allroad quattro;2018;3850000;https://auto.drom.ru/volgograd/audi/a6_allroad_quattro/50206403.html;Характеристики совпадают с ПТС;1 запись о регистрации;Не числится в розыске;Ограничений не обнаружено;Волгограде;дизель, 3.0 л;190 л.с., налог;автомат;4WD;64 000 км;левый;3 поколение, рестайлинг;черный;;;;;
Audi;Q5;2018;3635000;https://auto.drom.ru/moscow/audi/q5/53505367.html;Характеристики совпадают с ПТС;1 запись о регистрации;Не числится в розыске;Есть ограничения;Москве;бензин, 2.0 л;249 л.с., налог;робот;4WD;68 700 км;левый;2 поколение;синий;;;;;
Audi;A4;2018;2900000;https://auto.drom.ru/voronezh/audi/a4/53875649.html;Характеристики совпадают с ПТС;1 запись о регистрации;Не числится в розыске;Ограничений не обнаружено;Воронеже;бензин, 2.0 л;252 л.с., налог;автомат;4WD;95 545 км;левый;5 поколение;белый;седан;;;;
Audi;A4;2018;2984990;https://auto.drom.ru/spb/audi/a4/52621727.html;Характеристики совпадают с ПТС;1 запись о регистрации;Не числится в розыске;Ограничений не обнаружено;Санкт-Петербурге;дизель, 2.0 л;190 л.с., налог;робот;4WD;88 400 км;левый;5 поколение;серый;универсал;;;;
Audi;Q5;2018;2850000;https://auto.drom.ru/smolensk/audi/q5/51387717.html;;;;;Смоленске;дизель, 2.0 л;190 л.с., налог;робот;4WD;194 000 км;левый;2 поколение;синий;;;;;
Audi;Q7;2018;5750000;https://auto.drom.ru/saratov/audi/q7/53028789.html;Цвет не совпадает с ПТС;;Не числится в розыске;Ограничений не обнаружено;Саратове;дизель, 3.0 л;249 л.с., налог;АКПП;4WD;121 000 км;левый;2 поколение;черный;;;;;
Audi;Q7;2019;6100000;https://auto.drom.ru/moscow/audi/q7/270001127.html;Характеристики совпадают с ПТС;3 записи о регистрации;Не числится в розыске;Ограничений не обнаружено;Москве;дизель, 3.0 л;249 л.с., налог;АКПП;4WD;52 790 км;левый;2 поколение;голубой;;3.0 45 TDI quattro tiptronic;;;
Audi;Q7;2019;5017000;https://auto.drom.ru/voronezh/audi/q7/54146207.html;Характеристики совпадают с ПТС;2 записи о регистрации;Не числится в розыске;Ограничений не обнаружено;Воронеже;дизель, 3.0 л;249 л.с., налог;АКПП;4WD;119 646 км;левый;2 поколение;серый;;;;;
Audi;A7;2019;6350000;https://auto.drom.ru/spb/audi/a7/52617936.html;;;;;Санкт-Петербурге;бензин, 3.0 л;340 л.с., налог;робот;4WD;55 327 км;левый;2 поколение;серый;;;;;
Audi;Q8;2019;8290000;https://auto.drom.ru/moscow/audi/q8/421541099.html;Характеристики совпадают с ПТС;1 запись о регистрации;Не числится в розыске;Ограничений не обнаружено;Москве;дизель, 3.0 л;249 л.с., налог;АКПП;4WD;41 145 км;левый;1 поколение;коричневый;;3.0 45 TDI quattro tiptronic;;;
Audi;A4;2019;3047517;https://auto.drom.ru/minsk/audi/a4/53480848.html;;;;;Минске;дизель, 2.0 л;190 л.с., налог;робот;4WD;213 000 км;левый;5 поколение;серый;седан;2.0 40 TDI quattro S tronic Design;;;
Audi;A6;2019;3675000;https://auto.drom.ru/moscow/audi/a6/407540293.html;Характеристики совпадают с ПТС;1 запись о регистрации;Не числится в розыске;Ограничений не обнаружено;Москве;бензин, 2.0 л;245 л.с., налог;автомат;4WD;125 693 км;левый;;черный;седан;;;;
Audi;Q5;2019;4350000;https://auto.drom.ru/moscow/audi/q5/524265480.html;Характеристики совпадают с ПТС;1 запись о регистрации;Не числится в розыске;Ограничений не обнаружено;Москве;бензин, 2.0 л;249 л.с., налог;робот;4WD;26 000 км;левый;2 поколение;коричневый;;;;;
Audi;Q7;2019;5049000;https://auto.drom.ru/moscow/audi/q7/53768809.html;Характеристики совпадают с ПТС;2 записи о регистрации;Не числится в розыске;Ограничений не обнаружено;Москве;бензин, 2.0 л;252 л.с., налог;АКПП;4WD;74 000 км;левый;2 поколение;серый;;2.0 45 TFSI quattro tiptronic Advance;;;
Audi;A4;2019;2525000;https://auto.drom.ru/moscow/audi/a4/938521333.html;Характеристики совпадают с ПТС;2 записи о регистрации;Не числится в розыске;Ограничений не обнаружено;Москве;бензин, 1.4 л;150 л.с., налог;робот;передний;130 940 км;левый;5 поколение;белый;седан;;;;
Audi;A6 allroad quattro;2019;4410000;https://auto.drom.ru/moscow/audi/a6_allroad_quattro/54143526.html;Характеристики совпадают с ПТС;1 запись о регистрации;Не числится в розыске;Ограничений не обнаружено;Москве;дизель, 3.0 л;286 л.с., налог;автомат;4WD;111 293 км;левый;;синий;;;;;
Audi;A6;2019;4385000;https://auto.drom.ru/moscow/audi/a6/185415370.html;Характеристики совпадают с ПТС;1 запись о регистрации;Не числится в розыске;Ограничений не обнаружено;Москве;дизель, 3.0 л;231 л.с., налог;автомат;4WD;147 550 км;левый;;синий;универсал;;;;
Audi;A6;2019;4191000;https://auto.drom.ru/moscow/audi/a6/54138171.html;Характеристики совпадают с ПТС;3 записи о регистрации;Не числится в розыске;Ограничений не обнаружено;Москве;бензин, 2.0 л;245 л.с., налог;автомат;4WD;51 637 км;левый;;черный;седан;;;;
Audi;RS5;2019;7840000;https://auto.drom.ru/moscow/audi/rs5/53855306.html;Характеристики совпадают с ПТС;3 записи о регистрации;Не числится в розыске;Ограничений не обнаружено;Москве;бензин, 2.9 л;450 л.с., налог;АКПП;4WD;36 800 км;левый;2 поколение;синий;купе;;;;
Audi;A3;2019;2222000;https://auto.drom.ru/spb/audi/a3/945471800.html;Характеристики совпадают с ПТС;1 запись о регистрации;Не числится в розыске;Ограничений не обнаружено;Санкт-Петербурге;бензин, 1.4 л;150 л.с., налог;робот;передний;49 911 км;левый;3 поколение, рестайлинг;серый;седан;;;;
