Бренд;Модель;Год;Цена;URL;ПТС;Владельцы;Розыск;Ограничения;Город;Двигатель;Мощность;Коробка передач;Привод;Пробег;Руль;Поколение;Цвет;Тип кузова;Комплектация;Особые отметки;VIN;
Mercedes-Benz;E-Class;2020;4850000;https://auto.drom.ru/himki/mercedes-benz/e-class/884856776.html;Характеристики совпадают с ПТС;1 запись о регистрации;Не числится в розыске;Ограничений не обнаружено;Химках;бензин, 2.0 л;197 л.с., налог;АКПП;4WD;74 500 км;левый;5 поколение;черный;седан;;;;
Mercedes-Benz;GLC;2020;4680000;https://auto.drom.ru/moscow/mercedes-benz/glc-class/432425272.html;Характеристики совпадают с ПТС;2 записи о регистрации;Не числится в розыске;Ограничений не обнаружено;Москве;бензин, 2.0 л;197 л.с., налог;АКПП;4WD;24 000 км;левый;1 поколение, рестайлинг;синий;;;;;
Mercedes-Benz;GLB-Class;2020;3950000;https://auto.drom.ru/moscow/mercedes-benz/glb/53828225.html;Характеристики совпадают с ПТС;2 записи о регистрации;Не числится в розыске;Ограничений не обнаружено;Москве;дизель, 2.0 л;150 л.с., налог;робот;4WD;47 000 км;левый;1 поколение;белый;;;;;
Mercedes-Benz;GLC Coupe;2020;6000000;https://auto.drom.ru/moscow/mercedes-benz/glc_coupe/54122616.html;Характеристики совпадают с ПТС;2 записи о регистрации;Не числится в розыске;Ограничений не обнаружено;Москве;дизель, 2.0 л;245 л.с., налог;АКПП;4WD;100 000 км;левый;1 поколение, рестайлинг;черный;;GLC 300d 4MATIC AT Sport;;;
Mercedes-Benz;GLE;2020;9150000;https://auto.drom.ru/moscow/mercedes-benz/gle-class/54118512.html;Характеристики совпадают с ПТС;2 записи о регистрации;Не числится в розыске;Ограничений не обнаружено;Москве;дизель, 2.9 л;249 л.с., налог;автомат;4WD;63 758 км;левый;;черный;;;;;
Mercedes-Benz;GLS-Class;2020;9300000;https://auto.drom.ru/moscow/mercedes-benz/gls-class/54117700.html;Характеристики совпадают с ПТС;5 записей о регистрации;Не числится в розыске;Ограничений не обнаружено;Москве;дизель, 2.9 л;330 л.с., налог;АКПП;4WD;80 000 км;левый;2 поколение;черный;;GLS 400 d 4MATIC Luxury;;;
Mercedes-Benz;E-Class;2020;4590000;https://auto.drom.ru/saratov/mercedes-benz/e-class/54115102.html;Характеристики совпадают с ПТС;1 запись о регистрации;Не числится в розыске;Ограничений не обнаружено;Саратове;дизель, 2.0 л;194 л.с., налог;АКПП;4WD;90 000 км;левый;5 поколение;черный;седан;;;;
Mercedes-Benz;CLA-Class;2020;2695000;https://auto.drom.ru/moscow/mercedes-benz/cla-class/458052927.html;Характеристики совпадают с ПТС;1 запись о регистрации;Не числится в розыске;Ограничений не обнаружено;Москве;бензин, 1.3 л;150 л.с., налог;робот;передний;137 864 км;левый;2 поколение;синий;седан;CLA 200 DCT Sport;;;
Mercedes-Benz;CLA-Class;2020;2695000;https://auto.drom.ru/moscow/mercedes-benz/cla-class/852218347.html;Характеристики совпадают с ПТС;1 запись о регистрации;Не числится в розыске;Ограничений не обнаружено;Москве;бензин, 1.3 л;150 л.с., налог;робот;передний;123 687 км;левый;2 поколение;белый;седан;CLA 200 DCT Sport;;;
Mercedes-Benz;GLE;2020;7350000;https://auto.drom.ru/moscow/mercedes-benz/gle-class/52472992.html;Характеристики совпадают с ПТС;2 записи о регистрации;Не числится в розыске;Ограничений не обнаружено;Москве;дизель, 2.0 л;245 л.с., налог;АКПП;4WD;70 152 км;левый;2 поколение;синий;;GLE 300 d 4MATIC Sport;;;
Mercedes-Benz;E-Class;2020;4590000;https://auto.drom.ru/moscow/mercedes-benz/e-class/54110837.html;Характеристики совпадают с ПТС;1 запись о регистрации;Не числится в розыске;Ограничений не обнаружено;Москве;дизель, 2.0 л;194 л.с., налог;АКПП;4WD;78 700 км;левый;5 поколение;черный;седан;E 220 d 4MATIC Sport;;;
Mercedes-Benz;GLB-Class;2020;3995000;https://auto.drom.ru/yaroslavl/mercedes-benz/glb/53451875.html;Характеристики совпадают с ПТС;2 записи о регистрации;Не числится в розыске;Ограничений не обнаружено;Ярославле;дизель, 2.0 л;150 л.с., налог;робот;4WD;60 080 км;левый;1 поколение;черный;;;;;
Mercedes-Benz;GLC Coupe;2020;5350000;https://auto.drom.ru/spb/mercedes-benz/glc_coupe/53031813.html;;;;;Санкт-Петербурге;дизель, 2.0 л;194 л.с., налог;АКПП;4WD;97 905 км, без пробега по РФ;левый;1 поколение, рестайлинг;серый;;;;;
Mercedes-Benz;G-Class;2020;15650000;https://auto.drom.ru/moscow/mercedes-benz/g-class/53030439.html;Характеристики совпадают с ПТС;2 записи о регистрации;Не числится в розыске;Ограничений не обнаружено;Москве;дизель, 2.9 л;249 л.с., налог;АКПП;4WD;35 840 км;левый;3 поколение;черный;джип/suv 5 дв.;G 350 d;;;
Mercedes-Benz;E-Class;2020;5699000;https://auto.drom.ru/moscow/mercedes-benz/e-class/53010436.html;Характеристики совпадают с ПТС;1 запись о регистрации;Не числится в розыске;Ограничений не обнаружено;Москве;бензин, 2.0 л;197 л.с., налог;АКПП;4WD;25 000 км;левый;5 поколение, рестайлинг;черный;седан;E 200 AТ 4MATIC AMG Line;;;
Mercedes-Benz;GLB-Class;2020;4150000;https://auto.drom.ru/belgorod/mercedes-benz/glb/50146306.html;Характеристики совпадают с ПТС;1 запись о регистрации;Не числится в розыске;Ограничений не обнаружено;Белгороде;бензин, 1.3 л;163 л.с., налог;робот;передний;3 000 км;левый;1 поколение;синий;;GLB 200 Style;;;
Mercedes-Benz;A-Class;2020;2900000;https://auto.drom.ru/spb/mercedes-benz/a-class/240250940.html;Характеристики совпадают с ПТС;1 запись о регистрации;Не числится в розыске;Ограничений не обнаружено;Санкт-Петербурге;бензин, 1.3 л;150 л.с., налог;робот;передний;38 057 км;левый;4 поколение;черный;седан;;;;
Mercedes-Benz;GLB-Class;2020;3890000;https://auto.drom.ru/saratov/mercedes-benz/glb/654101568.html;Характеристики совпадают с ПТС;2 записи о регистрации;Не числится в розыске;Ограничений не обнаружено;Саратове;дизель, 2.0 л;190 л.с., налог;робот;4WD;103 195 км;левый;1 поколение;синий;;;;;
Mercedes-Benz;E-Class;2020;4750000;https://auto.drom.ru/moscow/mercedes-benz/e-class/597228865.html;Характеристики совпадают с ПТС;2 записи о регистрации;Не числится в розыске;Ограничений не обнаружено;Москве;бензин, 2.0 л;197 л.с., налог;АКПП;4WD;85 898 км;левый;5 поколение;синий;седан;;;;
Mercedes-Benz;E-Class;2020;4550000;https://auto.drom.ru/moscow/mercedes-benz/e-class/498952856.html;Характеристики совпадают с ПТС;3 записи о регистрации;Не числится в розыске;Ограничений не обнаружено;Москве;дизель, 1.6 л;160 л.с., налог;АКПП;задний;84 813 км;левый;5 поколение;черный;седан;;;;
Mercedes-Benz;GLB-Class;2020;3550000;https://auto.drom.ru/moscow/mercedes-benz/glb/755756578.html;Характеристики совпадают с ПТС;1 запись о регистрации;Не числится в розыске;Ограничений не обнаружено;Москве;дизель, 2.0 л;150 л.с., налог;робот;4WD;72 538 км;левый;1 поколение;черный;;GLB 200 d 4MATIC Style;;;
Mercedes-Benz;GLE;2020;8200000;https://auto.drom.ru/moscow/mercedes-benz/gle-class/249869569.html;Характеристики совпадают с ПТС;1 запись о регистрации;Не числится в розыске;Ограничений не обнаружено;Москве;дизель, 2.9 л;330 л.с., налог;АКПП;4WD;89 957 км;левый;2 поколение;черный;;;;;
Mercedes-Benz;V-Class;2020;5434739;https://auto.drom.ru/minsk/mercedes-benz/v-class/455913775.html;;;;;Минске;дизель, 2.1 л;190 л.с., налог;АКПП;4WD;101 000 км;левый;3 поколение, рестайлинг;серый;;;;;
Mercedes-Benz;S-Class;2020;8500000;https://auto.drom.ru/moscow/mercedes-benz/s-class/51789399.html;Электронный ПТС выдан;;Не числится в розыске;Ограничений не обнаружено;Москве;дизель, 3.0 л;367 л.с., налог;автомат;4WD;29 000 км, без пробега по РФ;левый;6 поколение, рестайлинг;белый;седан;;;;
Mercedes-Benz;V-Class;2020;7100000;https://auto.drom.ru/moscow/mercedes-benz/v-class/52567456.html;Характеристики совпадают с ПТС;1 запись о регистрации;Не числится в розыске;Ограничений не обнаружено;Москве;дизель, 2.1 л;163 л.с., налог;АКПП;4WD;50 388 км;левый;3 поколение;черный;;;;;
Mercedes-Benz;E-Class;2020;4399400;https://auto.drom.ru/moscow/mercedes-benz/e-class/54110484.html;Характеристики совпадают с ПТС;2 записи о регистрации;Не числится в розыске;Ограничений не обнаружено;Москве;дизель, 2.0 л;194 л.с., налог;АКПП;4WD;95 625 км;левый;5 поколение;синий;седан;;;;
Mercedes-Benz;V-Class;2020;28000000;https://auto.drom.ru/kazan/mercedes-benz/v-class/54110220.html;Характеристики совпадают с ПТС;3 записи о регистрации;Не числится в розыске;Ограничений не обнаружено;Казани;дизель, 2.1 л;190 л.с., налог;автомат;4WD;63 465 км;;;черный;;;;;
Mercedes-Benz;A-Class;2020;3375000;https://auto.drom.ru/moscow/mercedes-benz/a-class/54106503.html;Характеристики совпадают с ПТС;1 запись о регистрации;Не числится в розыске;Ограничений не обнаружено;Москве;бензин, 1.3 л;150 л.с., налог;робот;передний;30 367 км;левый;4 поколение;черный;хэтчбек 5 дв.;A 200 DCT Sport;;;
Mercedes-Benz;E-Class;2020;4275700;https://auto.drom.ru/moscow/mercedes-benz/e-class/54103481.html;Характеристики совпадают с ПТС;2 записи о регистрации;Не числится в розыске;Ограничений не обнаружено;Москве;дизель, 2.0 л;194 л.с., налог;АКПП;4WD;66 028 км;левый;5 поколение;черный;седан;;;;
Mercedes-Benz;E-Class;2020;4349000;https://auto.drom.ru/moscow/mercedes-benz/e-class/54099709.html;Характеристики совпадают с ПТС;3 записи о регистрации;Не числится в розыске;Ограничений не обнаружено;Москве;бензин, 2.0 л;197 л.с., налог;АКПП;4WD;58 834 км;левый;5 поколение;черный;седан;;;;
Mercedes-Benz;GLE;2020;9300000;https://auto.drom.ru/moscow/mercedes-benz/gle-class/463865008.html;;;;;Москве;бензин, 3.0 л, гибрид;435 л.с., налог;АКПП;4WD;64 032 км;левый;2 поколение;синий;;GLE 53 4MATIC+;;;
Mercedes-Benz;GLC;2020;5000000;https://auto.drom.ru/balashiha/mercedes-benz/glc-class/53816452.html;Характеристики совпадают с ПТС;1 запись о регистрации;Не числится в розыске;Ограничений не обнаружено;Балашихе;бензин, 2.0 л;249 л.с., налог;АКПП;4WD;81 000 км;левый;1 поколение, рестайлинг;черный;;GLC 300 4MATIC AT Sport Plus;;;
Mercedes-Benz;GLC;2020;5605000;https://auto.drom.ru/moscow/mercedes-benz/glc-class/53450700.html;Характеристики совпадают с ПТС;1 запись о регистрации;Не числится в розыске;Ограничений не обнаружено;Москве;дизель, 2.0 л;245 л.с., налог;АКПП;4WD;36 352 км;левый;1 поколение, рестайлинг;черный;;;;;
Mercedes-Benz;E-Class;2020;4015700;https://auto.drom.ru/moscow/mercedes-benz/e-class/53438101.html;Характеристики совпадают с ПТС;3 записи о регистрации;Не числится в розыске;Ограничений не обнаружено;Москве;дизель, 2.0 л;194 л.с., налог;АКПП;4WD;79 699 км;левый;5 поколение;белый;седан;;;;
Mercedes-Benz;GLC Coupe;2020;5395700;https://auto.drom.ru/moscow/mercedes-benz/glc_coupe/53017174.html;Характеристики совпадают с ПТС;3 записи о регистрации;Не числится в розыске;Ограничений не обнаружено;Москве;дизель, 2.0 л;245 л.с., налог;АКПП;4WD;70 410 км;левый;1 поколение, рестайлинг;синий;;;;;
Mercedes-Benz;CLA-Class;2020;2890000;https://auto.drom.ru/moscow/mercedes-benz/cla-class/52568857.html;Характеристики совпадают с ПТС;2 записи о регистрации;Не числится в розыске;Ограничений не обнаружено;Москве;бензин, 1.3 л;150 л.с., налог;робот;передний;97 488 км;левый;2 поколение;голубой;седан;CLA 200 DCT Sport;;;
Mercedes-Benz;GLA-Class;2020;4949000;https://auto.drom.ru/voronezh/mercedes-benz/gla-class/52566781.html;;;;;Воронеже;бензин, 2.0 л;224 л.с., налог;робот;передний;15 522 км;левый;2 поколение;черный;;;;;
Mercedes-Benz;GLB-Class;2020;4590000;https://auto.drom.ru/moscow/mercedes-benz/glb/49009540.html;Характеристики совпадают с ПТС;;Не числится в розыске;Ограничений не обнаружено;Москве;бензин, 2.0 л;224 л.с., налог;робот;4WD;16 000 км;левый;1 поколение;черный;;GLB 250 4MATIC Progressive;;;
Mercedes-Benz;GLC;2020;5798000;https://auto.drom.ru/moscow/mercedes-benz/glc-class/543010382.html;Характеристики совпадают с ПТС;1 запись о регистрации;Не числится в розыске;Ограничений не обнаружено;Москве;дизель, 2.0 л;245 л.с., налог;АКПП;4WD;58 300 км;левый;1 поколение, рестайлинг;серебристый;;;;;
Mercedes-Benz;E-Class;2020;3850000;https://auto.drom.ru/volgograd/mercedes-benz/e-class/261601671.html;Характеристики совпадают с ПТС;3 записи о регистрации;Не числится в розыске;Ограничений не обнаружено;Волгограде;бензин, 2.0 л;197 л.с., налог;АКПП;4WD;120 000 км;левый;5 поколение;белый;седан;E 200 AТ 4MATIC Exclusive;;;
Mercedes-Benz;GLA-Class;2020;3249000;https://auto.drom.ru/spb/mercedes-benz/gla-class/262409142.html;Характеристики совпадают с ПТС;3 записи о регистрации;Не числится в розыске;Ограничений не обнаружено;Санкт-Петербурге;бензин, 1.3 л;150 л.с., налог;автомат;передний;75 000 км;левый;;черный;;;;;
Mercedes-Benz;G-Class;2020;16120000;https://auto.drom.ru/kazan/mercedes-benz/g-class/656913224.html;Характеристики совпадают с ПТС;3 записи о регистрации;Не числится в розыске;Ограничений не обнаружено;Казани;дизель, 2.9 л;249 л.с., налог;АКПП;4WD;63 648 км;левый;3 поколение;белый;джип/suv 5 дв.;G 350 d;;;
Mercedes-Benz;GLE;2020;8890000;https://auto.drom.ru/moscow/mercedes-benz/gle-class/612292275.html;Характеристики совпадают с ПТС;2 записи о регистрации;Не числится в розыске;Ограничений не обнаружено;Москве;дизель, 2.9 л;330 л.с., налог;АКПП;4WD;46 684 км;левый;2 поколение;черный;;;;;
Mercedes-Benz;C-Class;2020;3100000;https://auto.drom.ru/spb/mercedes-benz/c-class/258805775.html;Год не совпадает с ПТС;3 записи о регистрации;Не числится в розыске;Ограничений не обнаружено;Санкт-Петербурге;бензин, 1.5 л;150 л.с., налог;автомат;задний;83 600 км;левый;4 поколение, рестайлинг;серый;седан;;;;
Mercedes-Benz;GLC Coupe;2020;5810000;https://auto.drom.ru/moscow/mercedes-benz/glc_coupe/946228787.html;Характеристики совпадают с ПТС;1 запись о регистрации;Не числится в розыске;Есть ограничения;Москве;бензин, 2.0 л;249 л.с., налог;АКПП;4WD;26 849 км;левый;1 поколение, рестайлинг;белый;;GLC 300 4MATIC AT Sport;;;
Mercedes-Benz;GLB-Class;2020;3450000;https://auto.drom.ru/naro-fominsk/mercedes-benz/glb/53437027.html;;;;;Наро-Фоминске;дизель, 2.0 л;150 л.с., налог;робот;4WD;137 000 км, без пробега по РФ;левый;1 поколение;черный;;GLB 200d 4MATIC;;;
Mercedes-Benz;E-Class;2020;6700000;https://auto.drom.ru/moscow/mercedes-benz/e-class/54082030.html;;;;;Москве;дизель, 2.9 л;340 л.с., налог;АКПП;4WD;45 000 км, без пробега по РФ;левый;5 поколение;черный;универсал;E 400 d AТ 4MATIC Exclusive;;;
Mercedes-Benz;GLB-Class;2020;4342000;https://auto.drom.ru/moscow/mercedes-benz/glb/269961260.html;Характеристики совпадают с ПТС;2 записи о регистрации;Не числится в розыске;Ограничений не обнаружено;Москве;дизель, 2.0 л;190 л.с., налог;робот;4WD;64 300 км;левый;1 поколение;синий;;;;;
Mercedes-Benz;GLS-Class;2020;12900000;https://auto.drom.ru/moscow/mercedes-benz/gls-class/53809993.html;Характеристики совпадают с ПТС;1 запись о регистрации;Не числится в розыске;Ограничений не обнаружено;Москве;дизель, 2.9 л;330 л.с., налог;АКПП;4WD;98 630 км;левый;2 поколение;зеленый;;;;;
Mercedes-Benz;B-Class;2020;2247000;https://auto.drom.ru/himki/mercedes-benz/b-class/54089024.html;Характеристики совпадают с ПТС;3 записи о регистрации;Не числится в розыске;Ограничений не обнаружено;Химках;бензин, 1.3 л;136 л.с., налог;автомат;передний;27 474 км;левый;3 поколение;черный;;;;;
Mercedes-Benz;E-Class;2020;4450000;https://auto.drom.ru/moscow/mercedes-benz/e-class/51217597.html;Характеристики совпадают с ПТС;2 записи о регистрации;Не числится в розыске;Ограничений не обнаружено;Москве;бензин, 2.0 л;197 л.с., налог;АКПП;4WD;61 300 км;левый;5 поколение;черный;седан;;;;
Mercedes-Benz;E-Class;2020;4050000;https://auto.drom.ru/spb/mercedes-benz/e-class/781705161.html;Характеристики совпадают с ПТС;1 запись о регистрации;Не числится в розыске;Ограничений не обнаружено;Санкт-Петербурге;дизель, 2.0 л;194 л.с., налог;АКПП;4WD;178 515 км;левый;5 поколение;синий;седан;;;;
Mercedes-Benz;GLE;2020;10150000;https://auto.drom.ru/spb/mercedes-benz/gle-class/54090054.html;Характеристики совпадают с ПТС;1 запись о регистрации;Не числится в розыске;Ограничений не обнаружено;Санкт-Петербурге;дизель, 2.9 л;330 л.с., налог;АКПП;4WD;35 000 км;левый;2 поколение;черный;;;;;
Mercedes-Benz;GLE;2020;7700000;https://auto.drom.ru/moscow/mercedes-benz/gle-class/147958153.html;Характеристики совпадают с ПТС;1 запись о регистрации;Не числится в розыске;Ограничений не обнаружено;Москве;дизель, 2.0 л;245 л.с., налог;АКПП;4WD;30 139 км;левый;2 поколение;черный;;GLE 300 d 4MATIC Sport;;;
Mercedes-Benz;GLE;2020;6295000;https://auto.drom.ru/moscow/mercedes-benz/gle-class/53811751.html;;;;;Москве;бензин, 2.0 л;258 л.с., налог;АКПП;4WD;80 000 км;левый;2 поколение;серебристый;;GLE 350 4MATIC;;;
Mercedes-Benz;GLC;2020;5399000;https://auto.drom.ru/moscow/mercedes-benz/glc-class/52109587.html;Характеристики совпадают с ПТС;1 запись о регистрации;Не числится в розыске;Ограничений не обнаружено;Москве;дизель, 2.0 л;245 л.с., налог;АКПП;4WD;66 662 км;левый;1 поколение, рестайлинг;серый;;;;;
Mercedes-Benz;E-Class;2020;5350000;https://auto.drom.ru/kaluga/mercedes-benz/e-class/51170223.html;Характеристики совпадают с ПТС;1 запись о регистрации;Не числится в розыске;Ограничений не обнаружено;Калуге;бензин, 2.0 л;197 л.с., налог;АКПП;4WD;38 808 км;левый;5 поколение;черный;седан;;;;
Mercedes-Benz;GLS-Class;2020;11900000;https://auto.drom.ru/moscow/mercedes-benz/gls-class/943596004.html;Характеристики совпадают с ПТС;4 записи о регистрации;Не числится в розыске;Ограничений не обнаружено;Москве;дизель, 2.9 л;330 л.с., налог;АКПП;4WD;65 000 км;левый;2 поколение;черный;;GLS 400 d 4MATIC Premium;;;
Mercedes-Benz;A-Class;2020;3100000;https://auto.drom.ru/moscow/mercedes-benz/a-class/597029190.html;Характеристики совпадают с ПТС;1 запись о регистрации;Не числится в розыске;Ограничений не обнаружено;Москве;бензин, 1.3 л;150 л.с., налог;робот;передний;22 034 км;левый;4 поколение;белый;хэтчбек 5 дв.;A 200 DCT Sport;;;
Mercedes-Benz;GLE Coupe;2020;9995900;https://auto.drom.ru/moscow/mercedes-benz/gle_coupe/858146540.html;Характеристики совпадают с ПТС;2 записи о регистрации;Не числится в розыске;Ограничений не обнаружено;Москве;дизель, 2.9 л;249 л.с., налог;АКПП;4WD;55 000 км;левый;2 поколение;синий;;350 d 4MATIC;;;
Mercedes-Benz;GLE;2020;11900000;https://auto.drom.ru/spb/mercedes-benz/gle-class/476764499.html;;;;;Санкт-Петербурге;бензин, 4.0 л;489 л.с., налог;АКПП;4WD;13 198 км;левый;2 поколение;черный;;GLE 580 4MATIC;;;
Mercedes-Benz;V-Class;2020;10300000;https://auto.drom.ru/moscow/mercedes-benz/v-class/665219298.html;Характеристики совпадают с ПТС;4 записи о регистрации;Не числится в розыске;Ограничений не обнаружено;Москве;дизель, 2.1 л;190 л.с., налог;АКПП;4WD;33 800 км;левый;3 поколение, рестайлинг;черный;;250 d AT L2 Executive 4Matic;;;
Mercedes-Benz;GLA-Class;2020;3550000;https://auto.drom.ru/lipetsk/mercedes-benz/gla-class/392164447.html;Характеристики совпадают с ПТС;1 запись о регистрации;Не числится в розыске;Ограничений не обнаружено;Липецке;бензин, 2.0 л;224 л.с., налог;робот;4WD;111 000 км;левый;2 поколение;белый;;GLA 250 4MATIC AMG Line;;;
Mercedes-Benz;CLA-Class;2020;3757000;https://auto.drom.ru/moscow/mercedes-benz/cla-class/178642904.html;Характеристики совпадают с ПТС;2 записи о регистрации;Не числится в розыске;Ограничений не обнаружено;Москве;бензин, 1.3 л;150 л.с., налог;робот;передний;40 000 км;левый;2 поколение;черный;седан;CLA 200 DCT Sport;;;
Mercedes-Benz;C-Class;2020;3450000;https://auto.drom.ru/spb/mercedes-benz/c-class/344663538.html;Характеристики совпадают с ПТС;1 запись о регистрации;Не числится в розыске;Ограничений не обнаружено;Санкт-Петербурге;бензин, 1.5 л;150 л.с., налог;автомат;задний;84 500 км;левый;;черный;седан;;;;
Mercedes-Benz;GLE;2020;6750000;https://auto.drom.ru/moscow/mercedes-benz/gle-class/53787321.html;;;;;Москве;бензин, 2.0 л;258 л.с., налог;АКПП;4WD;69 000 км, без пробега по РФ;левый;2 поколение;бежевый;;GLE 350 4MATIC;;;
Mercedes-Benz;GLC;2020;8000000;https://auto.drom.ru/yoshkar-ola/mercedes-benz/glc-class/54032917.html;;;;;Йошкар-Оле;бензин, 3.0 л;390 л.с., налог;робот;4WD;30 500 км;левый;1 поколение, рестайлинг;белый;;AMG GLC 43 4MATIC MTC;;;
Mercedes-Benz;B-Class;2020;2550000;https://auto.drom.ru/spb/mercedes-benz/b-class/53801310.html;Характеристики совпадают с ПТС;2 записи о регистрации;Не числится в розыске;Ограничений не обнаружено;Санкт-Петербурге;бензин, 1.3 л;150 л.с., налог;робот;передний;69 090 км;левый;3 поколение;синий;;B 200 DCT Progressive;;;
Mercedes-Benz;GLC;2020;6080000;https://auto.drom.ru/moscow/mercedes-benz/glc-class/53409980.html;Характеристики совпадают с ПТС;1 запись о регистрации;Не числится в розыске;Ограничений не обнаружено;Москве;бензин, 2.0 л;249 л.с., налог;АКПП;4WD;49 073 км;левый;1 поколение, рестайлинг;серый;;GLC 300 4MATIC AT Sport Plus;;;
Mercedes-Benz;GLC;2020;5605000;https://auto.drom.ru/moscow/mercedes-benz/glc-class/53409984.html;Характеристики совпадают с ПТС;1 запись о регистрации;Не числится в розыске;Ограничений не обнаружено;Москве;дизель, 2.0 л;194 л.с., налог;АКПП;4WD;42 739 км;левый;1 поколение, рестайлинг;красный;;;;;
Mercedes-Benz;GLE;2020;7070000;https://auto.drom.ru/moscow/mercedes-benz/gle-class/52988455.html;Характеристики совпадают с ПТС;2 записи о регистрации;Не числится в розыске;Ограничений не обнаружено;Москве;дизель, 2.0 л;245 л.с., налог;АКПП;4WD;65 517 км;левый;2 поколение;синий;;;;;
Mercedes-Benz;GLE Coupe;2020;8040777;https://auto.drom.ru/moscow/mercedes-benz/gle_coupe/52176611.html;Характеристики совпадают с ПТС;5 записей о регистрации;Не числится в розыске;Ограничений не обнаружено;Москве;дизель, 2.9 л;249 л.с., налог;АКПП;4WD;99 600 км;левый;2 поколение;синий;;350 d 4MATIC;;;
Mercedes-Benz;GLS-Class;2020;12169474;https://auto.drom.ru/minsk/mercedes-benz/gls-class/661157963.html;;;;;Минске;дизель, 2.9 л;330 л.с., налог;АКПП;4WD;85 000 км;левый;2 поколение;черный;;;;;
Mercedes-Benz;CLA-Class;2020;3450000;https://auto.drom.ru/moscow/mercedes-benz/cla-class/948773347.html;Характеристики совпадают с ПТС;1 запись о регистрации;Не числится в розыске;Ограничений не обнаружено;Москве;бензин, 1.3 л;150 л.с., налог;робот;передний;33 720 км;левый;2 поколение;серый;седан;CLA 200 DCT Sport;;;
Mercedes-Benz;GLB-Class;2020;3999000;https://auto.drom.ru/spb/mercedes-benz/glb/311586015.html;Характеристики совпадают с ПТС;1 запись о регистрации;Не числится в розыске;Ограничений не обнаружено;Санкт-Петербурге;дизель, 2.0 л;150 л.с., налог;робот;4WD;47 472 км;левый;1 поколение;белый;;GLB 200 d 4MATIC Progressive;;;
Mercedes-Benz;GLS-Class;2020;11290000;https://auto.drom.ru/moscow/mercedes-benz/gls-class/775042732.html;;;;;Москве;дизель, 2.9 л;330 л.с., налог;АКПП;4WD;45 000 км;левый;2 поколение;черный;;;;;
Mercedes-Benz;V-Class;2020;5750000;https://auto.drom.ru/moscow/mercedes-benz/v-class/131304760.html;;;;;Москве;дизель, 2.1 л;163 л.с., налог;АКПП;задний;63 500 км, без пробега по РФ;левый;3 поколение;синий;;220 d AT Длинный;;;
Mercedes-Benz;E-Class;2020;6002593;https://auto.drom.ru/minsk/mercedes-benz/e-class/52919696.html;;;;;Минске;бензин, 2.0 л;197 л.с., налог;АКПП;4WD;47 000 км;левый;5 поколение;черный;седан;E 200 4MATIC Premium;;;
Mercedes-Benz;GLE;2020;9420000;https://auto.drom.ru/spb/mercedes-benz/gle-class/228060471.html;Характеристики совпадают с ПТС;3 записи о регистрации;Не числится в розыске;Ограничений не обнаружено;Санкт-Петербурге;дизель, 2.9 л;330 л.с., налог;АКПП;4WD;39 648 км;левый;2 поколение;черный;;;;;
Mercedes-Benz;G-Class;2020;20600000;https://auto.drom.ru/moscow/mercedes-benz/g-class/255098119.html;Характеристики совпадают с ПТС;3 записи о регистрации;Не числится в розыске;Ограничений не обнаружено;Москве;бензин, 4.0 л;585 л.с., налог;автомат;4WD;45 837 км;левый;3 поколение;черный;джип/suv 5 дв.;;;;
Mercedes-Benz;GLE;2020;6650000;https://auto.drom.ru/moscow/mercedes-benz/gle-class/53788184.html;Характеристики совпадают с ПТС;1 запись о регистрации;Не числится в розыске;Ограничений не обнаружено;Москве;бензин, 2.0 л;258 л.с., налог;АКПП;4WD;49 988 км, без пробега по РФ;левый;2 поколение;белый;;GLE 350 4MATIC;;;
Mercedes-Benz;GLE Coupe;2020;8599000;https://auto.drom.ru/moscow/mercedes-benz/gle_coupe/54068867.html;;;;;Москве;дизель, 2.9 л;272 л.с., налог;АКПП;4WD;35 000 км;левый;2 поколение;черный;;;;;
Mercedes-Benz;GLE;2020;9850000;https://auto.drom.ru/spb/mercedes-benz/gle-class/53790369.html;Цвет не совпадает с ПТС;2 записи о регистрации;Не числится в розыске;Ограничений не обнаружено;Санкт-Петербурге;дизель, 2.9 л;249 л.с., налог;автомат;4WD;77 670 км;левый;;синий;;;;;
Mercedes-Benz;E-Class;2020;5390000;https://auto.drom.ru/spb/mercedes-benz/e-class/175931319.html;Характеристики совпадают с ПТС;2 записи о регистрации;Не числится в розыске;Ограничений не обнаружено;Санкт-Петербурге;бензин, 2.0 л;197 л.с., налог;АКПП;4WD;34 000 км;левый;5 поколение, рестайлинг;черный;седан;;;;
Mercedes-Benz;A-Class;2020;3900000;https://auto.drom.ru/moscow/mercedes-benz/a-class/51316352.html;Характеристики совпадают с ПТС;1 запись о регистрации;Не числится в розыске;Ограничений не обнаружено;Москве;бензин, 2.0 л;224 л.с., налог;робот;4WD;91 700 км, без пробега по РФ;левый;4 поколение;серый;седан;A 250 DCT 4MATIC AMG Line;;;
Mercedes-Benz;GLC;2020;5650000;https://auto.drom.ru/moscow/mercedes-benz/glc-class/604817668.html;Характеристики совпадают с ПТС;1 запись о регистрации;Не числится в розыске;Ограничений не обнаружено;Москве;дизель, 2.0 л;194 л.с., налог;АКПП;4WD;48 086 км;левый;1 поколение, рестайлинг;серебристый;;;;;
Mercedes-Benz;E-Class;2020;5490000;https://auto.drom.ru/moscow/mercedes-benz/e-class/53753942.html;Характеристики совпадают с ПТС;1 запись о регистрации;Не числится в розыске;Ограничений не обнаружено;Москве;бензин, 2.0 л;197 л.с., налог;АКПП;4WD;52 432 км;левый;5 поколение;черный;седан;;;;
Mercedes-Benz;E-Class;2020;5199000;https://auto.drom.ru/moscow/mercedes-benz/e-class/54058859.html;Характеристики совпадают с ПТС;1 запись о регистрации;Не числится в розыске;Ограничений не обнаружено;Москве;дизель, 2.0 л;194 л.с., налог;АКПП;4WD;47 119 км;левый;5 поколение;черный;универсал;;;;
Mercedes-Benz;C-Class;2020;3600000;https://auto.drom.ru/spb/mercedes-benz/c-class/54057660.html;Характеристики совпадают с ПТС;2 записи о регистрации;Не числится в розыске;Ограничений не обнаружено;Санкт-Петербурге;бензин, 1.6 л;150 л.с., налог;АКПП;задний;46 954 км;левый;4 поколение, рестайлинг;серый;седан;;;;
Mercedes-Benz;E-Class;2020;4300000;https://auto.drom.ru/moscow/mercedes-benz/e-class/53774062.html;Характеристики совпадают с ПТС;2 записи о регистрации;Не числится в розыске;Ограничений не обнаружено;Москве;бензин, 2.0 л;197 л.с., налог;АКПП;4WD;86 005 км;левый;5 поколение;черный;седан;;;;
Mercedes-Benz;CLA-Class;2020;3319000;https://auto.drom.ru/spb/mercedes-benz/cla-class/53774282.html;Характеристики совпадают с ПТС;2 записи о регистрации;Не числится в розыске;Ограничений не обнаружено;Санкт-Петербурге;бензин, 1.3 л;150 л.с., налог;робот;передний;69 000 км;левый;2 поколение;серый;седан;CLA 200 DCT Sport;;;
Mercedes-Benz;GLE Coupe;2020;10358000;https://auto.drom.ru/nizhniy-novgorod/mercedes-benz/gle_coupe/53773523.html;;;;;Нижнем Новгороде;бензин, 3.0 л;435 л.с., налог;АКПП;4WD;54 000 км, без пробега по РФ;левый;2 поколение;черный;;AMG 53 4MATIC+;;;
Mercedes-Benz;GLC;2020;4369000;https://auto.drom.ru/kazan/mercedes-benz/glc-class/53389914.html;;;;;Казани;дизель, 2.0 л;194 л.с., налог;АКПП;4WD;133 100 км;левый;1 поколение, рестайлинг;черный;;;;;
Mercedes-Benz;G-Class;2020;18900000;https://auto.drom.ru/moscow/mercedes-benz/g-class/52961924.html;;;;;Москве;дизель, 2.9 л;330 л.с., налог;АКПП;4WD;39 794 км;левый;3 поколение;коричневый;джип/suv 5 дв.;G 400 d Stronger Than Time Edition;;;
Mercedes-Benz;GLE;2020;8790000;https://auto.drom.ru/moscow/mercedes-benz/gle-class/52957599.html;Характеристики совпадают с ПТС;1 запись о регистрации;Не числится в розыске;Ограничений не обнаружено;Москве;дизель, 2.9 л;249 л.с., налог;автомат;4WD;77 227 км;левый;;черный;;;;;
Mercedes-Benz;CLS-Class;2020;6500000;https://auto.drom.ru/moscow/mercedes-benz/cls-class/52957616.html;Характеристики совпадают с ПТС;2 записи о регистрации;Не числится в розыске;Ограничений не обнаружено;Москве;дизель, 2.9 л;249 л.с., налог;АКПП;4WD;44 523 км;левый;3 поколение;черный;седан;;;;
Mercedes-Benz;GLC;2020;5050000;https://auto.drom.ru/moscow/mercedes-benz/glc-class/52507052.html;Характеристики совпадают с ПТС;1 запись о регистрации;Не числится в розыске;Ограничений не обнаружено;Москве;дизель, 2.0 л;245 л.с., налог;АКПП;4WD;54 000 км;левый;1 поколение, рестайлинг;белый;;;;;
Mercedes-Benz;S-Class;2020;13890000;https://auto.drom.ru/moscow/mercedes-benz/s-class/51675309.html;Характеристики совпадают с ПТС;1 запись о регистрации;Не числится в розыске;Ограничений не обнаружено;Москве;4.0 л;503 л.с., налог;автомат;4WD;13 301 км;левый;7 поколение;черный;седан;;;;
Mercedes-Benz;GLE;2020;7000000;https://auto.drom.ru/ryazan/mercedes-benz/gle-class/50396877.html;Характеристики совпадают с ПТС;1 запись о регистрации;Не числится в розыске;Ограничений не обнаружено;Рязани;дизель, 2.0 л;245 л.с., налог;АКПП;4WD;109 251 км;левый;2 поколение;зеленый;;GLE 300 d 4MATIC Sport;;;
Mercedes-Benz;E-Class;2020;4199700;https://auto.drom.ru/moscow/mercedes-benz/e-class/481310993.html;Характеристики совпадают с ПТС;1 запись о регистрации;Не числится в розыске;Ограничений не обнаружено;Москве;бензин, 2.0 л;197 л.с., налог;АКПП;4WD;55 685 км;левый;5 поколение;черный;седан;;;;
Mercedes-Benz;GLE Coupe;2020;7880000;https://auto.drom.ru/moscow/mercedes-benz/gle_coupe/881134265.html;Характеристики совпадают с ПТС;1 запись о регистрации;Не числится в розыске;Ограничений не обнаружено;Москве;дизель, 2.9 л;249 л.с., налог;АКПП;4WD;111 749 км;левый;2 поколение;синий;;350 d 4MATIC;;;
Mercedes-Benz;C-Class;2020;3749789;https://auto.drom.ru/spb/mercedes-benz/c-class/211559610.html;Характеристики совпадают с ПТС;2 записи о регистрации;Не числится в розыске;Ограничений не обнаружено;Санкт-Петербурге;бензин, 1.6 л;150 л.с., налог;АКПП;задний;28 087 км;левый;4 поколение, рестайлинг;белый;седан;;;;
Mercedes-Benz;GLE;2020;6995000;https://auto.drom.ru/moscow/mercedes-benz/gle-class/665986509.html;Характеристики совпадают с ПТС;3 записи о регистрации;Не числится в розыске;Ограничений не обнаружено;Москве;дизель, 2.0 л;245 л.с., налог;АКПП;4WD;96 043 км;левый;2 поколение;черный;;;;;
Mercedes-Benz;GLE;2020;6995000;https://auto.drom.ru/moscow/mercedes-benz/gle-class/517946892.html;Характеристики совпадают с ПТС;1 запись о регистрации;Не числится в розыске;Ограничений не обнаружено;Москве;дизель, 2.0 л;245 л.с., налог;АКПП;4WD;106 470 км;левый;2 поколение;черный;;GLE 300 d 4MATIC Sport;;;
Mercedes-Benz;A-Class;2020;2720000;https://auto.drom.ru/moscow/mercedes-benz/a-class/53025862.html;Характеристики совпадают с ПТС;1 запись о регистрации;Не числится в розыске;Ограничений не обнаружено;Москве;бензин, 1.3 л;150 л.с., налог;робот;передний;37 940 км;левый;4 поколение;черный;седан;;;;
Mercedes-Benz;GLE;2020;6878000;https://auto.drom.ru/moscow/mercedes-benz/gle-class/488931842.html;Характеристики совпадают с ПТС;1 запись о регистрации;Не числится в розыске;Ограничений не обнаружено;Москве;бензин, 3.0 л;367 л.с., налог;АКПП;4WD;110 422 км;левый;2 поколение;черный;;;;;
Mercedes-Benz;S-Class;2020;7500000;https://auto.drom.ru/tula/mercedes-benz/s-class/932223724.html;Мощность двигателя не совпадает с ПТС;2 записи о регистрации;Не числится в розыске;Ограничений не обнаружено;Туле;дизель, 2.9 л;286 л.с., налог;АКПП;4WD;146 450 км;левый;7 поколение;черный;седан;S350 d 4MATIC;;;
Mercedes-Benz;E-Class;2020;4050000;https://auto.drom.ru/moscow/mercedes-benz/e-class/798861454.html;Характеристики совпадают с ПТС;3 записи о регистрации;Не числится в розыске;Ограничений не обнаружено;Москве;бензин, 2.0 л;197 л.с., налог;АКПП;4WD;102 606 км;левый;5 поколение;белый;седан;;;;
Mercedes-Benz;GLS-Class;2020;8990000;https://auto.drom.ru/spb/mercedes-benz/gls-class/53317066.html;;;;;Санкт-Петербурге;бензин, 3.0 л, гибрид;367 л.с., налог;АКПП;4WD;37 588 км;левый;2 поколение;серый;;GLS 450 4MATIC Premium Plus;;;
Mercedes-Benz;GLA-Class;2020;4500000;https://auto.drom.ru/saratov/mercedes-benz/gla-class/52908487.html;Характеристики совпадают с ПТС;2 записи о регистрации;Не числится в розыске;Ограничений не обнаружено;Саратове;бензин, 2.0 л;224 л.с., налог;робот;4WD;35 000 км;левый;2 поколение;серый;;GLA 250 4MATIC Progressive;;;
Mercedes-Benz;B-Class;2020;2596000;https://auto.drom.ru/moscow/mercedes-benz/b-class/912529362.html;Характеристики совпадают с ПТС;2 записи о регистрации;Не числится в розыске;Ограничений не обнаружено;Москве;бензин, 1.3 л;150 л.с., налог;робот;передний;30 325 км;левый;3 поколение;белый;;B 200 DCT Progressive;;;
Mercedes-Benz;GLC;2020;5615000;https://auto.drom.ru/moscow/mercedes-benz/glc-class/54048733.html;Характеристики совпадают с ПТС;1 запись о регистрации;Не числится в розыске;Ограничений не обнаружено;Москве;дизель, 2.0 л;245 л.с., налог;АКПП;4WD;58 858 км;левый;1 поколение, рестайлинг;черный;;GLC 300d 4MATIC AT Sport;;;
Mercedes-Benz;V-Class;2020;6900000;https://auto.drom.ru/moscow/mercedes-benz/v-class/53768771.html;Характеристики совпадают с ПТС;1 запись о регистрации;Не числится в розыске;Ограничений не обнаружено;Москве;дизель, 2.1 л;163 л.с., налог;АКПП;4WD;97 374 км;левый;3 поколение;черный;;;;;
Mercedes-Benz;G-Class;2020;16184000;https://auto.drom.ru/moscow/mercedes-benz/g-class/53759030.html;Характеристики совпадают с ПТС;4 записи о регистрации;Не числится в розыске;Ограничений не обнаружено;Москве;дизель, 2.9 л;249 л.с., налог;АКПП;4WD;75 300 км;левый;3 поколение;черный;джип/suv 5 дв.;G 350 d;;;
Mercedes-Benz;GLS-Class;2020;11800000;https://auto.drom.ru/ryazan/mercedes-benz/gls-class/52937252.html;;;;;Рязани;дизель, 2.9 л;330 л.с., налог;АКПП;4WD;37 254 км;левый;2 поколение;черный;;;;;
Mercedes-Benz;C-Class;2020;3849000;https://auto.drom.ru/moscow/mercedes-benz/c-class/545868957.html;Характеристики совпадают с ПТС;2 записи о регистрации;Не числится в розыске;Ограничений не обнаружено;Москве;бензин, 1.5 л;150 л.с., налог;автомат;задний;44 401 км;левый;;черный;седан;;;;
Mercedes-Benz;E-Class;2020;3050000;https://auto.drom.ru/moscow/mercedes-benz/e-class/844808065.html;Характеристики совпадают с ПТС;4 записи о регистрации;Не числится в розыске;Ограничений не обнаружено;Москве;дизель, 2.0 л;150 л.с., налог;АКПП;задний;160 000 км;левый;5 поколение;черный;седан;E 200 d Premium;;;
Mercedes-Benz;GLE;2020;6734000;https://auto.drom.ru/moscow/mercedes-benz/gle-class/570975005.html;Характеристики совпадают с ПТС;3 записи о регистрации;Не числится в розыске;Ограничений не обнаружено;Москве;дизель, 2.0 л;245 л.с., налог;АКПП;4WD;97 800 км;левый;2 поколение;белый;;;;;
Mercedes-Benz;GLS-Class;2020;8180000;https://auto.drom.ru/lyubertsy/mercedes-benz/gls-class/53365724.html;Характеристики совпадают с ПТС;3 записи о регистрации;Не числится в розыске;Ограничений не обнаружено;Люберцах;дизель, 2.9 л;330 л.с., налог;АКПП;4WD;143 012 км;левый;2 поколение;черный;;GLS 400 d 4MATIC Luxury;;;
Mercedes-Benz;E-Class;2020;5887000;https://auto.drom.ru/moscow/mercedes-benz/e-class/54035047.html;Характеристики совпадают с ПТС;1 запись о регистрации;Не числится в розыске;Ограничений не обнаружено;Москве;бензин, 2.0 л;197 л.с., налог;АКПП;4WD;58 841 км;левый;5 поколение;серый;купе;;;;
Mercedes-Benz;G-Class;2020;16450000;https://auto.drom.ru/tambov/mercedes-benz/g-class/54041777.html;Характеристики совпадают с ПТС;2 записи о регистрации;Не числится в розыске;Ограничений не обнаружено;Тамбове;дизель, 2.9 л;249 л.с., налог;АКПП;4WD;29 493 км;левый;3 поколение;зеленый;джип/suv 5 дв.;G 350 d;;;
Mercedes-Benz;E-Class;2020;5329000;https://auto.drom.ru/moscow/mercedes-benz/e-class/54034571.html;Характеристики совпадают с ПТС;1 запись о регистрации;Не числится в розыске;Ограничений не обнаружено;Москве;дизель, 2.0 л;194 л.с., налог;АКПП;4WD;50 239 км;левый;5 поколение;серый;универсал;;;;
Mercedes-Benz;GLB-Class;2020;4200000;https://auto.drom.ru/spb/mercedes-benz/glb/53752958.html;Характеристики совпадают с ПТС;2 записи о регистрации;Не числится в розыске;Ограничений не обнаружено;Санкт-Петербурге;дизель, 2.0 л;150 л.с., налог;робот;4WD;78 370 км;левый;1 поколение;белый;;GLB 200 d 4MATIC Progressive;;;
Mercedes-Benz;V-Class;2020;7800000;https://auto.drom.ru/moscow/mercedes-benz/v-class/53370188.html;Характеристики совпадают с ПТС;3 записи о регистрации;Не числится в розыске;Ограничений не обнаружено;Москве;дизель, 2.1 л;163 л.с., налог;АКПП;4WD;64 000 км;левый;3 поколение;черный;;220 d AT 4MATIC Длинный;;;
Mercedes-Benz;G-Class;2020;26490000;https://auto.drom.ru/himki/mercedes-benz/g-class/53335153.html;Характеристики совпадают с ПТС;1 запись о регистрации;Не числится в розыске;Ограничений не обнаружено;Химках;бензин, 4.0 л;585 л.с., налог;автомат;4WD;17 500 км;левый;3 поколение;черный;джип/suv 5 дв.;;;;
Mercedes-Benz;A-Class;2020;3138000;https://auto.drom.ru/kazan/mercedes-benz/a-class/52769887.html;Характеристики совпадают с ПТС;2 записи о регистрации;Не числится в розыске;Ограничений не обнаружено;Казани;бензин, 1.3 л;150 л.с., налог;робот;передний;46 108 км;левый;4 поколение;серый;хэтчбек 5 дв.;A 200 DCT Sport;;;
Mercedes-Benz;CLA-Class;2020;3038000;https://auto.drom.ru/moscow/mercedes-benz/cla-class/52412520.html;Характеристики совпадают с ПТС;1 запись о регистрации;Не числится в розыске;Ограничений не обнаружено;Москве;бензин, 1.3 л;150 л.с., налог;робот;передний;69 774 км;левый;2 поколение;синий;седан;CLA 200 DCT Sport;;;
Mercedes-Benz;E-Class;2020;5496000;https://auto.drom.ru/moscow/mercedes-benz/e-class/920391011.html;Характеристики совпадают с ПТС;3 записи о регистрации;Не числится в розыске;Ограничений не обнаружено;Москве;бензин, 2.0 л;197 л.с., налог;АКПП;4WD;46 371 км;левый;5 поколение;черный;седан;;;;
Mercedes-Benz;E-Class;2020;5200000;https://auto.drom.ru/kirov/mercedes-benz/e-class/53776549.html;Характеристики совпадают с ПТС;3 записи о регистрации;Не числится в розыске;Ограничений не обнаружено;Кирове;дизель, 2.0 л;194 л.с., налог;АКПП;4WD;46 525 км;левый;5 поколение, рестайлинг;черный;седан;E 220 d AТ 4MATIC AMG Line;;;
Mercedes-Benz;C-Class;2020;3414000;https://auto.drom.ru/moscow/mercedes-benz/c-class/532693582.html;Характеристики совпадают с ПТС;4 записи о регистрации;Не числится в розыске;Ограничений не обнаружено;Москве;бензин, 2.0 л;204 л.с., налог;автомат;4WD;70 603 км;левый;;синий;седан;;;;
Mercedes-Benz;GLE;2020;9000000;https://auto.drom.ru/moscow/mercedes-benz/gle-class/765482692.html;Характеристики совпадают с ПТС;1 запись о регистрации;Не числится в розыске;Ограничений не обнаружено;Москве;дизель, 2.9 л;272 л.с., налог;АКПП;4WD;67 200 км;левый;2 поколение;коричневый;;GLE 350d 4MATIC;;;
Mercedes-Benz;GLB-Class;2020;3550000;https://auto.drom.ru/moscow/mercedes-benz/glb/54029356.html;Характеристики совпадают с ПТС;3 записи о регистрации;Не числится в розыске;Ограничений не обнаружено;Москве;бензин, 1.3 л;150 л.с., налог;автомат;передний;60 397 км;левый;;белый;;;;;
Mercedes-Benz;A-Class;2020;3290000;https://auto.drom.ru/moscow/mercedes-benz/a-class/54029357.html;Характеристики совпадают с ПТС;2 записи о регистрации;Не числится в розыске;Ограничений не обнаружено;Москве;бензин, 1.3 л;150 л.с., налог;робот;передний;22 739 км;левый;4 поколение;черный;седан;;;;
Mercedes-Benz;C-Class;2020;3645000;https://auto.drom.ru/moscow/mercedes-benz/c-class/54024302.html;Характеристики совпадают с ПТС;4 записи о регистрации;Не числится в розыске;Ограничений не обнаружено;Москве;бензин, 1.5 л;150 л.с., налог;автомат;задний;23 242 км;левый;;белый;купе;;;;
Mercedes-Benz;GLB-Class;2020;3860000;https://auto.drom.ru/moscow/mercedes-benz/glb/54024299.html;Характеристики совпадают с ПТС;2 записи о регистрации;Не числится в розыске;Ограничений не обнаружено;Москве;дизель, 2.0 л;150 л.с., налог;робот;4WD;53 686 км;левый;1 поколение;черный;;GLB 200 d 4MATIC Style;;;
Mercedes-Benz;GLE Coupe;2020;11500000;https://auto.drom.ru/podolsk/mercedes-benz/gle_coupe/53746847.html;;;;;Подольске;бензин, 3.0 л, гибрид;435 л.с., налог;АКПП;4WD;32 300 км;левый;2 поколение;серебристый;;GLE 53 4MATIC+;документы с проблемами, утильсбор;;
Mercedes-Benz;E-Class;2020;6880000;https://auto.drom.ru/moscow/mercedes-benz/e-class/53739882.html;Характеристики совпадают с ПТС;1 запись о регистрации;Не числится в розыске;Ограничений не обнаружено;Москве;бензин, 2.0 л;197 л.с., налог;АКПП;4WD;34 793 км;левый;5 поколение, рестайлинг;синий;купе;E 200 4MATIC Sport;;;
Mercedes-Benz;E-Class;2020;4395700;https://auto.drom.ru/moscow/mercedes-benz/e-class/53352573.html;Характеристики совпадают с ПТС;2 записи о регистрации;Не числится в розыске;Ограничений не обнаружено;Москве;дизель, 2.0 л;194 л.с., налог;АКПП;4WD;88 507 км;левый;5 поколение;черный;седан;;;;
Mercedes-Benz;GLE;2020;7550000;https://auto.drom.ru/moscow/mercedes-benz/gle-class/53345606.html;Характеристики совпадают с ПТС;1 запись о регистрации;Не числится в розыске;Ограничений не обнаружено;Москве;дизель, 2.0 л;245 л.с., налог;АКПП;4WD;70 416 км;левый;2 поколение;серебристый;;;;;
Mercedes-Benz;A-Class;2020;2848400;https://auto.drom.ru/moscow/mercedes-benz/a-class/53271747.html;Характеристики совпадают с ПТС;2 записи о регистрации;Не числится в розыске;Ограничений не обнаружено;Москве;бензин, 1.3 л;150 л.с., налог;робот;передний;18 125 км;левый;4 поколение;желтый;хэтчбек 5 дв.;A 200 DCT Sport;;;
Mercedes-Benz;GLB-Class;2020;3899000;https://auto.drom.ru/moscow/mercedes-benz/glb/52913854.html;Характеристики совпадают с ПТС;2 записи о регистрации;Не числится в розыске;Ограничений не обнаружено;Москве;бензин, 2.0 л;224 л.с., налог;робот;4WD;65 091 км;левый;1 поколение;синий;;;;;
Mercedes-Benz;GLE;2020;8430000;https://auto.drom.ru/ryazan/mercedes-benz/gle-class/52459516.html;;;;;Рязани;бензин, 3.0 л;367 л.с., налог;АКПП;4WD;54 264 км, без пробега по РФ;левый;2 поколение;белый;;;;;
Mercedes-Benz;GLE;2020;12290000;https://auto.drom.ru/moscow/mercedes-benz/gle-class/52023721.html;Характеристики совпадают с ПТС;1 запись о регистрации;Не числится в розыске;Ограничений не обнаружено;Москве;бензин, 4.0 л;612 л.с., налог;АКПП;4WD;61 810 км;левый;2 поколение;черный;;AMG GLE 63 S 4MATIC+;;;
Mercedes-Benz;GLB-Class;2020;3700000;https://auto.drom.ru/yaroslavl/mercedes-benz/glb/49942851.html;Характеристики совпадают с ПТС;1 запись о регистрации;Не числится в розыске;Ограничений не обнаружено;Ярославле;дизель, 2.0 л;190 л.с., налог;робот;4WD;72 010 км;левый;1 поколение;синий;;;;;
Mercedes-Benz;B-Class;2020;2669000;https://auto.drom.ru/spb/mercedes-benz/b-class/298027756.html;Характеристики совпадают с ПТС;4 записи о регистрации;Не числится в розыске;Ограничений не обнаружено;Санкт-Петербурге;бензин, 1.3 л;150 л.с., налог;робот;передний;17 799 км;левый;3 поколение;белый;;B 200 DCT Progressive;;;
Mercedes-Benz;E-Class;2020;4650000;https://auto.drom.ru/moscow/mercedes-benz/e-class/758813580.html;Характеристики совпадают с ПТС;2 записи о регистрации;Не числится в розыске;Ограничений не обнаружено;Москве;бензин, 2.0 л;197 л.с., налог;АКПП;4WD;96 447 км;левый;5 поколение;белый;седан;;;;
Mercedes-Benz;A-Class;2020;2372000;https://auto.drom.ru/pskov/mercedes-benz/a-class/268875518.html;;;;;Пскове;бензин, 1.3 л;150 л.с., налог;робот;передний;34 000 км, без пробега по РФ;левый;4 поколение;черный;хэтчбек 5 дв.;A 200 DCT Sport;;;
Mercedes-Benz;C-Class;2020;3279000;https://auto.drom.ru/lipetsk/mercedes-benz/c-class/51966382.html;Характеристики совпадают с ПТС;1 запись о регистрации;Не числится в розыске;Ограничений не обнаружено;Липецке;бензин, 1.6 л;150 л.с., налог;АКПП;задний;7 118 км;левый;4 поколение, рестайлинг;серебристый;седан;C 180 Premium;;;
Mercedes-Benz;GLC;2020;4349000;https://auto.drom.ru/moscow/mercedes-benz/glc-class/54021369.html;Характеристики совпадают с ПТС;3 записи о регистрации;Не числится в розыске;Ограничений не обнаружено;Москве;дизель, 2.0 л;194 л.с., налог;АКПП;4WD;33 003 км;левый;1 поколение, рестайлинг;белый;;;;;
Mercedes-Benz;GLC;2020;3450000;https://auto.drom.ru/gomel/mercedes-benz/glc-class/164688951.html;;;;;Гомеле;бензин, 2.0 л;249 л.с., налог;АКПП;4WD;56 500 км;левый;1 поколение, рестайлинг;белый;;GLC 300 4MATIC AT Sport Plus;требуется ремонт или не на ходу;;
Mercedes-Benz;GLB-Class;2020;4249000;https://auto.drom.ru/spb/mercedes-benz/glb/54018136.html;Характеристики совпадают с ПТС;1 запись о регистрации;Не числится в розыске;Ограничений не обнаружено;Санкт-Петербурге;дизель, 2.0 л;150 л.с., налог;робот;4WD;28 910 км;левый;1 поколение;серый;;;;;
Mercedes-Benz;C-Class;2020;3650000;https://auto.drom.ru/moscow/mercedes-benz/c-class/54017953.html;Характеристики совпадают с ПТС;1 запись о регистрации;Не числится в розыске;Ограничений не обнаружено;Москве;бензин, 1.5 л;150 л.с., налог;автомат;задний;81 647 км;левый;;белый;седан;;;;
Mercedes-Benz;GLS-Class;2020;9650000;https://auto.drom.ru/moscow/mercedes-benz/gls-class/53738606.html;Цвет не совпадает с ПТС;2 записи о регистрации;Не числится в розыске;Ограничений не обнаружено;Москве;дизель, 2.9 л;330 л.с., налог;АКПП;4WD;75 672 км;левый;2 поколение;синий;;;;;
Mercedes-Benz;GLC Coupe;2020;5590000;https://auto.drom.ru/moscow/mercedes-benz/glc_coupe/53336055.html;;;;;Москве;бензин, 2.0 л;197 л.с., налог;АКПП;4WD;21 289 км;левый;1 поколение, рестайлинг;черный;;;;;
Mercedes-Benz;CLA-Class;2020;4150000;https://auto.drom.ru/moscow/mercedes-benz/cla-class/53335934.html;Характеристики совпадают с ПТС;1 запись о регистрации;Не числится в розыске;Ограничений не обнаружено;Москве;бензин, 2.0 л;224 л.с., налог;робот;4WD;18 515 км;левый;2 поколение;черный;седан;;;;
Mercedes-Benz;E-Class;2020;5080000;https://auto.drom.ru/moscow/mercedes-benz/e-class/51601673.html;Характеристики совпадают с ПТС;1 запись о регистрации;Не числится в розыске;Ограничений не обнаружено;Москве;бензин, 2.0 л;197 л.с., налог;АКПП;4WD;30 503 км;левый;5 поколение;синий;седан;;;;
Mercedes-Benz;C-Class;2020;4550000;https://auto.drom.ru/moscow/mercedes-benz/c-class/105063414.html;Характеристики совпадают с ПТС;3 записи о регистрации;Не числится в розыске;Ограничений не обнаружено;Москве;бензин, 2.0 л;204 л.с., налог;автомат;4WD;57 392 км;левый;;черный;седан;;;;
Mercedes-Benz;GLB-Class;2020;3497000;https://auto.drom.ru/moscow/mercedes-benz/glb/52877437.html;Характеристики совпадают с ПТС;1 запись о регистрации;Не числится в розыске;Ограничений не обнаружено;Москве;дизель, 2.0 л;150 л.с., налог;робот;4WD;60 000 км;левый;1 поколение;синий;;GLB 200 d 4MATIC Progressive;;;
Mercedes-Benz;E-Class;2020;5500000;https://auto.drom.ru/spb/mercedes-benz/e-class/923625149.html;Характеристики совпадают с ПТС;2 записи о регистрации;Не числится в розыске;Ограничений не обнаружено;Санкт-Петербурге;бензин, 2.0 л;197 л.с., налог;АКПП;4WD;67 000 км;левый;5 поколение, рестайлинг;черный;седан;E 200 AТ 4MATIC AMG Line;;;
Mercedes-Benz;GLC Coupe;2020;5399000;https://auto.drom.ru/spb/mercedes-benz/glc_coupe/322010667.html;Характеристики совпадают с ПТС;3 записи о регистрации;Не числится в розыске;Ограничений не обнаружено;Санкт-Петербурге;бензин, 2.0 л;249 л.с., налог;АКПП;4WD;46 000 км;левый;1 поколение, рестайлинг;синий;;GLC 300 4MATIC AT Sport;;;
Mercedes-Benz;GLB-Class;2020;3918000;https://auto.drom.ru/voronezh/mercedes-benz/glb/362705196.html;Характеристики совпадают с ПТС;1 запись о регистрации;Не числится в розыске;Ограничений не обнаружено;Воронеже;дизель, 2.0 л;150 л.с., налог;робот;4WD;62 190 км;левый;1 поколение;серый;;GLB 200 d 4MATIC Progressive;;;
Mercedes-Benz;GLC;2020;3950000;https://auto.drom.ru/bryansk/mercedes-benz/glc-class/54007149.html;Характеристики совпадают с ПТС;2 записи о регистрации;Не числится в розыске;Ограничений не обнаружено;Брянске;бензин, 2.0 л;197 л.с., налог;АКПП;4WD;32 000 км;левый;1 поколение, рестайлинг;черный;;;;;
Mercedes-Benz;G-Class;2020;15500000;https://auto.drom.ru/moscow/mercedes-benz/g-class/457693023.html;;;;;Москве;бензин, 4.0 л;585 л.с., налог;АКПП;4WD;42 000 км, без пробега по РФ;левый;3 поколение;черный;джип/suv 5 дв.;G 63 AMG;;;
Mercedes-Benz;GLC;2020;6395000;https://auto.drom.ru/moscow/mercedes-benz/glc-class/326984970.html;Характеристики совпадают с ПТС;1 запись о регистрации;Не числится в розыске;Ограничений не обнаружено;Москве;дизель, 2.0 л;245 л.с., налог;АКПП;4WD;11 106 км;левый;1 поколение, рестайлинг;белый;;;;;
Mercedes-Benz;GLE;2020;8200000;https://auto.drom.ru/kaluga/mercedes-benz/gle-class/52161374.html;Электронный ПТС выдан;;Не числится в розыске;Ограничений не обнаружено;Калуге;дизель, 2.9 л;272 л.с., налог;АКПП;4WD;63 500 км, без пробега по РФ;левый;2 поколение;белый;;GLE 350d 4MATIC;;;
Mercedes-Benz;GLE;2020;9599000;https://auto.drom.ru/moscow/mercedes-benz/gle-class/383634380.html;Характеристики совпадают с ПТС;2 записи о регистрации;Не числится в розыске;Ограничений не обнаружено;Москве;бензин, 3.0 л, гибрид;435 л.с., налог;АКПП;4WD;64 200 км;левый;2 поколение;синий;;GLE 53 4MATIC+;;;
Mercedes-Benz;C-Class;2020;5100000;https://auto.drom.ru/moscow/mercedes-benz/c-class/824539080.html;Объем двигателя, мощность двигателя не совпадают с ПТС;1 запись о регистрации;Не числится в розыске;Ограничений не обнаружено;Москве;бензин, 2.0 л;258 л.с., налог;АКПП;задний;48 189 км;левый;4 поколение, рестайлинг;черный;купе;;;;
Mercedes-Benz;GLB-Class;2020;3850000;https://auto.drom.ru/cherepovets/mercedes-benz/glb/53725005.html;Характеристики совпадают с ПТС;3 записи о регистрации;Не числится в розыске;Ограничений не обнаружено;Череповце;бензин, 1.3 л;150 л.с., налог;автомат;передний;50 248 км;левый;1 поколение;белый;;;;;
Mercedes-Benz;GLS-Class;2020;9850000;https://auto.drom.ru/moscow/mercedes-benz/gls-class/53729992.html;Характеристики совпадают с ПТС;1 запись о регистрации;Не числится в розыске;Ограничений не обнаружено;Москве;дизель, 2.9 л;286 л.с., налог;автомат;4WD;83 753 км;левый;;белый;;;;;
Mercedes-Benz;GLE;2020;10175000;https://auto.drom.ru/moscow/mercedes-benz/gle-class/53729588.html;Характеристики совпадают с ПТС;1 запись о регистрации;Не числится в розыске;Ограничений не обнаружено;Москве;дизель, 2.9 л;249 л.с., налог;автомат;4WD;48 694 км;левый;;синий;;;;;
Mercedes-Benz;GLC;2020;5245000;https://auto.drom.ru/moscow/mercedes-benz/glc-class/53729589.html;Характеристики совпадают с ПТС;1 запись о регистрации;Не числится в розыске;Ограничений не обнаружено;Москве;дизель, 2.0 л;245 л.с., налог;АКПП;4WD;56 463 км;левый;1 поколение, рестайлинг;серый;;;;;
Mercedes-Benz;GLC;2020;4469789;https://auto.drom.ru/spb/mercedes-benz/glc-class/810778402.html;Характеристики совпадают с ПТС;3 записи о регистрации;Не числится в розыске;Ограничений не обнаружено;Санкт-Петербурге;дизель, 2.0 л;245 л.с., налог;АКПП;4WD;82 724 км;левый;1 поколение, рестайлинг;черный;;;;;
Mercedes-Benz;GLS-Class;2020;9900000;https://auto.drom.ru/moscow/mercedes-benz/gls-class/53718674.html;Характеристики совпадают с ПТС;4 записи о регистрации;Не числится в розыске;Ограничений не обнаружено;Москве;дизель, 2.9 л;330 л.с., налог;АКПП;4WD;74 000 км;левый;2 поколение;черный;;GLS 400 d 4MATIC Premium;;;
Mercedes-Benz;G-Class;2020;16050000;https://auto.drom.ru/moscow/mercedes-benz/g-class/53326066.html;Характеристики совпадают с ПТС;4 записи о регистрации;Не числится в розыске;Ограничений не обнаружено;Москве;дизель, 2.9 л;330 л.с., налог;АКПП;4WD;58 711 км;левый;3 поколение;серый;джип/suv 5 дв.;;;;
Mercedes-Benz;S-Class;2020;12850000;https://auto.drom.ru/moscow/mercedes-benz/s-class/53326068.html;Характеристики совпадают с ПТС;1 запись о регистрации;Не числится в розыске;Ограничений не обнаружено;Москве;дизель, 2.9 л;249 л.с., налог;АКПП;4WD;64 591 км;левый;;серый;седан;;;;
Mercedes-Benz;GLC;2020;4925000;https://auto.drom.ru/moscow/mercedes-benz/glc-class/52882607.html;Характеристики совпадают с ПТС;2 записи о регистрации;Не числится в розыске;Ограничений не обнаружено;Москве;дизель, 2.0 л;194 л.с., налог;АКПП;4WD;29 500 км;левый;1 поколение, рестайлинг;черный;;GLC 220d 4MATIC AT Premium;;;
Mercedes-Benz;S-Class;2020;15050000;https://auto.drom.ru/ryazan/mercedes-benz/s-class/51611393.html;Характеристики совпадают с ПТС;2 записи о регистрации;Не числится в розыске;Ограничений не обнаружено;Рязани;бензин, 3.0 л;367 л.с., налог;АКПП;4WD;6 580 км;левый;;серый;седан;;;;
Mercedes-Benz;GLB-Class;2020;3700000;https://auto.drom.ru/odintsovo/mercedes-benz/glb/798796131.html;;;;;Одинцове;бензин, 2.0 л;224 л.с., налог;робот;4WD;78 800 км, без пробега по РФ;левый;1 поколение;белый;;GLB 250 4MATIC Sport;;;
Mercedes-Benz;E-Class;2020;4050000;https://auto.drom.ru/moscow/mercedes-benz/e-class/794136083.html;Характеристики совпадают с ПТС;2 записи о регистрации;Не числится в розыске;Ограничений не обнаружено;Москве;дизель, 2.0 л;194 л.с., налог;АКПП;4WD;158 500 км;левый;5 поколение;черный;седан;;;;
Mercedes-Benz;V-Class;2020;7660000;https://auto.drom.ru/balashiha/mercedes-benz/v-class/715284289.html;Характеристики совпадают с ПТС;1 запись о регистрации;Не числится в розыске;Ограничений не обнаружено;Балашихе;дизель, 2.1 л;190 л.с., налог;АКПП;4WD;45 000 км;левый;3 поколение, рестайлинг;черный;;250 d AT L2 AMG Line 4Matic;;;
Mercedes-Benz;E-Class;2020;5500000;https://auto.drom.ru/moscow/mercedes-benz/e-class/619048419.html;;;;;Москве;бензин, 2.0 л;197 л.с., налог;АКПП;задний;10 000 км, без пробега по РФ;левый;5 поколение, рестайлинг;синий;купе;E 200 AТ;;;
Mercedes-Benz;E-Class;2020;4770000;https://auto.drom.ru/moscow/mercedes-benz/e-class/53301355.html;Характеристики совпадают с ПТС;2 записи о регистрации;Не числится в розыске;Ограничений не обнаружено;Москве;2.0 л;;автомат;;53 934 км;левый;5 поколение;синий;седан;;;;
Mercedes-Benz;S-Class;2020;19400000;https://auto.drom.ru/kazan/mercedes-benz/s-class/54003514.html;Характеристики совпадают с ПТС;2 записи о регистрации;Не числится в розыске;Ограничений не обнаружено;Казани;бензин, 4.0 л;612 л.с., налог;автомат;4WD;20 000 км;;;белый;седан;;;;
Mercedes-Benz;E-Class;2020;4985000;https://auto.drom.ru/moscow/mercedes-benz/e-class/53713611.html;Характеристики совпадают с ПТС;1 запись о регистрации;Не числится в розыске;Ограничений не обнаружено;Москве;бензин, 2.0 л;197 л.с., налог;АКПП;задний;29 961 км;левый;5 поколение;черный;седан;;;;
Mercedes-Benz;A-Class;2020;3019000;https://auto.drom.ru/spb/mercedes-benz/a-class/53712818.html;Характеристики совпадают с ПТС;1 запись о регистрации;Не числится в розыске;Ограничений не обнаружено;Санкт-Петербурге;бензин, 1.3 л;150 л.с., налог;робот;передний;38 000 км;левый;4 поколение;синий;седан;;;;
Mercedes-Benz;GLB-Class;2020;3890000;https://auto.drom.ru/spb/mercedes-benz/glb/53710299.html;Характеристики совпадают с ПТС;3 записи о регистрации;Не числится в розыске;Ограничений не обнаружено;Санкт-Петербурге;дизель, 2.0 л;190 л.с., налог;робот;4WD;69 599 км;левый;1 поколение;белый;;;;;
Mercedes-Benz;AMG GT;2020;10658000;https://auto.drom.ru/nizhniy-novgorod/mercedes-benz/amg_gt/53709679.html;;;;;Нижнем Новгороде;бензин, 3.0 л;367 л.с., налог;АКПП;4WD;13 000 км, без пробега по РФ;левый;1 поколение, рестайлинг;серый;лифтбек;3.0 AT GT 43 4MATIC+;;;
Mercedes-Benz;E-Class;2020;4749000;https://auto.drom.ru/moscow/mercedes-benz/e-class/53708505.html;Характеристики совпадают с ПТС;1 запись о регистрации;Не числится в розыске;Ограничений не обнаружено;Москве;дизель, 2.0 л;194 л.с., налог;АКПП;4WD;54 948 км;левый;5 поколение, рестайлинг;черный;седан;E 220 d 4MATIC Sport;;;
Mercedes-Benz;E-Class;2020;5269700;https://auto.drom.ru/moscow/mercedes-benz/e-class/52876691.html;Характеристики совпадают с ПТС;2 записи о регистрации;Не числится в розыске;Ограничений не обнаружено;Москве;дизель, 2.0 л;194 л.с., налог;АКПП;4WD;53 997 км;левый;5 поколение, рестайлинг;черный;седан;E 220 d 4MATIC Sport;;;
Mercedes-Benz;E-Class;2020;4950000;https://auto.drom.ru/moscow/mercedes-benz/e-class/52875868.html;Характеристики совпадают с ПТС;3 записи о регистрации;Не числится в розыске;Ограничений не обнаружено;Москве;бензин, 2.0 л;197 л.с., налог;АКПП;4WD;55 722 км;левый;5 поколение, рестайлинг;серый;седан;E 200 4MATIC Sport;;;
Mercedes-Benz;E-Class;2020;4625000;https://auto.drom.ru/moscow/mercedes-benz/e-class/52873301.html;Характеристики совпадают с ПТС;3 записи о регистрации;Не числится в розыске;Ограничений не обнаружено;Москве;бензин, 2.0 л;197 л.с., налог;АКПП;задний;52 311 км;левый;5 поколение;черный;седан;;;;
Mercedes-Benz;E-Class;2020;5500000;https://auto.drom.ru/moscow/mercedes-benz/e-class/52414401.html;Характеристики совпадают с ПТС;2 записи о регистрации;Не числится в розыске;Ограничений не обнаружено;Москве;бензин, 2.0 л;197 л.с., налог;АКПП;4WD;34 150 км;левый;5 поколение;черный;седан;;;;
Mercedes-Benz;E-Class;2020;4095000;https://auto.drom.ru/moscow/mercedes-benz/e-class/948477321.html;Характеристики совпадают с ПТС;2 записи о регистрации;Не числится в розыске;Ограничений не обнаружено;Москве;бензин, 2.0 л;197 л.с., налог;АКПП;4WD;67 393 км;левый;5 поколение;черный;седан;;;;
Mercedes-Benz;GLC;2020;4278000;https://auto.drom.ru/volgograd/mercedes-benz/glc-class/554055916.html;Характеристики совпадают с ПТС;3 записи о регистрации;Не числится в розыске;Ограничений не обнаружено;Волгограде;дизель, 2.0 л;194 л.с., налог;АКПП;4WD;80 749 км;левый;1 поколение, рестайлинг;синий;;GLC 220d 4MATIC AT Premium;;;
Mercedes-Benz;A-Class;2020;5099000;https://auto.drom.ru/moscow/mercedes-benz/a-class/648386443.html;Характеристики совпадают с ПТС;4 записи о регистрации;Не числится в розыске;Ограничений не обнаружено;Москве;бензин, 2.0 л;421 л.с., налог;робот;4WD;43 500 км;левый;4 поколение;серый;хэтчбек 5 дв.;A 45 S AMG DCT 4MATIC Особая Серия;;;
Mercedes-Benz;C-Class;2020;4488000;https://auto.drom.ru/moscow/mercedes-benz/c-class/150128630.html;Характеристики совпадают с ПТС;2 записи о регистрации;Не числится в розыске;Ограничений не обнаружено;Москве;бензин, 2.0 л;204 л.с., налог;автомат;4WD;2 114 км;левый;;белый;седан;;;;
Mercedes-Benz;GLA-Class;2020;5035700;https://auto.drom.ru/moscow/mercedes-benz/gla-class/731338956.html;Характеристики совпадают с ПТС;2 записи о регистрации;Не числится в розыске;Ограничений не обнаружено;Москве;бензин, 2.0 л;306 л.с., налог;робот;4WD;19 961 км;левый;2 поколение;белый;;;;;
Mercedes-Benz;E-Class;2020;5049700;https://auto.drom.ru/moscow/mercedes-benz/e-class/535398655.html;Характеристики совпадают с ПТС;2 записи о регистрации;Не числится в розыске;Ограничений не обнаружено;Москве;бензин, 2.0 л;197 л.с., налог;АКПП;4WD;46 184 км;левый;5 поколение, рестайлинг;черный;седан;E 200 4MATIC Sport;;;
Mercedes-Benz;V-Class;2020;9800000;https://auto.drom.ru/moscow/mercedes-benz/v-class/448120468.html;Характеристики совпадают с ПТС;1 запись о регистрации;Не числится в розыске;Ограничений не обнаружено;Москве;дизель, 2.0 л;190 л.с., налог;автомат;задний;40 000 км;левый;3 поколение;черный;;;;;
Mercedes-Benz;E-Class;2020;4888000;https://auto.drom.ru/moscow/mercedes-benz/e-class/177083945.html;Характеристики совпадают с ПТС;2 записи о регистрации;Не числится в розыске;Ограничений не обнаружено;Москве;дизель, 2.0 л;194 л.с., налог;АКПП;4WD;90 395 км;левый;5 поколение;черный;седан;;;;
