Бренд;Модель;Год;Цена;URL;ПТС;Владельцы;Розыск;Ограничения;Город;Двигатель;Мощность;Коробка передач;Привод;Пробег;Руль;Поколение;
BMW;X3;2016;2700000;https://auto.drom.ru/moscow/bmw/x3/53763843.html;;;;;Москве;бензин, 2.0 л;184 л.с., налог;АКПП;4WD;133 600 км;левый;2 поколение, рестайлинг;
BMW;X5;2016;3248000;https://auto.drom.ru/kazan/bmw/x5/54009505.html;;;;;Казани;дизель, 3.0 л;249 л.с., налог;АКПП;4WD;249 950 км;левый;3 поколение;черный;
BMW;3-Series;2016;1960000;https://auto.drom.ru/nizhniy-novgorod/bmw/3-series/629539570.html;;;;;Нижнем Новгороде;дизель, 2.0 л;190 л.с., налог;АКПП;4WD;203 000 км;левый;6 поколение, рестайлинг;черный;седан;
BMW;7-Series;2016;4550000;https://auto.drom.ru/moscow/bmw/7-series/785717031.html;;;;;Москве;дизель, 3.0 л;265 л.с., налог;АКПП;задний;113 000 км;левый;6 поколение;;;
BMW;X6;2016;3700000;https://auto.drom.ru/kazan/bmw/x6/53571428.html;;;;;Казани;дизель, 3.0 л;249 л.с., налог;АКПП;4WD;177 000 км;левый;2 поколение;черный;;xDrive 30d AT M Sport;
BMW;M4;2016;19700000;https://auto.drom.ru/moscow/bmw/m4/45284134.html;;;;;Москве;бензин, 3.0 л;450 л.с., налог;робот;задний;;левый;1 поколение;;купе;3.0 AMT 100 Years Edition;
BMW;5-Series;2017;2250000;https://auto.drom.ru/moscow/bmw/5-series/676307701.html;;;;;Москве;дизель, 2.0 л;190 л.с., налог;АКПП;4WD;;левый;7 поколение;синий;седан;520d AT xDrive;документы с проблемами или отсутствуют;
BMW;X4;2017;3050000;https://auto.drom.ru/moscow/bmw/x4/362541157.html;;;;;Москве;дизель, 2.0 л;190 л.с., налог;АКПП;4WD;153 000 км;левый;1 поколение;красный;;xDrive 20d AT M Sport;;
BMW;X5;2017;4365000;https://auto.drom.ru/voskresensk/bmw/x5/53197216.html;;;;;Воскресенске;бензин, 3.0 л;306 л.с., налог;АКПП;4WD;89 000 км;левый;3 поколение;белый;;;;
BMW;3-Series;2017;2235000;https://auto.drom.ru/moscow/bmw/3-series/471370600.html;Характеристики совпадают с ПТС;1 запись о регистрации;Не числится в розыске;Ограничений не обнаружено;Москве;бензин, 2.0 л;184 л.с., налог;АКПП;задний;85 194 км;левый;6 поколение, рестайлинг;синий;седан;;;
BMW;5-Series;2017;3248000;https://auto.drom.ru/lipetsk/bmw/5-series/236139472.html;Мощность двигателя не совпадает с ПТС;2 записи о регистрации;Не числится в розыске;Ограничений не обнаружено;Липецке;дизель, 2.0 л;190 л.с., налог;АКПП;задний;165 820 км;левый;7 поколение;;седан;;;
BMW;X1;2017;2399000;https://auto.drom.ru/spb/bmw/x1/821141739.html;Характеристики совпадают с ПТС;2 записи о регистрации;Не числится в розыске;Ограничений не обнаружено;Санкт-Петербурге;дизель, 2.0 л;150 л.с., налог;АКПП;4WD;90 800 км;левый;2 поколение;синий;;;;
BMW;5-Series;2017;2870000;https://auto.drom.ru/spb/bmw/5-series/53945347.html;Характеристики совпадают с ПТС;1 запись о регистрации;Не числится в розыске;Ограничений не обнаружено;Санкт-Петербурге;бензин, 2.0 л;184 л.с., налог;АКПП;задний;71 000 км;левый;;синий;седан;;;
BMW;3-Series;2017;2141414;https://auto.drom.ru/moscow/bmw/3-series/52300607.html;Характеристики совпадают с ПТС;2 записи о регистрации;Не числится в розыске;Ограничений не обнаружено;Москве;бензин, 1.5 л;136 л.с., налог;АКПП;задний;140 000 км;правый;6 поколение, рестайлинг;синий;седан;318i Luxury;;
BMW;3-Series;2017;3800000;https://auto.drom.ru/moscow/bmw/3-series/49580215.html;;;;;Москве;бензин, 2.0 л;252 л.с., налог;АКПП;4WD;164 000 км, без пробега по РФ;левый;6 поколение, рестайлинг;черный;седан;330i AT xDrive;;
BMW;X3;2017;2050000;https://auto.drom.ru/nizhniy-novgorod/bmw/x3/379742809.html;Характеристики совпадают с ПТС;2 записи о регистрации;Не числится в розыске;Ограничений не обнаружено;Нижнем Новгороде;бензин, 2.0 л;245 л.с., налог;автомат;задний;185 000 км;левый;2 поколение, рестайлинг;красный;;;;
BMW;i3;2017;2399000;https://auto.drom.ru/kazan/bmw/i3/461415816.html;;;;;Казани;бензин, 0.6 л, гибрид;34 л.с., налог;автомат;задний;56 000 км;левый;1 поколение;голубой;хэтчбек 5 дв.;;;
BMW;X5;2017;3100000;https://auto.drom.ru/minsk/bmw/x5/53150387.html;;;;;Минске;бензин, 3.0 л;306 л.с., налог;АКПП;4WD;105 000 км;левый;3 поколение;белый;;xDrive 35i AT;;
BMW;4-Series;2017;3000000;https://auto.drom.ru/ramenskoe/bmw/4-series/51861474.html;;;;;Раменском;бензин, 3.0 л;326 л.с., налог;АКПП;4WD;123 000 км;левый;1 поколение, рестайлинг;черный;купе;440i AT xDrive;;
BMW;5-Series;2017;3790000;https://auto.drom.ru/kaluga/bmw/5-series/154411697.html;Характеристики совпадают с ПТС;2 записи о регистрации;Не числится в розыске;Ограничений не обнаружено;Калуге;дизель, 3.0 л;249 л.с., налог;автомат;4WD;81 000 км;левый;7 поколение;черный;универсал;;;
BMW;5-Series;2017;3099000;https://auto.drom.ru/moscow/bmw/5-series/290784266.html;Характеристики совпадают с ПТС;2 записи о регистрации;Не числится в розыске;Ограничений не обнаружено;Москве;дизель, 2.0 л;190 л.с., налог;АКПП;4WD;163 579 км;левый;;черный;седан;;;
BMW;5-Series;2017;2649000;https://auto.drom.ru/kazan/bmw/5-series/53557584.html;Характеристики совпадают с ПТС;3 записи о регистрации;Не числится в розыске;Ограничений не обнаружено;Казани;дизель, 2.0 л;190 л.с., налог;АКПП;задний;223 000 км;левый;7 поколение;черный;седан;520d AT Efficient Dynamic Edition;;
BMW;1-Series;2017;1616500;https://auto.drom.ru/himki/bmw/1-series/53919324.html;Характеристики совпадают с ПТС;3 записи о регистрации;Не числится в розыске;Ограничений не обнаружено;Химках;бензин, 1.5 л;136 л.с., налог;АКПП;задний;124 827 км;левый;2 поколение;синий;хэтчбек 5 дв.;;;
BMW;X1;2017;2549000;https://auto.drom.ru/moscow/bmw/x1/788339838.html;Характеристики совпадают с ПТС;4 записи о регистрации;Не числится в розыске;Ограничений не обнаружено;Москве;дизель, 2.0 л;150 л.с., налог;АКПП;4WD;75 452 км;левый;2 поколение;коричневый;;;;
BMW;5-Series;2017;3410000;https://auto.drom.ru/moscow/bmw/5-series/319052892.html;Характеристики совпадают с ПТС;3 записи о регистрации;Не числится в розыске;Ограничений не обнаружено;Москве;бензин, 2.0 л;184 л.с., налог;АКПП;задний;114 874 км;левый;;серый;седан;;;
BMW;5-Series;2017;3970000;https://auto.drom.ru/moscow/bmw/5-series/454559601.html;Характеристики совпадают с ПТС;3 записи о регистрации;Не числится в розыске;Ограничений не обнаружено;Москве;дизель, 3.0 л;249 л.с., налог;АКПП;4WD;110 000 км;левый;7 поколение;черный;седан;;;
BMW;4-Series;2017;2519000;https://auto.drom.ru/spb/bmw/4-series/52694999.html;Характеристики совпадают с ПТС;3 записи о регистрации;Не числится в розыске;Ограничений не обнаружено;Санкт-Петербурге;дизель, 2.0 л;150 л.с., налог;автомат;задний;116 765 км;левый;;серый;купе;;;
BMW;X1;2017;2150000;https://auto.drom.ru/moscow/bmw/x1/103360279.html;Характеристики совпадают с ПТС;1 запись о регистрации;Не числится в розыске;Ограничений не обнаружено;Москве;бензин, 1.5 л;136 л.с., налог;АКПП;передний;99 621 км;левый;2 поколение;коричневый;;;;
BMW;5-Series;2017;3334688;https://auto.drom.ru/spb/bmw/5-series/910425169.html;Характеристики совпадают с ПТС;3 записи о регистрации;Не числится в розыске;Ограничений не обнаружено;Санкт-Петербурге;дизель, 2.0 л;190 л.с., налог;АКПП;4WD;76 054 км;левый;;белый;седан;;;
BMW;1-Series;2017;1790000;https://auto.drom.ru/moscow/bmw/1-series/834867560.html;Характеристики совпадают с ПТС;2 записи о регистрации;Не числится в розыске;Ограничений не обнаружено;Москве;бензин, 1.5 л;136 л.с., налог;АКПП;задний;72 000 км;левый;2 поколение, 2 рестайлинг;красный;хэтчбек 5 дв.;118i AT Model Sport Line;;
BMW;X1;2017;2545000;https://auto.drom.ru/yaroslavl/bmw/x1/53914000.html;Характеристики совпадают с ПТС;1 запись о регистрации;Не числится в розыске;Ограничений не обнаружено;Ярославле;дизель, 2.0 л;150 л.с., налог;АКПП;4WD;100 602 км;левый;2 поколение;черный;;;;
BMW;2-Series;2017;2099000;https://auto.drom.ru/moscow/bmw/2-series/53560146.html;Характеристики совпадают с ПТС;2 записи о регистрации;Не числится в розыске;Есть ограничения;Москве;бензин, 2.0 л;184 л.с., налог;АКПП;задний;199 000 км;левый;1 поколение;белый;купе;220i AT;;
BMW;X4;2017;3460000;https://auto.drom.ru/spb/bmw/x4/53553638.html;Характеристики совпадают с ПТС;3 записи о регистрации;Не числится в розыске;Ограничений не обнаружено;Санкт-Петербурге;дизель, 3.0 л;249 л.с., налог;АКПП;4WD;113 917 км;левый;1 поколение;черный;;;;
BMW;1-Series;2017;2000000;https://auto.drom.ru/moscow/bmw/1-series/53148009.html;Характеристики совпадают с ПТС;2 записи о регистрации;Не числится в розыске;Ограничений не обнаружено;Москве;бензин, 1.5 л;136 л.с., налог;АКПП;задний;60 969 км;левый;2 поколение, рестайлинг;белый;хэтчбек 5 дв.;118i AT Model Advantage;;
BMW;X3;2017;3349200;https://auto.drom.ru/voronezh/bmw/x3/52260925.html;Характеристики совпадают с ПТС;1 запись о регистрации;Не числится в розыске;Ограничений не обнаружено;Воронеже;дизель, 2.0 л;190 л.с., налог;АКПП;4WD;81 825 км;левый;;черный;;;;
BMW;X4;2017;3799000;https://auto.drom.ru/spb/bmw/x4/209322291.html;Характеристики совпадают с ПТС;1 запись о регистрации;Не числится в розыске;Ограничений не обнаружено;Санкт-Петербурге;дизель, 2.0 л;190 л.с., налог;АКПП;4WD;42 538 км;левый;1 поколение;красный;;;;
BMW;X1;2017;2500000;https://auto.drom.ru/donetsk/bmw/x1/53818117.html;Характеристики совпадают с ПТС;1 запись о регистрации;Не числится в розыске;Ограничений не обнаружено;Донецке;дизель, 2.0 л;150 л.с., налог;АКПП;4WD;79 000 км;левый;2 поколение;белый;;;;
BMW;X1;2017;2310000;https://auto.drom.ru/moscow/bmw/x1/448456154.html;Характеристики совпадают с ПТС;1 запись о регистрации;Не числится в розыске;Ограничений не обнаружено;Москве;бензин, 1.5 л;140 л.с., налог;робот;передний;61 780 км;левый;2 поколение;черный;;;;
BMW;5-Series;2017;2950000;https://auto.drom.ru/moscow/bmw/5-series/180469477.html;Характеристики совпадают с ПТС;2 записи о регистрации;Не числится в розыске;Ограничений не обнаружено;Москве;дизель, 2.0 л;190 л.с., налог;АКПП;4WD;171 626 км;левый;;черный;седан;;;
BMW;3-Series;2017;2392000;https://auto.drom.ru/spb/bmw/3-series/53539096.html;Характеристики совпадают с ПТС;2 записи о регистрации;Не числится в розыске;Ограничений не обнаружено;Санкт-Петербурге;бензин, 2.0 л;184 л.с., налог;автомат;4WD;158 645 км;левый;;синий;лифтбек;;;
BMW;X3;2017;2452000;https://auto.drom.ru/moscow/bmw/x3/52680866.html;Характеристики совпадают с ПТС;5 записей о регистрации;Не числится в розыске;Ограничений не обнаружено;Москве;дизель, 2.0 л;190 л.с., налог;АКПП;4WD;142 762 км;левый;;белый;;;;
BMW;2-Series Active Tourer;2017;1290000;https://auto.drom.ru/moscow/bmw/2-series_active_tourer/47926193.html;Характеристики совпадают с ПТС;2 записи о регистрации;Не числится в розыске;Ограничений не обнаружено;Москве;бензин, 1.5 л, ГБО;136 л.с., налог;АКПП;передний;205 000 км;левый;1 поколение;черный;;218i AT Model Advantage;;
BMW;X5;2017;4280000;https://auto.drom.ru/moscow/bmw/x5/734099926.html;Характеристики совпадают с ПТС;3 записи о регистрации;Не числится в розыске;Ограничений не обнаружено;Москве;дизель, 3.0 л;313 л.с., налог;АКПП;4WD;141 445 км;левый;3 поколение;черный;;;;
BMW;3-Series;2017;2100000;https://auto.drom.ru/novovoronezh/bmw/3-series/785659620.html;Характеристики совпадают с ПТС;2 записи о регистрации;Не числится в розыске;Ограничений не обнаружено;Нововоронеже;бензин, 1.5 л;136 л.с., налог;АКПП;задний;46 300 км;правый;6 поколение, рестайлинг;черный;седан;318i Luxury;;
BMW;7-Series;2017;3999999;https://auto.drom.ru/moscow/bmw/7-series/387429642.html;Характеристики совпадают с ПТС;5 записей о регистрации;Не числится в розыске;Ограничений не обнаружено;Москве;дизель, 3.0 л;265 л.с., налог;АКПП;4WD;145 000 км;левый;6 поколение;черный;;;;
BMW;X5;2017;5990000;https://auto.drom.ru/moscow/bmw/x5/551523734.html;Характеристики совпадают с ПТС;1 запись о регистрации;Не числится в розыске;Ограничений не обнаружено;Москве;дизель, 3.0 л;313 л.с., налог;АКПП;4WD;67 028 км;левый;3 поколение;черный;;;;
BMW;X6;2017;4950000;https://auto.drom.ru/kazan/bmw/x6/53896629.html;Характеристики совпадают с ПТС;3 записи о регистрации;Не числится в розыске;Ограничений не обнаружено;Казани;дизель, 3.0 л;249 л.с., налог;АКПП;4WD;148 210 км;левый;2 поколение;черный;;;;
BMW;5-Series;2017;3390000;https://auto.drom.ru/moscow/bmw/5-series/53890158.html;Характеристики совпадают с ПТС;1 запись о регистрации;Не числится в розыске;Ограничений не обнаружено;Москве;дизель, 2.0 л;190 л.с., налог;АКПП;4WD;118 494 км;левый;;белый;седан;;;
BMW;2-Series Active Tourer;2017;1198000;https://auto.drom.ru/moscow/bmw/2-series_active_tourer/53526031.html;Характеристики совпадают с ПТС;2 записи о регистрации;Не числится в розыске;Ограничений не обнаружено;Москве;бензин, 1.5 л;136 л.с., налог;АКПП;передний;239 202 км;левый;1 поколение;черный;;;;
BMW;7-Series;2017;4199000;https://auto.drom.ru/moscow/bmw/7-series/52655795.html;;;;;Москве;бензин, 3.0 л;326 л.с., налог;АКПП;задний;78 796 км;левый;6 поколение;бежевый;;;;
BMW;X3;2017;3575000;https://auto.drom.ru/bryansk/bmw/x3/53884927.html;;;;;Брянске;дизель, 2.0 л;190 л.с., налог;АКПП;4WD;92 000 км;левый;3 поколение;черный;;;;
BMW;1-Series;2017;2184789;https://auto.drom.ru/spb/bmw/1-series/873518701.html;Характеристики совпадают с ПТС;1 запись о регистрации;Не числится в розыске;Ограничений не обнаружено;Санкт-Петербурге;бензин, 1.5 л;136 л.с., налог;АКПП;задний;73 000 км;левый;2 поколение;белый;хэтчбек 5 дв.;;;
BMW;1-Series;2017;1850000;https://auto.drom.ru/spb/bmw/1-series/599696236.html;Характеристики совпадают с ПТС;2 записи о регистрации;Не числится в розыске;Ограничений не обнаружено;Санкт-Петербурге;бензин, 1.5 л;136 л.с., налог;АКПП;задний;123 000 км;левый;2 поколение, 2 рестайлинг;черный;хэтчбек 5 дв.;118i AT Base;;
BMW;5-Series;2017;3220000;https://auto.drom.ru/moscow/bmw/5-series/53522428.html;Характеристики совпадают с ПТС;1 запись о регистрации;Не числится в розыске;Ограничений не обнаружено;Москве;2.0 л;;автомат;;131 813 км;левый;;синий;седан;;;
BMW;5-Series;2017;3790000;https://auto.drom.ru/spb/bmw/5-series/53468474.html;Характеристики совпадают с ПТС;1 запись о регистрации;Не числится в розыске;Ограничений не обнаружено;Санкт-Петербурге;дизель, 3.0 л;265 л.с., налог;АКПП;4WD;109 500 км;левый;7 поколение;серый;универсал;530d AT xDrive;;
BMW;1-Series;2017;1679000;https://auto.drom.ru/tambov/bmw/1-series/816513380.html;Характеристики совпадают с ПТС;2 записи о регистрации;Не числится в розыске;Ограничений не обнаружено;Тамбове;бензин, 1.5 л;136 л.с., налог;АКПП;задний;123 000 км;левый;2 поколение, 2 рестайлинг;синий;хэтчбек 5 дв.;118i AT Model М Sport;;
BMW;X5;2017;4045000;https://auto.drom.ru/himki/bmw/x5/197232411.html;Характеристики совпадают с ПТС;6 записей о регистрации;Не числится в розыске;Ограничений не обнаружено;Химках;дизель, 3.0 л;313 л.с., налог;АКПП;4WD;119 764 км;левый;3 поколение;черный;;;;
BMW;X1;2017;3000000;https://auto.drom.ru/kazan/bmw/x1/552106462.html;;;;;Казани;дизель, 2.0 л;150 л.с., налог;АКПП;4WD;83 374 км;левый;2 поколение;белый;;;;
BMW;5-Series;2017;2949000;https://auto.drom.ru/tambov/bmw/5-series/53511077.html;Характеристики совпадают с ПТС;2 записи о регистрации;Не числится в розыске;Ограничений не обнаружено;Тамбове;бензин, 2.0 л;184 л.с., налог;АКПП;задний;124 000 км;левый;;белый;седан;;;
BMW;X1;2017;2297000;https://auto.drom.ru/moscow/bmw/x1/53499727.html;Характеристики совпадают с ПТС;3 записи о регистрации;Не числится в розыске;Ограничений не обнаружено;Москве;дизель, 2.0 л;190 л.с., налог;АКПП;4WD;82 800 км;левый;2 поколение;синий;;;;
BMW;7-Series;2017;8200000;https://auto.drom.ru/moscow/bmw/7-series/53095236.html;Характеристики совпадают с ПТС;2 записи о регистрации;Не числится в розыске;Ограничений не обнаружено;Москве;бензин, 6.6 л;609 л.с., налог;АКПП;4WD;60 000 км;левый;6 поколение;черный;;M760Li AT xDrive;;
BMW;3-Series;2017;2400000;https://auto.drom.ru/moscow/bmw/3-series/53094471.html;Характеристики совпадают с ПТС;1 запись о регистрации;Не числится в розыске;Ограничений не обнаружено;Москве;дизель, 2.0 л;190 л.с., налог;АКПП;4WD;92 200 км;левый;6 поколение, рестайлинг;белый;седан;;;
BMW;X5;2017;4050000;https://auto.drom.ru/moscow/bmw/x5/53094062.html;Характеристики совпадают с ПТС;4 записи о регистрации;Не числится в розыске;Ограничений не обнаружено;Москве;дизель, 3.0 л;249 л.с., налог;АКПП;4WD;199 000 км;левый;3 поколение;черный;;xDrive 30d AT Exclusive;;
BMW;X6;2017;4500000;https://auto.drom.ru/moscow/bmw/x6/50982372.html;Характеристики совпадают с ПТС;2 записи о регистрации;Не числится в розыске;Ограничений не обнаружено;Москве;бензин, 3.0 л;300 л.с., налог;АКПП;задний;65 000 км;левый;2 поколение;черный;;sDrive35i AT;;
BMW;7-Series;2017;3891114;https://auto.drom.ru/kursk/bmw/7-series/49324812.html;Характеристики совпадают с ПТС;3 записи о регистрации;Не числится в розыске;Ограничений не обнаружено;Курске;дизель, 2.0 л;231 л.с., налог;АКПП;4WD;279 000 км;левый;6 поколение;черный;;725Ld AT xDrive Bussiness;;
BMW;X5;2017;4690000;https://auto.drom.ru/moscow/bmw/x5/54154842.html;Цвет не совпадает с ПТС;1 запись о регистрации;Не числится в розыске;Ограничений не обнаружено;Москве;дизель, 3.0 л;313 л.с., налог;АКПП;4WD;127 000 км;левый;3 поколение;синий;;;;
BMW;X3;2017;2649000;https://auto.drom.ru/moscow/bmw/x3/54153936.html;Характеристики совпадают с ПТС;2 записи о регистрации;Не числится в розыске;Ограничений не обнаружено;Москве;бензин, 2.0 л;184 л.с., налог;АКПП;4WD;135 354 км;левый;;серый;;;;
BMW;X6;2017;4490000;https://auto.drom.ru/spb/bmw/x6/51064361.html;Характеристики совпадают с ПТС;;Не числится в розыске;Ограничений не обнаружено;Санкт-Петербурге;дизель, 3.0 л;313 л.с., налог;АКПП;4WD;131 000 км;левый;2 поколение;серый;;xDrive 40d AT M Sport;;
BMW;X5;2017;4450000;https://auto.drom.ru/kaluga/bmw/x5/54150763.html;Характеристики совпадают с ПТС;1 запись о регистрации;Не числится в розыске;Есть ограничения;Калуге;дизель, 3.0 л;249 л.с., налог;АКПП;4WD;113 000 км;левый;3 поколение;белый;;xDrive 30d AT M Sport;;
BMW;X6;2017;3132706;https://auto.drom.ru/minsk/bmw/x6/53866375.html;;;;;Минске;бензин, 3.0 л;306 л.с., налог;АКПП;4WD;108 200 км;левый;2 поколение;черный;;sDrive35i AT;;
BMW;5-Series;2017;4440000;https://auto.drom.ru/penza/bmw/5-series/53076184.html;Характеристики совпадают с ПТС;;Не числится в розыске;Ограничений не обнаружено;Пензе;бензин, 2.0 л;249 л.с., налог;АКПП;4WD;53 500 км;левый;7 поколение;серый;седан;530i AT xDrive Luxury;;
BMW;5-Series;2017;3510000;https://auto.drom.ru/himki/bmw/5-series/53485712.html;Характеристики совпадают с ПТС;1 запись о регистрации;Не числится в розыске;Ограничений не обнаружено;Химках;дизель, 3.0 л;265 л.с., налог;АКПП;4WD;172 044 км;левый;7 поколение;серый;универсал;530d AT xDrive;;
BMW;X5;2017;4400000;https://auto.drom.ru/moscow/bmw/x5/54147129.html;Характеристики совпадают с ПТС;1 запись о регистрации;Не числится в розыске;Ограничений не обнаружено;Москве;дизель, 3.0 л;218 л.с., налог;АКПП;4WD;116 000 км;левый;3 поколение;серый;;xDrive 25d AT Business;;
BMW;7-Series;2017;3450000;https://auto.drom.ru/moscow/bmw/7-series/54146233.html;Характеристики совпадают с ПТС;5 записей о регистрации;Не числится в розыске;Ограничений не обнаружено;Москве;дизель, 2.0 л;231 л.с., налог;АКПП;4WD;260 000 км;левый;6 поколение;черный;;725Ld AT xDrive Bussiness;;
BMW;7-Series;2017;4100000;https://auto.drom.ru/spb/bmw/7-series/53866387.html;Характеристики совпадают с ПТС;5 записей о регистрации;Не числится в розыске;Ограничений не обнаружено;Санкт-Петербурге;дизель, 3.0 л;265 л.с., налог;АКПП;4WD;130 000 км;левый;6 поколение;синий;;730Ld AT xDrive Exclusive;;
BMW;M5;2018;7700000;https://auto.drom.ru/moscow/bmw/m5/891164763.html;;;;;Москве;бензин, 4.4 л;600 л.с., налог;АКПП;4WD;57 000 км;левый;6 поколение;серый;седан;4.4 AT M5;;
BMW;3-Series;2018;2500000;https://auto.drom.ru/nizhniy-novgorod/bmw/3-series/50600608.html;Характеристики совпадают с ПТС;1 запись о регистрации;Не числится в розыске;Ограничений не обнаружено;Нижнем Новгороде;бензин, 2.0 л;184 л.с., налог;АКПП;задний;48 000 км;левый;6 поколение, рестайлинг;черный;седан;;;
BMW;5-Series;2018;3000000;https://auto.drom.ru/moscow/bmw/5-series/53496908.html;Характеристики совпадают с ПТС;1 запись о регистрации;Не числится в розыске;Ограничений не обнаружено;Москве;бензин, 2.0 л;184 л.с., налог;АКПП;задний;180 522 км;левый;7 поколение;черный;седан;;;
BMW;X3;2018;4750000;https://auto.drom.ru/moscow/bmw/x3/53223150.html;Характеристики совпадают с ПТС;1 запись о регистрации;Не числится в розыске;Ограничений не обнаружено;Москве;дизель, 2.0 л;190 л.с., налог;АКПП;4WD;81 000 км;левый;3 поколение;синий;;xDrive 20d AT M Sport;;
BMW;5-Series;2018;2300000;https://auto.drom.ru/moscow/bmw/5-series/53078011.html;Характеристики совпадают с ПТС;1 запись о регистрации;Не числится в розыске;Ограничений не обнаружено;Москве;бензин, 2.0 л;184 л.с., налог;АКПП;задний;212 355 км;левый;7 поколение;черный;седан;;;
BMW;5-Series;2018;2500000;https://auto.drom.ru/moscow/bmw/5-series/53078012.html;Характеристики совпадают с ПТС;1 запись о регистрации;Не числится в розыске;Ограничений не обнаружено;Москве;бензин, 2.0 л;184 л.с., налог;АКПП;задний;229 940 км;левый;7 поколение;черный;седан;;;
BMW;5-Series;2018;3000000;https://auto.drom.ru/moscow/bmw/5-series/53078013.html;Характеристики совпадают с ПТС;1 запись о регистрации;Не числится в розыске;Ограничений не обнаружено;Москве;бензин, 2.0 л;184 л.с., налог;АКПП;задний;183 730 км;левый;7 поколение;черный;седан;;;
BMW;5-Series;2018;3000000;https://auto.drom.ru/moscow/bmw/5-series/53078015.html;Характеристики совпадают с ПТС;1 запись о регистрации;Не числится в розыске;Ограничений не обнаружено;Москве;бензин, 2.0 л;184 л.с., налог;АКПП;задний;229 781 км;левый;7 поколение;черный;седан;;;
BMW;5-Series;2018;2500000;https://auto.drom.ru/moscow/bmw/5-series/53078018.html;Характеристики совпадают с ПТС;1 запись о регистрации;Не числится в розыске;Ограничений не обнаружено;Москве;бензин, 2.0 л;184 л.с., налог;АКПП;задний;219 299 км;левый;7 поколение;черный;седан;;;
BMW;5-Series;2018;2500000;https://auto.drom.ru/moscow/bmw/5-series/53078021.html;Характеристики совпадают с ПТС;1 запись о регистрации;Не числится в розыске;Ограничений не обнаружено;Москве;бензин, 2.0 л;184 л.с., налог;АКПП;задний;218 413 км;левый;7 поколение;черный;седан;;;
BMW;5-Series;2018;2500000;https://auto.drom.ru/moscow/bmw/5-series/53078022.html;Характеристики совпадают с ПТС;1 запись о регистрации;Не числится в розыске;Ограничений не обнаружено;Москве;бензин, 2.0 л;184 л.с., налог;АКПП;задний;205 439 км;левый;7 поколение;черный;седан;;;
BMW;5-Series;2018;2500000;https://auto.drom.ru/moscow/bmw/5-series/53078023.html;Характеристики совпадают с ПТС;1 запись о регистрации;Не числится в розыске;Ограничений не обнаружено;Москве;бензин, 2.0 л;184 л.с., налог;АКПП;задний;213 299 км;левый;7 поколение;черный;седан;;;
BMW;5-Series;2018;3000000;https://auto.drom.ru/moscow/bmw/5-series/53078024.html;;;;;Москве;бензин, 2.0 л;184 л.с., налог;АКПП;задний;151 277 км;левый;7 поколение;черный;седан;;;
BMW;5-Series;2018;3000000;https://auto.drom.ru/moscow/bmw/5-series/53078025.html;Характеристики совпадают с ПТС;1 запись о регистрации;Не числится в розыске;Ограничений не обнаружено;Москве;бензин, 2.0 л;184 л.с., налог;АКПП;задний;204 074 км;левый;7 поколение;черный;седан;;;
BMW;5-Series;2018;3000000;https://auto.drom.ru/moscow/bmw/5-series/53078028.html;Характеристики совпадают с ПТС;1 запись о регистрации;Не числится в розыске;Ограничений не обнаружено;Москве;бензин, 2.0 л;184 л.с., налог;АКПП;задний;235 565 км;левый;7 поколение;черный;седан;;;
BMW;5-Series;2018;2500000;https://auto.drom.ru/moscow/bmw/5-series/53078029.html;Характеристики совпадают с ПТС;1 запись о регистрации;Не числится в розыске;Ограничений не обнаружено;Москве;бензин, 2.0 л;184 л.с., налог;АКПП;задний;201 317 км;левый;7 поколение;черный;седан;;;
BMW;5-Series;2018;2500000;https://auto.drom.ru/moscow/bmw/5-series/53078030.html;Характеристики совпадают с ПТС;1 запись о регистрации;Не числится в розыске;Ограничений не обнаружено;Москве;бензин, 2.0 л;184 л.с., налог;АКПП;задний;229 263 км;левый;7 поколение;черный;седан;;;
BMW;5-Series;2018;2400000;https://auto.drom.ru/moscow/bmw/5-series/53078031.html;Характеристики совпадают с ПТС;1 запись о регистрации;Не числится в розыске;Ограничений не обнаружено;Москве;бензин, 2.0 л;184 л.с., налог;АКПП;задний;187 995 км;левый;7 поколение;черный;седан;;;
BMW;5-Series;2018;2500000;https://auto.drom.ru/moscow/bmw/5-series/53078007.html;Характеристики совпадают с ПТС;1 запись о регистрации;Не числится в розыске;Ограничений не обнаружено;Москве;бензин, 2.0 л;184 л.с., налог;АКПП;задний;187 189 км;левый;7 поколение;черный;седан;;;
BMW;5-Series;2018;2300000;https://auto.drom.ru/moscow/bmw/5-series/53078008.html;Характеристики совпадают с ПТС;1 запись о регистрации;Не числится в розыске;Ограничений не обнаружено;Москве;бензин, 2.0 л;184 л.с., налог;АКПП;задний;210 758 км;левый;7 поколение;черный;седан;;;
BMW;X1;2018;2710000;https://auto.drom.ru/moscow/bmw/x1/52620423.html;Характеристики совпадают с ПТС;2 записи о регистрации;Не числится в розыске;Ограничений не обнаружено;Москве;дизель, 2.0 л;150 л.с., налог;АКПП;4WD;122 786 км;левый;2 поколение;белый;;;;
BMW;5-Series;2018;2500000;https://auto.drom.ru/moscow/bmw/5-series/52607385.html;Характеристики совпадают с ПТС;1 запись о регистрации;Не числится в розыске;Ограничений не обнаружено;Москве;бензин, 2.0 л;184 л.с., налог;АКПП;задний;208 245 км;левый;7 поколение;черный;седан;;;
BMW;5-Series;2018;2500000;https://auto.drom.ru/moscow/bmw/5-series/52607387.html;Характеристики совпадают с ПТС;1 запись о регистрации;Не числится в розыске;Ограничений не обнаружено;Москве;бензин, 2.0 л;184 л.с., налог;АКПП;задний;197 200 км;левый;7 поколение;черный;седан;;;
BMW;5-Series;2018;2500000;https://auto.drom.ru/moscow/bmw/5-series/52607389.html;Характеристики совпадают с ПТС;1 запись о регистрации;Не числится в розыске;Ограничений не обнаружено;Москве;бензин, 2.0 л;184 л.с., налог;АКПП;задний;233 659 км;левый;7 поколение;черный;седан;;;
BMW;X3;2018;3180000;https://auto.drom.ru/minsk/bmw/x3/52183358.html;;;;;Минске;бензин, 2.0 л;249 л.с., налог;автомат;задний;87 300 км;левый;3 поколение;коричневый;;;;
BMW;3-Series;2018;3500000;https://auto.drom.ru/nizhniy-novgorod/bmw/3-series/51768345.html;Характеристики совпадают с ПТС;1 запись о регистрации;Не числится в розыске;Ограничений не обнаружено;Нижнем Новгороде;бензин, 2.0 л;184 л.с., налог;АКПП;4WD;85 000 км;левый;6 поколение, рестайлинг;серый;универсал;320i xDrive AT;;
BMW;X5;2018;5650000;https://auto.drom.ru/ramenskoe/bmw/x5/250960412.html;Характеристики совпадают с ПТС;1 запись о регистрации;Не числится в розыске;Ограничений не обнаружено;Раменском;дизель, 3.0 л;258 л.с., налог;АКПП;4WD;96 000 км;левый;3 поколение;черный;;xDrive 30d AT;;
BMW;5-Series;2018;3995700;https://auto.drom.ru/moscow/bmw/5-series/592445169.html;Характеристики совпадают с ПТС;2 записи о регистрации;Не числится в розыске;Ограничений не обнаружено;Москве;бензин, 2.0 л;249 л.с., налог;АКПП;4WD;106 070 км;левый;7 поколение;белый;седан;;;
BMW;1-Series;2018;2200000;https://auto.drom.ru/moscow/bmw/1-series/718113186.html;Характеристики совпадают с ПТС;2 записи о регистрации;Не числится в розыске;Ограничений не обнаружено;Москве;бензин, 1.5 л;136 л.с., налог;АКПП;задний;46 200 км;левый;2 поколение, 2 рестайлинг;белый;хэтчбек 5 дв.;118i AT SE;;
BMW;5-Series;2018;2930000;https://auto.drom.ru/volgograd/bmw/5-series/53472592.html;Характеристики совпадают с ПТС;3 записи о регистрации;Не числится в розыске;Ограничений не обнаружено;Волгограде;дизель, 2.0 л;190 л.с., налог;АКПП;задний;157 000 км;левый;7 поколение;черный;седан;;;
BMW;X2;2018;2500000;https://auto.drom.ru/spb/bmw/x2/388380955.html;Год не совпадает с ПТС;1 запись о регистрации;Не числится в розыске;Ограничений не обнаружено;Санкт-Петербурге;бензин, 2.0 л;190 л.с., налог;автомат;передний;91 173 км;левый;;синий;;;;
BMW;X5;2018;5949000;https://auto.drom.ru/voronezh/bmw/x5/720896913.html;Характеристики совпадают с ПТС;1 запись о регистрации;Не числится в розыске;Ограничений не обнаружено;Воронеже;дизель, 3.0 л;249 л.с., налог;АКПП;4WD;129 036 км;левый;;черный;;;;
BMW;1-Series;2018;2169000;https://auto.drom.ru/himki/bmw/1-series/200495802.html;Характеристики совпадают с ПТС;3 записи о регистрации;Не числится в розыске;Ограничений не обнаружено;Химках;бензин, 1.5 л;136 л.с., налог;АКПП;задний;95 980 км;левый;2 поколение;черный;хэтчбек 5 дв.;;;
BMW;X4;2018;4850000;https://auto.drom.ru/moscow/bmw/x4/261171854.html;Характеристики совпадают с ПТС;2 записи о регистрации;Не числится в розыске;Ограничений не обнаружено;Москве;дизель, 3.0 л;249 л.с., налог;АКПП;4WD;104 320 км;левый;;черный;;;;
BMW;X4;2018;5670000;https://auto.drom.ru/moscow/bmw/x4/54143439.html;Характеристики совпадают с ПТС;2 записи о регистрации;Не числится в розыске;Ограничений не обнаружено;Москве;дизель, 3.0 л;249 л.с., налог;АКПП;4WD;35 100 км;левый;;серый;;;;
BMW;5-Series;2018;3995000;https://auto.drom.ru/solnechnogorsk/bmw/5-series/54136076.html;;;;;Солнечногорске;бензин, 2.0 л;184 л.с., налог;АКПП;задний;42 926 км;левый;7 поколение;белый;седан;;;
BMW;3-Series;2018;2200000;https://auto.drom.ru/moscow/bmw/3-series/53852192.html;Характеристики совпадают с ПТС;1 запись о регистрации;Не числится в розыске;Ограничений не обнаружено;Москве;бензин, 1.5 л;136 л.с., налог;АКПП;задний;165 000 км;левый;6 поколение, рестайлинг;черный;седан;318i AT;;
BMW;5-Series;2018;3890000;https://auto.drom.ru/voronezh/bmw/5-series/53845167.html;Характеристики совпадают с ПТС;2 записи о регистрации;Не числится в розыске;Ограничений не обнаружено;Воронеже;дизель, 2.0 л;190 л.с., налог;АКПП;4WD;133 000 км;левый;7 поколение;черный;седан;;;
BMW;X3;2018;4349000;https://auto.drom.ru/voronezh/bmw/x3/53065354.html;Характеристики совпадают с ПТС;2 записи о регистрации;Не числится в розыске;Ограничений не обнаружено;Воронеже;дизель, 2.0 л;190 л.с., налог;АКПП;4WD;64 770 км;левый;3 поколение;белый;;;;
BMW;X4;2018;5100000;https://auto.drom.ru/moscow/bmw/x4/53053250.html;Характеристики совпадают с ПТС;2 записи о регистрации;Не числится в розыске;Ограничений не обнаружено;Москве;дизель, 3.0 л;249 л.с., налог;АКПП;4WD;53 611 км;левый;2 поколение;черный;;xDrive 30d AT M Sport;;
BMW;3-Series Gran Turismo;2018;2530000;https://auto.drom.ru/moscow/bmw/3-series_gran_turismo/52605406.html;;;;;Москве;бензин, 2.0 л;245 л.с., налог;АКПП;4WD;96 000 км;левый;6 поколение, рестайлинг;белый;;330i AT xDrive;;
BMW;5-Series;2018;3000000;https://auto.drom.ru/moscow/bmw/5-series/52605137.html;Характеристики совпадают с ПТС;1 запись о регистрации;Не числится в розыске;Ограничений не обнаружено;Москве;бензин, 2.0 л;184 л.с., налог;АКПП;задний;190 539 км;левый;7 поколение;черный;седан;;;
BMW;5-Series;2018;2500000;https://auto.drom.ru/moscow/bmw/5-series/52605138.html;Характеристики совпадают с ПТС;1 запись о регистрации;Не числится в розыске;Ограничений не обнаружено;Москве;бензин, 2.0 л;184 л.с., налог;АКПП;задний;197 799 км;левый;7 поколение;черный;седан;;;
BMW;5-Series;2018;2295000;https://auto.drom.ru/moscow/bmw/5-series/52605139.html;Характеристики совпадают с ПТС;1 запись о регистрации;Не числится в розыске;Ограничений не обнаружено;Москве;бензин, 2.0 л;184 л.с., налог;АКПП;задний;219 437 км;левый;7 поколение;черный;седан;;;
BMW;5-Series;2018;2500000;https://auto.drom.ru/moscow/bmw/5-series/52593754.html;Характеристики совпадают с ПТС;1 запись о регистрации;Не числится в розыске;Ограничений не обнаружено;Москве;бензин, 2.0 л;184 л.с., налог;АКПП;задний;208 143 км;левый;7 поколение;черный;седан;;;
BMW;5-Series;2018;2500000;https://auto.drom.ru/moscow/bmw/5-series/52168429.html;Характеристики совпадают с ПТС;1 запись о регистрации;Не числится в розыске;Ограничений не обнаружено;Москве;бензин, 2.0 л;184 л.с., налог;АКПП;задний;201 335 км;левый;7 поколение;черный;седан;;;
BMW;5-Series;2018;4945700;https://auto.drom.ru/moscow/bmw/5-series/821545019.html;Характеристики совпадают с ПТС;1 запись о регистрации;Не числится в розыске;Ограничений не обнаружено;Москве;дизель, 3.0 л;249 л.с., налог;АКПП;4WD;58 942 км;левый;7 поколение;черный;седан;;;
BMW;6-Series Gran Turismo;2018;4350000;https://auto.drom.ru/moscow/bmw/6-series_gran_turismo/925517683.html;Характеристики совпадают с ПТС;2 записи о регистрации;Не числится в розыске;Ограничений не обнаружено;Москве;дизель, 3.0 л;265 л.с., налог;автомат;4WD;155 156 км;левый;;серый;;;;
BMW;X2;2018;2698000;https://auto.drom.ru/moscow/bmw/x2/310281116.html;Характеристики совпадают с ПТС;2 записи о регистрации;Не числится в розыске;Ограничений не обнаружено;Москве;бензин, 2.0 л;190 л.с., налог;автомат;передний;56 437 км;левый;;синий;;;;
BMW;X6;2018;5050000;https://auto.drom.ru/moscow/bmw/x6/863861945.html;Характеристики совпадают с ПТС;2 записи о регистрации;Не числится в розыске;Ограничений не обнаружено;Москве;дизель, 3.0 л;249 л.с., налог;АКПП;4WD;89 000 км;левый;2 поколение;белый;;xDrive 30d AT M Sport;;
BMW;3-Series;2018;2899789;https://auto.drom.ru/spb/bmw/3-series/610311798.html;Характеристики совпадают с ПТС;3 записи о регистрации;Не числится в розыске;Ограничений не обнаружено;Санкт-Петербурге;бензин, 2.0 л;184 л.с., налог;АКПП;задний;45 379 км;левый;;белый;седан;;;
BMW;X4;2018;4950000;https://auto.drom.ru/spb/bmw/x4/467727560.html;Характеристики совпадают с ПТС;1 запись о регистрации;Не числится в розыске;Ограничений не обнаружено;Санкт-Петербурге;дизель, 3.0 л;249 л.с., налог;АКПП;4WD;52 700 км;левый;;белый;;;;
BMW;X2;2018;2750000;https://auto.drom.ru/moscow/bmw/x2/524815675.html;Характеристики совпадают с ПТС;2 записи о регистрации;Не числится в розыске;Ограничений не обнаружено;Москве;бензин, 1.5 л;140 л.с., налог;робот;передний;79 830 км;левый;1 поколение;красный;;;;
BMW;i3;2018;2023783;https://auto.drom.ru/minsk/bmw/i3/54128111.html;;;;;Минске;электро;170 л.с., налог;АКПП;задний;35 000 км;левый;1 поколение, рестайлинг;белый;хэтчбек 5 дв.;i3 120 Ah;;
BMW;X3;2018;3715000;https://auto.drom.ru/spb/bmw/x3/267837460.html;Характеристики совпадают с ПТС;4 записи о регистрации;Не числится в розыске;Ограничений не обнаружено;Санкт-Петербурге;дизель, 2.0 л;190 л.с., налог;АКПП;4WD;87 300 км;левый;3 поколение;белый;;xDrive 20d AT Base;;
BMW;6-Series Gran Turismo;2018;5750000;https://auto.drom.ru/moscow/bmw/6-series_gran_turismo/52870075.html;Характеристики совпадают с ПТС;1 запись о регистрации;Не числится в розыске;Ограничений не обнаружено;Москве;дизель, 3.0 л;249 л.с., налог;АКПП;4WD;43 269 км;левый;1 поколение;черный;;630d AT xDrive M Sport;;
BMW;3-Series;2018;2899000;https://auto.drom.ru/spb/bmw/3-series/54134665.html;Характеристики совпадают с ПТС;3 записи о регистрации;Не числится в розыске;Ограничений не обнаружено;Санкт-Петербурге;бензин, 2.0 л;184 л.с., налог;АКПП;4WD;85 000 км;левый;6 поколение, рестайлинг;синий;седан;320i AT xDrive M Sport;;
BMW;6-Series Gran Turismo;2018;4988073;https://auto.drom.ru/spb/bmw/6-series_gran_turismo/54131127.html;Характеристики совпадают с ПТС;3 записи о регистрации;Не числится в розыске;Ограничений не обнаружено;Санкт-Петербурге;дизель, 3.0 л;249 л.с., налог;АКПП;4WD;66 000 км;левый;1 поколение;серый;;;;
BMW;X5;2018;7350000;https://auto.drom.ru/moscow/bmw/x5/54128675.html;;;;;Москве;дизель, 3.0 л;400 л.с., налог;АКПП;4WD;78 000 км;левый;4 поколение;черный;;;;
BMW;6-Series Gran Turismo;2018;4349000;https://auto.drom.ru/spb/bmw/6-series_gran_turismo/54124970.html;Модель, цвет не совпадают с ПТС;5 записей о регистрации;Не числится в розыске;Ограничений не обнаружено;Санкт-Петербурге;дизель, 3.0 л;320 л.с., налог;АКПП;4WD;88 824 км;левый;1 поколение;синий;;;;
BMW;5-Series;2018;2848000;https://auto.drom.ru/voronezh/bmw/5-series/54124092.html;Характеристики совпадают с ПТС;1 запись о регистрации;Не числится в розыске;Ограничений не обнаружено;Воронеже;дизель, 2.0 л;190 л.с., налог;АКПП;задний;232 877 км;левый;7 поколение;синий;седан;;;
BMW;X3;2018;3795000;https://auto.drom.ru/kursk/bmw/x3/53840641.html;Характеристики совпадают с ПТС;3 записи о регистрации;Не числится в розыске;Ограничений не обнаружено;Курске;дизель, 2.0 л;190 л.с., налог;АКПП;4WD;67 266 км;левый;3 поколение;черный;;;;
BMW;X5;2018;6245000;https://auto.drom.ru/moscow/bmw/x5/53831020.html;Характеристики совпадают с ПТС;3 записи о регистрации;Не числится в розыске;Ограничений не обнаружено;Москве;дизель, 3.0 л;265 л.с., налог;АКПП;4WD;92 308 км;левый;4 поколение;черный;;;;
BMW;5-Series;2018;3750000;https://auto.drom.ru/moscow/bmw/5-series/53473911.html;Характеристики совпадают с ПТС;2 записи о регистрации;Не числится в розыске;Ограничений не обнаружено;Москве;бензин, 2.0 л;252 л.с., налог;АКПП;задний;123 000 км;левый;7 поколение;черный;седан;530i AT;;
BMW;5-Series;2018;3900000;https://auto.drom.ru/moscow/bmw/5-series/53470172.html;;;;;Москве;бензин, 2.0 л;184 л.с., налог;АКПП;задний;88 000 км;правый;7 поколение;черный;седан;523i M Sport;;
BMW;5-Series;2018;4765000;https://auto.drom.ru/moscow/bmw/5-series/53465959.html;Характеристики совпадают с ПТС;1 запись о регистрации;Не числится в розыске;Ограничений не обнаружено;Москве;бензин, 2.0 л;249 л.с., налог;АКПП;4WD;20 150 км;левый;7 поколение;белый;седан;;;
BMW;1-Series;2018;1750000;https://auto.drom.ru/moscow/bmw/1-series/53043939.html;Характеристики совпадают с ПТС;3 записи о регистрации;Не числится в розыске;Есть ограничения;Москве;бензин, 1.5 л;136 л.с., налог;АКПП;задний;84 100 км;левый;2 поколение;голубой;хэтчбек 5 дв.;;;
BMW;5-Series;2018;2300000;https://auto.drom.ru/moscow/bmw/5-series/52592247.html;Характеристики совпадают с ПТС;1 запись о регистрации;Не числится в розыске;Ограничений не обнаружено;Москве;бензин, 2.0 л;184 л.с., налог;АКПП;задний;202 642 км;левый;7 поколение;черный;седан;;;
BMW;5-Series;2018;3000000;https://auto.drom.ru/moscow/bmw/5-series/52592248.html;Характеристики совпадают с ПТС;1 запись о регистрации;Не числится в розыске;Ограничений не обнаружено;Москве;бензин, 2.0 л;184 л.с., налог;АКПП;задний;175 877 км;левый;7 поколение;черный;седан;;;
BMW;5-Series;2018;3000000;https://auto.drom.ru/moscow/bmw/5-series/52592249.html;Характеристики совпадают с ПТС;1 запись о регистрации;Не числится в розыске;Ограничений не обнаружено;Москве;бензин, 2.0 л;184 л.с., налог;АКПП;задний;221 452 км;левый;7 поколение;черный;седан;;;
BMW;5-Series;2018;2500000;https://auto.drom.ru/moscow/bmw/5-series/52592251.html;Характеристики совпадают с ПТС;1 запись о регистрации;Не числится в розыске;Ограничений не обнаружено;Москве;бензин, 2.0 л;184 л.с., налог;АКПП;задний;224 155 км;левый;7 поколение;черный;седан;;;
BMW;5-Series;2018;2500000;https://auto.drom.ru/moscow/bmw/5-series/52583025.html;Характеристики совпадают с ПТС;1 запись о регистрации;Не числится в розыске;Ограничений не обнаружено;Москве;бензин, 2.0 л;184 л.с., налог;АКПП;задний;242 264 км;левый;7 поколение;черный;седан;;;
BMW;5-Series;2018;2500000;https://auto.drom.ru/moscow/bmw/5-series/52583027.html;Характеристики совпадают с ПТС;1 запись о регистрации;Не числится в розыске;Ограничений не обнаружено;Москве;бензин, 2.0 л;184 л.с., налог;АКПП;задний;210 709 км;левый;7 поколение;черный;седан;;;
BMW;5-Series;2018;2300000;https://auto.drom.ru/moscow/bmw/5-series/52583023.html;Характеристики совпадают с ПТС;1 запись о регистрации;Не числится в розыске;Ограничений не обнаружено;Москве;бензин, 2.0 л;184 л.с., налог;АКПП;задний;215 855 км;левый;7 поколение;черный;седан;;;
BMW;X3;2018;4799000;https://auto.drom.ru/spb/bmw/x3/52160971.html;;;;;Санкт-Петербурге;бензин, 3.0 л;354 л.с., налог;автомат;4WD;46 000 км;левый;;синий;;;;
BMW;5-Series;2018;2350000;https://auto.drom.ru/moscow/bmw/5-series/52132743.html;Характеристики совпадают с ПТС;1 запись о регистрации;Не числится в розыске;Ограничений не обнаружено;Москве;бензин, 2.0 л;184 л.с., налог;АКПП;задний;197 137 км;левый;7 поколение;черный;седан;;;
BMW;5-Series;2018;3313000;https://auto.drom.ru/spb/bmw/5-series/743952976.html;Характеристики совпадают с ПТС;6 записей о регистрации;Не числится в розыске;Ограничений не обнаружено;Санкт-Петербурге;дизель, 2.0 л;190 л.с., налог;АКПП;4WD;127 000 км;левый;7 поколение;черный;седан;;;
BMW;5-Series;2018;3099000;https://auto.drom.ru/spb/bmw/5-series/587572493.html;Характеристики совпадают с ПТС;1 запись о регистрации;Не числится в розыске;Ограничений не обнаружено;Санкт-Петербурге;дизель, 2.0 л;190 л.с., налог;АКПП;задний;99 456 км;левый;7 поколение;белый;универсал;520d AT;;
BMW;X3;2018;4650000;https://auto.drom.ru/moscow/bmw/x3/450028064.html;Характеристики совпадают с ПТС;3 записи о регистрации;Не числится в розыске;Ограничений не обнаружено;Москве;дизель, 3.0 л;249 л.с., налог;АКПП;4WD;88 978 км;левый;3 поколение;черный;;;;
BMW;X5;2018;3949000;https://auto.drom.ru/moscow/bmw/x5/313400585.html;Характеристики совпадают с ПТС;3 записи о регистрации;Не числится в розыске;Ограничений не обнаружено;Москве;дизель, 3.0 л;218 л.с., налог;АКПП;4WD;136 050 км;левый;3 поколение;черный;;xDrive 25d AT Business;;
BMW;X6;2018;5557000;https://auto.drom.ru/moscow/bmw/x6/172727571.html;Характеристики совпадают с ПТС;2 записи о регистрации;Не числится в розыске;Ограничений не обнаружено;Москве;дизель, 3.0 л;249 л.с., налог;АКПП;4WD;73 469 км;левый;2 поколение;серебристый;;;;
BMW;1-Series;2018;2090000;https://auto.drom.ru/kazan/bmw/1-series/688179665.html;Характеристики совпадают с ПТС;2 записи о регистрации;Не числится в розыске;Ограничений не обнаружено;Казани;бензин, 1.5 л;136 л.с., налог;АКПП;задний;124 627 км;левый;2 поколение;голубой;хэтчбек 5 дв.;;;
BMW;X3;2018;4059000;https://auto.drom.ru/spb/bmw/x3/273672619.html;Характеристики совпадают с ПТС;2 записи о регистрации;Не числится в розыске;Ограничений не обнаружено;Санкт-Петербурге;дизель, 2.0 л;190 л.с., налог;АКПП;4WD;60 000 км;левый;3 поколение;белый;;;;
BMW;X3;2018;3790000;https://auto.drom.ru/moscow/bmw/x3/53826458.html;;;;;Москве;дизель, 3.0 л;249 л.с., налог;АКПП;4WD;75 263 км;левый;3 поколение;черный;;;;
BMW;3-Series;2018;2889000;https://auto.drom.ru/moscow/bmw/3-series/821220140.html;Характеристики совпадают с ПТС;1 запись о регистрации;Не числится в розыске;Ограничений не обнаружено;Москве;дизель, 2.0 л;190 л.с., налог;АКПП;4WD;67 853 км;левый;;белый;седан;;;
BMW;2-Series Active Tourer;2018;1386061;https://auto.drom.ru/minsk/bmw/2-series_active_tourer/54120602.html;;;;;Минске;бензин, 1.5 л;109 л.с., налог;механика;передний;143 575 км;левый;1 поколение, рестайлинг;синий;;;;
BMW;5-Series;2018;4799985;https://auto.drom.ru/spb/bmw/5-series/618462125.html;Характеристики совпадают с ПТС;2 записи о регистрации;Не числится в розыске;Ограничений не обнаружено;Санкт-Петербурге;дизель, 3.0 л;249 л.с., налог;АКПП;4WD;85 000 км;левый;7 поколение;серый;седан;;;
BMW;3-Series;2018;2878600;https://auto.drom.ru/moscow/bmw/3-series/441679386.html;Характеристики совпадают с ПТС;1 запись о регистрации;Не числится в розыске;Ограничений не обнаружено;Москве;дизель, 2.0 л;190 л.с., налог;автомат;4WD;127 565 км;левый;;синий;лифтбек;;;
BMW;5-Series;2018;2350000;https://auto.drom.ru/spb/bmw/5-series/54118460.html;Характеристики совпадают с ПТС;1 запись о регистрации;Не числится в розыске;Ограничений не обнаружено;Санкт-Петербурге;бензин, 2.0 л;184 л.с., налог;АКПП;задний;196 693 км;левый;7 поколение;черный;седан;;;
BMW;5-Series;2018;2500000;https://auto.drom.ru/spb/bmw/5-series/54118462.html;Характеристики совпадают с ПТС;1 запись о регистрации;Не числится в розыске;Ограничений не обнаружено;Санкт-Петербурге;бензин, 2.0 л;184 л.с., налог;АКПП;задний;196 256 км;левый;7 поколение;черный;седан;;;
BMW;5-Series;2018;2563000;https://auto.drom.ru/spb/bmw/5-series/54112738.html;Характеристики совпадают с ПТС;1 запись о регистрации;Не числится в розыске;Ограничений не обнаружено;Санкт-Петербурге;бензин, 2.0 л;184 л.с., налог;АКПП;задний;203 305 км;левый;7 поколение;черный;седан;;;
BMW;X1;2018;2495000;https://auto.drom.ru/moscow/bmw/x1/54110879.html;Характеристики совпадают с ПТС;1 запись о регистрации;Не числится в розыске;Ограничений не обнаружено;Москве;бензин, 1.5 л;140 л.с., налог;робот;передний;82 438 км;левый;2 поколение;черный;;;;
BMW;X3;2018;3940000;https://auto.drom.ru/moscow/bmw/x3/53031324.html;Характеристики совпадают с ПТС;1 запись о регистрации;Не числится в розыске;Ограничений не обнаружено;Москве;бензин, 2.0 л;249 л.с., налог;АКПП;4WD;91 601 км;левый;3 поколение;черный;;;;
BMW;3-Series;2018;2250000;https://auto.drom.ru/minsk/bmw/3-series/53023592.html;;;;;Минске;дизель, 2.0 л;163 л.с., налог;АКПП;задний;150 000 км;левый;6 поколение, рестайлинг;черный;универсал;320d AT EfficientDynamics Edition;;
BMW;5-Series;2018;2550000;https://auto.drom.ru/moscow/bmw/5-series/52572178.html;Характеристики совпадают с ПТС;1 запись о регистрации;Не числится в розыске;Ограничений не обнаружено;Москве;бензин, 2.0 л;184 л.с., налог;АКПП;задний;202 148 км;левый;7 поколение;черный;седан;;;
BMW;5-Series;2018;2500000;https://auto.drom.ru/moscow/bmw/5-series/52572183.html;Характеристики совпадают с ПТС;1 запись о регистрации;Не числится в розыске;Ограничений не обнаружено;Москве;бензин, 2.0 л;184 л.с., налог;АКПП;задний;217 111 км;левый;7 поколение;черный;седан;;;
BMW;5-Series;2018;2500000;https://auto.drom.ru/moscow/bmw/5-series/52572184.html;Характеристики совпадают с ПТС;1 запись о регистрации;Не числится в розыске;Ограничений не обнаружено;Москве;бензин, 2.0 л;184 л.с., налог;АКПП;задний;220 012 км;левый;7 поколение;черный;седан;;;
BMW;5-Series;2018;2300000;https://auto.drom.ru/moscow/bmw/5-series/52572157.html;Характеристики совпадают с ПТС;1 запись о регистрации;Не числится в розыске;Ограничений не обнаружено;Москве;бензин, 2.0 л;184 л.с., налог;АКПП;задний;216 816 км;левый;7 поколение;черный;седан;;;
BMW;5-Series;2018;3026000;https://auto.drom.ru/moscow/bmw/5-series/52572159.html;Характеристики совпадают с ПТС;1 запись о регистрации;Не числится в розыске;Ограничений не обнаружено;Москве;бензин, 2.0 л;184 л.с., налог;АКПП;задний;160 034 км;левый;7 поколение;черный;седан;;;
BMW;5-Series;2018;2783000;https://auto.drom.ru/moscow/bmw/5-series/52572160.html;Характеристики совпадают с ПТС;1 запись о регистрации;Не числится в розыске;Ограничений не обнаружено;Москве;бензин, 2.0 л;184 л.с., налог;АКПП;задний;215 237 км;левый;7 поколение;черный;седан;;;
BMW;5-Series;2018;2650000;https://auto.drom.ru/moscow/bmw/5-series/52572161.html;Характеристики совпадают с ПТС;1 запись о регистрации;Не числится в розыске;Ограничений не обнаружено;Москве;бензин, 2.0 л;184 л.с., налог;АКПП;задний;204 983 км;левый;7 поколение;черный;седан;;;
BMW;5-Series;2018;2500000;https://auto.drom.ru/moscow/bmw/5-series/52572163.html;Характеристики совпадают с ПТС;1 запись о регистрации;Не числится в розыске;Ограничений не обнаружено;Москве;бензин, 2.0 л;184 л.с., налог;АКПП;задний;205 266 км;левый;7 поколение;черный;седан;;;
BMW;5-Series;2018;2700000;https://auto.drom.ru/moscow/bmw/5-series/52572164.html;Характеристики совпадают с ПТС;1 запись о регистрации;Не числится в розыске;Ограничений не обнаружено;Москве;бензин, 2.0 л;184 л.с., налог;АКПП;задний;209 560 км;левый;7 поколение;черный;седан;;;
BMW;X5;2018;7000000;https://auto.drom.ru/kazan/bmw/x5/52553484.html;Характеристики совпадают с ПТС;2 записи о регистрации;Не числится в розыске;Ограничений не обнаружено;Казани;дизель, 3.0 л;400 л.с., налог;АКПП;4WD;66 000 км;левый;4 поколение;белый;;;;
BMW;5-Series;2018;3699000;https://auto.drom.ru/moscow/bmw/5-series/124482216.html;Характеристики совпадают с ПТС;1 запись о регистрации;Не числится в розыске;Ограничений не обнаружено;Москве;дизель, 2.0 л;190 л.с., налог;АКПП;4WD;68 009 км;левый;7 поколение;черный;седан;;;
BMW;X3;2018;3790000;https://auto.drom.ru/spb/bmw/x3/731706906.html;Характеристики совпадают с ПТС;1 запись о регистрации;Не числится в розыске;Ограничений не обнаружено;Санкт-Петербурге;дизель, 2.0 л;190 л.с., налог;АКПП;4WD;118 000 км;левый;3 поколение;черный;;xDrive 20d AT M Sport;;
BMW;3-Series;2018;2402665;https://auto.drom.ru/minsk/bmw/3-series/467907261.html;Мощность двигателя не совпадает с ПТС;1 запись о регистрации;Не числится в розыске;Ограничений не обнаружено;Минске;дизель, 2.0 л;163 л.с., налог;АКПП;задний;41 000 км;левый;6 поколение, рестайлинг;белый;седан;320d AT EfficientDynamics Edition;;
BMW;5-Series;2018;3523000;https://auto.drom.ru/moscow/bmw/5-series/475213042.html;Характеристики совпадают с ПТС;4 записи о регистрации;Не числится в розыске;Ограничений не обнаружено;Москве;дизель, 2.0 л;190 л.с., налог;АКПП;4WD;127 681 км;левый;7 поколение;черный;седан;;;
BMW;5-Series;2018;2949000;https://auto.drom.ru/spb/bmw/5-series/222249784.html;Характеристики совпадают с ПТС;1 запись о регистрации;Не числится в розыске;Ограничений не обнаружено;Санкт-Петербурге;дизель, 2.0 л;190 л.с., налог;АКПП;4WD;213 000 км;левый;7 поколение;черный;седан;;;
BMW;X6;2018;5900000;https://auto.drom.ru/moscow/bmw/x6/53683334.html;Характеристики совпадают с ПТС;2 записи о регистрации;Не числится в розыске;Ограничений не обнаружено;Москве;дизель, 3.0 л;313 л.с., налог;АКПП;4WD;98 000 км;левый;2 поколение;серый;;;;
BMW;3-Series;2018;2100000;https://auto.drom.ru/moscow/bmw/3-series/568303715.html;Характеристики совпадают с ПТС;1 запись о регистрации;Не числится в розыске;Ограничений не обнаружено;Москве;дизель, 2.0 л;150 л.с., налог;АКПП;задний;210 000 км;левый;6 поколение, рестайлинг;черный;универсал;318d AT;;
BMW;5-Series;2018;3700000;https://auto.drom.ru/moscow/bmw/5-series/926528904.html;Характеристики совпадают с ПТС;3 записи о регистрации;Не числится в розыске;Ограничений не обнаружено;Москве;бензин, 2.0 л;249 л.с., налог;АКПП;4WD;125 000 км;левый;7 поколение;белый;седан;;;
BMW;5-Series;2018;3270000;https://auto.drom.ru/tver/bmw/5-series/420852411.html;Характеристики совпадают с ПТС;2 записи о регистрации;Не числится в розыске;Ограничений не обнаружено;Твери;дизель, 2.0 л;190 л.с., налог;АКПП;4WD;133 175 км;левый;7 поколение;коричневый;седан;;;
BMW;3-Series;2018;2190000;https://auto.drom.ru/himki/bmw/3-series/674990329.html;Характеристики совпадают с ПТС;2 записи о регистрации;Не числится в розыске;Ограничений не обнаружено;Химках;бензин, 1.5 л;136 л.с., налог;АКПП;задний;118 689 км;левый;6 поколение, рестайлинг;белый;седан;;;
BMW;X6;2018;4344000;https://auto.drom.ru/himki/bmw/x6/54109743.html;Характеристики совпадают с ПТС;1 запись о регистрации;Не числится в розыске;Ограничений не обнаружено;Химках;дизель, 3.0 л;249 л.с., налог;АКПП;4WD;128 225 км;левый;2 поколение;черный;;;;
BMW;3-Series Gran Turismo;2018;2917000;https://auto.drom.ru/moscow/bmw/3-series_gran_turismo/949841423.html;Характеристики совпадают с ПТС;1 запись о регистрации;Не числится в розыске;Ограничений не обнаружено;Москве;дизель, 2.0 л;190 л.с., налог;автомат;4WD;129 795 км;левый;;черный;;;;
BMW;7-Series;2018;4450000;https://auto.drom.ru/spb/bmw/7-series/555528672.html;Характеристики совпадают с ПТС;3 записи о регистрации;Не числится в розыске;Ограничений не обнаружено;Санкт-Петербурге;бензин, 2.0 л;249 л.с., налог;автомат;задний;74 293 км;левый;;черный;;;;
BMW;5-Series;2018;3499000;https://auto.drom.ru/moscow/bmw/5-series/53017618.html;Характеристики совпадают с ПТС;3 записи о регистрации;Не числится в розыске;Ограничений не обнаружено;Москве;дизель, 2.0 л;190 л.с., налог;АКПП;4WD;45 107 км;левый;7 поколение;синий;седан;;;
BMW;5-Series;2018;4990000;https://auto.drom.ru/spb/bmw/5-series/54106810.html;Характеристики совпадают с ПТС;4 записи о регистрации;Не числится в розыске;Ограничений не обнаружено;Санкт-Петербурге;дизель, 2.0 л;190 л.с., налог;АКПП;4WD;178 563 км;левый;7 поколение;черный;седан;520d AT xDrive M Sport;;
BMW;X4;2018;3055000;https://auto.drom.ru/moscow/bmw/x4/53819369.html;Характеристики совпадают с ПТС;1 запись о регистрации;Не числится в розыске;Ограничений не обнаружено;Москве;бензин, 2.0 л;245 л.с., налог;АКПП;4WD;120 200 км;левый;1 поколение;черный;;;;
BMW;5-Series;2018;3840000;https://auto.drom.ru/spb/bmw/5-series/53814651.html;Характеристики совпадают с ПТС;4 записи о регистрации;Не числится в розыске;Ограничений не обнаружено;Санкт-Петербурге;дизель, 3.0 л;249 л.с., налог;АКПП;4WD;44 250 км;левый;7 поколение;белый;седан;;;
BMW;4-Series;2018;2750000;https://auto.drom.ru/spb/bmw/4-series/53660501.html;Характеристики совпадают с ПТС;1 запись о регистрации;Не числится в розыске;Ограничений не обнаружено;Санкт-Петербурге;бензин, 2.0 л;249 л.с., налог;АКПП;4WD;124 500 км;левый;1 поколение, рестайлинг;черный;лифтбек;430i AT xDrive Base;;
BMW;5-Series;2018;2600000;https://auto.drom.ru/moscow/bmw/5-series/53015254.html;Характеристики совпадают с ПТС;1 запись о регистрации;Не числится в розыске;Ограничений не обнаружено;Москве;бензин, 2.0 л;184 л.с., налог;АКПП;задний;231 905 км;левый;7 поколение;черный;седан;;;
BMW;5-Series;2018;2500000;https://auto.drom.ru/moscow/bmw/5-series/53015255.html;Характеристики совпадают с ПТС;1 запись о регистрации;Не числится в розыске;Ограничений не обнаружено;Москве;бензин, 2.0 л;184 л.с., налог;АКПП;задний;223 477 км;левый;7 поколение;черный;седан;;;
BMW;5-Series;2018;2650000;https://auto.drom.ru/moscow/bmw/5-series/52513672.html;Характеристики совпадают с ПТС;1 запись о регистрации;Не числится в розыске;Ограничений не обнаружено;Москве;бензин, 2.0 л;184 л.с., налог;АКПП;задний;233 336 км;левый;7 поколение;черный;седан;;;
