Бренд;Модель;Год;Цена;URL;ПТС;Владельцы;Розыск;Ограничения;Город;Двигатель;Мощность;Коробка передач;Привод;Тип кузова;Цвет;Пробег;Руль;Поколение;Комплектация;Особые отметки;
BMW;X5;2003;1000000;https://auto.drom.ru/elektrostal/bmw/x5/53516895.html;Год, объем двигателя, мощность двигателя не совпадают с ПТС;7 записей о регистрации;Не числится в розыске;Ограничений не обнаружено;Электростали;бензин, 3.0 л;231 л.с., налог;АКПП;4WD;;серебристый;328 000 км;левый;1 поколение;3.0i AT xDrive;;
BMW;X5;2003;650000;https://auto.drom.ru/spb/bmw/x5/362413363.html;Характеристики совпадают с ПТС;6 записей о регистрации;Не числится в розыске;Ограничений не обнаружено;Санкт-Петербурге;бензин, 3.0 л;231 л.с., налог;АКПП;4WD;;черный;280 000 км;левый;1 поколение;3.0i AT xDrive;;
BMW;X5;2004;1300000;https://auto.drom.ru/spb/bmw/x5/52612167.html;Характеристики совпадают с ПТС;4 записи о регистрации;Не числится в розыске;Ограничений не обнаружено;Санкт-Петербурге;бензин, 3.0 л;225 л.с., налог;АКПП;4WD;;зеленый;270 000 км;левый;1 поколение, рестайлинг;3.0i AT xDrive;;
BMW;5-Series;2004;880000;https://auto.drom.ru/staraya-kupavna/bmw/5-series/53845399.html;Характеристики совпадают с ПТС;7 записей о регистрации;Не числится в розыске;Ограничений не обнаружено;Старой Купавне;дизель, 2.5 л;177 л.с., налог;АКПП;задний;седан;серый;512 000 км;левый;5 поколение;525d AT;;
BMW;7-Series;2004;850000;https://auto.drom.ru/moscow/bmw/7-series/788632346.html;Характеристики совпадают с ПТС;10 записей о регистрации;Не числится в розыске;Ограничений не обнаружено;Москве;бензин, 6.0 л;445 л.с., налог;АКПП;задний;;черный;290 000 км;левый;4 поколение;760Li AT;;
BMW;5-Series;2004;1111111;https://auto.drom.ru/nizhniy-novgorod/bmw/5-series/54133484.html;Характеристики совпадают с ПТС;10 записей о регистрации;Не числится в розыске;Ограничений не обнаружено;Нижнем Новгороде;бензин, 3.0 л;231 л.с., налог;АКПП;задний;седан;черный;216 300 км;левый;5 поколение;530i AT;;
BMW;X5;2004;1883474;https://auto.drom.ru/minsk/bmw/x5/54126216.html;;;;;Минске;бензин, 3.0 л;231 л.с., налог;АКПП;4WD;;белый;355 000 км;левый;1 поколение, рестайлинг;3.0i AT xDrive;;
BMW;X5;2004;850000;https://auto.drom.ru/kolomna/bmw/x5/156955902.html;Характеристики совпадают с ПТС;5 записей о регистрации;Не числится в розыске;Ограничений не обнаружено;Коломне;бензин, 3.0 л;231 л.с., налог;АКПП;4WD;;серый;;левый;1 поколение, рестайлинг;;;
BMW;X5;2004;1200000;https://auto.drom.ru/kolomna/bmw/x5/54120230.html;Характеристики совпадают с ПТС;7 записей о регистрации;Не числится в розыске;Ограничений не обнаружено;Коломне;дизель, 3.0 л;218 л.с., налог;АКПП;4WD;;серебристый;348 000 км;левый;1 поколение, рестайлинг;3.0d AT xDrive;;
BMW;X5;2004;1050000;https://auto.drom.ru/moscow/bmw/x5/54108206.html;Характеристики совпадают с ПТС;6 записей о регистрации;Не числится в розыске;Ограничений не обнаружено;Москве;бензин, 3.0 л;231 л.с., налог;АКПП;4WD;;серебристый;314 000 км;левый;1 поколение, рестайлинг;3.0i AT xDrive;;
BMW;3-Series;2004;400000;https://auto.drom.ru/kletskaya/bmw/3-series/53816988.html;;;;;Клетской;дизель, 2.0 л;150 л.с., налог;АКПП;задний;седан;синий;375 000 км;левый;4 поколение, рестайлинг;320d АT;;
BMW;X5;2004;1500000;https://auto.drom.ru/gomel/bmw/x5/53433481.html;;;;;Гомеле;дизель, 3.0 л;218 л.с., налог;АКПП;4WD;;серебристый;395 986 км;левый;1 поколение, рестайлинг;;;
BMW;5-Series;2004;1200000;https://auto.drom.ru/moscow/bmw/5-series/54093102.html;Характеристики совпадают с ПТС;4 записи о регистрации;Не числится в розыске;Ограничений не обнаружено;Москве;бензин, 2.5 л;192 л.с., налог;АКПП;задний;седан;серый;269 000 км;левый;5 поколение;525i AT;;
BMW;5-Series;2004;800000;https://auto.drom.ru/moscow/bmw/5-series/603738636.html;Характеристики совпадают с ПТС;10 записей о регистрации;Не числится в розыске;Ограничений не обнаружено;Москве;бензин, 2.5 л;192 л.с., налог;АКПП;задний;седан;зеленый;250 000 км;левый;5 поколение;;;
BMW;7-Series;2004;2400000;https://auto.drom.ru/spb/bmw/7-series/52989881.html;Характеристики совпадают с ПТС;6 записей о регистрации;Не числится в розыске;Ограничений не обнаружено;Санкт-Петербурге;бензин, 6.0 л;445 л.с., налог;АКПП;задний;;черный;234 000 км;левый;4 поколение;760Li AT;;
BMW;7-Series;2004;750000;https://auto.drom.ru/spb/bmw/7-series/883709446.html;Характеристики совпадают с ПТС;14 записей о регистрации;Не числится в розыске;Ограничений не обнаружено;Санкт-Петербурге;бензин, 4.4 л;333 л.с., налог;АКПП;задний;;черный;373 751 км;левый;4 поколение;;;
BMW;X5;2004;1450000;https://auto.drom.ru/zheleznodorozhniy/bmw/x5/660309124.html;Характеристики совпадают с ПТС;5 записей о регистрации;Не числится в розыске;Ограничений не обнаружено;Железнодорожном;бензин, 3.0 л;231 л.с., налог;АКПП;4WD;;белый;306 000 км;левый;1 поколение, рестайлинг;3.0i AT xDrive;;
BMW;3-Series;2004;570000;https://auto.drom.ru/vologda/bmw/3-series/360326764.html;Характеристики совпадают с ПТС;6 записей о регистрации;Не числится в розыске;Ограничений не обнаружено;Вологде;бензин, 2.0 л;143 л.с., налог;АКПП;задний;седан;черный;350 000 км;левый;4 поколение, рестайлинг;318i AT;;
BMW;X5;2004;1250000;https://auto.drom.ru/kaluga/bmw/x5/138894341.html;Характеристики совпадают с ПТС;7 записей о регистрации;Не числится в розыске;Ограничений не обнаружено;Калуге;бензин, 3.0 л;231 л.с., налог;АКПП;4WD;;черный;409 000 км;левый;1 поколение, рестайлинг;3.0i AT xDrive;;
BMW;X5;2004;1200000;https://auto.drom.ru/moscow/bmw/x5/53352644.html;Характеристики совпадают с ПТС;7 записей о регистрации;Не числится в розыске;Ограничений не обнаружено;Москве;бензин, 3.0 л;231 л.с., налог;АКПП;4WD;;черный;240 000 км;левый;1 поколение, рестайлинг;3.0i AT xDrive;;
BMW;7-Series;2004;1100000;https://auto.drom.ru/fryanovo/bmw/7-series/723057712.html;Характеристики совпадают с ПТС;8 записей о регистрации;Не числится в розыске;Ограничений не обнаружено;Фряново;бензин, 3.0 л;231 л.с., налог;АКПП;задний;;синий;298 000 км;левый;4 поколение;;;
BMW;5-Series;2004;1130000;https://auto.drom.ru/belgorod/bmw/5-series/52401467.html;Характеристики совпадают с ПТС;14 записей о регистрации;Не числится в розыске;Ограничений не обнаружено;Белгороде;бензин, 2.2 л;170 л.с., налог;АКПП;задний;седан;черный;307 821 км;левый;5 поколение;520i AT;;
BMW;X5;2004;1350000;https://auto.drom.ru/moscow/bmw/x5/53320637.html;Характеристики совпадают с ПТС;4 записи о регистрации;Не числится в розыске;Ограничений не обнаружено;Москве;бензин, 4.4 л;320 л.с., налог;АКПП;4WD;;серый;371 000 км;левый;1 поколение, рестайлинг;;;
BMW;X5;2004;1100000;https://auto.drom.ru/ivanteevka/bmw/x5/228388557.html;Характеристики совпадают с ПТС;5 записей о регистрации;Не числится в розыске;Ограничений не обнаружено;Ивантеевке;бензин, 3.0 л;231 л.с., налог;АКПП;4WD;;серый;318 900 км;левый;1 поколение, рестайлинг;;;
BMW;5-Series;2004;990000;https://auto.drom.ru/spb/bmw/5-series/482364321.html;Характеристики совпадают с ПТС;6 записей о регистрации;Не числится в розыске;Ограничений не обнаружено;Санкт-Петербурге;бензин, 2.5 л;192 л.с., налог;АКПП;задний;седан;черный;327 000 км;левый;5 поколение;525i AT;;
BMW;5-Series;2004;990000;https://auto.drom.ru/starodub/bmw/5-series/53989239.html;;;;;Стародубе;бензин, 2.5 л;192 л.с., налог;АКПП;задний;седан;синий;326 000 км;левый;5 поколение;525i AT;;
BMW;5-Series;2004;1400000;https://auto.drom.ru/moscow/bmw/5-series/53691599.html;Характеристики совпадают с ПТС;9 записей о регистрации;Не числится в розыске;Ограничений не обнаружено;Москве;бензин, 3.0 л;231 л.с., налог;АКПП;задний;седан;черный;351 000 км;левый;5 поколение;530i AT;;
BMW;7-Series;2004;749000;https://auto.drom.ru/moscow/bmw/7-series/676473263.html;Характеристики совпадают с ПТС;6 записей о регистрации;Не числится в розыске;Ограничений не обнаружено;Москве;бензин, 3.0 л;231 л.с., налог;АКПП;задний;;серебристый;409 000 км;левый;4 поколение;730i AT;;
BMW;5-Series;2004;1590000;https://auto.drom.ru/kazan/bmw/5-series/53683379.html;;;;;Казани;дизель, 3.0 л;218 л.с., налог;механика;задний;седан;серебристый;310 000 км;левый;5 поколение;530d MT;;
BMW;X3;2004;750000;https://auto.drom.ru/ulyanovsk/bmw/x3/53680698.html;Характеристики совпадают с ПТС;9 записей о регистрации;Не числится в розыске;Ограничений не обнаружено;Ульяновске;бензин, 2.5 л;192 л.с., налог;АКПП;4WD;;серебристый;331 993 км;левый;1 поколение;2.5i AT;;
BMW;3-Series;2004;670000;https://auto.drom.ru/moscow/bmw/3-series/134030409.html;Характеристики совпадают с ПТС;7 записей о регистрации;Не числится в розыске;Ограничений не обнаружено;Москве;бензин, 1.8 л;116 л.с., налог;механика;задний;седан;серебристый;349 250 км;левый;4 поколение, рестайлинг;316i MT;;
BMW;6-Series;2004;800000;https://auto.drom.ru/moscow/bmw/6-series/53661094.html;Характеристики совпадают с ПТС;10 записей о регистрации;Не числится в розыске;Есть ограничения;Москве;бензин, 4.4 л;333 л.с., налог;АКПП;задний;купе;черный;200 000 км;левый;2 поколение;645Ci AT;;
BMW;5-Series;2004;850000;https://auto.drom.ru/zaraysk/bmw/5-series/52387771.html;Характеристики совпадают с ПТС;6 записей о регистрации;Не числится в розыске;Ограничений не обнаружено;Зарайске;бензин, 2.5 л;192 л.с., налог;АКПП;задний;седан;серый;400 000 км;левый;5 поколение;525i AT;;
BMW;X5;2004;500000;https://auto.drom.ru/vologda/bmw/x5/53656440.html;;;;;Вологде;бензин, 3.0 л;225 л.с., налог;механика;4WD;;;198 000 км;левый;1 поколение, рестайлинг;3.0i MT xDrive;документы с проблемами или отсутствуют;
BMW;X5;2004;900000;https://auto.drom.ru/spb/bmw/x5/53974660.html;Характеристики совпадают с ПТС;7 записей о регистрации;Не числится в розыске;Ограничений не обнаружено;Санкт-Петербурге;бензин, 3.0 л;231 л.с., налог;АКПП;4WD;;черный;320 000 км;левый;1 поколение, рестайлинг;3.0i AT xDrive;;
BMW;5-Series;2004;1050000;https://auto.drom.ru/moscow/bmw/5-series/53650946.html;Характеристики совпадают с ПТС;7 записей о регистрации;Не числится в розыске;Ограничений не обнаружено;Москве;бензин, 3.0 л;231 л.с., налог;АКПП;задний;седан;серый;232 000 км;левый;5 поколение;;;
BMW;5-Series;2004;1034902;https://auto.drom.ru/minsk/bmw/5-series/53209450.html;;;;;Минске;дизель, 3.0 л;218 л.с., налог;АКПП;задний;седан;серебристый;305 539 км;левый;5 поколение;;;
BMW;7-Series;2004;1450000;https://auto.drom.ru/velikiy-novgorod/bmw/7-series/507066720.html;Объем двигателя, мощность двигателя не совпадают с ПТС;1 запись о регистрации;Не числится в розыске;Ограничений не обнаружено;Великом Новгороде;бензин, 3.6 л;272 л.с., налог;АКПП;задний;;синий;280 000 км;левый;4 поколение;;;
BMW;X5;2004;980000;https://auto.drom.ru/spb/bmw/x5/53649748.html;Характеристики совпадают с ПТС;7 записей о регистрации;Не числится в розыске;Ограничений не обнаружено;Санкт-Петербурге;бензин, 3.0 л, ГБО;231 л.с., налог;АКПП;4WD;;серебристый;310 000 км;левый;1 поколение, рестайлинг;3.0i AT xDrive;;
BMW;X3;2004;880000;https://auto.drom.ru/spb/bmw/x3/741296672.html;Характеристики совпадают с ПТС;13 записей о регистрации;Не числится в розыске;Ограничений не обнаружено;Санкт-Петербурге;бензин, 3.0 л;231 л.с., налог;АКПП;4WD;;черный;254 000 км;левый;1 поколение;3.0i AT;;
BMW;X5;2004;1350000;https://auto.drom.ru/spb/bmw/x5/53841132.html;Характеристики совпадают с ПТС;5 записей о регистрации;Не числится в розыске;Ограничений не обнаружено;Санкт-Петербурге;бензин, 3.0 л;231 л.с., налог;АКПП;4WD;;серый;200 244 км;левый;1 поколение, рестайлинг;3.0i AT xDrive;;
BMW;X5;2004;927000;https://auto.drom.ru/kursk/bmw/x5/53617374.html;Характеристики совпадают с ПТС;8 записей о регистрации;Не числится в розыске;Ограничений не обнаружено;Курске;бензин, 3.0 л;231 л.с., налог;АКПП;4WD;;черный;320 000 км;левый;1 поколение, рестайлинг;;;
BMW;3-Series;2004;1150000;https://auto.drom.ru/moscow/bmw/3-series/53600154.html;Характеристики совпадают с ПТС;11 записей о регистрации;Не числится в розыске;Ограничений не обнаружено;Москве;бензин, 2.2 л;170 л.с., налог;АКПП;задний;седан;черный;324 000 км;левый;4 поколение, рестайлинг;320i АT;;
BMW;X5;2004;980000;https://auto.drom.ru/kirov/bmw/x5/225693029.html;Характеристики совпадают с ПТС;8 записей о регистрации;Не числится в розыске;Ограничений не обнаружено;Кирове;бензин, 3.0 л;231 л.с., налог;АКПП;4WD;;черный;380 000 км;левый;1 поколение, рестайлинг;3.0i AT xDrive;;
BMW;3-Series;2004;480000;https://auto.drom.ru/moscow/bmw/3-series/771840022.html;Год, мощность двигателя не совпадают с ПТС;4 записи о регистрации;Не числится в розыске;Ограничений не обнаружено;Москве;дизель, 2.0 л;150 л.с., налог;механика;задний;универсал;черный;400 000 км;левый;4 поколение, рестайлинг;;;
BMW;7-Series;2004;3500000;https://auto.drom.ru/moscow/bmw/7-series/53592724.html;Характеристики совпадают с ПТС;3 записи о регистрации;Не числится в розыске;Ограничений не обнаружено;Москве;бензин, 6.0 л;445 л.с., налог;АКПП;задний;;черный;73 000 км;левый;4 поколение;760Li AT;;
BMW;X3;2004;875000;https://auto.drom.ru/spb/bmw/x3/797349804.html;Характеристики совпадают с ПТС;3 записи о регистрации;Не числится в розыске;Ограничений не обнаружено;Санкт-Петербурге;бензин, 2.5 л;192 л.с., налог;АКПП;4WD;;черный;250 000 км;левый;1 поколение;xDrive 2.5i AT Business;;
BMW;5-Series;2004;895000;https://auto.drom.ru/domodedovo/bmw/5-series/245099120.html;Характеристики совпадают с ПТС;8 записей о регистрации;Не числится в розыске;Ограничений не обнаружено;Домодедово;бензин, 2.5 л;192 л.с., налог;АКПП;задний;седан;синий;287 358 км;левый;5 поколение;525i AT;;
BMW;5-Series;2004;800000;https://auto.drom.ru/kursk/bmw/5-series/628735119.html;Характеристики совпадают с ПТС;14 записей о регистрации;Не числится в розыске;Ограничений не обнаружено;Курске;бензин, 3.0 л;231 л.с., налог;механика;задний;седан;черный;431 000 км;левый;5 поколение;530i MT;;
BMW;3-Series;2004;760000;https://auto.drom.ru/fryanovo/bmw/3-series/629699922.html;Характеристики совпадают с ПТС;2 записи о регистрации;Не числится в розыске;Ограничений не обнаружено;Фряново;бензин, 2.2 л;170 л.с., налог;АКПП;задний;седан;синий;315 000 км;левый;4 поколение, рестайлинг;320i АT;;
BMW;M3;2004;3290000;https://auto.drom.ru/kazan/bmw/m3/738081677.html;;;;;Казани;бензин, 2.5 л;450 л.с., налог;механика;задний;купе;синий;10 000 км;левый;3 поколение;;;
BMW;X3;2004;700000;https://auto.drom.ru/moscow/bmw/x3/942328404.html;Характеристики совпадают с ПТС;4 записи о регистрации;Не числится в розыске;Ограничений не обнаружено;Москве;бензин, 3.0 л;231 л.с., налог;АКПП;4WD;;серый;240 000 км;левый;1 поколение;xDrive 3.0i AT Luxury;;
BMW;X5;2004;1190000;https://auto.drom.ru/moscow/bmw/x5/645104636.html;Характеристики совпадают с ПТС;5 записей о регистрации;Не числится в розыске;Ограничений не обнаружено;Москве;бензин, 4.4 л;320 л.с., налог;АКПП;4WD;;черный;220 000 км;левый;1 поколение, рестайлинг;4.4i AT xDrive;;
BMW;6-Series;2004;950000;https://auto.drom.ru/volgograd/bmw/6-series/53521685.html;Характеристики совпадают с ПТС;12 записей о регистрации;Не числится в розыске;Ограничений не обнаружено;Волгограде;бензин, 4.4 л;333 л.с., налог;АКПП;задний;купе;черный;253 000 км;левый;2 поколение;645Ci AT;;
BMW;X5;2004;1200000;https://auto.drom.ru/penza/bmw/x5/53101364.html;Характеристики совпадают с ПТС;6 записей о регистрации;Не числится в розыске;Ограничений не обнаружено;Пензе;бензин, 3.0 л;231 л.с., налог;АКПП;4WD;;черный;450 000 км;левый;1 поколение, рестайлинг;3.0i AT xDrive;;
BMW;X5;2004;880000;https://auto.drom.ru/rybinsk/bmw/x5/845775022.html;Характеристики совпадают с ПТС;11 записей о регистрации;Не числится в розыске;Ограничений не обнаружено;Рыбинске;бензин, 3.0 л;231 л.с., налог;АКПП;4WD;;серебристый;396 000 км;левый;1 поколение, рестайлинг;3.0i AT xDrive;;
BMW;7-Series;2004;400000;https://auto.drom.ru/tver/bmw/7-series/53873137.html;;;;;Твери;бензин, 4.4 л;333 л.с., налог;АКПП;задний;;черный;250 000 км;левый;4 поколение;;требуется ремонт или не на ходу;
BMW;X5;2005;900000;https://auto.drom.ru/moscow/bmw/x5/618578521.html;Характеристики совпадают с ПТС;4 записи о регистрации;Не числится в розыске;Ограничений не обнаружено;Москве;бензин, 3.0 л;231 л.с., налог;АКПП;4WD;;черный;236 000 км;левый;1 поколение, рестайлинг;;;
BMW;5-Series;2005;1135000;https://auto.drom.ru/kursk/bmw/5-series/53836151.html;Характеристики совпадают с ПТС;8 записей о регистрации;Не числится в розыске;Ограничений не обнаружено;Курске;бензин, 2.5 л;218 л.с., налог;АКПП;задний;седан;серебристый;;левый;5 поколение;525i AT;;
BMW;X3;2005;1200000;https://auto.drom.ru/volgograd/bmw/x3/632905447.html;Характеристики совпадают с ПТС;8 записей о регистрации;Не числится в розыске;Ограничений не обнаружено;Волгограде;бензин, 3.0 л;231 л.с., налог;АКПП;4WD;;черный;370 000 км;левый;1 поколение;;;
BMW;X5;2005;1295000;https://auto.drom.ru/gagarin/bmw/x5/54122657.html;Характеристики совпадают с ПТС;5 записей о регистрации;Не числится в розыске;Ограничений не обнаружено;Гагарине;бензин, 3.0 л;231 л.с., налог;АКПП;4WD;;серый;340 000 км;левый;1 поколение, рестайлинг;3.0i AT xDrive;;
BMW;X3;2005;1200000;https://auto.drom.ru/vidnoe/bmw/x3/725504384.html;Характеристики совпадают с ПТС;5 записей о регистрации;Не числится в розыске;Ограничений не обнаружено;Видном;бензин, 3.0 л;231 л.с., налог;АКПП;4WD;;синий;211 000 км;левый;1 поколение;;;
BMW;5-Series;2005;750000;https://auto.drom.ru/ivanteevka/bmw/5-series/118191568.html;Характеристики совпадают с ПТС;4 записи о регистрации;Не числится в розыске;Ограничений не обнаружено;Ивантеевке;бензин, 2.5 л;218 л.с., налог;АКПП;задний;седан;серебристый;310 000 км;левый;5 поколение;525i AT;;
BMW;3-Series;2005;1530000;https://auto.drom.ru/moscow/bmw/3-series/53005255.html;Мощность двигателя не совпадает с ПТС;1 запись о регистрации;Не числится в розыске;Ограничений не обнаружено;Москве;бензин, 2.5 л;218 л.с., налог;АКПП;задний;седан;синий;72 200 км;левый;5 поколение;325i AT;;
BMW;3-Series;2005;749000;https://auto.drom.ru/moscow/bmw/3-series/780719845.html;Характеристики совпадают с ПТС;16 записей о регистрации;Не числится в розыске;Ограничений не обнаружено;Москве;бензин, 2.5 л;218 л.с., налог;АКПП;задний;седан;красный;214 000 км;левый;5 поколение;325i AT;;
BMW;X5;2005;1110000;https://auto.drom.ru/balashiha/bmw/x5/53791204.html;Характеристики совпадают с ПТС;10 записей о регистрации;Не числится в розыске;Ограничений не обнаружено;Балашихе;бензин, 3.0 л;231 л.с., налог;АКПП;4WD;;серебристый;291 000 км;левый;1 поколение, рестайлинг;3.0i AT xDrive;;
BMW;5-Series;2005;850000;https://auto.drom.ru/moscow/bmw/5-series/52990887.html;Характеристики совпадают с ПТС;;Не числится в розыске;Ограничений не обнаружено;Москве;бензин, 2.5 л;218 л.с., налог;АКПП;задний;седан;черный;260 000 км;левый;5 поколение;;документы с проблемами или отсутствуют;
BMW;7-Series;2005;2300000;https://auto.drom.ru/liski/bmw/7-series/50882463.html;Характеристики совпадают с ПТС;2 записи о регистрации;Не числится в розыске;Ограничений не обнаружено;Лисках;бензин, 4.8 л;367 л.с., налог;АКПП;задний;;черный;105 000 км;левый;4 поколение, рестайлинг;;;
BMW;X5;2005;1127000;https://auto.drom.ru/spb/bmw/x5/297166443.html;Характеристики совпадают с ПТС;6 записей о регистрации;Не числится в розыске;Ограничений не обнаружено;Санкт-Петербурге;дизель, 3.0 л;218 л.с., налог;АКПП;4WD;;синий;510 000 км;левый;1 поколение, рестайлинг;3.0d AT xDrive;;
BMW;5-Series;2005;1150000;https://auto.drom.ru/ruzaevka/bmw/5-series/53383847.html;Цвет не совпадает с ПТС;5 записей о регистрации;Не числится в розыске;Ограничений не обнаружено;Рузаевке;дизель, 3.0 л;218 л.с., налог;АКПП;задний;седан;черный;314 753 км;левый;5 поколение;530d AT;;
BMW;X5;2005;940000;https://auto.drom.ru/spb/bmw/x5/311861215.html;Характеристики совпадают с ПТС;8 записей о регистрации;Не числится в розыске;Ограничений не обнаружено;Санкт-Петербурге;бензин, 3.0 л;231 л.с., налог;АКПП;4WD;;серый;352 000 км;левый;1 поколение, рестайлинг;;;
BMW;X3;2005;925000;https://auto.drom.ru/spb/bmw/x3/176604944.html;Характеристики совпадают с ПТС;10 записей о регистрации;Не числится в розыске;Ограничений не обнаружено;Санкт-Петербурге;бензин, 3.0 л;231 л.с., налог;АКПП;4WD;;серебристый;340 000 км;левый;1 поколение;xDrive 3.0i AT Luxury;;
BMW;3-Series;2005;900000;https://auto.drom.ru/zelenograd/bmw/3-series/885922863.html;Характеристики совпадают с ПТС;11 записей о регистрации;Не числится в розыске;Ограничений не обнаружено;Зеленограде;бензин, 2.0 л;150 л.с., налог;АКПП;задний;седан;серебристый;276 244 км;левый;5 поколение;320i AT;;
BMW;X5;2005;1199000;https://auto.drom.ru/spb/bmw/x5/472303731.html;Характеристики совпадают с ПТС;2 записи о регистрации;Не числится в розыске;Ограничений не обнаружено;Санкт-Петербурге;бензин, 3.0 л;231 л.с., налог;АКПП;4WD;;серый;334 000 км;левый;1 поколение, рестайлинг;;;
BMW;5-Series;2005;1700000;https://auto.drom.ru/moscow/bmw/5-series/54001364.html;Объем двигателя не совпадает с ПТС;1 запись о регистрации;Не числится в розыске;Ограничений не обнаружено;Москве;бензин, 2.5 л, ГБО;218 л.с., налог;АКПП;задний;седан;белый;159 000 км;левый;5 поколение;;;
BMW;X5;2005;1200000;https://auto.drom.ru/smolensk/bmw/x5/54044616.html;Характеристики совпадают с ПТС;4 записи о регистрации;Не числится в розыске;Ограничений не обнаружено;Смоленске;дизель, 3.0 л;218 л.с., налог;АКПП;4WD;;черный;383 500 км;левый;1 поколение, рестайлинг;3.0d AT xDrive;;
BMW;X5;2005;1299900;https://auto.drom.ru/voronezh/bmw/x5/53754795.html;Объем двигателя не совпадает с ПТС;12 записей о регистрации;Не числится в розыске;Ограничений не обнаружено;Воронеже;бензин, 3.0 л;231 л.с., налог;АКПП;4WD;;синий;456 185 км;левый;1 поколение, рестайлинг;;;
BMW;X5;2005;1800000;https://auto.drom.ru/moscow/bmw/x5/53751135.html;Характеристики совпадают с ПТС;5 записей о регистрации;Не числится в розыске;Ограничений не обнаружено;Москве;бензин, 4.4 л;320 л.с., налог;АКПП;4WD;;синий;212 000 км;левый;1 поколение, рестайлинг;;;
BMW;X3;2005;800000;https://auto.drom.ru/bologoe/bmw/x3/53344073.html;Характеристики совпадают с ПТС;7 записей о регистрации;Не числится в розыске;Ограничений не обнаружено;Бологое;дизель, 2.0 л;150 л.с., налог;механика;4WD;;черный;275 151 км;левый;1 поколение;;;
BMW;5-Series;2005;1190000;https://auto.drom.ru/pskov/bmw/5-series/54033569.html;Характеристики совпадают с ПТС;6 записей о регистрации;Не числится в розыске;Есть ограничения;Пскове;бензин, 2.5 л;218 л.с., налог;АКПП;задний;седан;черный;240 000 км;левый;5 поколение;525i AT;;
BMW;X5;2005;1100000;https://auto.drom.ru/yoshkar-ola/bmw/x5/54017059.html;Характеристики совпадают с ПТС;4 записи о регистрации;Не числится в розыске;Ограничений не обнаружено;Йошкар-Оле;бензин, 3.0 л;231 л.с., налог;АКПП;4WD;;серый;360 000 км;левый;1 поколение, рестайлинг;;;
BMW;1-Series;2005;899000;https://auto.drom.ru/nizhniy-novgorod/bmw/1-series/430149218.html;;;;;Нижнем Новгороде;бензин, 2.0 л;150 л.с., налог;АКПП;задний;хэтчбек 5 дв.;синий;228 108 км;левый;1 поколение;120i AT Base;;
BMW;X3;2005;890000;https://auto.drom.ru/nizhniy-novgorod/bmw/x3/615711506.html;Объем двигателя, мощность двигателя не совпадают с ПТС;9 записей о регистрации;Не числится в розыске;Ограничений не обнаружено;Нижнем Новгороде;бензин, 2.0 л;150 л.с., налог;механика;4WD;;серый;276 000 км;левый;1 поколение;;;
BMW;5-Series;2005;1250000;https://auto.drom.ru/voronezh/bmw/5-series/53289281.html;Характеристики совпадают с ПТС;6 записей о регистрации;Не числится в розыске;Ограничений не обнаружено;Воронеже;бензин, 2.5 л;218 л.с., налог;АКПП;задний;седан;серый;280 000 км;левый;5 поколение;;;
BMW;3-Series;2005;790000;https://auto.drom.ru/nizhniy-novgorod/bmw/3-series/53980762.html;Характеристики совпадают с ПТС;13 записей о регистрации;Не числится в розыске;Ограничений не обнаружено;Нижнем Новгороде;бензин, 2.0 л;150 л.с., налог;АКПП;задний;седан;серебристый;245 000 км;левый;5 поколение;320i AT;;
BMW;X5;2005;1400000;https://auto.drom.ru/moscow/bmw/x5/48032308.html;Характеристики совпадают с ПТС;4 записи о регистрации;Не числится в розыске;Есть ограничения;Москве;бензин, 3.0 л;231 л.с., налог;АКПП;4WD;;черный;240 000 км;левый;1 поколение, рестайлинг;3.0i AT xDrive;;
BMW;X5;2005;1450000;https://auto.drom.ru/sergiev-posad/bmw/x5/410212719.html;Характеристики совпадают с ПТС;3 записи о регистрации;Не числится в розыске;Ограничений не обнаружено;Сергиевом Посаде;дизель, 3.0 л;218 л.с., налог;АКПП;4WD;;черный;370 000 км;левый;1 поколение, рестайлинг;3.0d AT xDrive;;
BMW;3-Series;2005;720000;https://auto.drom.ru/spb/bmw/3-series/53260898.html;Характеристики совпадают с ПТС;2 записи о регистрации;Не числится в розыске;Ограничений не обнаружено;Санкт-Петербурге;бензин, 3.0 л;258 л.с., налог;АКПП;задний;седан;серебристый;277 777 км;левый;5 поколение;330i AT;;
BMW;3-Series;2005;794635;https://auto.drom.ru/minsk/bmw/3-series/53581481.html;;;;;Минске;дизель, 2.0 л;163 л.с., налог;механика;задний;седан;серый;358 774 км;левый;5 поколение;320d MT;;
BMW;5-Series;2005;1200000;https://auto.drom.ru/kurchatov/bmw/5-series/874997427.html;Характеристики совпадают с ПТС;9 записей о регистрации;Не числится в розыске;Ограничений не обнаружено;Курчатове;дизель, 2.5 л;177 л.с., налог;АКПП;задний;седан;черный;380 000 км;левый;5 поколение;;;
BMW;X5;2005;1350000;https://auto.drom.ru/moscow/bmw/x5/53210159.html;Характеристики совпадают с ПТС;2 записи о регистрации;Не числится в розыске;Есть ограничения;Москве;бензин, 4.8 л;360 л.с., налог;АКПП;4WD;;черный;299 000 км;левый;1 поколение, рестайлинг;;документы с проблемами, имеются не оплаченные штрафы. Соответственно,если сделка состоится,закрыть их не проблема.;
BMW;3-Series;2005;875000;https://auto.drom.ru/moscow/bmw/3-series/901068438.html;Цвет не совпадает с ПТС;11 записей о регистрации;Не числится в розыске;Есть ограничения;Москве;бензин, 3.0 л;258 л.с., налог;АКПП;4WD;седан;черный;250 000 км;левый;5 поколение;330xi AT;документы с проблемами или отсутствуют;
BMW;X5;2005;1650000;https://auto.drom.ru/moscow/bmw/x5/596053556.html;Характеристики совпадают с ПТС;4 записи о регистрации;Не числится в розыске;Ограничений не обнаружено;Москве;дизель, 3.0 л;218 л.с., налог;АКПП;4WD;;черный;250 000 км;левый;1 поколение, рестайлинг;3.0d AT xDrive;;
BMW;5-Series;2005;900000;https://auto.drom.ru/togliatti/bmw/5-series/274023072.html;Характеристики совпадают с ПТС;5 записей о регистрации;Не числится в розыске;Ограничений не обнаружено;Тольятти;бензин, 2.5 л;218 л.с., налог;АКПП;задний;седан;черный;200 000 км;левый;5 поколение;;;
BMW;3-Series;2005;850000;https://auto.drom.ru/moscow/bmw/3-series/644915486.html;Характеристики совпадают с ПТС;3 записи о регистрации;Не числится в розыске;Ограничений не обнаружено;Москве;бензин, 2.5 л;218 л.с., налог;АКПП;задний;седан;серый;359 000 км;левый;5 поколение;325i AT;;
BMW;X5;2005;1425000;https://auto.drom.ru/kolomna/bmw/x5/52224181.html;Характеристики совпадают с ПТС;5 записей о регистрации;Не числится в розыске;Ограничений не обнаружено;Коломне;дизель, 3.0 л;218 л.с., налог;АКПП;4WD;;черный;345 000 км;левый;1 поколение, рестайлинг;3.0d AT xDrive;;
BMW;X5;2005;1500000;https://auto.drom.ru/volgograd/bmw/x5/45222808.html;Объем двигателя не совпадает с ПТС;5 записей о регистрации;Не числится в розыске;Ограничений не обнаружено;Волгограде;бензин, 4.4 л;320 л.с., налог;АКПП;4WD;;черный;240 000 км;левый;1 поколение, рестайлинг;4.4i AT xDrive;;
BMW;X5;2005;1700000;https://auto.drom.ru/bronnitsy/bmw/x5/52018325.html;Характеристики совпадают с ПТС;9 записей о регистрации;Не числится в розыске;Ограничений не обнаружено;Бронницах;бензин, 4.4 л;320 л.с., налог;АКПП;4WD;;черный;270 000 км;левый;1 поколение, рестайлинг;4.4i AT xDrive;;
BMW;3-Series;2005;350000;https://auto.drom.ru/moscow/bmw/3-series/649196282.html;Характеристики совпадают с ПТС;5 записей о регистрации;Не числится в розыске;Ограничений не обнаружено;Москве;бензин, 2.0 л;150 л.с., налог;АКПП;задний;седан;;240 000 км;левый;5 поколение;;требуется ремонт или не на ходу;
BMW;X3;2005;810000;https://auto.drom.ru/losino-petrovskiy/bmw/x3/53893572.html;Характеристики совпадают с ПТС;10 записей о регистрации;Не числится в розыске;Ограничений не обнаружено;Лосино-Петровском;бензин, 3.0 л;231 л.с., налог;АКПП;4WD;;черный;283 900 км;левый;1 поколение;3.0i AT;;
BMW;X5;2005;1200000;https://auto.drom.ru/elektrostal/bmw/x5/737838716.html;Характеристики совпадают с ПТС;6 записей о регистрации;Не числится в розыске;Ограничений не обнаружено;Электростали;бензин, 3.0 л;231 л.с., налог;АКПП;4WD;;серый;270 000 км;левый;1 поколение, рестайлинг;3.0i AT xDrive;;
BMW;5-Series;2005;1050000;https://auto.drom.ru/bryansk/bmw/5-series/402140785.html;Характеристики совпадают с ПТС;14 записей о регистрации;Не числится в розыске;Ограничений не обнаружено;Брянске;бензин, 2.5 л;218 л.с., налог;АКПП;задний;седан;черный;257 605 км;левый;5 поколение;;;
BMW;X5;2005;1310000;https://auto.drom.ru/spb/bmw/x5/52631338.html;Характеристики совпадают с ПТС;6 записей о регистрации;Не числится в розыске;Есть ограничения;Санкт-Петербурге;бензин, 3.0 л;231 л.с., налог;АКПП;4WD;;серый;377 769 км;левый;1 поколение, рестайлинг;3.0i AT xDrive;;
BMW;3-Series;2005;830000;https://auto.drom.ru/saratov/bmw/3-series/53496995.html;Характеристики совпадают с ПТС;;Не числится в розыске;Ограничений не обнаружено;Саратове;бензин, 2.0 л;150 л.с., налог;АКПП;задний;седан;черный;273 000 км;левый;5 поколение;320i AT;;
BMW;3-Series;2006;1100000;https://auto.drom.ru/voskresensk/bmw/3-series/53443257.html;Характеристики совпадают с ПТС;6 записей о регистрации;Не числится в розыске;Ограничений не обнаружено;Воскресенске;бензин, 2.5 л;218 л.с., налог;АКПП;задний;седан;серебристый;198 000 км;левый;5 поколение;325i AT;;
BMW;7-Series;2006;1299999;https://auto.drom.ru/kirov/bmw/7-series/51379447.html;Характеристики совпадают с ПТС;8 записей о регистрации;Не числится в розыске;Ограничений не обнаружено;Кирове;бензин, 4.0 л;306 л.с., налог;АКПП;задний;;черный;415 000 км;левый;4 поколение, рестайлинг;740i AT;;
BMW;7-Series;2006;650000;https://auto.drom.ru/tver/bmw/7-series/538179490.html;Характеристики совпадают с ПТС;14 записей о регистрации;Не числится в розыске;Ограничений не обнаружено;Твери;бензин, 4.8 л;367 л.с., налог;АКПП;задний;;черный;250 000 км;левый;4 поколение, рестайлинг;750Li AT;требуется ремонт или не на ходу;
BMW;X3;2006;1013414;https://auto.drom.ru/minsk/bmw/x3/54144211.html;;;;;Минске;бензин, 3.0 л;264 л.с., налог;автомат;4WD;;синий;218 000 км;левый;1 поколение, рестайлинг;;;
BMW;5-Series;2006;1130000;https://auto.drom.ru/voronezh/bmw/5-series/54136740.html;Характеристики совпадают с ПТС;10 записей о регистрации;Не числится в розыске;Ограничений не обнаружено;Воронеже;бензин, 2.5 л;218 л.с., налог;АКПП;4WD;седан;черный;264 803 км;левый;5 поколение;;;
BMW;5-Series;2006;1300000;https://auto.drom.ru/vologda/bmw/5-series/53822398.html;Характеристики совпадают с ПТС;4 записи о регистрации;Не числится в розыске;Ограничений не обнаружено;Вологде;дизель, 3.0 л;231 л.с., налог;АКПП;задний;седан;черный;313 000 км;левый;5 поколение;530d AT;;
BMW;5-Series;2006;1300000;https://auto.drom.ru/tver/bmw/5-series/662026301.html;;;;;Твери;дизель, 2.5 л;177 л.с., налог;АКПП;задний;седан;серый;270 000 км;левый;5 поколение;;;
BMW;X5;2006;2500000;https://auto.drom.ru/bryansk/bmw/x5/628249671.html;Характеристики совпадают с ПТС;1 запись о регистрации;Не числится в розыске;Есть ограничения;Брянске;бензин, 4.8 л;360 л.с., налог;АКПП;4WD;;черный;245 000 км;левый;1 поколение, рестайлинг;;;
BMW;5-Series;2006;1140000;https://auto.drom.ru/moscow/bmw/5-series/646607863.html;Характеристики совпадают с ПТС;3 записи о регистрации;Не числится в розыске;Ограничений не обнаружено;Москве;бензин, 3.0 л;258 л.с., налог;АКПП;4WD;седан;черный;334 439 км;левый;5 поколение;;;
BMW;X5;2006;1380000;https://auto.drom.ru/spb/bmw/x5/54098660.html;Характеристики совпадают с ПТС;5 записей о регистрации;Не числится в розыске;Ограничений не обнаружено;Санкт-Петербурге;дизель, 3.0 л;218 л.с., налог;АКПП;4WD;;черный;438 000 км;левый;1 поколение, рестайлинг;3.0d AT xDrive;;
BMW;3-Series;2006;1050000;https://auto.drom.ru/klin/bmw/3-series/54091464.html;;;;;Клину;бензин, 2.5 л;218 л.с., налог;АКПП;4WD;седан;серебристый;270 000 км;левый;5 поколение;325xi AT;;
BMW;3-Series;2006;827071;https://auto.drom.ru/minsk/bmw/3-series/53894474.html;;;;;Минске;бензин, 2.0 л;129 л.с., налог;механика;задний;седан;черный;289 000 км;левый;5 поколение;318i MT;;
BMW;3-Series;2006;650000;https://auto.drom.ru/nevel/bmw/3-series/54082224.html;;;;;Невели;дизель, 2.0 л;177 л.с., налог;механика;задний;универсал;серебристый;380 500 км;левый;5 поколение;320d MT;документы с проблемами или отсутствуют;
BMW;5-Series;2006;850000;https://auto.drom.ru/moscow/bmw/5-series/834258104.html;Характеристики совпадают с ПТС;7 записей о регистрации;Не числится в розыске;Ограничений не обнаружено;Москве;бензин, 3.0 л;258 л.с., налог;АКПП;4WD;универсал;черный;344 000 км;левый;5 поколение;;;
BMW;3-Series;2006;1300000;https://auto.drom.ru/saransk/bmw/3-series/54062883.html;Характеристики совпадают с ПТС;8 записей о регистрации;Не числится в розыске;Ограничений не обнаружено;Саранске;бензин, 2.5 л;218 л.с., налог;АКПП;задний;седан;серый;270 000 км;левый;5 поколение;325i AT;;
BMW;X3;2006;1100000;https://auto.drom.ru/nizhniy-novgorod/bmw/x3/438136829.html;Характеристики совпадают с ПТС;10 записей о регистрации;Не числится в розыске;Ограничений не обнаружено;Нижнем Новгороде;бензин, 3.0 л;231 л.с., налог;АКПП;4WD;;черный;300 000 км;левый;1 поколение;;;
BMW;1-Series;2006;900000;https://auto.drom.ru/moscow/bmw/1-series/54066480.html;Характеристики совпадают с ПТС;2 записи о регистрации;Не числится в розыске;Ограничений не обнаружено;Москве;бензин, 2.0 л;150 л.с., налог;АКПП;задний;хэтчбек 5 дв.;красный;124 000 км;левый;1 поколение;120i AT Base;;
BMW;X5;2006;1400015;https://auto.drom.ru/minsk/bmw/x5/53371883.html;;;;;Минске;бензин, 4.8 л;355 л.с., налог;АКПП;4WD;;черный;179 000 км;левый;2 поколение;xDrive 48i AT;;
BMW;7-Series;2006;800000;https://auto.drom.ru/kazan/bmw/7-series/54048127.html;Характеристики совпадают с ПТС;9 записей о регистрации;Не числится в розыске;Ограничений не обнаружено;Казани;бензин, 4.8 л;367 л.с., налог;АКПП;задний;;синий;64 000 км;левый;4 поколение, рестайлинг;750i AT;;
BMW;5-Series;2006;850000;https://auto.drom.ru/ivanovo/bmw/5-series/53215746.html;Характеристики совпадают с ПТС;7 записей о регистрации;Не числится в розыске;Ограничений не обнаружено;Иваново;бензин, 2.5 л;218 л.с., налог;АКПП;4WD;седан;серый;245 000 км;левый;5 поколение;;;
BMW;3-Series;2006;831599;https://auto.drom.ru/minsk/bmw/3-series/210205223.html;Характеристики совпадают с ПТС;2 записи о регистрации;Не числится в розыске;Ограничений не обнаружено;Минске;бензин, 2.0 л;150 л.с., налог;АКПП;задний;седан;серый;158 000 км;левый;5 поколение;320i AT;;
BMW;3-Series;2006;790000;https://auto.drom.ru/spb/bmw/3-series/377363022.html;Характеристики совпадают с ПТС;12 записей о регистрации;Не числится в розыске;Ограничений не обнаружено;Санкт-Петербурге;бензин, 2.0 л;150 л.с., налог;АКПП;задний;седан;серый;252 000 км;левый;5 поколение;320i AT;;
BMW;5-Series;2006;930000;https://auto.drom.ru/moscow/bmw/5-series/485029018.html;Характеристики совпадают с ПТС;5 записей о регистрации;Не числится в розыске;Ограничений не обнаружено;Москве;бензин, 2.5 л;218 л.с., налог;АКПП;задний;седан;серебристый;236 200 км;левый;5 поколение;;;
BMW;X5;2006;1190000;https://auto.drom.ru/kolomna/bmw/x5/456285719.html;Характеристики совпадают с ПТС;4 записи о регистрации;Не числится в розыске;Ограничений не обнаружено;Коломне;бензин, 3.0 л;231 л.с., налог;АКПП;4WD;;серебристый;398 000 км;левый;1 поколение, рестайлинг;3.0i AT xDrive;;
BMW;5-Series;2006;1000000;https://auto.drom.ru/kazan/bmw/5-series/53708785.html;Характеристики совпадают с ПТС;4 записи о регистрации;Не числится в розыске;Ограничений не обнаружено;Казани;дизель, 2.0 л;150 л.с., налог;АКПП;задний;седан;черный;295 000 км;левый;5 поколение;520d AT Edition Fleet;;
BMW;7-Series;2006;1250000;https://auto.drom.ru/pushkino/bmw/7-series/52700912.html;Характеристики совпадают с ПТС;10 записей о регистрации;Не числится в розыске;Ограничений не обнаружено;Пушкино;бензин, 4.8 л;367 л.с., налог;АКПП;задний;;черный;200 000 км;левый;4 поколение, рестайлинг;750Li AT;;
BMW;5-Series;2006;850000;https://auto.drom.ru/smolensk/bmw/5-series/356331290.html;Характеристики совпадают с ПТС;5 записей о регистрации;Не числится в розыске;Ограничений не обнаружено;Смоленске;дизель, 2.0 л;150 л.с., налог;АКПП;задний;седан;серый;530 000 км;левый;5 поколение;520d AT Edition Fleet;;
BMW;3-Series;2006;899000;https://auto.drom.ru/chehov/bmw/3-series/259904897.html;Характеристики совпадают с ПТС;8 записей о регистрации;Не числится в розыске;Ограничений не обнаружено;Чехове;бензин, 2.5 л;218 л.с., налог;АКПП;задний;седан;черный;205 793 км;левый;5 поколение;325i AT;;
BMW;5-Series;2006;870000;https://auto.drom.ru/orel/bmw/5-series/53681494.html;Характеристики совпадают с ПТС;;Не числится в розыске;Ограничений не обнаружено;Орле;бензин, 2.5 л, ГБО;218 л.с., налог;АКПП;задний;седан;белый;340 000 км;левый;5 поколение;525i AT;документы с проблемами или отсутствуют;
BMW;3-Series;2006;1250000;https://auto.drom.ru/moscow/bmw/3-series/53666529.html;Характеристики совпадают с ПТС;10 записей о регистрации;Не числится в розыске;Ограничений не обнаружено;Москве;бензин, 2.5 л;218 л.с., налог;АКПП;задний;седан;черный;360 000 км;левый;5 поколение;325i AT;;
BMW;7-Series;2006;650000;https://auto.drom.ru/nizhniy-novgorod/bmw/7-series/53665682.html;Характеристики совпадают с ПТС;8 записей о регистрации;Не числится в розыске;Ограничений не обнаружено;Нижнем Новгороде;бензин, 4.0 л;306 л.с., налог;АКПП;задний;;черный;250 000 км;левый;4 поколение, рестайлинг;;;
BMW;3-Series;2006;900000;https://auto.drom.ru/borovsk/bmw/3-series/53249527.html;Характеристики совпадают с ПТС;7 записей о регистрации;Не числится в розыске;Ограничений не обнаружено;Боровске;бензин, 2.0 л;150 л.с., налог;АКПП;задний;седан;черный;60 000 км;левый;5 поколение;320i AT;;
BMW;3-Series;2006;1000000;https://auto.drom.ru/ozery/bmw/3-series/673067898.html;Характеристики совпадают с ПТС;9 записей о регистрации;Не числится в розыске;Ограничений не обнаружено;Озёрах;бензин, 2.5 л;218 л.с., налог;АКПП;4WD;седан;серый;186 600 км;левый;5 поколение;325xi AT;;
BMW;X3;2006;879000;https://auto.drom.ru/moscow/bmw/x3/672321706.html;Характеристики совпадают с ПТС;3 записи о регистрации;Не числится в розыске;Ограничений не обнаружено;Москве;дизель, 2.0 л;150 л.с., налог;механика;4WD;;черный;283 925 км;левый;1 поколение;;;
BMW;3-Series;2006;1250000;https://auto.drom.ru/moscow/bmw/3-series/53626135.html;Характеристики совпадают с ПТС;17 записей о регистрации;Не числится в розыске;Ограничений не обнаружено;Москве;бензин, 3.0 л;258 л.с., налог;АКПП;4WD;седан;черный;280 000 км;левый;5 поколение;330xi AT;;
BMW;7-Series;2006;1300000;https://auto.drom.ru/spb/bmw/7-series/520485686.html;Характеристики совпадают с ПТС;3 записи о регистрации;Не числится в розыске;Ограничений не обнаружено;Санкт-Петербурге;бензин, 4.8 л;367 л.с., налог;АКПП;задний;;черный;204 000 км;левый;4 поколение, рестайлинг;750Li AT;;
BMW;5-Series;2006;1140000;https://auto.drom.ru/yaroslavl/bmw/5-series/53201048.html;Характеристики совпадают с ПТС;8 записей о регистрации;Не числится в розыске;Ограничений не обнаружено;Ярославле;бензин, 2.5 л;218 л.с., налог;АКПП;4WD;седан;коричневый;290 000 км;левый;5 поколение;525xi AT xDrive;;
BMW;5-Series;2006;799900;https://auto.drom.ru/nizhniy-novgorod/bmw/5-series/53196608.html;Характеристики совпадают с ПТС;9 записей о регистрации;Не числится в розыске;Ограничений не обнаружено;Нижнем Новгороде;бензин, 2.5 л;218 л.с., налог;АКПП;задний;седан;черный;250 000 км;левый;5 поколение;;;
BMW;X5;2006;2440000;https://auto.drom.ru/moscow/bmw/x5/624284633.html;Характеристики совпадают с ПТС;10 записей о регистрации;Не числится в розыске;Ограничений не обнаружено;Москве;бензин, 4.4 л;320 л.с., налог;АКПП;4WD;;черный;177 365 км;левый;1 поколение, рестайлинг;;;
BMW;X5;2006;1500000;https://auto.drom.ru/ramenskoe/bmw/x5/433705883.html;Характеристики совпадают с ПТС;1 запись о регистрации;Не числится в розыске;Ограничений не обнаружено;Раменском;дизель, 3.0 л;218 л.с., налог;АКПП;4WD;;черный;307 000 км;левый;1 поколение, рестайлинг;3.0d AT xDrive;;
BMW;X5;2006;1250000;https://auto.drom.ru/moscow/bmw/x5/53907461.html;Характеристики совпадают с ПТС;7 записей о регистрации;Не числится в розыске;Ограничений не обнаружено;Москве;дизель, 3.0 л;218 л.с., налог;АКПП;4WD;;;392 800 км;левый;1 поколение, рестайлинг;;;
BMW;5-Series;2006;1500000;https://auto.drom.ru/krasnogorsk/bmw/5-series/852045747.html;Характеристики совпадают с ПТС;1 запись о регистрации;Не числится в розыске;Ограничений не обнаружено;Красногорске;бензин, 4.0 л;306 л.с., налог;АКПП;задний;седан;серебристый;86 000 км;правый;5 поколение;540i;;
BMW;7-Series;2006;1350000;https://auto.drom.ru/minsk/bmw/7-series/53057303.html;;;;;Минске;дизель, 3.0 л;231 л.с., налог;АКПП;задний;;серый;465 000 км;левый;4 поколение, рестайлинг;730d AT;;
BMW;3-Series;2006;865000;https://auto.drom.ru/kazan/bmw/3-series/53875353.html;Характеристики совпадают с ПТС;8 записей о регистрации;Не числится в розыске;Ограничений не обнаружено;Казани;бензин, 2.5 л;218 л.с., налог;АКПП;задний;седан;черный;232 000 км;левый;5 поколение;325i AT;;
BMW;5-Series;2007;1650000;https://auto.drom.ru/moscow/bmw/5-series/53746871.html;Объем двигателя не совпадает с ПТС;12 записей о регистрации;Не числится в розыске;Ограничений не обнаружено;Москве;бензин, 3.0 л;218 л.с., налог;АКПП;задний;универсал;черный;293 000 км;левый;5 поколение, рестайлинг;525i AT;;
BMW;1-Series;2007;825000;https://auto.drom.ru/balashiha/bmw/1-series/395527115.html;Год не совпадает с ПТС;7 записей о регистрации;Не числится в розыске;Ограничений не обнаружено;Балашихе;бензин, 2.0 л;136 л.с., налог;АКПП;задний;хэтчбек 5 дв.;синий;200 000 км;левый;1 поколение, рестайлинг;118i AT Base;;
BMW;3-Series;2007;820000;https://auto.drom.ru/lipetsk/bmw/3-series/288704404.html;Характеристики совпадают с ПТС;2 записи о регистрации;Не числится в розыске;Ограничений не обнаружено;Липецке;бензин, 3.0 л;230 л.с., налог;АКПП;задний;купе;красный;255 000 км;левый;5 поколение;328i AT;;
BMW;X5;2007;1600000;https://auto.drom.ru/saratov/bmw/x5/54139449.html;Характеристики совпадают с ПТС;9 записей о регистрации;Не числится в розыске;Ограничений не обнаружено;Саратове;бензин, 4.8 л;355 л.с., налог;АКПП;4WD;;серый;270 000 км;левый;2 поколение;xDrive 48i AT Sport;;
BMW;3-Series;2007;1000000;https://auto.drom.ru/dimitrovgrad/bmw/3-series/53483464.html;Характеристики совпадают с ПТС;11 записей о регистрации;Не числится в розыске;Ограничений не обнаружено;Димитровграде;бензин, 2.5 л;218 л.с., налог;АКПП;4WD;седан;черный;246 000 км;левый;5 поколение;325xi AT;;
BMW;1-Series;2007;840000;https://auto.drom.ru/cherepovets/bmw/1-series/627469681.html;Характеристики совпадают с ПТС;4 записи о регистрации;Не числится в розыске;Ограничений не обнаружено;Череповце;бензин, 2.0 л;143 л.с., налог;автомат;задний;хэтчбек 3 дв.;белый;199 816 км;левый;;;;
BMW;5-Series;2007;1380000;https://auto.drom.ru/syzran/bmw/5-series/53834940.html;Характеристики совпадают с ПТС;7 записей о регистрации;Не числится в розыске;Ограничений не обнаружено;Сызрани;бензин, 2.5 л;218 л.с., налог;АКПП;задний;седан;серебристый;169 000 км;левый;5 поколение;525i AT;;
BMW;3-Series;2007;1090000;https://auto.drom.ru/spb/bmw/3-series/52606035.html;Характеристики совпадают с ПТС;11 записей о регистрации;Не числится в розыске;Ограничений не обнаружено;Санкт-Петербурге;бензин, 2.5 л;218 л.с., налог;АКПП;задний;купе;синий;288 000 км;левый;5 поколение;325i AT;;
BMW;5-Series;2007;1300000;https://auto.drom.ru/moscow/bmw/5-series/679484827.html;Характеристики совпадают с ПТС;5 записей о регистрации;Не числится в розыске;Ограничений не обнаружено;Москве;бензин, 3.0 л;272 л.с., налог;АКПП;4WD;седан;синий;270 000 км;левый;5 поколение, рестайлинг;530xi AT xDrive;;
BMW;X5;2007;1830000;https://auto.drom.ru/tver/bmw/x5/48519249.html;Год не совпадает с ПТС;6 записей о регистрации;Не числится в розыске;Ограничений не обнаружено;Твери;дизель, 3.0 л;286 л.с., налог;АКПП;4WD;;черный;370 000 км;левый;2 поколение;;;
BMW;X3;2007;899000;https://auto.drom.ru/voronezh/bmw/x3/54092734.html;Характеристики совпадают с ПТС;7 записей о регистрации;Не числится в розыске;Ограничений не обнаружено;Воронеже;бензин, 3.0 л;272 л.с., налог;АКПП;4WD;;черный;235 000 км;левый;1 поколение, рестайлинг;;;
BMW;X5;2007;1520000;https://auto.drom.ru/nizhniy-novgorod/bmw/x5/54089481.html;Характеристики совпадают с ПТС;8 записей о регистрации;Не числится в розыске;Ограничений не обнаружено;Нижнем Новгороде;бензин, 3.0 л;272 л.с., налог;АКПП;4WD;;черный;310 000 км;левый;2 поколение;;;
BMW;3-Series;2007;1050000;https://auto.drom.ru/moscow/bmw/3-series/51711456.html;Характеристики совпадают с ПТС;5 записей о регистрации;Не числится в розыске;Ограничений не обнаружено;Москве;бензин, 2.5 л;218 л.с., налог;АКПП;задний;седан;синий;356 000 км;левый;5 поколение;325i AT;;
BMW;X5;2007;1196712;https://auto.drom.ru/minsk/bmw/x5/823809768.html;Характеристики совпадают с ПТС;2 записи о регистрации;Не числится в розыске;Ограничений не обнаружено;Минске;бензин, 3.0 л;264 л.с., налог;АКПП;4WD;;серебристый;265 000 км;левый;2 поколение;xDrive 30i AT;;
BMW;5-Series;2007;1139000;https://auto.drom.ru/spb/bmw/5-series/365779360.html;Характеристики совпадают с ПТС;2 записи о регистрации;Не числится в розыске;Ограничений не обнаружено;Санкт-Петербурге;дизель, 2.0 л;163 л.с., налог;механика;задний;универсал;черный;379 457 км;левый;5 поколение;;;
BMW;X5;2007;1441507;https://auto.drom.ru/minsk/bmw/x5/246060463.html;;;;;Минске;бензин, 3.0 л;272 л.с., налог;АКПП;4WD;;серый;248 500 км;левый;2 поколение;;;
BMW;3-Series;2007;920000;https://auto.drom.ru/yoshkar-ola/bmw/3-series/608784057.html;Характеристики совпадают с ПТС;5 записей о регистрации;Не числится в розыске;Ограничений не обнаружено;Йошкар-Оле;бензин, 2.0 л;150 л.с., налог;АКПП;задний;седан;серебристый;220 000 км;левый;5 поколение;;;
BMW;3-Series;2007;949000;https://auto.drom.ru/yaroslavl/bmw/3-series/271426418.html;Характеристики совпадают с ПТС;3 записи о регистрации;Не числится в розыске;Ограничений не обнаружено;Ярославле;бензин, 2.0 л;170 л.с., налог;АКПП;задний;универсал;черный;360 000 км;левый;5 поколение;320i AT;;
BMW;3-Series Gran Turismo;2007;1550000;https://auto.drom.ru/moscow/bmw/3-series_gran_turismo/394603674.html;Модель не совпадает с ПТС;3 записи о регистрации;Не числится в розыске;Ограничений не обнаружено;Москве;дизель, 2.0 л;163 л.с., налог;автомат;задний;;серый;255 555 км;левый;;;;
BMW;5-Series;2007;1420000;https://auto.drom.ru/voronezh/bmw/5-series/54076358.html;Характеристики совпадают с ПТС;3 записи о регистрации;Не числится в розыске;Ограничений не обнаружено;Воронеже;дизель, 3.0 л;235 л.с., налог;АКПП;4WD;седан;черный;395 000 км;левый;5 поколение, рестайлинг;530xd AT xDrive;;
BMW;X5;2007;1691107;https://auto.drom.ru/minsk/bmw/x5/562222271.html;;;;;Минске;дизель, 3.0 л;235 л.с., налог;АКПП;4WD;;серый;340 000 км;левый;2 поколение;xDrive 30d AT;;
BMW;X5;2007;850000;https://auto.drom.ru/gorki-10/bmw/x5/266684532.html;Характеристики совпадают с ПТС;8 записей о регистрации;Не числится в розыске;Ограничений не обнаружено;Горки-10;бензин, 4.8 л;355 л.с., налог;АКПП;4WD;;черный;232 565 км;левый;2 поколение;;требуется ремонт или не на ходу;
BMW;X5;2007;1750000;https://auto.drom.ru/malahovka/bmw/x5/773829761.html;;;;;Малаховке;дизель, 3.0 л;286 л.с., налог;АКПП;4WD;;серый;190 124 км;левый;2 поколение;;;
BMW;1-Series;2007;1200000;https://auto.drom.ru/lipetsk/bmw/1-series/606855395.html;Характеристики совпадают с ПТС;6 записей о регистрации;Не числится в розыске;Ограничений не обнаружено;Липецке;бензин, 2.0 л;136 л.с., налог;АКПП;задний;хэтчбек 5 дв.;серый;214 000 км;левый;1 поколение, рестайлинг;118i AT Base;;
BMW;X5;2007;1759000;https://auto.drom.ru/volgograd/bmw/x5/903560473.html;Характеристики совпадают с ПТС;2 записи о регистрации;Не числится в розыске;Ограничений не обнаружено;Волгограде;дизель, 3.0 л;235 л.с., налог;АКПП;4WD;;серебристый;295 000 км;левый;2 поколение;xDrive 30d AT;;
BMW;7-Series;2007;1000000;https://auto.drom.ru/spb/bmw/7-series/54067535.html;Характеристики совпадают с ПТС;3 записи о регистрации;Не числится в розыске;Ограничений не обнаружено;Санкт-Петербурге;бензин, 4.0 л;306 л.с., налог;АКПП;задний;;черный;244 000 км;левый;4 поколение, рестайлинг;740Li AT;;
BMW;3-Series;2007;3000000;https://auto.drom.ru/himki/bmw/3-series/52948471.html;Характеристики совпадают с ПТС;5 записей о регистрации;Не числится в розыске;Ограничений не обнаружено;Химках;бензин, 3.0 л;306 л.с., налог;АКПП;задний;купе;серый;41 000 км;левый;5 поколение;335i AT;;
BMW;3-Series;2007;600000;https://auto.drom.ru/nizhniy-novgorod/bmw/3-series/53378618.html;Характеристики совпадают с ПТС;4 записи о регистрации;Не числится в розыске;Ограничений не обнаружено;Нижнем Новгороде;бензин, 2.0 л;156 л.с., налог;механика;задний;седан;черный;190 000 км;левый;5 поколение;320i MT;требуется ремонт или не на ходу;
BMW;X5;2007;1350000;https://auto.drom.ru/gomel/bmw/x5/852689902.html;Характеристики совпадают с ПТС;4 записи о регистрации;Не числится в розыске;Ограничений не обнаружено;Гомеле;бензин, 4.8 л;355 л.с., налог;АКПП;4WD;;черный;230 000 км;левый;2 поколение;xDrive 48i AT Luxury;;
BMW;X5;2007;1500000;https://auto.drom.ru/kazan/bmw/x5/723574296.html;Характеристики совпадают с ПТС;3 записи о регистрации;Не числится в розыске;Ограничений не обнаружено;Казани;бензин, 4.8 л;355 л.с., налог;АКПП;4WD;;белый;231 000 км;левый;2 поколение;xDrive 48i AT Luxury;;
BMW;X5;2007;1300000;https://auto.drom.ru/vladimir/bmw/x5/529202121.html;Характеристики совпадают с ПТС;6 записей о регистрации;Не числится в розыске;Ограничений не обнаружено;Владимире;бензин, 4.8 л;355 л.с., налог;АКПП;4WD;;;250 000 км;левый;2 поколение;;;
BMW;Z4;2007;1750000;https://auto.drom.ru/kazan/bmw/z4/54044206.html;Характеристики совпадают с ПТС;4 записи о регистрации;Не числится в розыске;Ограничений не обнаружено;Казани;бензин, 2.5 л;218 л.с., налог;АКПП;задний;открытый;красный;94 000 км;левый;1 поколение, рестайлинг;2.5Si AT;;
BMW;X5;2007;1499000;https://auto.drom.ru/cheboksary/bmw/x5/54042020.html;Характеристики совпадают с ПТС;5 записей о регистрации;Не числится в розыске;Ограничений не обнаружено;Чебоксарах;бензин, 3.0 л;272 л.с., налог;АКПП;4WD;;белый;246 000 км;левый;2 поколение;xDrive 30i AT;;
BMW;3-Series;2007;1009000;https://auto.drom.ru/moscow/bmw/3-series/470650810.html;Характеристики совпадают с ПТС;2 записи о регистрации;Не числится в розыске;Ограничений не обнаружено;Москве;дизель, 2.0 л;163 л.с., налог;АКПП;задний;седан;синий;310 900 км;левый;5 поколение;320d AT;;
BMW;X5;2007;1420000;https://auto.drom.ru/moscow/bmw/x5/54033550.html;Характеристики совпадают с ПТС;6 записей о регистрации;Не числится в розыске;Ограничений не обнаружено;Москве;бензин, 4.8 л;355 л.с., налог;АКПП;4WD;;серый;210 000 км;левый;2 поколение;xDrive 48i AT Sport;;
BMW;1-Series;2007;777000;https://auto.drom.ru/moscow/bmw/1-series/54022398.html;Характеристики совпадают с ПТС;9 записей о регистрации;Не числится в розыске;Есть ограничения;Москве;бензин, 2.0 л;136 л.с., налог;АКПП;задний;хэтчбек 5 дв.;черный;265 000 км;левый;1 поколение, рестайлинг;118i AT Base;;
BMW;X3;2007;1120000;https://auto.drom.ru/spb/bmw/x3/137974600.html;Мощность двигателя не совпадает с ПТС;5 записей о регистрации;Не числится в розыске;Ограничений не обнаружено;Санкт-Петербурге;бензин, 3.0 л;272 л.с., налог;АКПП;4WD;;черный;180 000 км;левый;1 поколение, рестайлинг;xDrive 30i AT;;
BMW;X5;2007;1195000;https://auto.drom.ru/moscow/bmw/x5/205344747.html;Характеристики совпадают с ПТС;8 записей о регистрации;Не числится в розыске;Ограничений не обнаружено;Москве;бензин, 4.8 л;355 л.с., налог;АКПП;4WD;;черный;345 000 км;левый;2 поколение;xDrive 48i AT Sport;;
BMW;3-Series;2007;789000;https://auto.drom.ru/moscow/bmw/3-series/166072819.html;Характеристики совпадают с ПТС;5 записей о регистрации;Не числится в розыске;Ограничений не обнаружено;Москве;бензин, 2.0 л;129 л.с., налог;АКПП;задний;седан;черный;242 115 км;левый;5 поколение;318i AT;;
BMW;3-Series;2007;1600000;https://auto.drom.ru/minsk/bmw/3-series/51610655.html;;;;;Минске;дизель, 3.0 л;231 л.с., налог;механика;задний;купе;;333 674 км;левый;5 поколение;;;
BMW;6-Series;2007;2300000;https://auto.drom.ru/krasnoznamensk-moscow/bmw/6-series/50803942.html;Характеристики совпадают с ПТС;2 записи о регистрации;Не числится в розыске;Ограничений не обнаружено;Краснознаменске;бензин, 4.8 л;367 л.с., налог;АКПП;задний;открытый;бордовый;101 208 км;левый;2 поколение, рестайлинг;650Ci AT;;
BMW;5-Series;2007;840933;https://auto.drom.ru/minsk/bmw/5-series/52838873.html;;;;;Минске;бензин, 2.5 л;218 л.с., налог;механика;задний;универсал;серебристый;378 000 км, без пробега по РФ;левый;5 поколение, рестайлинг;;;
BMW;X5;2007;1400000;https://auto.drom.ru/kaluga/bmw/x5/53306245.html;Характеристики совпадают с ПТС;4 записи о регистрации;Не числится в розыске;Ограничений не обнаружено;Калуге;бензин, 3.0 л;264 л.с., налог;АКПП;4WD;;черный;140 000 км;левый;2 поколение;xDrive 30i AT;;
BMW;X5;2007;1500000;https://auto.drom.ru/moscow/bmw/x5/53305138.html;Характеристики совпадают с ПТС;12 записей о регистрации;Не числится в розыске;Ограничений не обнаружено;Москве;бензин, 3.0 л;272 л.с., налог;АКПП;4WD;;черный;244 000 км;левый;2 поколение;xDrive 30i AT;требуется ремонт или не на ходу;
BMW;X5;2007;1599000;https://auto.drom.ru/spb/bmw/x5/523360284.html;Характеристики совпадают с ПТС;5 записей о регистрации;Не числится в розыске;Ограничений не обнаружено;Санкт-Петербурге;дизель, 3.0 л;235 л.с., налог;АКПП;4WD;;черный;335 000 км;левый;2 поколение;xDrive 30d AT;;
BMW;X5;2007;1550000;https://auto.drom.ru/moscow/bmw/x5/140830127.html;Характеристики совпадают с ПТС;10 записей о регистрации;Не числится в розыске;Ограничений не обнаружено;Москве;дизель, 3.0 л;235 л.с., налог;АКПП;4WD;;серый;270 000 км;левый;2 поколение;xDrive 30d AT;;
BMW;1-Series;2007;900000;https://auto.drom.ru/moscow/bmw/1-series/52597200.html;Характеристики совпадают с ПТС;3 записи о регистрации;Не числится в розыске;Ограничений не обнаружено;Москве;бензин, 2.0 л;129 л.с., налог;АКПП;задний;хэтчбек 5 дв.;бежевый;176 000 км;левый;1 поколение;118i AT Base;;
BMW;Z4;2007;2500000;https://auto.drom.ru/moscow/bmw/z4/51569383.html;Характеристики совпадают с ПТС;2 записи о регистрации;Не числится в розыске;Есть ограничения;Москве;бензин, 3.0 л;265 л.с., налог;АКПП;задний;открытый;золотистый;85 000 км;левый;1 поколение, рестайлинг;3.0Si AT;;
BMW;X3;2007;1200000;https://auto.drom.ru/spb/bmw/x3/798507751.html;Характеристики совпадают с ПТС;3 записи о регистрации;Не числится в розыске;Ограничений не обнаружено;Санкт-Петербурге;бензин, 3.0 л;272 л.с., налог;АКПП;4WD;;черный;190 000 км;левый;1 поколение, рестайлинг;;;
BMW;X5;2007;1950000;https://auto.drom.ru/penza/bmw/x5/571479010.html;Характеристики совпадают с ПТС;5 записей о регистрации;Не числится в розыске;Ограничений не обнаружено;Пензе;бензин, 3.0 л;264 л.с., налог;АКПП;4WD;;;150 000 км;левый;2 поколение;xDrive 30i AT;;
BMW;3-Series;2007;990000;https://auto.drom.ru/kazan/bmw/3-series/866212988.html;Характеристики совпадают с ПТС;4 записи о регистрации;Не числится в розыске;Ограничений не обнаружено;Казани;бензин, 2.5 л;218 л.с., налог;АКПП;4WD;седан;;300 000 км;левый;5 поколение;325xi AT;;
BMW;5-Series;2007;2395000;https://auto.drom.ru/moscow/bmw/5-series/52824509.html;Характеристики совпадают с ПТС;2 записи о регистрации;Не числится в розыске;Ограничений не обнаружено;Москве;бензин, 2.5 л;218 л.с., налог;АКПП;4WD;седан;бордовый;57 838 км;левый;5 поколение;525xi AT xDrive;;
