Бренд;Модель;Год;Цена;URL;ПТС;Владельцы;Розыск;Ограничения;Город;Двигатель;Мощность;Коробка передач;Привод;Тип кузова;Цвет;Пробег;Руль;Поколение;Комплектация;
BMW;X7;2019;7999000;https://auto.drom.ru/nizhniy-novgorod/bmw/x7/53207250.html;;;;;Нижнем Новгороде;бензин, 3.0 л;340 л.с., налог;АКПП;4WD;;черный;39 169 км, без пробега по РФ;левый;1 поколение;xDrive40i AT M Sport Pure;
BMW;X7;2019;6639893;https://auto.drom.ru/minsk/bmw/x7/53621530.html;;;;;Минске;бензин, 3.0 л;340 л.с., налог;АКПП;4WD;;;37 000 км;левый;1 поколение;;
BMW;X7;2019;8158000;https://auto.drom.ru/nizhniy-novgorod/bmw/x7/113719707.html;;;;;Нижнем Новгороде;бензин, 3.0 л;340 л.с., налог;АКПП;4WD;;синий;57 000 км, без пробега по РФ;левый;1 поколение;;
BMW;5-Series;2019;3650000;https://auto.drom.ru/spb/bmw/5-series/701026577.html;Характеристики совпадают с ПТС;3 записи о регистрации;Не числится в розыске;Ограничений не обнаружено;Санкт-Петербурге;дизель, 2.0 л;190 л.с., налог;АКПП;4WD;седан;синий;118 348 км;левый;7 поколение;;
BMW;X1;2019;3205000;https://auto.drom.ru/spb/bmw/x1/260211039.html;Характеристики совпадают с ПТС;1 запись о регистрации;Не числится в розыске;Ограничений не обнаружено;Санкт-Петербурге;бензин, 2.0 л;192 л.с., налог;автомат;4WD;;белый;52 000 км;левый;2 поколение;;
BMW;3-Series;2019;4400000;https://auto.drom.ru/moscow/bmw/3-series/192776811.html;Характеристики совпадают с ПТС;2 записи о регистрации;Не числится в розыске;Ограничений не обнаружено;Москве;бензин, 2.0 л;258 л.с., налог;АКПП;4WD;седан;черный;46 500 км;левый;7 поколение;330i AT xDrive M Sport;
BMW;X3;2019;4230000;https://auto.drom.ru/moscow/bmw/x3/150453850.html;;;;;Москве;дизель, 2.0 л;190 л.с., налог;АКПП;4WD;;синий;95 000 км;левый;3 поколение;xDrive 20d AT M Sport;
BMW;7-Series;2019;6890000;https://auto.drom.ru/moscow/bmw/7-series/535743327.html;Характеристики совпадают с ПТС;2 записи о регистрации;Не числится в розыске;Ограничений не обнаружено;Москве;бензин, 4.4 л;450 л.с., налог;АКПП;4WD;;черный;48 116 км;левый;6 поколение;750i AT xDrive;
BMW;7-Series;2019;5800000;https://auto.drom.ru/moscow/bmw/7-series/516194702.html;Характеристики совпадают с ПТС;1 запись о регистрации;Не числится в розыске;Ограничений не обнаружено;Москве;дизель, 3.0 л;249 л.с., налог;АКПП;4WD;;черный;133 000 км;левый;6 поколение, рестайлинг;730Ld AT xDrive Base;
BMW;X7;2019;8250000;https://auto.drom.ru/moscow/bmw/x7/920195094.html;Характеристики совпадают с ПТС;2 записи о регистрации;Не числится в розыске;Ограничений не обнаружено;Москве;дизель, 3.0 л;249 л.с., налог;АКПП;4WD;;черный;82 529 км;левый;1 поколение;;
BMW;7-Series;2019;6888000;https://auto.drom.ru/moscow/bmw/7-series/596918144.html;Характеристики совпадают с ПТС;1 запись о регистрации;Не числится в розыске;Ограничений не обнаружено;Москве;дизель, 3.0 л;400 л.с., налог;АКПП;4WD;;синий;91 350 км;левый;6 поколение, рестайлинг;;
BMW;7-Series;2019;7300000;https://auto.drom.ru/moscow/bmw/7-series/442574377.html;Характеристики совпадают с ПТС;2 записи о регистрации;Не числится в розыске;Ограничений не обнаружено;Москве;дизель, 3.0 л;320 л.с., налог;АКПП;4WD;;черный;30 000 км;левый;6 поколение, рестайлинг;;
BMW;3-Series;2019;3670000;https://auto.drom.ru/spb/bmw/3-series/635815115.html;Характеристики совпадают с ПТС;3 записи о регистрации;Не числится в розыске;Ограничений не обнаружено;Санкт-Петербурге;дизель, 2.0 л;190 л.с., налог;АКПП;задний;седан;черный;45 767 км;левый;;;
BMW;5-Series;2019;4850000;https://auto.drom.ru/spb/bmw/5-series/696170973.html;Характеристики совпадают с ПТС;1 запись о регистрации;Не числится в розыске;Ограничений не обнаружено;Санкт-Петербурге;дизель, 3.0 л;265 л.с., налог;АКПП;4WD;седан;черный;110 000 км;левый;7 поколение;530d AT xDrive;
BMW;5-Series;2019;4000000;https://auto.drom.ru/moscow/bmw/5-series/53959191.html;Характеристики совпадают с ПТС;2 записи о регистрации;Не числится в розыске;Ограничений не обнаружено;Москве;бензин, 2.0 л;184 л.с., налог;АКПП;задний;седан;белый;78 385 км;левый;7 поколение;520i AT Business;
BMW;X4;2019;4619000;https://auto.drom.ru/voronezh/bmw/x4/53957710.html;Характеристики совпадают с ПТС;2 записи о регистрации;Не числится в розыске;Ограничений не обнаружено;Воронеже;дизель, 2.0 л;190 л.с., налог;АКПП;4WD;;черный;125 173 км;левый;2 поколение;;
BMW;1-Series;2019;2000000;https://auto.drom.ru/spb/bmw/1-series/53618708.html;Характеристики совпадают с ПТС;6 записей о регистрации;Не числится в розыске;Ограничений не обнаружено;Санкт-Петербурге;бензин, 1.5 л;136 л.с., налог;АКПП;задний;хэтчбек 5 дв.;синий;56 000 км;левый;2 поколение, 2 рестайлинг;118i AT Model М Sport;
BMW;X3;2019;3995000;https://auto.drom.ru/borisoglebsk/bmw/x3/53612008.html;Характеристики совпадают с ПТС;1 запись о регистрации;Не числится в розыске;Ограничений не обнаружено;Борисоглебске;дизель, 2.0 л;190 л.с., налог;АКПП;4WD;;черный;75 671 км;левый;3 поколение;;
BMW;8-Series;2019;6300000;https://auto.drom.ru/moscow/bmw/8-series/53261366.html;Характеристики совпадают с ПТС;1 запись о регистрации;Не числится в розыске;Ограничений не обнаружено;Москве;дизель, 3.0 л;320 л.с., налог;АКПП;4WD;купе;черный;78 000 км;левый;2 поколение;840d AT xDrive Base;
BMW;8-Series;2019;7520000;https://auto.drom.ru/minsk/bmw/8-series/53216026.html;;;;;Минске;дизель, 3.0 л;320 л.с., налог;автомат;4WD;открытый;оранжевый;86 742 км;левый;2 поколение;;
BMW;3-Series;2019;2965000;https://auto.drom.ru/spb/bmw/3-series/53210778.html;Характеристики совпадают с ПТС;2 записи о регистрации;Не числится в розыске;Ограничений не обнаружено;Санкт-Петербурге;дизель, 2.0 л;190 л.с., налог;АКПП;4WD;седан;белый;84 000 км;левый;;;
BMW;3-Series;2019;3650000;https://auto.drom.ru/moscow/bmw/3-series/53209839.html;Характеристики совпадают с ПТС;2 записи о регистрации;Не числится в розыске;Есть ограничения;Москве;дизель, 2.0 л;190 л.с., налог;АКПП;задний;седан;белый;105 000 км;левый;7 поколение;;
BMW;1-Series;2019;2380000;https://auto.drom.ru/spb/bmw/1-series/52765492.html;;;;;Санкт-Петербурге;дизель, 1.5 л;116 л.с., налог;автомат;передний;хэтчбек 5 дв.;черный;119 500 км;левый;;;
BMW;X5;2019;6889000;https://auto.drom.ru/moscow/bmw/x5/52758332.html;;;;;Москве;дизель, 3.0 л;249 л.с., налог;АКПП;4WD;;синий;55 000 км;левый;4 поколение;;
BMW;5-Series;2019;6200000;https://auto.drom.ru/moscow/bmw/5-series/52331179.html;Характеристики совпадают с ПТС;2 записи о регистрации;Не числится в розыске;Ограничений не обнаружено;Москве;дизель, 3.0 л;249 л.с., налог;АКПП;4WD;седан;серый;59 900 км;левый;7 поколение;530d AT xDrive M Sport;
BMW;X2;2019;2731000;https://auto.drom.ru/spb/bmw/x2/52319716.html;Характеристики совпадают с ПТС;2 записи о регистрации;Не числится в розыске;Ограничений не обнаружено;Санкт-Петербурге;бензин, 2.0 л;192 л.с., налог;автомат;4WD;;синий;110 010 км;левый;1 поколение;;
BMW;5-Series;2019;4250000;https://auto.drom.ru/moscow/bmw/5-series/443819818.html;Характеристики совпадают с ПТС;1 запись о регистрации;Не числится в розыске;Ограничений не обнаружено;Москве;дизель, 2.0 л;190 л.с., налог;АКПП;задний;седан;черный;64 000 км;левый;7 поколение;520d AT Sport Line;
BMW;X4;2019;3938000;https://auto.drom.ru/himki/bmw/x4/445683744.html;Характеристики совпадают с ПТС;1 запись о регистрации;Не числится в розыске;Ограничений не обнаружено;Химках;бензин, 2.0 л;184 л.с., налог;АКПП;4WD;;серый;78 568 км;левый;2 поколение;;
BMW;3-Series;2019;3190000;https://auto.drom.ru/moscow/bmw/3-series/52611570.html;;;;;Москве;дизель, 2.0 л;150 л.с., налог;АКПП;задний;седан;белый;75 000 км, без пробега по РФ;левый;7 поколение;318d AT Luxury;
BMW;X6;2019;5299000;https://auto.drom.ru/moscow/bmw/x6/763701709.html;Характеристики совпадают с ПТС;3 записи о регистрации;Не числится в розыске;Ограничений не обнаружено;Москве;дизель, 3.0 л;249 л.с., налог;АКПП;4WD;;белый;72 400 км;левый;;;
BMW;5-Series;2019;3550000;https://auto.drom.ru/spb/bmw/5-series/484405729.html;Характеристики совпадают с ПТС;4 записи о регистрации;Не числится в розыске;Ограничений не обнаружено;Санкт-Петербурге;дизель, 2.0 л;190 л.с., налог;АКПП;4WD;седан;серый;80 000 км;левый;7 поколение;;
BMW;5-Series;2019;3490000;https://auto.drom.ru/kazan/bmw/5-series/906043324.html;;;;;Казани;дизель, 2.0 л;190 л.с., налог;АКПП;4WD;универсал;черный;86 000 км, без пробега по РФ;левый;7 поколение;520d AT xDrive;
BMW;3-Series;2019;3999999;https://auto.drom.ru/sergiev-posad/bmw/3-series/51798696.html;Характеристики совпадают с ПТС;1 запись о регистрации;Не числится в розыске;Ограничений не обнаружено;Сергиевом Посаде;дизель, 2.0 л;190 л.с., налог;АКПП;задний;седан;серый;58 674 км;левый;7 поколение;320d AT Advantage;
BMW;5-Series;2019;4450000;https://auto.drom.ru/moscow/bmw/5-series/352069017.html;Мощность двигателя не совпадает с ПТС;3 записи о регистрации;Не числится в розыске;Ограничений не обнаружено;Москве;дизель, 3.0 л;265 л.с., налог;АКПП;4WD;седан;белый;95 000 км;левый;7 поколение;530d AT xDrive;
BMW;6-Series;2019;3990000;https://auto.drom.ru/moscow/bmw/6-series/341682620.html;;;;;Москве;дизель, 2.0 л;190 л.с., налог;автомат;4WD;купе;синий;119 935 км;левый;;;
BMW;5-Series;2019;4890000;https://auto.drom.ru/moscow/bmw/5-series/343985137.html;;;;;Москве;дизель, 3.0 л;249 л.с., налог;АКПП;4WD;седан;черный;95 405 км;левый;7 поколение;;
BMW;8-Series;2019;8700000;https://auto.drom.ru/moscow/bmw/8-series/53949922.html;Характеристики совпадают с ПТС;1 запись о регистрации;Не числится в розыске;Ограничений не обнаружено;Москве;бензин, 4.4 л;530 л.с., налог;АКПП;4WD;купе;серый;41 686 км;левый;2 поколение;M850i AT xDrive Base;
BMW;X3;2019;4599000;https://auto.drom.ru/moscow/bmw/x3/53950157.html;;;;;Москве;дизель, 3.0 л;265 л.с., налог;автомат;4WD;;черный;77 500 км;левый;;;
BMW;X6;2019;4777000;https://auto.drom.ru/spb/bmw/x6/53610952.html;Характеристики совпадают с ПТС;3 записи о регистрации;Не числится в розыске;Ограничений не обнаружено;Санкт-Петербурге;дизель, 3.0 л;249 л.с., налог;АКПП;4WD;;черный;76 000 км;левый;;;
BMW;X4;2019;3949000;https://auto.drom.ru/spb/bmw/x4/53200579.html;Характеристики совпадают с ПТС;1 запись о регистрации;Не числится в розыске;Ограничений не обнаружено;Санкт-Петербурге;дизель, 2.0 л;190 л.с., налог;АКПП;4WD;;черный;82 200 км;левый;2 поколение;xDrive 20d AT M Sport;
BMW;3-Series;2019;4469000;https://auto.drom.ru/moscow/bmw/3-series/53192965.html;Характеристики совпадают с ПТС;1 запись о регистрации;Не числится в розыске;Ограничений не обнаружено;Москве;дизель, 3.0 л;265 л.с., налог;АКПП;задний;седан;черный;59 000 км;левый;7 поколение;;
BMW;3-Series;2019;3079400;https://auto.drom.ru/moscow/bmw/3-series/52742834.html;Характеристики совпадают с ПТС;1 запись о регистрации;Не числится в розыске;Ограничений не обнаружено;Москве;дизель, 2.0 л;150 л.с., налог;АКПП;задний;седан;серый;88 000 км;левый;;;
BMW;X3;2019;3200000;https://auto.drom.ru/minsk/bmw/x3/52311961.html;;;;;Минске;бензин, 2.0 л;252 л.с., налог;автомат;4WD;;черный;49 000 км;левый;3 поколение;;
BMW;5-Series;2019;3750000;https://auto.drom.ru/spb/bmw/5-series/928089028.html;Характеристики совпадают с ПТС;4 записи о регистрации;Не числится в розыске;Ограничений не обнаружено;Санкт-Петербурге;бензин, 2.0 л;184 л.с., налог;АКПП;задний;седан;серый;68 000 км;левый;7 поколение;520i AT Business;
BMW;3-Series;2019;4350000;https://auto.drom.ru/moscow/bmw/3-series/137964043.html;Характеристики совпадают с ПТС;2 записи о регистрации;Не числится в розыске;Ограничений не обнаружено;Москве;дизель, 2.0 л;190 л.с., налог;АКПП;задний;седан;черный;31 123 км;левый;7 поколение;;
BMW;3-Series;2019;2800000;https://auto.drom.ru/moscow/bmw/3-series/51984735.html;;;;;Москве;дизель, 2.0 л;150 л.с., налог;АКПП;задний;универсал;серый;79 000 км;левый;7 поколение;;
BMW;X3;2019;4270000;https://auto.drom.ru/spb/bmw/x3/227588992.html;Характеристики совпадают с ПТС;1 запись о регистрации;Не числится в розыске;Ограничений не обнаружено;Санкт-Петербурге;дизель, 2.0 л;190 л.с., налог;АКПП;4WD;;серый;60 047 км;левый;3 поколение;xDrive 20d AT Base;
BMW;X5;2019;7065000;https://auto.drom.ru/moscow/bmw/x5/639386135.html;Характеристики совпадают с ПТС;1 запись о регистрации;Не числится в розыске;Ограничений не обнаружено;Москве;дизель, 3.0 л;400 л.с., налог;АКПП;4WD;;черный;122 625 км;левый;4 поколение;;
BMW;X4;2019;4500000;https://auto.drom.ru/penza/bmw/x4/53948166.html;;;;;Пензе;дизель, 2.0 л;190 л.с., налог;АКПП;4WD;;бордовый;74 900 км, без пробега по РФ;левый;2 поколение;xDrive 20d AT xLine;
BMW;7-Series;2019;5250000;https://auto.drom.ru/minsk/bmw/7-series/653151169.html;;;;;Минске;дизель, 3.0 л;320 л.с., налог;АКПП;4WD;;черный;97 000 км, без пробега по РФ;левый;6 поколение, рестайлинг;740d AT xDrive Base;
BMW;6-Series Gran Turismo;2019;4349000;https://auto.drom.ru/spb/bmw/6-series_gran_turismo/757566093.html;Цвет не совпадает с ПТС;1 запись о регистрации;Не числится в розыске;Ограничений не обнаружено;Санкт-Петербурге;дизель, 2.0 л;190 л.с., налог;АКПП;4WD;;черный;90 917 км;левый;1 поколение;;
BMW;5-Series;2019;5200000;https://auto.drom.ru/moscow/bmw/5-series/113272077.html;;;;;Москве;дизель, 3.0 л;320 л.с., налог;АКПП;4WD;седан;черный;73 000 км;левый;7 поколение;540d AT xDrive;документы с проблемами или отсутствуют;
BMW;i3;2019;2960000;https://auto.drom.ru/domodedovo/bmw/i3/51624469.html;Мощность двигателя не совпадает с ПТС;1 запись о регистрации;Не числится в розыске;Ограничений не обнаружено;Домодедово;электро;184 л.с., налог;АКПП;задний;хэтчбек 5 дв.;черный;34 000 км;левый;1 поколение, рестайлинг;i3s 120 Ah;;
BMW;6-Series Gran Turismo;2019;4859000;https://auto.drom.ru/spb/bmw/6-series_gran_turismo/52274658.html;Характеристики совпадают с ПТС;4 записи о регистрации;Не числится в розыске;Ограничений не обнаружено;Санкт-Петербурге;дизель, 3.0 л;249 л.с., налог;АКПП;4WD;;черный;60 838 км;левый;1 поколение;;;
BMW;X3;2019;4250000;https://auto.drom.ru/penza/bmw/x3/53720593.html;;;;;Пензе;дизель, 2.0 л;190 л.с., налог;АКПП;4WD;;серый;53 000 км, без пробега по РФ;левый;3 поколение;xDrive 20d AT xLine;;
BMW;X3;2019;3200000;https://auto.drom.ru/minsk/bmw/x3/52650349.html;;;;;Минске;бензин, 2.0 л;249 л.с., налог;АКПП;4WD;;черный;81 500 км, без пробега по РФ;левый;3 поколение;;;
BMW;X5;2019;6350000;https://auto.drom.ru/moscow/bmw/x5/53948406.html;Характеристики совпадают с ПТС;1 запись о регистрации;Не числится в розыске;Ограничений не обнаружено;Москве;бензин, 3.0 л;340 л.с., налог;АКПП;4WD;;черный;87 000 км;левый;4 поколение;;;
BMW;7-Series;2019;5999000;https://auto.drom.ru/yaroslavl/bmw/7-series/53946568.html;Характеристики совпадают с ПТС;2 записи о регистрации;Не числится в розыске;Ограничений не обнаружено;Ярославле;бензин, 4.4 л;450 л.с., налог;АКПП;4WD;;черный;103 790 км;левый;6 поколение;750i AT xDrive;;
BMW;X3;2019;3000000;https://auto.drom.ru/moscow/bmw/x3/53768206.html;;;;;Москве;дизель, 2.0 л;190 л.с., налог;АКПП;4WD;;белый;169 000 км;левый;3 поколение;xDrive 20d AT xLine;;
BMW;X3;2019;3800000;https://auto.drom.ru/spb/bmw/x3/53598085.html;;;;;Санкт-Петербурге;дизель, 2.0 л;190 л.с., налог;АКПП;4WD;;черный;111 000 км, без пробега по РФ;левый;3 поколение;xDrive 20d AT xLine;;
BMW;2-Series Active Tourer;2019;2500000;https://auto.drom.ru/kazan/bmw/2-series_active_tourer/53594068.html;Характеристики совпадают с ПТС;1 запись о регистрации;Не числится в розыске;Ограничений не обнаружено;Казани;бензин, 1.5 л;140 л.с., налог;робот;передний;;черный;66 380 км;левый;1 поколение, рестайлинг;;;
BMW;5-Series;2019;4650000;https://auto.drom.ru/moscow/bmw/5-series/53592326.html;Характеристики совпадают с ПТС;1 запись о регистрации;Не числится в розыске;Ограничений не обнаружено;Москве;дизель, 3.0 л;249 л.с., налог;АКПП;4WD;седан;белый;104 000 км;левый;7 поколение;530d AT xDrive M Sport;;
BMW;X3;2019;3800000;https://auto.drom.ru/moscow/bmw/x3/53591677.html;Характеристики совпадают с ПТС;2 записи о регистрации;Не числится в розыске;Ограничений не обнаружено;Москве;дизель, 2.0 л;190 л.с., налог;АКПП;4WD;;черный;49 122 км;левый;3 поколение;xDrive 20d AT xLine;;
BMW;8-Series;2019;9440000;https://auto.drom.ru/spb/bmw/8-series/53587282.html;;;;;Санкт-Петербурге;бензин, 4.4 л;530 л.с., налог;АКПП;4WD;открытый;черный;32 045 км;левый;2 поколение;M850i AT xDrive Base;;
BMW;X7;2019;9300000;https://auto.drom.ru/moscow/bmw/x7/53187102.html;Характеристики совпадают с ПТС;2 записи о регистрации;Не числится в розыске;Ограничений не обнаружено;Москве;дизель, 3.0 л;400 л.с., налог;АКПП;4WD;;черный;94 800 км;левый;1 поколение;;;
BMW;X3;2019;3650000;https://auto.drom.ru/spb/bmw/x3/53186838.html;;;;;Санкт-Петербурге;бензин, 2.0 л;184 л.с., налог;АКПП;4WD;;черный;72 850 км;левый;3 поколение;;;
BMW;X5;2019;6799000;https://auto.drom.ru/yaroslavl/bmw/x5/53186693.html;;;;;Ярославле;дизель, 3.0 л;265 л.с., налог;АКПП;4WD;;черный;93 209 км;левый;4 поколение;;;
BMW;X7;2019;9990000;https://auto.drom.ru/moscow/bmw/x7/52739182.html;;;;;Москве;дизель, 3.0 л;400 л.с., налог;АКПП;4WD;;черный;79 768 км;левый;1 поколение;;;
BMW;5-Series;2019;3250000;https://auto.drom.ru/moscow/bmw/5-series/52342734.html;;;;;Москве;дизель, 2.0 л;150 л.с., налог;автомат;задний;седан;серый;62 000 км, без пробега по РФ;левый;7 поколение;;;
BMW;X5;2019;5717400;https://auto.drom.ru/moscow/bmw/x5/120510715.html;Характеристики совпадают с ПТС;2 записи о регистрации;Не числится в розыске;Ограничений не обнаружено;Москве;дизель, 3.0 л;249 л.с., налог;АКПП;4WD;;белый;124 651 км;левый;4 поколение;;;
BMW;X6;2019;5750000;https://auto.drom.ru/moscow/bmw/x6/310976017.html;Характеристики совпадают с ПТС;1 запись о регистрации;Не числится в розыске;Ограничений не обнаружено;Москве;дизель, 3.0 л;249 л.с., налог;АКПП;4WD;;черный;34 500 км;левый;2 поколение;xDrive 30d AT M Sport Pure;;
BMW;X4;2019;4970000;https://auto.drom.ru/moscow/bmw/x4/838188684.html;Характеристики совпадают с ПТС;2 записи о регистрации;Не числится в розыске;Ограничений не обнаружено;Москве;дизель, 2.0 л;190 л.с., налог;АКПП;4WD;;белый;62 043 км;левый;2 поколение;;;
BMW;3-Series;2019;2850000;https://auto.drom.ru/minsk/bmw/3-series/879578756.html;;;;;Минске;дизель, 3.0 л;265 л.с., налог;АКПП;4WD;универсал;черный;226 000 км;левый;7 поколение;330d AT xDrive Advantage;;
BMW;6-Series;2019;4850000;https://auto.drom.ru/moscow/bmw/6-series/53128863.html;Характеристики совпадают с ПТС;1 запись о регистрации;Не числится в розыске;Ограничений не обнаружено;Москве;бензин, 2.0 л;249 л.с., налог;автомат;задний;купе;черный;84 000 км;левый;;;;
BMW;X4;2019;4750000;https://auto.drom.ru/spb/bmw/x4/187565672.html;;;;;Санкт-Петербурге;дизель, 2.0 л;190 л.с., налог;АКПП;4WD;;серый;77 810 км;левый;2 поколение;;;
BMW;3-Series;2019;2895000;https://auto.drom.ru/spb/bmw/3-series/894628643.html;;;;;Санкт-Петербурге;дизель, 2.0 л;150 л.с., налог;АКПП;задний;седан;белый;74 000 км;левый;7 поколение;318d AT Base;;
BMW;2-Series Gran Tourer;2019;2500000;https://auto.drom.ru/moscow/bmw/2-series_gran_tourer/611154925.html;Характеристики совпадают с ПТС;1 запись о регистрации;Не числится в розыске;Ограничений не обнаружено;Москве;дизель, 2.0 л;150 л.с., налог;АКПП;передний;;серый;140 000 км;левый;1 поколение, рестайлинг;218d AT;;
BMW;X7;2019;10200000;https://auto.drom.ru/moscow/bmw/x7/348224183.html;;;;;Москве;дизель, 3.0 л;400 л.с., налог;АКПП;4WD;;черный;39 644 км;левый;1 поколение;;;
BMW;7-Series;2019;5200000;https://auto.drom.ru/minsk/bmw/7-series/825527485.html;;;;;Минске;дизель, 3.0 л;286 л.с., налог;автомат;задний;;белый;117 000 км;левый;6 поколение, рестайлинг;;;
BMW;3-Series;2019;4050000;https://auto.drom.ru/moscow/bmw/3-series/432619746.html;Характеристики совпадают с ПТС;2 записи о регистрации;Не числится в розыске;Ограничений не обнаружено;Москве;дизель, 2.0 л;190 л.с., налог;АКПП;4WD;седан;черный;58 638 км;левый;;;;
BMW;X7;2019;8149000;https://auto.drom.ru/moscow/bmw/x7/261882406.html;Характеристики совпадают с ПТС;2 записи о регистрации;Не числится в розыске;Ограничений не обнаружено;Москве;дизель, 3.0 л;249 л.с., налог;АКПП;4WD;;коричневый;55 313 км;левый;1 поколение;;;
BMW;6-Series Gran Turismo;2019;1730000;https://auto.drom.ru/moscow/bmw/6-series_gran_turismo/53935820.html;Характеристики совпадают с ПТС;1 запись о регистрации;Не числится в розыске;Ограничений не обнаружено;Москве;дизель, 3.0 л;320 л.с., налог;АКПП;4WD;;черный;22 000 км;левый;1 поколение;640d AT xDrive M Sport;требуется ремонт или не на ходу;
BMW;X3;2019;3849999;https://auto.drom.ru/cherepovets/bmw/x3/53173397.html;;;;;Череповце;бензин, 2.0 л;184 л.с., налог;АКПП;4WD;;синий;38 800 км;левый;3 поколение;;;
BMW;6-Series Gran Turismo;2019;4500000;https://auto.drom.ru/obninsk/bmw/6-series_gran_turismo/171712479.html;Характеристики совпадают с ПТС;4 записи о регистрации;Не числится в розыске;Ограничений не обнаружено;Обнинске;дизель, 3.0 л;249 л.с., налог;АКПП;4WD;;белый;131 200 км;левый;1 поколение;630d AT xDrive M Sport;;
BMW;2-Series;2019;2381000;https://auto.drom.ru/moscow/bmw/2-series/53581504.html;Характеристики совпадают с ПТС;3 записи о регистрации;Не числится в розыске;Ограничений не обнаружено;Москве;бензин, 1.5 л;136 л.с., налог;АКПП;задний;купе;голубой;56 000 км;левый;1 поколение, рестайлинг;;;
BMW;X6;2019;8397000;https://auto.drom.ru/moscow/bmw/x6/649574855.html;Характеристики совпадают с ПТС;1 запись о регистрации;Не числится в розыске;Ограничений не обнаружено;Москве;бензин, 4.4 л;530 л.с., налог;АКПП;4WD;;зеленый;77 745 км;левый;3 поколение;;;
BMW;5-Series;2019;4810000;https://auto.drom.ru/spb/bmw/5-series/53938475.html;Характеристики совпадают с ПТС;3 записи о регистрации;Не числится в розыске;Ограничений не обнаружено;Санкт-Петербурге;дизель, 3.0 л;249 л.с., налог;АКПП;4WD;седан;серый;62 000 км;левый;7 поколение;;;
BMW;7-Series;2019;6449000;https://auto.drom.ru/spb/bmw/7-series/53936511.html;Характеристики совпадают с ПТС;3 записи о регистрации;Не числится в розыске;Ограничений не обнаружено;Санкт-Петербурге;дизель, 3.0 л;249 л.с., налог;АКПП;4WD;;черный;97 382 км;левый;6 поколение, рестайлинг;;;
BMW;5-Series;2019;3599000;https://auto.drom.ru/himki/bmw/5-series/395349047.html;Характеристики совпадают с ПТС;1 запись о регистрации;Не числится в розыске;Ограничений не обнаружено;Химках;бензин, 2.0 л;249 л.с., налог;АКПП;4WD;седан;синий;151 331 км;левый;7 поколение;;;
BMW;3-Series;2019;3290000;https://auto.drom.ru/penza/bmw/3-series/53584410.html;Мощность двигателя не совпадает с ПТС;1 запись о регистрации;Не числится в розыске;Ограничений не обнаружено;Пензе;дизель, 2.0 л;150 л.с., налог;механика;задний;седан;черный;110 000 км;левый;7 поколение;318d MT Advantage;;
BMW;X3;2019;3589000;https://auto.drom.ru/spb/bmw/x3/53583738.html;Характеристики совпадают с ПТС;1 запись о регистрации;Не числится в розыске;Ограничений не обнаружено;Санкт-Петербурге;дизель, 2.0 л;190 л.с., налог;АКПП;4WD;;синий;73 890 км;левый;3 поколение;xDrive 20d AT Base;;
BMW;5-Series;2019;4398000;https://auto.drom.ru/moscow/bmw/5-series/53581164.html;Характеристики совпадают с ПТС;3 записи о регистрации;Не числится в розыске;Ограничений не обнаружено;Москве;дизель, 3.0 л;249 л.с., налог;АКПП;4WD;седан;серый;105 812 км;левый;7 поколение;;;
BMW;X5;2019;5999999;https://auto.drom.ru/spb/bmw/x5/53578990.html;Характеристики совпадают с ПТС;1 запись о регистрации;Не числится в розыске;Ограничений не обнаружено;Санкт-Петербурге;бензин, 3.0 л;340 л.с., налог;АКПП;4WD;;черный;132 852 км;левый;4 поколение;;;
BMW;X5;2019;5100000;https://auto.drom.ru/moscow/bmw/x5/53171746.html;Характеристики совпадают с ПТС;2 записи о регистрации;Не числится в розыске;Ограничений не обнаружено;Москве;бензин, 3.0 л;340 л.с., налог;АКПП;4WD;;серый;134 000 км;левый;4 поколение;xDrive40i AT xLine;;
BMW;X2;2019;3119000;https://auto.drom.ru/spb/bmw/x2/53167292.html;Характеристики совпадают с ПТС;1 запись о регистрации;Не числится в розыске;Ограничений не обнаружено;Санкт-Петербурге;дизель, 2.0 л;190 л.с., налог;АКПП;4WD;;синий;91 434 км;левый;1 поколение;;;
BMW;5-Series;2019;5555000;https://auto.drom.ru/moscow/bmw/5-series/52326794.html;Цвет не совпадает с ПТС;1 запись о регистрации;Не числится в розыске;Есть ограничения;Москве;дизель, 2.0 л;190 л.с., налог;АКПП;4WD;универсал;черный;5 500 км;левый;7 поколение;520d AT xDrive;;
BMW;X4;2019;4590000;https://auto.drom.ru/moscow/bmw/x4/851486945.html;Характеристики совпадают с ПТС;1 запись о регистрации;Не числится в розыске;Ограничений не обнаружено;Москве;дизель, 2.0 л;190 л.с., налог;АКПП;4WD;;черный;55 500 км;левый;2 поколение;;;
BMW;X6;2019;6350000;https://auto.drom.ru/moscow/bmw/x6/422319484.html;Характеристики совпадают с ПТС;3 записи о регистрации;Не числится в розыске;Ограничений не обнаружено;Москве;дизель, 3.0 л;313 л.с., налог;АКПП;4WD;;черный;72 420 км;левый;2 поколение;;;
BMW;X6;2019;9500000;https://auto.drom.ru/moscow/bmw/x6/53927468.html;;;;;Москве;бензин, 3.0 л;340 л.с., налог;АКПП;4WD;;синий;32 394 км, без пробега по РФ;левый;3 поколение;;;
BMW;5-Series;2019;3160000;https://auto.drom.ru/moscow/bmw/5-series/53070539.html;Характеристики совпадают с ПТС;1 запись о регистрации;Не числится в розыске;Ограничений не обнаружено;Москве;дизель, 2.0 л;190 л.с., налог;АКПП;4WD;универсал;черный;117 229 км;левый;7 поколение;520d AT xDrive;;
BMW;5-Series;2019;3840000;https://auto.drom.ru/moscow/bmw/5-series/53924743.html;Характеристики совпадают с ПТС;1 запись о регистрации;Не числится в розыске;Ограничений не обнаружено;Москве;дизель, 2.0 л;190 л.с., налог;АКПП;4WD;седан;серый;69 400 км;левый;7 поколение;520d AT xDrive Business;;
BMW;3-Series;2019;3750000;https://auto.drom.ru/himki/bmw/3-series/53154253.html;Характеристики совпадают с ПТС;1 запись о регистрации;Не числится в розыске;Ограничений не обнаружено;Химках;бензин, 2.0 л;184 л.с., налог;АКПП;задний;седан;черный;97 832 км;левый;;;;
BMW;8-Series;2019;7880000;https://auto.drom.ru/belgorod/bmw/8-series/53924914.html;Характеристики совпадают с ПТС;1 запись о регистрации;Не числится в розыске;Ограничений не обнаружено;Белгороде;дизель, 3.0 л;320 л.с., налог;АКПП;4WD;купе;черный;70 000 км;левый;2 поколение;840d AT xDrive Base;;
BMW;3-Series;2019;3800000;https://auto.drom.ru/spb/bmw/3-series/53920327.html;Характеристики совпадают с ПТС;2 записи о регистрации;Не числится в розыске;Ограничений не обнаружено;Санкт-Петербурге;дизель, 2.0 л;190 л.с., налог;АКПП;4WD;седан;серый;103 000 км;левый;;;;
BMW;3-Series;2019;3290000;https://auto.drom.ru/moscow/bmw/3-series/606680673.html;Характеристики совпадают с ПТС;1 запись о регистрации;Не числится в розыске;Ограничений не обнаружено;Москве;бензин, 2.0 л;258 л.с., налог;АКПП;задний;седан;оранжевый;112 037 км;левый;7 поколение;;;
BMW;3-Series;2019;3190000;https://auto.drom.ru/spb/bmw/3-series/53569621.html;Характеристики совпадают с ПТС;1 запись о регистрации;Не числится в розыске;Ограничений не обнаружено;Санкт-Петербурге;бензин, 2.0 л;258 л.с., налог;АКПП;задний;седан;белый;130 000 км;левый;7 поколение;330i AT Sport Line;;
BMW;5-Series;2019;4159000;https://auto.drom.ru/spb/bmw/5-series/53568827.html;Характеристики совпадают с ПТС;2 записи о регистрации;Не числится в розыске;Ограничений не обнаружено;Санкт-Петербурге;дизель, 2.0 л;190 л.с., налог;АКПП;4WD;седан;черный;91 000 км;левый;7 поколение;520d AT xDrive Exclusive;;
BMW;5-Series;2019;3469900;https://auto.drom.ru/moscow/bmw/5-series/53562991.html;Характеристики совпадают с ПТС;2 записи о регистрации;Не числится в розыске;Ограничений не обнаружено;Москве;дизель, 2.0 л;190 л.с., налог;АКПП;4WD;седан;серый;92 182 км;левый;7 поколение;;;
BMW;X4;2019;4400000;https://auto.drom.ru/spb/bmw/x4/53562906.html;;;;;Санкт-Петербурге;бензин, 2.0 л;184 л.с., налог;АКПП;4WD;;черный;63 000 км;левый;2 поколение;;;
BMW;X1;2019;2998000;https://auto.drom.ru/voronezh/bmw/x1/53151179.html;Характеристики совпадают с ПТС;2 записи о регистрации;Не числится в розыске;Ограничений не обнаружено;Воронеже;дизель, 2.0 л;150 л.с., налог;АКПП;4WD;;коричневый;154 680 км;левый;2 поколение;;;
BMW;3-Series;2019;3800000;https://auto.drom.ru/moscow/bmw/3-series/593920757.html;Характеристики совпадают с ПТС;1 запись о регистрации;Не числится в розыске;Ограничений не обнаружено;Москве;бензин, 2.0 л;258 л.с., налог;АКПП;4WD;седан;белый;60 486 км;левый;7 поколение;;;
BMW;6-Series Gran Turismo;2019;3890000;https://auto.drom.ru/moscow/bmw/6-series_gran_turismo/52272116.html;Характеристики совпадают с ПТС;1 запись о регистрации;Не числится в розыске;Ограничений не обнаружено;Москве;бензин, 3.0 л;340 л.с., налог;АКПП;4WD;;белый;48 800 км, без пробега по РФ;левый;1 поколение;640i AT xDrive Luxury Line;;
BMW;6-Series Gran Turismo;2019;4695000;https://auto.drom.ru/moscow/bmw/6-series_gran_turismo/657983746.html;Характеристики совпадают с ПТС;3 записи о регистрации;Не числится в розыске;Ограничений не обнаружено;Москве;дизель, 2.0 л;190 л.с., налог;АКПП;4WD;;черный;103 788 км;левый;1 поколение;;;
BMW;X1;2019;2090000;https://auto.drom.ru/moscow/bmw/x1/657415017.html;;;;;Москве;дизель, 1.5 л;116 л.с., налог;робот;передний;;серый;168 000 км;левый;2 поколение, рестайлинг;;;
BMW;7-Series;2019;7850000;https://auto.drom.ru/spb/bmw/7-series/410548861.html;Характеристики совпадают с ПТС;1 запись о регистрации;Не числится в розыске;Ограничений не обнаружено;Санкт-Петербурге;дизель, 3.0 л;320 л.с., налог;АКПП;4WD;;черный;42 681 км;левый;6 поколение, рестайлинг;;;
BMW;X2;2019;2242000;https://auto.drom.ru/pskov/bmw/x2/388136044.html;;;;;Пскове;дизель, 1.5 л;116 л.с., налог;автомат;передний;;синий;53 000 км, без пробега по РФ;левый;1 поколение;;;
BMW;X5;2019;6299000;https://auto.drom.ru/spb/bmw/x5/52396403.html;Характеристики совпадают с ПТС;2 записи о регистрации;Не числится в розыске;Ограничений не обнаружено;Санкт-Петербурге;дизель, 3.0 л;265 л.с., налог;АКПП;4WD;;золотистый;102 537 км;левый;4 поколение;;;
BMW;X7;2019;7990000;https://auto.drom.ru/moscow/bmw/x7/743731103.html;Характеристики совпадают с ПТС;2 записи о регистрации;Не числится в розыске;Ограничений не обнаружено;Москве;бензин, 3.0 л;340 л.с., налог;АКПП;4WD;;черный;92 898 км;левый;1 поколение;;;
BMW;X6;2019;8450000;https://auto.drom.ru/kirov/bmw/x6/145963466.html;Цвет не совпадает с ПТС;1 запись о регистрации;Не числится в розыске;Ограничений не обнаружено;Кирове;бензин, 3.0 л;340 л.с., налог;АКПП;4WD;;синий;70 000 км;левый;3 поколение;;;
BMW;3-Series;2019;3894563;https://auto.drom.ru/spb/bmw/3-series/539678809.html;Характеристики совпадают с ПТС;1 запись о регистрации;Не числится в розыске;Ограничений не обнаружено;Санкт-Петербурге;бензин, 2.0 л;184 л.с., налог;АКПП;4WD;седан;серый;63 103 км;левый;;;;
BMW;X4;2019;4450000;https://auto.drom.ru/moscow/bmw/x4/53910285.html;Цвет не совпадает с ПТС;2 записи о регистрации;Не числится в розыске;Ограничений не обнаружено;Москве;дизель, 2.0 л;190 л.с., налог;АКПП;4WD;;черный;115 118 км;левый;2 поколение;xDrive 20d AT M Sport;;
BMW;i3;2019;2833262;https://auto.drom.ru/spb/bmw/i3/53560601.html;Характеристики совпадают с ПТС;2 записи о регистрации;Не числится в розыске;Ограничений не обнаружено;Санкт-Петербурге;электро;;автомат;задний;хэтчбек 5 дв.;черный;51 830 км;левый;1 поколение, рестайлинг;;;
BMW;3-Series;2019;3300000;https://auto.drom.ru/himki/bmw/3-series/53558514.html;Характеристики совпадают с ПТС;2 записи о регистрации;Не числится в розыске;Ограничений не обнаружено;Химках;дизель, 2.0 л;190 л.с., налог;АКПП;задний;седан;синий;93 000 км;левый;;;;
BMW;X5;2019;8300000;https://auto.drom.ru/spb/bmw/x5/53150727.html;;;;;Санкт-Петербурге;дизель, 3.0 л;400 л.с., налог;АКПП;4WD;;белый;42 600 км;левый;4 поколение;;;
BMW;3-Series;2019;3980000;https://auto.drom.ru/moscow/bmw/3-series/53146989.html;;;;;Москве;дизель, 2.0 л;190 л.с., налог;АКПП;задний;седан;синий;97 000 км, без пробега по РФ;левый;7 поколение;320d AT M Sport;;
BMW;X7;2019;8900000;https://auto.drom.ru/moscow/bmw/x7/53144118.html;Характеристики совпадают с ПТС;2 записи о регистрации;Не числится в розыске;Ограничений не обнаружено;Москве;дизель, 3.0 л;249 л.с., налог;АКПП;4WD;;черный;71 000 км;левый;1 поколение;xDrive30d AT Base;;
BMW;X6;2019;5695000;https://auto.drom.ru/moscow/bmw/x6/53139458.html;Характеристики совпадают с ПТС;3 записи о регистрации;Не числится в розыске;Ограничений не обнаружено;Москве;дизель, 3.0 л;249 л.с., налог;АКПП;4WD;;белый;56 691 км;левый;;;;
BMW;X7;2019;7440000;https://auto.drom.ru/moscow/bmw/x7/53124533.html;Характеристики совпадают с ПТС;2 записи о регистрации;Не числится в розыске;Ограничений не обнаружено;Москве;дизель, 3.0 л;249 л.с., налог;АКПП;4WD;;бежевый;134 623 км;левый;1 поколение;;;
BMW;X7;2019;7990000;https://auto.drom.ru/moscow/bmw/x7/52694086.html;Характеристики совпадают с ПТС;1 запись о регистрации;Не числится в розыске;Ограничений не обнаружено;Москве;бензин, 3.0 л;340 л.с., налог;АКПП;4WD;;синий;43 403 км;левый;1 поколение;;;
BMW;X6;2019;5500000;https://auto.drom.ru/voronezh/bmw/x6/52685244.html;Характеристики совпадают с ПТС;1 запись о регистрации;Не числится в розыске;Ограничений не обнаружено;Воронеже;дизель, 3.0 л;249 л.с., налог;АКПП;4WD;;черный;99 000 км;левый;2 поколение;xDrive 30d AT M Sport;;
BMW;5-Series;2019;5600000;https://auto.drom.ru/spb/bmw/5-series/52605128.html;Характеристики совпадают с ПТС;4 записи о регистрации;Не числится в розыске;Ограничений не обнаружено;Санкт-Петербурге;дизель, 3.0 л;249 л.с., налог;АКПП;4WD;седан;серый;34 500 км;левый;7 поколение;530d AT xDrive M Sport;;
BMW;X3;2019;4800000;https://auto.drom.ru/moscow/bmw/x3/49666154.html;Характеристики совпадают с ПТС;1 запись о регистрации;Не числится в розыске;Ограничений не обнаружено;Москве;дизель, 2.0 л;190 л.с., налог;АКПП;4WD;;серый;120 000 км;левый;3 поколение;xDrive 20d AT xLine;;
BMW;X3;2019;5250000;https://auto.drom.ru/moscow/bmw/x3/215966404.html;;;;;Москве;дизель, 3.0 л;326 л.с., налог;АКПП;4WD;;синий;72 000 км;левый;3 поколение;xDrive M40d AT Base;;
BMW;5-Series;2019;3660000;https://auto.drom.ru/moscow/bmw/5-series/455791334.html;Характеристики совпадают с ПТС;2 записи о регистрации;Не числится в розыске;Ограничений не обнаружено;Москве;бензин, 2.0 л;184 л.с., налог;АКПП;задний;седан;черный;64 009 км;левый;7 поколение;;;
BMW;X5;2019;5819000;https://auto.drom.ru/spb/bmw/x5/223327378.html;Характеристики совпадают с ПТС;1 запись о регистрации;Не числится в розыске;Ограничений не обнаружено;Санкт-Петербурге;дизель, 3.0 л;249 л.с., налог;АКПП;4WD;;черный;96 900 км;левый;4 поколение;;;
BMW;X6;2019;8750000;https://auto.drom.ru/moscow/bmw/x6/721391455.html;;;;;Москве;дизель, 3.0 л;265 л.с., налог;АКПП;4WD;;черный;73 654 км;левый;3 поколение;;;
BMW;1-Series;2019;2115000;https://auto.drom.ru/spb/bmw/1-series/234288454.html;Характеристики совпадают с ПТС;1 запись о регистрации;Не числится в розыске;Ограничений не обнаружено;Санкт-Петербурге;дизель, 1.5 л;116 л.с., налог;АКПП;задний;хэтчбек 5 дв.;серый;69 000 км;левый;2 поколение, рестайлинг;;;
BMW;7-Series;2019;7199000;https://auto.drom.ru/moscow/bmw/7-series/328385124.html;Характеристики совпадают с ПТС;3 записи о регистрации;Не числится в розыске;Ограничений не обнаружено;Москве;дизель, 3.0 л;249 л.с., налог;АКПП;4WD;;черный;53 550 км;левый;6 поколение, рестайлинг;;;
BMW;X5;2019;7390000;https://auto.drom.ru/ivanovo/bmw/x5/440128293.html;;;;;Иваново;дизель, 3.0 л;265 л.с., налог;АКПП;4WD;;белый;64 470 км;левый;4 поколение;xDrive30d AT M Sport;;
BMW;4-Series;2019;3620000;https://auto.drom.ru/moscow/bmw/4-series/709659668.html;Характеристики совпадают с ПТС;2 записи о регистрации;Не числится в розыске;Ограничений не обнаружено;Москве;бензин, 2.0 л;184 л.с., налог;АКПП;задний;купе;белый;41 150 км;левый;1 поколение, рестайлинг;420i AT;;
BMW;8-Series;2019;7290000;https://auto.drom.ru/himki/bmw/8-series/704367573.html;;;;;Химках;дизель, 3.0 л;320 л.с., налог;АКПП;4WD;купе;серый;82 500 км;левый;2 поколение;840d AT xDrive Base;;
BMW;X1;2019;2800000;https://auto.drom.ru/moscow/bmw/x1/602821821.html;;;;;Москве;бензин, 2.0 л;231 л.с., налог;робот;4WD;;черный;43 000 км;левый;2 поколение;xDrive28i AT;;
BMW;X3;2019;3832000;https://auto.drom.ru/pskov/bmw/x3/717625049.html;;;;;Пскове;дизель, 2.0 л;190 л.с., налог;АКПП;4WD;;серый;119 000 км, без пробега по РФ;левый;3 поколение;;;
BMW;X5;2019;7570500;https://auto.drom.ru/moscow/bmw/x5/668775779.html;;;;;Москве;дизель, 3.0 л;265 л.с., налог;АКПП;4WD;;серый;42 909 км;левый;4 поколение;;;
BMW;7-Series;2019;8400000;https://auto.drom.ru/moscow/bmw/7-series/53524027.html;Характеристики совпадают с ПТС;2 записи о регистрации;Не числится в розыске;Ограничений не обнаружено;Москве;бензин, 3.0 л;340 л.с., налог;АКПП;4WD;;серый;90 000 км;левый;6 поколение, рестайлинг;740Li AT xDrive Base;;
BMW;X4;2019;5798000;https://auto.drom.ru/nizhniy-novgorod/bmw/x4/53901628.html;;;;;Нижнем Новгороде;дизель, 2.0 л;190 л.с., налог;АКПП;4WD;;черный;41 000 км, без пробега по РФ;левый;2 поколение;xDrive 20d AT M Sport;;
BMW;5-Series;2019;3958500;https://auto.drom.ru/moscow/bmw/5-series/53539208.html;Характеристики совпадают с ПТС;2 записи о регистрации;Не числится в розыске;Ограничений не обнаружено;Москве;дизель, 2.0 л;190 л.с., налог;АКПП;4WD;седан;серый;71 707 км;левый;7 поколение;;;
BMW;7-Series;2019;7300000;https://auto.drom.ru/moscow/bmw/7-series/928230104.html;Характеристики совпадают с ПТС;1 запись о регистрации;Не числится в розыске;Ограничений не обнаружено;Москве;дизель, 3.0 л;320 л.с., налог;АКПП;4WD;;белый;65 000 км;левый;6 поколение, рестайлинг;;;
BMW;3-Series;2019;2680000;https://auto.drom.ru/voronezh/bmw/3-series/53904664.html;Характеристики совпадают с ПТС;1 запись о регистрации;Не числится в розыске;Ограничений не обнаружено;Воронеже;дизель, 2.0 л;190 л.с., налог;АКПП;4WD;универсал;черный;119 000 км;левый;6 поколение, рестайлинг;320d xDrive AT;;
BMW;i3;2019;2550000;https://auto.drom.ru/moscow/bmw/i3/53898977.html;;;;;Москве;электро;184 л.с., налог;АКПП;задний;хэтчбек 5 дв.;белый;79 000 км;левый;1 поколение, рестайлинг;i3s 120 Ah;;
BMW;3-Series;2019;3975000;https://auto.drom.ru/yaroslavl/bmw/3-series/53820019.html;;;;;Ярославле;дизель, 2.0 л;190 л.с., налог;АКПП;4WD;универсал;черный;69 668 км;левый;7 поколение;320d AT xDrive M Sport;;
BMW;X5;2019;6995000;https://auto.drom.ru/moscow/bmw/x5/53176063.html;Цвет не совпадает с ПТС;1 запись о регистрации;Не числится в розыске;Ограничений не обнаружено;Москве;дизель, 3.0 л;400 л.с., налог;АКПП;4WD;;синий;130 868 км;левый;4 поколение;;;
BMW;X5;2019;8200000;https://auto.drom.ru/saransk/bmw/x5/53134775.html;Характеристики совпадают с ПТС;1 запись о регистрации;Не числится в розыске;Ограничений не обнаружено;Саранске;дизель, 3.0 л;265 л.с., налог;АКПП;4WD;;белый;85 000 км;левый;4 поколение;xDrive30d AT M Sport;;
BMW;X4;2019;4370000;https://auto.drom.ru/domodedovo/bmw/x4/53130371.html;Мощность двигателя не совпадает с ПТС;1 запись о регистрации;Не числится в розыске;Ограничений не обнаружено;Домодедово;дизель, 2.0 л;190 л.с., налог;АКПП;4WD;;белый;141 000 км, без пробега по РФ;левый;2 поколение;xDrive 20d AT M Sport;;
BMW;X5;2019;7195000;https://auto.drom.ru/moscow/bmw/x5/53124545.html;Характеристики совпадают с ПТС;1 запись о регистрации;Не числится в розыске;Ограничений не обнаружено;Москве;дизель, 3.0 л;249 л.с., налог;АКПП;4WD;;черный;53 792 км;левый;4 поколение;xDrive 30d AT Exclusive;;
BMW;X7;2019;10899000;https://auto.drom.ru/himki/bmw/x7/386754759.html;Характеристики совпадают с ПТС;1 запись о регистрации;Не числится в розыске;Ограничений не обнаружено;Химках;дизель, 3.0 л;400 л.с., налог;АКПП;4WD;;черный;78 690 км;левый;1 поколение;;;
BMW;5-Series;2019;3645000;https://auto.drom.ru/yaroslavl/bmw/5-series/53734804.html;;;;;Ярославле;дизель, 2.0 л;190 л.с., налог;АКПП;4WD;универсал;белый;64 966 км;левый;7 поколение;520d AT xDrive;;
BMW;X3;2019;3649200;https://auto.drom.ru/voronezh/bmw/x3/52243684.html;Характеристики совпадают с ПТС;1 запись о регистрации;Не числится в розыске;Ограничений не обнаружено;Воронеже;дизель, 2.0 л;190 л.с., налог;АКПП;4WD;;черный;67 745 км;левый;3 поколение;;;
BMW;X5;2019;6799000;https://auto.drom.ru/vitebsk/bmw/x5/51008392.html;;;;;Витебске;бензин, 3.0 л;340 л.с., налог;АКПП;4WD;;синий;98 000 км, без пробега по РФ;левый;4 поколение;xDrive40i AT M Sport;;
BMW;4-Series;2019;4700000;https://auto.drom.ru/moscow/bmw/4-series/48905375.html;Характеристики совпадают с ПТС;1 запись о регистрации;Не числится в розыске;Ограничений не обнаружено;Москве;дизель, 2.0 л;190 л.с., налог;АКПП;задний;открытый;серый;33 100 км;левый;1 поколение, рестайлинг;420d AT;;
BMW;5-Series;2019;3324564;https://auto.drom.ru/minsk/bmw/5-series/165350073.html;;;;;Минске;дизель, 2.0 л;190 л.с., налог;АКПП;задний;седан;черный;130 000 км;левый;7 поколение;520d AT Sport Line;;
BMW;2-Series Gran Tourer;2019;2215452;https://auto.drom.ru/minsk/bmw/2-series_gran_tourer/52011851.html;;;;;Минске;дизель, 2.0 л;150 л.с., налог;АКПП;передний;;;174 000 км;левый;1 поколение, рестайлинг;218d AT;;
BMW;X3;2019;3890000;https://auto.drom.ru/moscow/bmw/x3/53110033.html;Характеристики совпадают с ПТС;3 записи о регистрации;Не числится в розыске;Ограничений не обнаружено;Москве;дизель, 2.0 л;190 л.с., налог;АКПП;4WD;;черный;132 430 км;левый;3 поколение;;;
BMW;X1;2019;2716000;https://auto.drom.ru/moscow/bmw/x1/435490443.html;Характеристики совпадают с ПТС;2 записи о регистрации;Не числится в розыске;Ограничений не обнаружено;Москве;дизель, 2.0 л;150 л.с., налог;АКПП;4WD;;синий;127 297 км;левый;2 поколение;;;
BMW;3-Series;2019;3619000;https://auto.drom.ru/moscow/bmw/3-series/53526425.html;Характеристики совпадают с ПТС;1 запись о регистрации;Не числится в розыске;Ограничений не обнаружено;Москве;дизель, 2.0 л;190 л.с., налог;АКПП;задний;седан;серый;57 602 км;левый;;;;
BMW;X7;2019;7975000;https://auto.drom.ru/moscow/bmw/x7/53892220.html;Характеристики совпадают с ПТС;1 запись о регистрации;Не числится в розыске;Ограничений не обнаружено;Москве;дизель, 3.0 л;249 л.с., налог;АКПП;4WD;;серый;90 417 км;левый;1 поколение;;;
BMW;4-Series;2019;3135000;https://auto.drom.ru/voronezh/bmw/4-series/53889603.html;Характеристики совпадают с ПТС;1 запись о регистрации;Не числится в розыске;Ограничений не обнаружено;Воронеже;бензин, 2.0 л;184 л.с., налог;АКПП;4WD;лифтбек;черный;94 034 км;левый;1 поколение, рестайлинг;420i AT xDrive Base;;
BMW;7-Series;2019;6129000;https://auto.drom.ru/spb/bmw/7-series/53538257.html;Характеристики совпадают с ПТС;5 записей о регистрации;Не числится в розыске;Ограничений не обнаружено;Санкт-Петербурге;бензин, 3.0 л;340 л.с., налог;АКПП;4WD;;черный;96 320 км;левый;6 поколение, рестайлинг;740Li AT xDrive Base;;
BMW;X6;2019;8710000;https://auto.drom.ru/moscow/bmw/x6/53121383.html;Характеристики совпадают с ПТС;1 запись о регистрации;Не числится в розыске;Ограничений не обнаружено;Москве;дизель, 3.0 л;400 л.с., налог;АКПП;4WD;;серый;53 785 км;левый;3 поколение;;;
BMW;X7;2019;7670000;https://auto.drom.ru/moscow/bmw/x7/53113235.html;Характеристики совпадают с ПТС;1 запись о регистрации;Не числится в розыске;Ограничений не обнаружено;Москве;дизель, 3.0 л;249 л.с., налог;АКПП;4WD;;фиолетовый;116 469 км;левый;1 поколение;;;
BMW;X4;2019;4950000;https://auto.drom.ru/moscow/bmw/x4/52215225.html;Характеристики совпадают с ПТС;1 запись о регистрации;Не числится в розыске;Ограничений не обнаружено;Москве;бензин, 2.0 л;184 л.с., налог;АКПП;4WD;;коричневый;19 201 км;левый;2 поколение;xDrive 20i AT Base;;
BMW;1-Series;2019;3150000;https://auto.drom.ru/spb/bmw/1-series/48740418.html;Характеристики совпадают с ПТС;1 запись о регистрации;Не числится в розыске;Ограничений не обнаружено;Санкт-Петербурге;дизель, 2.0 л;150 л.с., налог;автомат;передний;хэтчбек 5 дв.;серый;52 000 км;левый;3 поколение;;;
BMW;3-Series;2019;3250000;https://auto.drom.ru/spb/bmw/3-series/720040223.html;Характеристики совпадают с ПТС;2 записи о регистрации;Не числится в розыске;Ограничений не обнаружено;Санкт-Петербурге;дизель, 2.0 л;190 л.с., налог;АКПП;4WD;универсал;белый;160 000 км;левый;7 поколение;;;
BMW;X5;2019;6338000;https://auto.drom.ru/moscow/bmw/x5/643571002.html;Характеристики совпадают с ПТС;4 записи о регистрации;Не числится в розыске;Ограничений не обнаружено;Москве;дизель, 3.0 л;249 л.с., налог;АКПП;4WD;;черный;139 901 км;левый;4 поколение;;;
BMW;X3;2019;4449000;https://auto.drom.ru/moscow/bmw/x3/113167360.html;Характеристики совпадают с ПТС;1 запись о регистрации;Не числится в розыске;Ограничений не обнаружено;Москве;3.0 л;;автомат;;;черный;88 110 км;левый;3 поколение;;;
BMW;X7;2019;7100000;https://auto.drom.ru/smolensk/bmw/x7/387929631.html;;;;;Смоленске;бензин, 3.0 л;340 л.с., налог;АКПП;4WD;;белый;60 000 км, без пробега по РФ;левый;1 поколение;xDrive40i AT Pure Excellence;;
BMW;1-Series;2019;2290163;https://auto.drom.ru/minsk/bmw/1-series/243241894.html;;;;;Минске;дизель, 2.0 л;150 л.с., налог;механика;передний;хэтчбек 5 дв.;белый;200 596 км;левый;3 поколение;;;
BMW;X3;2019;4300000;https://auto.drom.ru/saratov/bmw/x3/194438702.html;Характеристики совпадают с ПТС;3 записи о регистрации;Не числится в розыске;Ограничений не обнаружено;Саратове;дизель, 3.0 л;249 л.с., налог;АКПП;4WD;;серый;133 000 км;левый;3 поколение;xDrive 30d AT M Sport;;
BMW;X2;2019;2465718;https://auto.drom.ru/minsk/bmw/x2/53523437.html;;;;;Минске;бензин, 2.0 л;231 л.с., налог;автомат;передний;;черный;36 000 км;левый;1 поколение;;;
BMW;3-Series;2019;2174819;https://auto.drom.ru/minsk/bmw/3-series/53888203.html;;;;;Минске;дизель, 2.0 л;116 л.с., налог;АКПП;задний;универсал;белый;136 000 км;левый;6 поколение, рестайлинг;316d AT;;
BMW;8-Series;2019;7300000;https://auto.drom.ru/moscow/bmw/8-series/53718835.html;Характеристики совпадают с ПТС;1 запись о регистрации;Не числится в розыске;Ограничений не обнаружено;Москве;бензин, 4.4 л;530 л.с., налог;АКПП;4WD;седан;черный;65 000 км;левый;2 поколение;M850i AT xDrive Base;;
BMW;X3;2019;3590000;https://auto.drom.ru/spb/bmw/x3/492430516.html;;;;;Санкт-Петербурге;дизель, 2.0 л;190 л.с., налог;АКПП;4WD;;серый;71 000 км;левый;3 поколение;;;
BMW;X5;2019;5999000;https://auto.drom.ru/spb/bmw/x5/450214109.html;;;;;Санкт-Петербурге;бензин, 3.0 л;340 л.с., налог;АКПП;4WD;;синий;49 000 км, без пробега по РФ;левый;4 поколение;xDrive40i AT M Sport;;
BMW;X1;2019;3050000;https://auto.drom.ru/moscow/bmw/x1/537916681.html;Характеристики совпадают с ПТС;2 записи о регистрации;Не числится в розыске;Ограничений не обнаружено;Москве;дизель, 2.0 л;150 л.с., налог;АКПП;4WD;;синий;70 891 км;левый;2 поколение;;;
BMW;X4;2019;5900000;https://auto.drom.ru/penza/bmw/x4/52205672.html;Характеристики совпадают с ПТС;2 записи о регистрации;Не числится в розыске;Ограничений не обнаружено;Пензе;дизель, 3.0 л;249 л.с., налог;АКПП;4WD;;синий;60 950 км;левый;2 поколение;xDrive 30d AT M Sport;;
BMW;X4;2019;4800000;https://auto.drom.ru/moscow/bmw/x4/52119429.html;Характеристики совпадают с ПТС;1 запись о регистрации;Не числится в розыске;Ограничений не обнаружено;Москве;дизель, 3.0 л;249 л.с., налог;АКПП;4WD;;красный;70 000 км;левый;2 поколение;xDrive 30d AT M Sport;;
BMW;X4;2019;4700000;https://auto.drom.ru/ivanovo/bmw/x4/53519405.html;;;;;Иваново;бензин, 2.0 л;249 л.с., налог;АКПП;4WD;;серый;59 220 км;левый;2 поколение;;;
BMW;5-Series;2019;4230000;https://auto.drom.ru/moscow/bmw/5-series/833405873.html;Характеристики совпадают с ПТС;3 записи о регистрации;Не числится в розыске;Ограничений не обнаружено;Москве;бензин, 2.0 л;249 л.с., налог;АКПП;4WD;седан;черный;76 000 км;левый;7 поколение;;;
BMW;M5;2019;8900000;https://auto.drom.ru/moscow/bmw/m5/53880168.html;Мощность двигателя не совпадает с ПТС;2 записи о регистрации;Не числится в розыске;Ограничений не обнаружено;Москве;бензин, 4.4 л;625 л.с., налог;АКПП;4WD;седан;серый;39 186 км;левый;6 поколение;;;
BMW;X5;2019;6950000;https://auto.drom.ru/voronezh/bmw/x5/53524861.html;;;;;Воронеже;дизель, 3.0 л;265 л.с., налог;АКПП;4WD;;черный;71 893 км;левый;4 поколение;;;
BMW;X3;2019;4000000;https://auto.drom.ru/spb/bmw/x3/53513140.html;;;;;Санкт-Петербурге;дизель, 2.0 л;190 л.с., налог;АКПП;4WD;;белый;95 000 км;левый;3 поколение;;;
BMW;X6;2019;5119000;https://auto.drom.ru/spb/bmw/x6/53105868.html;Характеристики совпадают с ПТС;2 записи о регистрации;Не числится в розыске;Ограничений не обнаружено;Санкт-Петербурге;дизель, 3.0 л;313 л.с., налог;АКПП;4WD;;белый;90 716 км;левый;2 поколение;;;
BMW;X3;2019;3999000;https://auto.drom.ru/spb/bmw/x3/52638782.html;Электронный ПТС выдан;;Не числится в розыске;Ограничений не обнаружено;Санкт-Петербурге;дизель, 2.0 л;231 л.с., налог;автомат;4WD;;черный;91 500 км, без пробега по РФ;левый;;;;
BMW;X3;2019;4450000;https://auto.drom.ru/moscow/bmw/x3/53774110.html;;;;;Москве;дизель, 3.0 л;326 л.с., налог;АКПП;4WD;;серый;92 000 км, без пробега по РФ;левый;3 поколение;xDrive M40d AT Base;;
BMW;5-Series;2019;3255400;https://auto.drom.ru/moscow/bmw/5-series/277481814.html;Характеристики совпадают с ПТС;1 запись о регистрации;Не числится в розыске;Ограничений не обнаружено;Москве;дизель, 3.0 л;265 л.с., налог;АКПП;4WD;универсал;серый;117 000 км;левый;7 поколение;530d AT xDrive;;
BMW;X5;2019;6300000;https://auto.drom.ru/cheboksary/bmw/x5/52153030.html;Характеристики совпадают с ПТС;1 запись о регистрации;Не числится в розыске;Ограничений не обнаружено;Чебоксарах;дизель, 3.0 л;249 л.с., налог;АКПП;4WD;;черный;119 000 км;левый;4 поколение;xDrive 30d AT xLine;;
BMW;5-Series;2019;3750000;https://auto.drom.ru/moscow/bmw/5-series/53785569.html;;;;;Москве;бензин, 2.0 л;184 л.с., налог;АКПП;задний;седан;серый;32 000 км, без пробега по РФ;левый;7 поколение;520i AT;;
BMW;5-Series;2019;3600000;https://auto.drom.ru/moscow/bmw/5-series/46845202.html;;;;;Москве;бензин, 2.0 л;252 л.с., налог;АКПП;4WD;седан;серебристый;34 500 км, без пробега по РФ;левый;7 поколение;530i AT xDrive;;
BMW;3-Series;2019;3740000;https://auto.drom.ru/moscow/bmw/3-series/148151537.html;Характеристики совпадают с ПТС;4 записи о регистрации;Не числится в розыске;Ограничений не обнаружено;Москве;дизель, 2.0 л;190 л.с., налог;АКПП;4WD;седан;синий;60 500 км;левый;;;;
BMW;X5;2019;6710000;https://auto.drom.ru/spb/bmw/x5/136514304.html;Характеристики совпадают с ПТС;1 запись о регистрации;Не числится в розыске;Ограничений не обнаружено;Санкт-Петербурге;дизель, 3.0 л;249 л.с., налог;АКПП;4WD;;серый;98 600 км;левый;4 поколение;xDrive 30d AT Business Plus;;
