Бренд;Модель;Год;Цена;URL;ПТС;Владельцы;Розыск;Ограничения;Город;Двигатель;Мощность;Коробка передач;Привод;Тип кузова;Цвет;Пробег;Руль;Поколение;Комплектация;Особые отметки;VIN;
Mercedes-Benz;Vito;2008;1100000;https://auto.drom.ru/spb/mercedes-benz/vito/343204588.html;Характеристики совпадают с ПТС;5 записей о регистрации;Не числится в розыске;Ограничений не обнаружено;Санкт-Петербурге;дизель, 2.1 л;116 л.с., налог;механика;задний;;белый;348 000 км;левый;2 поколение;111 CDI MT L1;;;
Mercedes-Benz;E-Class;2008;780000;https://auto.drom.ru/togliatti/mercedes-benz/e-class/53133799.html;Характеристики совпадают с ПТС;8 записей о регистрации;Не числится в розыске;Ограничений не обнаружено;Тольятти;дизель, 2.1 л;170 л.с., налог;АКПП;задний;седан;черный;366 200 км;левый;3 поколение, рестайлинг;;;;
Mercedes-Benz;CL-Class;2008;2400000;https://auto.drom.ru/spb/mercedes-benz/cl-class/53531469.html;Характеристики совпадают с ПТС;5 записей о регистрации;Не числится в розыске;Ограничений не обнаружено;Санкт-Петербурге;бензин, 5.5 л;388 л.с., налог;АКПП;4WD;;черный;189 000 км;левый;3 поколение;CL 500 4MATIC AT;;;
Mercedes-Benz;C-Class;2008;900000;https://auto.drom.ru/rzhev/mercedes-benz/c-class/53113087.html;Характеристики совпадают с ПТС;4 записи о регистрации;Не числится в розыске;Ограничений не обнаружено;Ржеве;бензин, 3.0 л;231 л.с., налог;АКПП;4WD;седан;черный;195 000 км;левый;3 поколение;;;;
Mercedes-Benz;CLS-Class;2008;830000;https://auto.drom.ru/moscow/mercedes-benz/cls-class/740403978.html;Характеристики совпадают с ПТС;5 записей о регистрации;Не числится в розыске;Ограничений не обнаружено;Москве;бензин, 3.5 л, ГБО;272 л.с., налог;АКПП;задний;седан;белый;255 000 км;левый;1 поколение, рестайлинг;CLS 350 AT;документы с проблемами, с документами порядок. Не могу опубликовать объявление за такую низкую цену. Не пропускает.;;
Mercedes-Benz;E-Class;2008;1300000;https://auto.drom.ru/saratov/mercedes-benz/e-class/53870900.html;Характеристики совпадают с ПТС;4 записи о регистрации;Не числится в розыске;Ограничений не обнаружено;Саратове;бензин, 3.0 л;231 л.с., налог;АКПП;4WD;седан;черный;145 000 км;левый;3 поколение, рестайлинг;E 280 AT 4MATIC Avantgarde;;;
Mercedes-Benz;C-Class;2008;899000;https://auto.drom.ru/vitebsk/mercedes-benz/c-class/50968100.html;Характеристики совпадают с ПТС;3 записи о регистрации;Не числится в розыске;Ограничений не обнаружено;Витебске;бензин, 1.8 л;184 л.с., налог;АКПП;задний;седан;серебристый;318 269 км;левый;3 поколение;C 200 Kompressor AT Elegance;;;
Mercedes-Benz;M-Class;2009;1350604;https://auto.drom.ru/minsk/mercedes-benz/m-class/220376948.html;;;;;Минске;бензин, 3.5 л;272 л.с., налог;АКПП;4WD;;серебристый;169 000 км;левый;2 поколение, рестайлинг;ML 350 AT 4MATIC;;;
Mercedes-Benz;GL-Class;2009;2200000;https://auto.drom.ru/moscow/mercedes-benz/gl-class/257221140.html;Характеристики совпадают с ПТС;2 записи о регистрации;Не числится в розыске;Ограничений не обнаружено;Москве;бензин, 5.5 л;388 л.с., налог;АКПП;4WD;;коричневый;162 000 км;левый;1 поколение, рестайлинг;GL 500 "Особая серия";;;
Mercedes-Benz;GLK-Class;2009;1700000;https://auto.drom.ru/vyazniki/mercedes-benz/glk-class/756400216.html;Характеристики совпадают с ПТС;3 записи о регистрации;Не числится в розыске;Ограничений не обнаружено;Вязниках;бензин, 3.5 л;272 л.с., налог;АКПП;4WD;;черный;220 000 км;левый;1 поколение;GLK 350 4MATIC AT Особая серия;;;
Mercedes-Benz;M-Class;2009;1117800;https://auto.drom.ru/moscow/mercedes-benz/m-class/745044188.html;Характеристики совпадают с ПТС;1 запись о регистрации;Не числится в розыске;Ограничений не обнаружено;Москве;дизель, 3.0 л;224 л.с., налог;АКПП;4WD;;серый;;левый;2 поколение, рестайлинг;;;;
Mercedes-Benz;A-Class;2009;1100000;https://auto.drom.ru/moscow/mercedes-benz/a-class/52711878.html;Характеристики совпадают с ПТС;4 записи о регистрации;Не числится в розыске;Ограничений не обнаружено;Москве;бензин, 1.7 л;116 л.с., налог;вариатор;передний;хэтчбек 5 дв.;белый;97 100 км;левый;2 поколение, рестайлинг;A 180 CVT Avantgarde;;;
Mercedes-Benz;E-Class;2009;1499999;https://auto.drom.ru/moscow/mercedes-benz/e-class/471996242.html;Характеристики совпадают с ПТС;6 записей о регистрации;Не числится в розыске;Ограничений не обнаружено;Москве;бензин, 3.5 л;272 л.с., налог;АКПП;задний;седан;бежевый;190 000 км;левый;4 поколение;E 350 AT Особая серия;;;
Mercedes-Benz;E-Class;2009;750000;https://auto.drom.ru/spb/mercedes-benz/e-class/630799985.html;Характеристики совпадают с ПТС;3 записи о регистрации;Не числится в розыске;Ограничений не обнаружено;Санкт-Петербурге;бензин, 1.8 л;163 л.с., налог;АКПП;задний;седан;черный;382 000 км;левый;3 поколение, рестайлинг;;;;
Mercedes-Benz;CLC-Class;2009;897000;https://auto.drom.ru/moscow/mercedes-benz/clc-class/169199625.html;Характеристики совпадают с ПТС;3 записи о регистрации;Не числится в розыске;Ограничений не обнаружено;Москве;бензин, 1.8 л;143 л.с., налог;АКПП;задний;;белый;219 282 км;левый;1 поколение;;;;
Mercedes-Benz;E-Class;2009;1379000;https://auto.drom.ru/moscow/mercedes-benz/e-class/53757703.html;Характеристики совпадают с ПТС;2 записи о регистрации;Не числится в розыске;Ограничений не обнаружено;Москве;дизель, 3.0 л;231 л.с., налог;АКПП;задний;седан;коричневый;254 191 км;левый;4 поколение;;;;
Mercedes-Benz;Viano;2009;1496054;https://auto.drom.ru/minsk/mercedes-benz/viano/54019295.html;Характеристики совпадают с ПТС;2 записи о регистрации;Не числится в розыске;Ограничений не обнаружено;Минске;дизель, 2.1 л;150 л.с., налог;АКПП;задний;;черный;440 000 км;левый;2 поколение;2.2 CDI AT Fun Компактный;;;
Mercedes-Benz;CL-Class;2009;1600000;https://auto.drom.ru/moscow/mercedes-benz/cl-class/358069365.html;Характеристики совпадают с ПТС;5 записей о регистрации;Не числится в розыске;Есть ограничения;Москве;бензин, 5.5 л;388 л.с., налог;АКПП;4WD;;серебристый;260 000 км;левый;3 поколение;CL 500 4MATIC AT;;;
Mercedes-Benz;A-Class;2009;649000;https://auto.drom.ru/spb/mercedes-benz/a-class/53321306.html;Характеристики совпадают с ПТС;5 записей о регистрации;Не числится в розыске;Ограничений не обнаружено;Санкт-Петербурге;бензин, 1.7 л;116 л.с., налог;вариатор;передний;хэтчбек 5 дв.;белый;122 309 км;левый;2 поколение, рестайлинг;;;;
Mercedes-Benz;GLK-Class;2009;1600000;https://auto.drom.ru/gorki-10/mercedes-benz/glk-class/53316683.html;Характеристики совпадают с ПТС;3 записи о регистрации;Не числится в розыске;Ограничений не обнаружено;Горки-10;бензин, 3.5 л;272 л.с., налог;АКПП;4WD;;белый;214 467 км;левый;1 поколение;GLK 350 4MATIC AT Особая серия;;;
Mercedes-Benz;E-Class;2009;1350000;https://auto.drom.ru/moscow/mercedes-benz/e-class/52887063.html;Характеристики совпадают с ПТС;4 записи о регистрации;Не числится в розыске;Ограничений не обнаружено;Москве;дизель, 2.1 л;204 л.с., налог;механика;задний;купе;черный;330 000 км;левый;4 поколение;E 250 CDI BlueEfficiency MТ Elegance;;;
Mercedes-Benz;E-Class;2009;1050000;https://auto.drom.ru/cheboksary/mercedes-benz/e-class/51140760.html;Характеристики совпадают с ПТС;4 записи о регистрации;Не числится в розыске;Есть ограничения;Чебоксарах;дизель, 2.1 л;170 л.с., налог;АКПП;задний;седан;;180 000 км;левый;4 поколение;;;;
Mercedes-Benz;E-Class;2009;1890000;https://auto.drom.ru/saratov/mercedes-benz/e-class/812933701.html;Характеристики совпадают с ПТС;5 записей о регистрации;Не числится в розыске;Ограничений не обнаружено;Саратове;дизель, 2.1 л;204 л.с., налог;АКПП;задний;седан;синий;203 000 км;левый;4 поколение;E 250 CDI BlueEfficiency AТ Avantgarde;;;
Mercedes-Benz;S-Class;2009;1379990;https://auto.drom.ru/spb/mercedes-benz/s-class/52303989.html;Характеристики совпадают с ПТС;9 записей о регистрации;Не числится в розыске;Есть ограничения;Санкт-Петербурге;бензин, 3.5 л;272 л.с., налог;АКПП;4WD;седан;черный;298 000 км;левый;5 поколение;;;;
Mercedes-Benz;E-Class;2009;2000000;https://auto.drom.ru/moscow/mercedes-benz/e-class/52856838.html;Характеристики совпадают с ПТС;5 записей о регистрации;Не числится в розыске;Ограничений не обнаружено;Москве;дизель, 3.0 л;231 л.с., налог;АКПП;4WD;седан;серый;245 000 км;левый;4 поколение;E 350 CDI BlueEfficiency 4MATIC AТ Avantgarde;;;
Mercedes-Benz;C-Class;2009;875000;https://auto.drom.ru/moscow/mercedes-benz/c-class/484928642.html;Характеристики совпадают с ПТС;5 записей о регистрации;Не числится в розыске;Ограничений не обнаружено;Москве;бензин, 1.6 л, ГБО;156 л.с., налог;АКПП;задний;универсал;синий;256 370 км;левый;3 поколение;C 180 Kompressor BlueEFFICIENCY AT Avantgarde;;;
Mercedes-Benz;E-Class;2009;1404789;https://auto.drom.ru/spb/mercedes-benz/e-class/53670514.html;Характеристики совпадают с ПТС;6 записей о регистрации;Не числится в розыске;Ограничений не обнаружено;Санкт-Петербурге;бензин, 3.5 л;272 л.с., налог;АКПП;задний;седан;серебристый;122 878 км;левый;;;;;
Mercedes-Benz;M-Class;2009;1509000;https://auto.drom.ru/cheboksary/mercedes-benz/m-class/873604330.html;Характеристики совпадают с ПТС;5 записей о регистрации;Не числится в розыске;Ограничений не обнаружено;Чебоксарах;дизель, 3.0 л;211 л.с., налог;АКПП;4WD;;белый;185 830 км;левый;2 поколение, рестайлинг;ML 350 BlueTEC AT 4MATIC;;;
Mercedes-Benz;S-Class;2009;1530000;https://auto.drom.ru/moscow/mercedes-benz/s-class/45322905.html;Характеристики совпадают с ПТС;3 записи о регистрации;Не числится в розыске;Ограничений не обнаружено;Москве;дизель, 3.0 л;235 л.с., налог;АКПП;4WD;седан;черный;294 000 км;левый;5 поколение;;;;
Mercedes-Benz;E-Class;2009;2650000;https://auto.drom.ru/moscow/mercedes-benz/e-class/876081437.html;Характеристики совпадают с ПТС;10 записей о регистрации;Не числится в розыске;Ограничений не обнаружено;Москве;бензин, 6.2 л;525 л.с., налог;АКПП;задний;седан;черный;150 000 км;левый;4 поколение;E 63 AMG;;;
Mercedes-Benz;Viano;2009;1750000;https://auto.drom.ru/velikie-luki/mercedes-benz/viano/53965207.html;Характеристики совпадают с ПТС;1 запись о регистрации;Не числится в розыске;Ограничений не обнаружено;Великих Луках;дизель, 2.1 л;150 л.с., налог;АКПП;задний;;серый;369 000 км;левый;2 поколение;2.2 CDI AT Trend Сверхдлинный;;;
Mercedes-Benz;GLK-Class;2009;1300000;https://auto.drom.ru/zhukovskiy/mercedes-benz/glk-class/842957854.html;Характеристики совпадают с ПТС;2 записи о регистрации;Не числится в розыске;Ограничений не обнаружено;Жуковском;бензин, 3.0 л;231 л.с., налог;АКПП;4WD;;черный;193 000 км;левый;1 поколение;GLK 300 4MATIC AT Особая серия;;;
Mercedes-Benz;GLK-Class;2009;1850000;https://auto.drom.ru/moscow/mercedes-benz/glk-class/53191527.html;Мощность двигателя не совпадает с ПТС;2 записи о регистрации;Не числится в розыске;Ограничений не обнаружено;Москве;дизель, 2.1 л;224 л.с., налог;автомат;4WD;;черный;285 000 км;левый;1 поколение;;;;
Mercedes-Benz;E-Class;2009;1750000;https://auto.drom.ru/moscow/mercedes-benz/e-class/53191110.html;Характеристики совпадают с ПТС;7 записей о регистрации;Не числится в розыске;Ограничений не обнаружено;Москве;бензин, 3.5 л;272 л.с., налог;автомат;задний;купе;красный;140 000 км;левый;4 поколение;;;;
Mercedes-Benz;R-Class;2009;1130000;https://auto.drom.ru/moscow/mercedes-benz/r-class/52716896.html;Мощность двигателя не совпадает с ПТС;3 записи о регистрации;Не числится в розыске;Ограничений не обнаружено;Москве;бензин, 3.0 л;231 л.с., налог;автомат;4WD;;черный;178 531 км;левый;;;;;
Mercedes-Benz;A-Class;2009;619000;https://auto.drom.ru/yaroslavl/mercedes-benz/a-class/53568576.html;Характеристики совпадают с ПТС;6 записей о регистрации;Не числится в розыске;Ограничений не обнаружено;Ярославле;бензин, 1.7 л;116 л.с., налог;вариатор;передний;хэтчбек 5 дв.;красный;195 000 км;левый;2 поколение, рестайлинг;;;;
Mercedes-Benz;A-Class;2009;619000;https://auto.drom.ru/yaroslavl/mercedes-benz/a-class/53568576.html;Характеристики совпадают с ПТС;6 записей о регистрации;Не числится в розыске;Ограничений не обнаружено;Ярославле;бензин, 1.7 л;116 л.с., налог;вариатор;передний;хэтчбек 5 дв.;красный;195 000 км;левый;2 поколение, рестайлинг;;;;
Mercedes-Benz;E-Class;2009;1320000;https://auto.drom.ru/belgorod/mercedes-benz/e-class/319725441.html;Характеристики совпадают с ПТС;5 записей о регистрации;Не числится в розыске;Ограничений не обнаружено;Белгороде;дизель, 2.1 л;170 л.с., налог;АКПП;задний;седан;коричневый;236 000 км;левый;4 поколение;;;;
Mercedes-Benz;GLK-Class;2009;1200000;https://auto.drom.ru/spb/mercedes-benz/glk-class/545947982.html;Характеристики совпадают с ПТС;3 записи о регистрации;Не числится в розыске;Ограничений не обнаружено;Санкт-Петербурге;бензин, 3.5 л;272 л.с., налог;АКПП;4WD;;черный;250 000 км;левый;1 поколение;GLK 350 4MATIC AT Особая серия;;;
Mercedes-Benz;M-Class;2009;1500000;https://auto.drom.ru/reutov/mercedes-benz/m-class/623524399.html;Характеристики совпадают с ПТС;4 записи о регистрации;Не числится в розыске;Ограничений не обнаружено;Реутове;бензин, 3.5 л;272 л.с., налог;АКПП;4WD;;;150 000 км;левый;2 поколение, рестайлинг;;;;
Mercedes-Benz;C-Class;2009;1180000;https://auto.drom.ru/spb/mercedes-benz/c-class/53512079.html;Характеристики совпадают с ПТС;8 записей о регистрации;Не числится в розыске;Ограничений не обнаружено;Санкт-Петербурге;бензин, 3.0 л;231 л.с., налог;АКПП;4WD;седан;черный;270 000 км;левый;3 поколение;;;;
Mercedes-Benz;E-Class;2010;1350000;https://auto.drom.ru/saratov/mercedes-benz/e-class/54153780.html;Характеристики совпадают с ПТС;7 записей о регистрации;Не числится в розыске;Ограничений не обнаружено;Саратове;бензин, 3.0 л;231 л.с., налог;АКПП;задний;седан;коричневый;228 200 км;левый;4 поколение;E 300 AT Особая серия;;;
Mercedes-Benz;GLK-Class;2010;1390000;https://auto.drom.ru/spb/mercedes-benz/glk-class/488361133.html;Характеристики совпадают с ПТС;1 запись о регистрации;Не числится в розыске;Ограничений не обнаружено;Санкт-Петербурге;дизель, 2.1 л;170 л.с., налог;АКПП;4WD;;красный;279 870 км;левый;1 поколение;GLK 220 CDI 4MATIC AT Особая серия;;;
Mercedes-Benz;B-Class;2010;905000;https://auto.drom.ru/spb/mercedes-benz/b-class/339777020.html;Характеристики совпадают с ПТС;4 записи о регистрации;Не числится в розыске;Ограничений не обнаружено;Санкт-Петербурге;бензин, 1.7 л;116 л.с., налог;вариатор;передний;;серый;106 000 км;левый;1 поколение;;;;
Mercedes-Benz;M-Class;2010;2200000;https://auto.drom.ru/moscow/mercedes-benz/m-class/869494207.html;;;;;Москве;бензин, 3.5 л;272 л.с., налог;АКПП;4WD;;черный;234 942 км;левый;2 поколение, рестайлинг;ML 350 AT;;;
Mercedes-Benz;C-Class;2010;950000;https://auto.drom.ru/cheboksary/mercedes-benz/c-class/53443990.html;Характеристики совпадают с ПТС;5 записей о регистрации;Не числится в розыске;Ограничений не обнаружено;Чебоксарах;бензин, 1.8 л;156 л.с., налог;АКПП;задний;седан;серый;170 000 км;левый;3 поколение;C 180 CGI BlueEFFICIENCY AT Avantgarde;;;
Mercedes-Benz;E-Class;2010;1550000;https://auto.drom.ru/nizhniy-novgorod/mercedes-benz/e-class/201145644.html;Характеристики совпадают с ПТС;4 записи о регистрации;Не числится в розыске;Ограничений не обнаружено;Нижнем Новгороде;бензин, 1.8 л;184 л.с., налог;АКПП;задний;седан;черный;125 150 км;левый;4 поколение;E 200 CGI BlueEfficiency AТ Avantgarde;;;
Mercedes-Benz;E-Class;2010;1700000;https://auto.drom.ru/moscow/mercedes-benz/e-class/340487779.html;Характеристики совпадают с ПТС;5 записей о регистрации;Не числится в розыске;Ограничений не обнаружено;Москве;бензин, 1.8 л;204 л.с., налог;АКПП;задний;купе;серый;385 000 км;левый;4 поколение;;;;
Mercedes-Benz;S-Class;2010;1800000;https://auto.drom.ru/moscow/mercedes-benz/s-class/545569654.html;Характеристики совпадают с ПТС;3 записи о регистрации;Не числится в розыске;Ограничений не обнаружено;Москве;бензин, 3.5 л;272 л.с., налог;АКПП;4WD;седан;черный;174 000 км;левый;5 поколение, рестайлинг;S 350 AT 4MATIC;;;
Mercedes-Benz;G-Class;2010;55555555;https://auto.drom.ru/moscow/mercedes-benz/g-class/52123990.html;Год, объем двигателя, мощность двигателя не совпадают с ПТС;1 запись о регистрации;Не числится в розыске;Ограничений не обнаружено;Москве;бензин, 6.3 л;1200 л.с., налог;автомат;4WD;джип/suv 5 дв.;серый;1 км;левый;2 поколение, 5 рестайлинг;;;;
Mercedes-Benz;GLK-Class;2010;1310000;https://auto.drom.ru/moscow/mercedes-benz/glk-class/54097170.html;Характеристики совпадают с ПТС;3 записи о регистрации;Не числится в розыске;Ограничений не обнаружено;Москве;бензин, 3.0 л;231 л.с., налог;АКПП;4WD;;бежевый;265 773 км;левый;1 поколение;GLK 300 4MATIC AT Особая серия;;;
Mercedes-Benz;M-Class;2010;1350000;https://auto.drom.ru/moscow/mercedes-benz/m-class/54092826.html;Характеристики совпадают с ПТС;4 записи о регистрации;Не числится в розыске;Ограничений не обнаружено;Москве;дизель, 3.0 л;211 л.с., налог;АКПП;4WD;;черный;450 000 км;левый;2 поколение, рестайлинг;ML 350 BlueTEC AT 4MATIC;;;
Mercedes-Benz;B-Class;2010;1163000;https://auto.drom.ru/moscow/mercedes-benz/b-class/53803207.html;Цвет не совпадает с ПТС;2 записи о регистрации;Не числится в розыске;Ограничений не обнаружено;Москве;бензин, 2.0 л;136 л.с., налог;вариатор;передний;;фиолетовый;66 915 км;левый;1 поколение;;;;
Mercedes-Benz;E-Class;2010;1418000;https://auto.drom.ru/yaroslavl/mercedes-benz/e-class/888706571.html;Характеристики совпадают с ПТС;5 записей о регистрации;Не числится в розыске;Ограничений не обнаружено;Ярославле;бензин, 1.8 л;184 л.с., налог;АКПП;задний;седан;серый;235 000 км;левый;4 поколение;;;;
Mercedes-Benz;S-Class;2010;2250000;https://auto.drom.ru/balashiha/mercedes-benz/s-class/53782214.html;Характеристики совпадают с ПТС;8 записей о регистрации;Не числится в розыске;Ограничений не обнаружено;Балашихе;дизель, 3.0 л;235 л.с., налог;АКПП;4WD;седан;черный;193 000 км;левый;5 поколение, рестайлинг;S 350 CDI BlueEFFICIENCY AT 4MATIC;;;
Mercedes-Benz;E-Class;2010;1900000;https://auto.drom.ru/voronezh/mercedes-benz/e-class/53397037.html;Характеристики совпадают с ПТС;5 записей о регистрации;Не числится в розыске;Ограничений не обнаружено;Воронеже;бензин, 3.5 л;272 л.с., налог;АКПП;4WD;седан;черный;99 000 км;левый;4 поколение;E 350 BlueEfficiency 4MATIC AТ Elegance;;;
Mercedes-Benz;E-Class;2010;1380000;https://auto.drom.ru/volgograd/mercedes-benz/e-class/53396055.html;Характеристики совпадают с ПТС;4 записи о регистрации;Не числится в розыске;Ограничений не обнаружено;Волгограде;бензин, 3.5 л;272 л.с., налог;АКПП;4WD;седан;бежевый;157 000 км;левый;4 поколение;;;;
Mercedes-Benz;M-Class;2010;1600000;https://auto.drom.ru/moscow/mercedes-benz/m-class/53774058.html;Характеристики совпадают с ПТС;3 записи о регистрации;Не числится в розыске;Ограничений не обнаружено;Москве;бензин, 3.5 л;272 л.с., налог;АКПП;4WD;;серебристый;106 000 км;левый;2 поколение, рестайлинг;;;;
Mercedes-Benz;C-Class;2010;1675000;https://auto.drom.ru/yaroslavl/mercedes-benz/c-class/54064199.html;Характеристики совпадают с ПТС;4 записи о регистрации;Не числится в розыске;Ограничений не обнаружено;Ярославле;бензин, 3.0 л;231 л.с., налог;АКПП;4WD;седан;серый;191 751 км;левый;3 поколение;C 300 4MATIC AT Avantgarde;;;
Mercedes-Benz;GL-Class;2010;2150000;https://auto.drom.ru/moscow/mercedes-benz/gl-class/54057688.html;Характеристики совпадают с ПТС;2 записи о регистрации;Не числится в розыске;Ограничений не обнаружено;Москве;дизель, 3.0 л;224 л.с., налог;АКПП;4WD;;белый;180 578 км;левый;1 поколение, рестайлинг;;;;
Mercedes-Benz;B-Class;2010;699000;https://auto.drom.ru/spb/mercedes-benz/b-class/53778027.html;Характеристики совпадают с ПТС;5 записей о регистрации;Не числится в розыске;Ограничений не обнаружено;Санкт-Петербурге;бензин, 1.7 л;116 л.с., налог;вариатор;передний;;красный;153 000 км;левый;1 поколение;;;;
Mercedes-Benz;S-Class;2010;2000000;https://auto.drom.ru/moscow/mercedes-benz/s-class/51662958.html;Характеристики совпадают с ПТС;8 записей о регистрации;Не числится в розыске;Ограничений не обнаружено;Москве;бензин, 5.5 л;388 л.с., налог;АКПП;4WD;седан;белый;178 000 км;левый;5 поколение, рестайлинг;;;;
Mercedes-Benz;S-Class;2010;1700000;https://auto.drom.ru/shchelkovo/mercedes-benz/s-class/52795322.html;Характеристики совпадают с ПТС;8 записей о регистрации;Не числится в розыске;Ограничений не обнаружено;Щёлкове;бензин, 5.5 л, ГБО;388 л.с., налог;АКПП;4WD;седан;черный;180 000 км;левый;5 поколение, рестайлинг;S 500 AT L 4MATIC;;;
Mercedes-Benz;GLK-Class;2010;1440000;https://auto.drom.ru/moscow/mercedes-benz/glk-class/335983516.html;Характеристики совпадают с ПТС;3 записи о регистрации;Не числится в розыске;Ограничений не обнаружено;Москве;дизель, 3.0 л;224 л.с., налог;АКПП;4WD;;черный;219 065 км;левый;1 поколение;GLK 350 CDI 4MATIC AT Особая серия;;;
Mercedes-Benz;M-Class;2010;1578789;https://auto.drom.ru/spb/mercedes-benz/m-class/54044733.html;Характеристики совпадают с ПТС;4 записи о регистрации;Не числится в розыске;Ограничений не обнаружено;Санкт-Петербурге;бензин, 6.2 л;510 л.с., налог;АКПП;4WD;;черный;224 311 км;левый;2 поколение, рестайлинг;;;;
Mercedes-Benz;C-Class;2010;1150000;https://auto.drom.ru/mytishchi/mercedes-benz/c-class/54043622.html;Характеристики совпадают с ПТС;9 записей о регистрации;Не числится в розыске;Ограничений не обнаружено;Мытищах;бензин, 1.8 л;184 л.с., налог;АКПП;задний;седан;белый;190 000 км;левый;3 поколение;C 200 CGI BlueEFFICIENCY AT Avantgarde;;;
Mercedes-Benz;E-Class;2010;1250000;https://auto.drom.ru/zaraysk/mercedes-benz/e-class/53370555.html;Характеристики совпадают с ПТС;8 записей о регистрации;Не числится в розыске;Ограничений не обнаружено;Зарайске;дизель, 2.1 л;136 л.с., налог;АКПП;задний;седан;коричневый;280 000 км;левый;4 поколение;E 200 CDI BlueEfficiency AТ Base;;;
Mercedes-Benz;GL-Class;2010;1770000;https://auto.drom.ru/smolensk/mercedes-benz/gl-class/51884464.html;Характеристики совпадают с ПТС;6 записей о регистрации;Не числится в розыске;Есть ограничения;Смоленске;дизель, 3.0 л;224 л.с., налог;АКПП;4WD;;коричневый;275 000 км;левый;1 поколение, рестайлинг;GL 350 CDI 4MATIC BlueEFFICIENCY (5-seats);;;
Mercedes-Benz;E-Class;2010;1499000;https://auto.drom.ru/yaroslavl/mercedes-benz/e-class/50650947.html;Характеристики совпадают с ПТС;5 записей о регистрации;Не числится в розыске;Ограничений не обнаружено;Ярославле;бензин, 1.8 л;184 л.с., налог;АКПП;задний;седан;белый;171 000 км;левый;4 поколение;;;;
Mercedes-Benz;C-Class;2010;1070000;https://auto.drom.ru/moscow/mercedes-benz/c-class/52914709.html;Мощность двигателя не совпадает с ПТС;12 записей о регистрации;Не числится в розыске;Есть ограничения;Москве;бензин, 1.8 л;156 л.с., налог;АКПП;задний;седан;серый;162 135 км;левый;3 поколение;;;;
Mercedes-Benz;E-Class;2010;1600000;https://auto.drom.ru/naro-fominsk/mercedes-benz/e-class/53734390.html;Характеристики совпадают с ПТС;10 записей о регистрации;Не числится в розыске;Ограничений не обнаружено;Наро-Фоминске;бензин, 3.5 л, ГБО;272 л.с., налог;АКПП;4WD;седан;;190 000 км;левый;4 поколение;E 350 4MATIC AT Особая серия;;;
Mercedes-Benz;S-Class;2010;1900000;https://auto.drom.ru/moscow/mercedes-benz/s-class/879158475.html;Характеристики совпадают с ПТС;10 записей о регистрации;Не числится в розыске;Ограничений не обнаружено;Москве;бензин, 5.5 л;388 л.с., налог;АКПП;4WD;седан;черный;186 000 км;левый;5 поколение, рестайлинг;S 500 AT L 4MATIC;;;
Mercedes-Benz;GL-Class;2010;2000000;https://auto.drom.ru/moscow/mercedes-benz/gl-class/444496856.html;Характеристики совпадают с ПТС;8 записей о регистрации;Не числится в розыске;Есть ограничения;Москве;бензин, 5.5 л;388 л.с., налог;АКПП;4WD;;черный;325 611 км;левый;1 поколение, рестайлинг;GL 550 4MATIC;;;
Mercedes-Benz;B-Class;2010;879000;https://auto.drom.ru/kazan/mercedes-benz/b-class/54004070.html;Характеристики совпадают с ПТС;2 записи о регистрации;Не числится в розыске;Ограничений не обнаружено;Казани;бензин, 2.0 л;136 л.с., налог;вариатор;передний;;бордовый;123 000 км;левый;1 поколение;;;;
Mercedes-Benz;C-Class;2010;1270000;https://auto.drom.ru/moscow/mercedes-benz/c-class/53720670.html;Характеристики совпадают с ПТС;2 записи о регистрации;Не числится в розыске;Ограничений не обнаружено;Москве;бензин, 1.8 л;156 л.с., налог;АКПП;задний;седан;черный;186 364 км;левый;3 поколение;C180 CGI AT "Особая серия";;;
Mercedes-Benz;GL-Class;2010;950000;https://auto.drom.ru/moscow/mercedes-benz/gl-class/684221312.html;Характеристики совпадают с ПТС;4 записи о регистрации;Не числится в розыске;Ограничений не обнаружено;Москве;бензин, 5.5 л;388 л.с., налог;АКПП;4WD;;черный;353 037 км;левый;1 поколение, рестайлинг;;документы с проблемами, залог;;
Mercedes-Benz;Viano;2010;1779000;https://auto.drom.ru/spb/mercedes-benz/viano/743170659.html;Характеристики совпадают с ПТС;7 записей о регистрации;Не числится в розыске;Ограничений не обнаружено;Санкт-Петербурге;бензин, 3.5 л;258 л.с., налог;АКПП;задний;;бежевый;181 943 км;левый;2 поколение;;;;
Mercedes-Benz;E-Class;2010;1649000;https://auto.drom.ru/yaroslavl/mercedes-benz/e-class/195234959.html;Характеристики совпадают с ПТС;4 записи о регистрации;Не числится в розыске;Ограничений не обнаружено;Ярославле;бензин, 1.8 л;184 л.с., налог;АКПП;задний;седан;черный;138 000 км;левый;4 поколение;;;;
Mercedes-Benz;E-Class;2010;1490000;https://auto.drom.ru/spb/mercedes-benz/e-class/316359162.html;Характеристики совпадают с ПТС;5 записей о регистрации;Не числится в розыске;Ограничений не обнаружено;Санкт-Петербурге;бензин, 3.5 л;272 л.с., налог;АКПП;4WD;седан;черный;135 000 км;левый;4 поколение;;;;
Mercedes-Benz;C-Class;2010;980000;https://auto.drom.ru/orehovo-zuevo/mercedes-benz/c-class/397309915.html;Характеристики совпадают с ПТС;7 записей о регистрации;Не числится в розыске;Ограничений не обнаружено;Орехово-Зуево;бензин, 1.8 л;204 л.с., налог;АКПП;задний;седан;белый;212 000 км;левый;3 поколение;C250 AT;;;
Mercedes-Benz;G-Class;2010;4199000;https://auto.drom.ru/volgograd/mercedes-benz/g-class/919650222.html;Характеристики совпадают с ПТС;8 записей о регистрации;Не числится в розыске;Ограничений не обнаружено;Волгограде;дизель, 3.0 л;224 л.с., налог;автомат;4WD;джип/suv 3 дв.;черный;229 186 км;левый;;;;;
Mercedes-Benz;E-Class;2010;1444000;https://auto.drom.ru/kazan/mercedes-benz/e-class/53695522.html;Характеристики совпадают с ПТС;1 запись о регистрации;Не числится в розыске;Ограничений не обнаружено;Казани;бензин, 1.8 л;184 л.с., налог;АКПП;задний;седан;белый;212 180 км;левый;4 поколение;;;;
Mercedes-Benz;E-Class;2010;1750000;https://auto.drom.ru/voronezh/mercedes-benz/e-class/53689173.html;Характеристики совпадают с ПТС;12 записей о регистрации;Не числится в розыске;Ограничений не обнаружено;Воронеже;бензин, 1.8 л;204 л.с., налог;АКПП;задний;седан;черный;218 599 км;левый;4 поколение;;;;
Mercedes-Benz;S-Class;2010;1980886;https://auto.drom.ru/minsk/mercedes-benz/s-class/736529533.html;Мощность двигателя не совпадает с ПТС;4 записи о регистрации;Не числится в розыске;Ограничений не обнаружено;Минске;дизель, 3.0 л;258 л.с., налог;АКПП;задний;седан;черный;176 000 км;левый;5 поколение, рестайлинг;S 350 BlueTEC AT;;;
Mercedes-Benz;E-Class;2010;1300000;https://auto.drom.ru/moscow/mercedes-benz/e-class/240758936.html;Характеристики совпадают с ПТС;4 записи о регистрации;Не числится в розыске;Ограничений не обнаружено;Москве;бензин, 1.8 л;204 л.с., налог;АКПП;задний;седан;черный;245 000 км;левый;4 поколение;E 250 CGI BlueEfficiency AТ Avantgarde;;;
Mercedes-Benz;E-Class;2010;1700000;https://auto.drom.ru/moscow/mercedes-benz/e-class/52382094.html;Характеристики совпадают с ПТС;4 записи о регистрации;Не числится в розыске;Ограничений не обнаружено;Москве;бензин, 3.0 л;231 л.с., налог;АКПП;задний;седан;черный;240 000 км;левый;4 поколение;E 300 AT Особая серия;;;
Mercedes-Benz;CL-Class;2010;2800000;https://auto.drom.ru/moscow/mercedes-benz/cl-class/578314876.html;Модель не совпадает с ПТС;6 записей о регистрации;Не числится в розыске;Ограничений не обнаружено;Москве;бензин, 4.7 л;435 л.с., налог;АКПП;4WD;;черный;141 000 км;левый;3 поколение, рестайлинг;CL 500 4MATIC BlueEFFICIENCY AT;;;
Mercedes-Benz;GL-Class;2010;2100000;https://auto.drom.ru/moscow/mercedes-benz/gl-class/53987704.html;Характеристики совпадают с ПТС;1 запись о регистрации;Не числится в розыске;Ограничений не обнаружено;Москве;дизель, 3.0 л;224 л.с., налог;АКПП;4WD;;белый;183 494 км;левый;1 поколение, рестайлинг;;;;
Mercedes-Benz;S-Class;2010;1800713;https://auto.drom.ru/minsk/mercedes-benz/s-class/690868804.html;;;;;Минске;бензин, 5.5 л;388 л.с., налог;АКПП;4WD;седан;черный;245 691 км;левый;5 поколение, рестайлинг;;;;
Mercedes-Benz;S-Class;2010;2050000;https://auto.drom.ru/moscow/mercedes-benz/s-class/594058869.html;Цвет не совпадает с ПТС;8 записей о регистрации;Не числится в розыске;Ограничений не обнаружено;Москве;бензин, 5.5 л;388 л.с., налог;АКПП;4WD;седан;черный;180 000 км;левый;5 поколение, рестайлинг;;;;
Mercedes-Benz;S-Class;2010;1750000;https://auto.drom.ru/moscow/mercedes-benz/s-class/54152470.html;Характеристики совпадают с ПТС;6 записей о регистрации;Не числится в розыске;Ограничений не обнаружено;Москве;бензин, 5.5 л;388 л.с., налог;АКПП;4WD;седан;черный;169 000 км;левый;5 поколение, рестайлинг;S 500 AT 4MATIC;;;
Mercedes-Benz;M-Class;2010;1750000;https://auto.drom.ru/kingisepp/mercedes-benz/m-class/497146380.html;Характеристики совпадают с ПТС;6 записей о регистрации;Не числится в розыске;Ограничений не обнаружено;Кингисеппе;дизель, 3.0 л;224 л.с., налог;АКПП;4WD;;черный;267 000 км;левый;2 поколение, рестайлинг;ML 350 CDI AT 4MATIC;;;
Mercedes-Benz;C-Class;2010;939000;https://auto.drom.ru/spb/mercedes-benz/c-class/53980857.html;Характеристики совпадают с ПТС;5 записей о регистрации;Не числится в розыске;Ограничений не обнаружено;Санкт-Петербурге;бензин, 1.8 л;184 л.с., налог;АКПП;задний;седан;синий;250 000 км;левый;3 поколение;;;;
Mercedes-Benz;C-Class;2010;930000;https://auto.drom.ru/spb/mercedes-benz/c-class/848196758.html;Характеристики совпадают с ПТС;5 записей о регистрации;Не числится в розыске;Ограничений не обнаружено;Санкт-Петербурге;бензин, 1.8 л;156 л.с., налог;АКПП;задний;седан;черный;201 500 км;левый;3 поколение;;;;
Mercedes-Benz;GL-Class;2010;1999000;https://auto.drom.ru/spb/mercedes-benz/gl-class/53638198.html;Характеристики совпадают с ПТС;6 записей о регистрации;Не числится в розыске;Ограничений не обнаружено;Санкт-Петербурге;дизель, 3.0 л;224 л.с., налог;АКПП;4WD;;коричневый;146 017 км;левый;1 поколение, рестайлинг;;;;
Mercedes-Benz;M-Class;2010;1430000;https://auto.drom.ru/ulyanovsk/mercedes-benz/m-class/53635664.html;Характеристики совпадают с ПТС;5 записей о регистрации;Не числится в розыске;Ограничений не обнаружено;Ульяновске;бензин, 3.5 л;272 л.с., налог;АКПП;4WD;;черный;350 000 км;левый;2 поколение, рестайлинг;ML 350 AT "Особая серия";;;
Mercedes-Benz;GL-Class;2010;2150000;https://auto.drom.ru/kirov/mercedes-benz/gl-class/47314630.html;Характеристики совпадают с ПТС;3 записи о регистрации;Не числится в розыске;Ограничений не обнаружено;Кирове;дизель, 3.0 л;224 л.с., налог;АКПП;4WD;;черный;240 000 км;левый;1 поколение, рестайлинг;GL 350 CDI 4MATIC BlueEFFICIENCY (7-seats);;;
Mercedes-Benz;GL-Class;2010;1914789;https://auto.drom.ru/spb/mercedes-benz/gl-class/878890969.html;Характеристики совпадают с ПТС;5 записей о регистрации;Не числится в розыске;Ограничений не обнаружено;Санкт-Петербурге;дизель, 3.0 л;224 л.с., налог;АКПП;4WD;;черный;223 783 км;левый;1 поколение, рестайлинг;;;;
Mercedes-Benz;CLS-Class;2010;1850000;https://auto.drom.ru/moscow/mercedes-benz/cls-class/744069853.html;Характеристики совпадают с ПТС;4 записи о регистрации;Не числится в розыске;Ограничений не обнаружено;Москве;бензин, 3.0 л;231 л.с., налог;АКПП;задний;седан;белый;89 634 км;левый;1 поколение, рестайлинг;CLS 300 AT "Особая Серия";;;
Mercedes-Benz;E-Class;2010;2100000;https://auto.drom.ru/klintsy/mercedes-benz/e-class/721292981.html;Характеристики совпадают с ПТС;4 записи о регистрации;Не числится в розыске;Ограничений не обнаружено;Клинцах;дизель, 2.1 л;170 л.с., налог;АКПП;задний;седан;черный;385 000 км;левый;4 поколение;E 220 CDI AT Особая серия;;;
Mercedes-Benz;GL-Class;2010;1765000;https://auto.drom.ru/spb/mercedes-benz/gl-class/53614549.html;Характеристики совпадают с ПТС;6 записей о регистрации;Не числится в розыске;Ограничений не обнаружено;Санкт-Петербурге;дизель, 3.0 л;224 л.с., налог;АКПП;4WD;;черный;261 000 км;левый;1 поколение, рестайлинг;;;;
Mercedes-Benz;B-Class;2010;710000;https://auto.drom.ru/togliatti/mercedes-benz/b-class/123189872.html;Характеристики совпадают с ПТС;4 записи о регистрации;Не числится в розыске;Ограничений не обнаружено;Тольятти;бензин, 2.0 л;136 л.с., налог;вариатор;передний;;белый;236 000 км;левый;1 поколение;B 200 CVT "Особая серия";;;
Mercedes-Benz;B-Class;2010;1049000;https://auto.drom.ru/moscow/mercedes-benz/b-class/817684523.html;Характеристики совпадают с ПТС;3 записи о регистрации;Не числится в розыске;Ограничений не обнаружено;Москве;бензин, 1.7 л;116 л.с., налог;вариатор;передний;;белый;139 000 км;левый;1 поколение;B 170 CVT;;;
Mercedes-Benz;M-Class;2010;1699789;https://auto.drom.ru/spb/mercedes-benz/m-class/642872186.html;Характеристики совпадают с ПТС;7 записей о регистрации;Не числится в розыске;Ограничений не обнаружено;Санкт-Петербурге;бензин, 6.2 л;510 л.с., налог;АКПП;4WD;;серебристый;154 651 км;левый;2 поколение, рестайлинг;;;;
Mercedes-Benz;S-Class;2010;2200000;https://auto.drom.ru/spb/mercedes-benz/s-class/53955953.html;Характеристики совпадают с ПТС;2 записи о регистрации;Не числится в розыске;Ограничений не обнаружено;Санкт-Петербурге;бензин, 5.5 л;388 л.с., налог;АКПП;4WD;седан;бордовый;160 000 км;левый;5 поколение, рестайлинг;S 500 AT 4MATIC;;;
Mercedes-Benz;C-Class;2010;1200000;https://auto.drom.ru/moscow/mercedes-benz/c-class/53607972.html;Характеристики совпадают с ПТС;4 записи о регистрации;Не числится в розыске;Ограничений не обнаружено;Москве;бензин, 1.8 л;156 л.с., налог;АКПП;задний;седан;красный;154 000 км;левый;3 поколение;;;;
Mercedes-Benz;S-Class;2010;1645050;https://auto.drom.ru/kazan/mercedes-benz/s-class/696295931.html;Характеристики совпадают с ПТС;4 записи о регистрации;Не числится в розыске;Ограничений не обнаружено;Казани;бензин;;автомат;;седан;черный;190 000 км;левый;5 поколение, рестайлинг;;;;
Mercedes-Benz;GL-Class;2010;2099000;https://auto.drom.ru/bakabanovo/mercedes-benz/gl-class/411309383.html;Характеристики совпадают с ПТС;4 записи о регистрации;Не числится в розыске;Ограничений не обнаружено;Балабаново;дизель, 3.0 л;224 л.с., налог;АКПП;4WD;;белый;238 000 км;левый;1 поколение, рестайлинг;;;;
Mercedes-Benz;C-Class;2010;1479000;https://auto.drom.ru/moscow/mercedes-benz/c-class/53585754.html;Характеристики совпадают с ПТС;4 записи о регистрации;Не числится в розыске;Ограничений не обнаружено;Москве;бензин, 3.0 л;231 л.с., налог;АКПП;4WD;седан;белый;234 796 км;левый;3 поколение;;;;
Mercedes-Benz;B-Class;2010;918000;https://auto.drom.ru/spb/mercedes-benz/b-class/667266384.html;Характеристики совпадают с ПТС;5 записей о регистрации;Не числится в розыске;Ограничений не обнаружено;Санкт-Петербурге;бензин, 1.7 л;116 л.с., налог;вариатор;передний;;серый;128 998 км;левый;1 поколение;;;;
Mercedes-Benz;C-Class;2010;999000;https://auto.drom.ru/pskov/mercedes-benz/c-class/53585941.html;Характеристики совпадают с ПТС;5 записей о регистрации;Не числится в розыске;Ограничений не обнаружено;Пскове;бензин, 1.8 л;156 л.с., налог;АКПП;задний;седан;черный;202 000 км;левый;3 поколение;;;;
Mercedes-Benz;M-Class;2010;2450000;https://auto.drom.ru/lobnya/mercedes-benz/m-class/53191766.html;Характеристики совпадают с ПТС;5 записей о регистрации;Не числится в розыске;Ограничений не обнаружено;Лобне;дизель, 3.0 л;224 л.с., налог;АКПП;4WD;;черный;192 000 км;левый;2 поколение, рестайлинг;ML 320 CDI AT;;;
Mercedes-Benz;E-Class;2010;1850000;https://auto.drom.ru/saratov/mercedes-benz/e-class/53504215.html;Характеристики совпадают с ПТС;2 записи о регистрации;Не числится в розыске;Ограничений не обнаружено;Саратове;бензин, 1.8 л;184 л.с., налог;АКПП;задний;седан;серебристый;97 439 км;левый;4 поколение;E 200 CGI BlueEfficiency AТ Avantgarde;;;
Mercedes-Benz;E-Class;2010;1500000;https://auto.drom.ru/orel/mercedes-benz/e-class/358083433.html;Характеристики совпадают с ПТС;2 записи о регистрации;Не числится в розыске;Ограничений не обнаружено;Орле;дизель, 2.1 л;136 л.с., налог;АКПП;задний;седан;черный;507 000 км;левый;4 поколение;E 200 CDI BlueEfficiency AТ Elegance;;;
Mercedes-Benz;E-Class;2010;1439000;https://auto.drom.ru/kursk/mercedes-benz/e-class/53149566.html;Характеристики совпадают с ПТС;7 записей о регистрации;Не числится в розыске;Ограничений не обнаружено;Курске;бензин, 3.0 л;231 л.с., налог;АКПП;задний;седан;черный;250 000 км;левый;4 поколение;E 300 AT Особая серия;;;
Mercedes-Benz;B-Class;2010;890000;https://auto.drom.ru/minsk/mercedes-benz/b-class/908575363.html;;;;;Минске;дизель, 2.0 л;109 л.с., налог;механика;передний;;серебристый;198 250 км;левый;1 поколение, рестайлинг;B 180 CDI MT;;;
Mercedes-Benz;M-Class;2010;2150000;https://auto.drom.ru/kazan/mercedes-benz/m-class/906247122.html;Характеристики совпадают с ПТС;2 записи о регистрации;Не числится в розыске;Ограничений не обнаружено;Казани;дизель, 3.0 л;224 л.с., налог;АКПП;4WD;;коричневый;146 120 км;левый;2 поколение, рестайлинг;ML 350 CDI AT 4MATIC;;;
Mercedes-Benz;E-Class;2010;1248000;https://auto.drom.ru/moscow/mercedes-benz/e-class/798201332.html;Характеристики совпадают с ПТС;3 записи о регистрации;Не числится в розыске;Ограничений не обнаружено;Москве;бензин, 1.8 л;184 л.с., налог;АКПП;задний;седан;коричневый;241 265 км;левый;4 поколение;;;;
Mercedes-Benz;E-Class;2010;1590000;https://auto.drom.ru/kursk/mercedes-benz/e-class/53538479.html;Характеристики совпадают с ПТС;4 записи о регистрации;Не числится в розыске;Ограничений не обнаружено;Курске;дизель, 2.1 л;170 л.с., налог;АКПП;задний;седан;серебристый;300 019 км;левый;4 поколение;;;;
Mercedes-Benz;C-Class;2010;1390000;https://auto.drom.ru/nizhniy-novgorod/mercedes-benz/c-class/563015230.html;Характеристики совпадают с ПТС;4 записи о регистрации;Не числится в розыске;Ограничений не обнаружено;Нижнем Новгороде;бензин, 1.8 л;156 л.с., налог;АКПП;задний;седан;белый;122 188 км;левый;3 поколение;C180 CGI AT "Особая серия";;;
Mercedes-Benz;GLK-Class;2010;1650000;https://auto.drom.ru/stupino/mercedes-benz/glk-class/321558917.html;Характеристики совпадают с ПТС;5 записей о регистрации;Не числится в розыске;Ограничений не обнаружено;Ступино;дизель, 2.1 л;170 л.с., налог;АКПП;4WD;;белый;150 000 км;левый;1 поколение;GLK 220 CDI 4MATIC AT Особая серия;;;
Mercedes-Benz;B-Class;2010;825000;https://auto.drom.ru/spb/mercedes-benz/b-class/53106215.html;Характеристики совпадают с ПТС;6 записей о регистрации;Не числится в розыске;Ограничений не обнаружено;Санкт-Петербурге;бензин, 1.7 л;116 л.с., налог;вариатор;передний;;черный;176 700 км;левый;1 поколение;;;;
Mercedes-Benz;E-Class;2010;1500000;https://auto.drom.ru/kazan/mercedes-benz/e-class/52745151.html;;;;;Казани;бензин, 1.8 л;184 л.с., налог;АКПП;задний;седан;белый;266 000 км;левый;4 поколение;E 200 CGI BlueEfficiency AТ Avantgarde;;;
Mercedes-Benz;E-Class;2010;1225000;https://auto.drom.ru/kazan/mercedes-benz/e-class/431426814.html;Характеристики совпадают с ПТС;3 записи о регистрации;Не числится в розыске;Есть ограничения;Казани;бензин, 1.8 л;184 л.с., налог;АКПП;задний;седан;синий;182 000 км;левый;4 поколение;E 200 CGI AT Особая серия;;;
Mercedes-Benz;GL-Class;2010;1926036;https://auto.drom.ru/spb/mercedes-benz/gl-class/643679654.html;Характеристики совпадают с ПТС;2 записи о регистрации;Не числится в розыске;Ограничений не обнаружено;Санкт-Петербурге;бензин, 5.5 л;388 л.с., налог;АКПП;4WD;;черный;177 732 км;левый;1 поколение, рестайлинг;;;;
Mercedes-Benz;M-Class;2010;2399000;https://auto.drom.ru/spb/mercedes-benz/m-class/367440152.html;Характеристики совпадают с ПТС;2 записи о регистрации;Не числится в розыске;Ограничений не обнаружено;Санкт-Петербурге;дизель, 3.0 л;224 л.с., налог;АКПП;4WD;;черный;83 688 км;левый;2 поколение, рестайлинг;;;;
Mercedes-Benz;S-Class;2010;1779000;https://auto.drom.ru/spb/mercedes-benz/s-class/810063251.html;Характеристики совпадают с ПТС;6 записей о регистрации;Не числится в розыске;Ограничений не обнаружено;Санкт-Петербурге;бензин, 5.5 л;388 л.с., налог;АКПП;4WD;седан;черный;171 000 км;левый;5 поколение, рестайлинг;;;;
Mercedes-Benz;E-Class;2010;1201240;https://auto.drom.ru/minsk/mercedes-benz/e-class/53079282.html;Характеристики совпадают с ПТС;;Не числится в розыске;Ограничений не обнаружено;Минске;бензин, 1.8 л;184 л.с., налог;АКПП;задний;седан;черный;151 187 км;левый;4 поколение;;;;
Mercedes-Benz;S-Class;2011;2450000;https://auto.drom.ru/moscow/mercedes-benz/s-class/54146037.html;Характеристики совпадают с ПТС;3 записи о регистрации;Не числится в розыске;Ограничений не обнаружено;Москве;бензин, 4.7 л;435 л.с., налог;АКПП;4WD;седан;черный;163 000 км;левый;5 поколение, рестайлинг;S 500 BlueEFFICIENCY AT L 4MATIC;;;
Mercedes-Benz;GL-Class;2011;2350000;https://auto.drom.ru/moscow/mercedes-benz/gl-class/52618917.html;Характеристики совпадают с ПТС;5 записей о регистрации;Не числится в розыске;Ограничений не обнаружено;Москве;дизель, 3.0 л;224 л.с., налог;АКПП;4WD;;белый;223 000 км;левый;1 поколение, рестайлинг;GL 350 CDI "Особая серия";;;
Mercedes-Benz;GL-Class;2011;1800000;https://auto.drom.ru/moscow/mercedes-benz/gl-class/51767598.html;Характеристики совпадают с ПТС;6 записей о регистрации;Не числится в розыске;Есть ограничения;Москве;бензин, 5.5 л;388 л.с., налог;АКПП;4WD;;черный;190 000 км;левый;1 поколение, рестайлинг;GL 500 "Особая серия";;;
Mercedes-Benz;E-Class;2011;1200000;https://auto.drom.ru/dzerzhinsk/mercedes-benz/e-class/54145331.html;Характеристики совпадают с ПТС;6 записей о регистрации;Не числится в розыске;Ограничений не обнаружено;Дзержинске;бензин, 1.8 л;184 л.с., налог;АКПП;задний;седан;черный;260 000 км;левый;4 поколение;E 200 CGI BlueEfficiency AТ Avantgarde;;;
Mercedes-Benz;GL-Class;2011;2300000;https://auto.drom.ru/minsk/mercedes-benz/gl-class/111929814.html;Характеристики совпадают с ПТС;3 записи о регистрации;Не числится в розыске;Ограничений не обнаружено;Минске;дизель, 3.0 л;224 л.с., налог;АКПП;4WD;;черный;246 000 км;левый;1 поколение, рестайлинг;GL 350 CDI "Особая серия";;;
Mercedes-Benz;GLK-Class;2011;1599000;https://auto.drom.ru/volgograd/mercedes-benz/glk-class/866192911.html;Характеристики совпадают с ПТС;4 записи о регистрации;Не числится в розыске;Ограничений не обнаружено;Волгограде;бензин, 3.5 л;272 л.с., налог;АКПП;4WD;;серый;187 734 км;левый;1 поколение;GLK 350 4MATIC AT Особая серия;;;
Mercedes-Benz;E-Class;2011;1570000;https://auto.drom.ru/serpuhov/mercedes-benz/e-class/590834040.html;Характеристики совпадают с ПТС;6 записей о регистрации;Не числится в розыске;Ограничений не обнаружено;Серпухове;бензин, 3.5 л;272 л.с., налог;АКПП;4WD;седан;черный;219 000 км;левый;4 поколение;E 350 4MATIC AT Особая серия;;;
Mercedes-Benz;S-Class;2011;2500000;https://auto.drom.ru/moscow/mercedes-benz/s-class/51939966.html;Характеристики совпадают с ПТС;3 записи о регистрации;Не числится в розыске;Ограничений не обнаружено;Москве;бензин, 4.7 л;435 л.с., налог;АКПП;4WD;седан;черный;150 601 км;левый;5 поколение, рестайлинг;S 500 BlueEFFICIENCY AT L 4MATIC;;;
Mercedes-Benz;M-Class;2011;1810000;https://auto.drom.ru/moscow/mercedes-benz/m-class/417384775.html;Характеристики совпадают с ПТС;3 записи о регистрации;Не числится в розыске;Ограничений не обнаружено;Москве;бензин, 3.5 л;272 л.с., налог;АКПП;4WD;;черный;176 000 км;левый;2 поколение, рестайлинг;;;;
Mercedes-Benz;C-Class;2011;1750000;https://auto.drom.ru/moscow/mercedes-benz/c-class/477504511.html;Характеристики совпадают с ПТС;3 записи о регистрации;Не числится в розыске;Ограничений не обнаружено;Москве;бензин, 1.8 л;156 л.с., налог;АКПП;задний;седан;белый;94 000 км;левый;3 поколение, рестайлинг;C 180 BlueEFFICIENCY AT Особая серия;;;
Mercedes-Benz;C-Class;2011;1240000;https://auto.drom.ru/moscow/mercedes-benz/c-class/53852857.html;Характеристики совпадают с ПТС;6 записей о регистрации;Не числится в розыске;Ограничений не обнаружено;Москве;бензин, 1.8 л;184 л.с., налог;АКПП;задний;седан;черный;132 798 км;левый;3 поколение;;;;
Mercedes-Benz;B-Class;2011;911000;https://auto.drom.ru/moscow/mercedes-benz/b-class/53844320.html;Характеристики совпадают с ПТС;6 записей о регистрации;Не числится в розыске;Ограничений не обнаружено;Москве;бензин, 2.0 л;136 л.с., налог;вариатор;передний;;белый;163 319 км;левый;1 поколение;;;;
Mercedes-Benz;E-Class;2011;1850000;https://auto.drom.ru/borisoglebsk/mercedes-benz/e-class/47155351.html;Характеристики совпадают с ПТС;9 записей о регистрации;Не числится в розыске;Ограничений не обнаружено;Борисоглебске;бензин, 3.5 л;306 л.с., налог;АКПП;4WD;седан;черный;160 000 км;левый;4 поколение;E 350 BlueEfficiency 4MATIC AТ Avantgarde;;;
Mercedes-Benz;S-Class;2011;1641503;https://auto.drom.ru/minsk/mercedes-benz/s-class/53470232.html;Характеристики совпадают с ПТС;4 записи о регистрации;Не числится в розыске;Ограничений не обнаружено;Минске;бензин, 4.7 л;435 л.с., налог;АКПП;4WD;седан;белый;171 000 км;левый;5 поколение, рестайлинг;S 500 BlueEFFICIENCY AT L 4MATIC;;;
Mercedes-Benz;C-Class;2011;1299000;https://auto.drom.ru/moscow/mercedes-benz/c-class/54133211.html;Цвет не совпадает с ПТС;3 записи о регистрации;Не числится в розыске;Ограничений не обнаружено;Москве;бензин, 1.8 л;156 л.с., налог;АКПП;задний;седан;красный;177 064 км;левый;3 поколение;;;;
Mercedes-Benz;E-Class;2011;2500000;https://auto.drom.ru/moscow/mercedes-benz/e-class/780463412.html;Мощность двигателя не совпадает с ПТС;4 записи о регистрации;Не числится в розыске;Ограничений не обнаружено;Москве;бензин, 3.5 л;292 л.с., налог;АКПП;4WD;седан;черный;78 000 км;левый;4 поколение;E 350 4MATIC AT Особая серия;;;
Mercedes-Benz;B-Class;2011;915000;https://auto.drom.ru/moscow/mercedes-benz/b-class/462112536.html;Характеристики совпадают с ПТС;4 записи о регистрации;Не числится в розыске;Ограничений не обнаружено;Москве;бензин, 2.0 л;136 л.с., налог;вариатор;передний;;белый;127 500 км;левый;1 поколение, рестайлинг;B 200 CVT "Особая серия";;;
Mercedes-Benz;C-Class;2011;1650000;https://auto.drom.ru/kursk/mercedes-benz/c-class/205111926.html;Характеристики совпадают с ПТС;10 записей о регистрации;Не числится в розыске;Ограничений не обнаружено;Курске;бензин, 1.8 л;156 л.с., налог;АКПП;задний;седан;серебристый;191 000 км;левый;3 поколение, рестайлинг;C 180 BlueEFFICIENCY AT Classic;;;
Mercedes-Benz;GLK-Class;2011;1385143;https://auto.drom.ru/minsk/mercedes-benz/glk-class/53829167.html;Характеристики совпадают с ПТС;2 записи о регистрации;Не числится в розыске;Ограничений не обнаружено;Минске;дизель, 2.1 л;170 л.с., налог;АКПП;4WD;;серебристый;227 118 км;левый;1 поколение;GLK 220 CDI 4MATIC AT Особая серия;;;
Mercedes-Benz;GL-Class;2011;2350000;https://auto.drom.ru/moscow/mercedes-benz/gl-class/789739596.html;Характеристики совпадают с ПТС;3 записи о регистрации;Не числится в розыске;Ограничений не обнаружено;Москве;дизель, 3.0 л;224 л.с., налог;АКПП;4WD;;серый;195 285 км;левый;1 поколение, рестайлинг;GL 350 CDI "Особая серия";;;
Mercedes-Benz;E-Class;2011;1919000;https://auto.drom.ru/moscow/mercedes-benz/e-class/128924755.html;Характеристики совпадают с ПТС;4 записи о регистрации;Не числится в розыске;Ограничений не обнаружено;Москве;бензин, 3.5 л;252 л.с., налог;АКПП;задний;седан;черный;157 800 км;левый;4 поколение;;;;
Mercedes-Benz;E-Class;2011;1906000;https://auto.drom.ru/moscow/mercedes-benz/e-class/138186692.html;Характеристики совпадают с ПТС;3 записи о регистрации;Не числится в розыске;Ограничений не обнаружено;Москве;бензин, 3.0 л;231 л.с., налог;АКПП;задний;седан;черный;157 970 км;левый;4 поколение;E 300 AT Особая серия;;;
Mercedes-Benz;GLK-Class;2011;1400000;https://auto.drom.ru/podolsk/mercedes-benz/glk-class/53017695.html;Характеристики совпадают с ПТС;9 записей о регистрации;Не числится в розыске;Ограничений не обнаружено;Подольске;дизель, 2.1 л;170 л.с., налог;АКПП;4WD;;белый;209 000 км;левый;1 поколение;GLK 220 CDI 4MATIC AT Особая серия;;;
Mercedes-Benz;E-Class;2011;1650000;https://auto.drom.ru/moscow/mercedes-benz/e-class/526390554.html;Характеристики совпадают с ПТС;5 записей о регистрации;Не числится в розыске;Ограничений не обнаружено;Москве;бензин, 3.0 л;231 л.с., налог;АКПП;задний;седан;черный;198 000 км;левый;4 поколение;E 300 AT Особая серия;;;
Mercedes-Benz;S-Class;2011;2149000;https://auto.drom.ru/spb/mercedes-benz/s-class/330433316.html;Характеристики совпадают с ПТС;5 записей о регистрации;Не числится в розыске;Ограничений не обнаружено;Санкт-Петербурге;бензин, 3.5 л;306 л.с., налог;АКПП;4WD;седан;серый;121 000 км;левый;5 поколение, рестайлинг;;;;
Mercedes-Benz;B-Class;2011;998321;https://auto.drom.ru/spb/mercedes-benz/b-class/52441698.html;Характеристики совпадают с ПТС;2 записи о регистрации;Не числится в розыске;Ограничений не обнаружено;Санкт-Петербурге;бензин, 1.7 л;116 л.с., налог;вариатор;передний;;голубой;79 143 км;левый;1 поколение;;;;
Mercedes-Benz;C-Class;2011;1455000;https://auto.drom.ru/voronezh/mercedes-benz/c-class/54089143.html;Характеристики совпадают с ПТС;7 записей о регистрации;Не числится в розыске;Ограничений не обнаружено;Воронеже;бензин, 1.8 л;204 л.с., налог;АКПП;задний;купе;белый;144 395 км;левый;3 поколение, рестайлинг;;;;
Mercedes-Benz;C-Class;2011;1305000;https://auto.drom.ru/spb/mercedes-benz/c-class/54089013.html;Характеристики совпадают с ПТС;4 записи о регистрации;Не числится в розыске;Ограничений не обнаружено;Санкт-Петербурге;бензин, 1.8 л;156 л.с., налог;АКПП;задний;седан;черный;220 000 км;левый;3 поколение;;;;
Mercedes-Benz;E-Class;2011;1599000;https://auto.drom.ru/voronezh/mercedes-benz/e-class/53419957.html;Характеристики совпадают с ПТС;6 записей о регистрации;Не числится в розыске;Ограничений не обнаружено;Воронеже;бензин, 1.8 л;184 л.с., налог;АКПП;задний;седан;серебристый;127 770 км;левый;4 поколение;;;;
Mercedes-Benz;S-Class;2011;2000000;https://auto.drom.ru/sergiev-posad/mercedes-benz/s-class/556725355.html;Характеристики совпадают с ПТС;7 записей о регистрации;Не числится в розыске;Ограничений не обнаружено;Сергиевом Посаде;бензин, 3.5 л;306 л.с., налог;АКПП;4WD;седан;черный;220 000 км;левый;5 поколение, рестайлинг;S 350 BlueEFFICIENCY AT 4MATIC;;;
Mercedes-Benz;C-Class;2011;1280000;https://auto.drom.ru/moscow/mercedes-benz/c-class/53732588.html;Характеристики совпадают с ПТС;2 записи о регистрации;Не числится в розыске;Ограничений не обнаружено;Москве;бензин, 1.8 л;156 л.с., налог;АКПП;задний;седан;серый;131 750 км;левый;3 поколение;;;;
Mercedes-Benz;S-Class;2011;1780000;https://auto.drom.ru/moscow/mercedes-benz/s-class/53800606.html;Характеристики совпадают с ПТС;1 запись о регистрации;Не числится в розыске;Ограничений не обнаружено;Москве;бензин, 3.5 л;306 л.с., налог;АКПП;4WD;седан;черный;312 000 км;левый;5 поколение, рестайлинг;;;;
Mercedes-Benz;E-Class;2011;1600000;https://auto.drom.ru/saratov/mercedes-benz/e-class/52540143.html;Характеристики совпадают с ПТС;7 записей о регистрации;Не числится в розыске;Ограничений не обнаружено;Саратове;бензин, 1.8 л;184 л.с., налог;АКПП;задний;купе;белый;125 000 км;левый;4 поколение;E 200 CGI AT Особая серия;;;
Mercedes-Benz;GL-Class;2011;1985503;https://auto.drom.ru/minsk/mercedes-benz/gl-class/785105940.html;;;;;Минске;дизель, 3.0 л;265 л.с., налог;АКПП;4WD;;серый;270 000 км;левый;1 поколение, рестайлинг;;;;
Mercedes-Benz;Viano;2011;1934712;https://auto.drom.ru/lida/mercedes-benz/viano/54076080.html;;;;;Лиде;дизель, 2.1 л;136 л.с., налог;автомат;4WD;;черный;193 000 км;левый;2 поколение, рестайлинг;;;;
Mercedes-Benz;C-Class;2011;1400000;https://auto.drom.ru/kaluga/mercedes-benz/c-class/54071823.html;Характеристики совпадают с ПТС;7 записей о регистрации;Не числится в розыске;Ограничений не обнаружено;Калуге;бензин, 1.8 л;156 л.с., налог;АКПП;задний;седан;черный;230 000 км;левый;3 поколение;C 180 CGI BlueEFFICIENCY AT Classic;;;
Mercedes-Benz;GL-Class;2011;2317000;https://auto.drom.ru/ulyanovsk/mercedes-benz/gl-class/51643034.html;Характеристики совпадают с ПТС;8 записей о регистрации;Не числится в розыске;Ограничений не обнаружено;Ульяновске;дизель, 3.0 л;224 л.с., налог;АКПП;4WD;;черный;136 000 км;левый;1 поколение, рестайлинг;GL 350 CDI "Особая серия";;;
Mercedes-Benz;E-Class;2011;2049000;https://auto.drom.ru/spb/mercedes-benz/e-class/54061421.html;Характеристики совпадают с ПТС;2 записи о регистрации;Не числится в розыске;Ограничений не обнаружено;Санкт-Петербурге;бензин, 1.8 л;184 л.с., налог;АКПП;задний;седан;коричневый;81 000 км;левый;4 поколение;E 200 CGI BlueEfficiency AТ Elegance;;;
Mercedes-Benz;E-Class;2011;1450000;https://auto.drom.ru/vologda/mercedes-benz/e-class/53387864.html;Характеристики совпадают с ПТС;9 записей о регистрации;Не числится в розыске;Ограничений не обнаружено;Вологде;бензин, 1.8 л;204 л.с., налог;АКПП;задний;купе;белый;175 000 км;левый;4 поколение;;;;
Mercedes-Benz;C-Class;2011;1370000;https://auto.drom.ru/spb/mercedes-benz/c-class/52509982.html;Характеристики совпадают с ПТС;6 записей о регистрации;Не числится в розыске;Ограничений не обнаружено;Санкт-Петербурге;бензин, 1.8 л;156 л.с., налог;АКПП;задний;седан;коричневый;143 000 км;левый;3 поколение;;;;
Mercedes-Benz;CL-Class;2011;2410000;https://auto.drom.ru/spb/mercedes-benz/cl-class/712143402.html;Характеристики совпадают с ПТС;11 записей о регистрации;Не числится в розыске;Ограничений не обнаружено;Санкт-Петербурге;бензин, 4.7 л;435 л.с., налог;АКПП;4WD;;черный;180 000 км;левый;3 поколение, рестайлинг;CL 500 4MATIC BlueEFFICIENCY AT;;;
Mercedes-Benz;GLK-Class;2011;1870000;https://auto.drom.ru/seltso/mercedes-benz/glk-class/447542356.html;Характеристики совпадают с ПТС;9 записей о регистрации;Не числится в розыске;Ограничений не обнаружено;Сельце;дизель, 3.0 л;224 л.с., налог;АКПП;4WD;;белый;216 000 км;левый;1 поколение;GLK 350 CDI 4MATIC AT Особая серия;;;
Mercedes-Benz;E-Class;2011;1475000;https://auto.drom.ru/spb/mercedes-benz/e-class/479700133.html;Характеристики совпадают с ПТС;7 записей о регистрации;Не числится в розыске;Ограничений не обнаружено;Санкт-Петербурге;бензин, 1.8 л;204 л.с., налог;АКПП;задний;купе;черный;203 081 км;левый;4 поколение;;;;
Mercedes-Benz;E-Class;2011;1122954;https://auto.drom.ru/spb/mercedes-benz/e-class/53758654.html;Характеристики совпадают с ПТС;6 записей о регистрации;Не числится в розыске;Ограничений не обнаружено;Санкт-Петербурге;бензин, 1.8 л;184 л.с., налог;АКПП;задний;седан;черный;254 470 км;левый;4 поколение;;;;
Mercedes-Benz;C-Class;2011;1900000;https://auto.drom.ru/moscow/mercedes-benz/c-class/53383293.html;Характеристики совпадают с ПТС;3 записи о регистрации;Не числится в розыске;Ограничений не обнаружено;Москве;бензин, 1.8 л;156 л.с., налог;АКПП;задний;седан;белый;220 000 км;левый;3 поколение, рестайлинг;C 180 BlueEFFICIENCY AT Classic;;;
Mercedes-Benz;E-Class;2011;1490000;https://auto.drom.ru/moscow/mercedes-benz/e-class/386325224.html;Характеристики совпадают с ПТС;7 записей о регистрации;Не числится в розыске;Ограничений не обнаружено;Москве;бензин, 1.8 л;184 л.с., налог;АКПП;задний;седан;белый;127 000 км;левый;4 поколение;;;;
Mercedes-Benz;M-Class;2011;1850000;https://auto.drom.ru/ulyanovsk/mercedes-benz/m-class/544944653.html;Характеристики совпадают с ПТС;3 записи о регистрации;Не числится в розыске;Ограничений не обнаружено;Ульяновске;бензин, 3.5 л;272 л.с., налог;АКПП;4WD;;черный;244 000 км;левый;2 поколение, рестайлинг;ML 350 AT 4MATIC;;;
Mercedes-Benz;E-Class;2011;1550000;https://auto.drom.ru/kursk/mercedes-benz/e-class/837444324.html;Характеристики совпадают с ПТС;11 записей о регистрации;Не числится в розыске;Ограничений не обнаружено;Курске;бензин, 1.8 л;184 л.с., налог;АКПП;задний;седан;черный;201 000 км;левый;4 поколение;;;;
Mercedes-Benz;A-Class;2011;805000;https://auto.drom.ru/moscow/mercedes-benz/a-class/54031738.html;Характеристики совпадают с ПТС;3 записи о регистрации;Не числится в розыске;Ограничений не обнаружено;Москве;бензин, 1.7 л;116 л.с., налог;вариатор;передний;хэтчбек 5 дв.;красный;137 000 км;левый;2 поколение, рестайлинг;;;;
Mercedes-Benz;C-Class;2011;1500000;https://auto.drom.ru/moscow/mercedes-benz/c-class/54028810.html;;;;;Москве;бензин, 1.8 л;204 л.с., налог;АКПП;задний;седан;черный;200 000 км;левый;3 поколение, рестайлинг;C 250 CGI AT Особая серия;;;
Mercedes-Benz;GL-Class;2011;1999000;https://auto.drom.ru/kolomna/mercedes-benz/gl-class/53354830.html;Характеристики совпадают с ПТС;3 записи о регистрации;Не числится в розыске;Ограничений не обнаружено;Коломне;бензин, 5.5 л;388 л.с., налог;АКПП;4WD;;коричневый;137 124 км;левый;1 поколение, рестайлинг;;;;
Mercedes-Benz;E-Class;2011;1199000;https://auto.drom.ru/moscow/mercedes-benz/e-class/53327774.html;Характеристики совпадают с ПТС;5 записей о регистрации;Не числится в розыске;Ограничений не обнаружено;Москве;бензин, 1.8 л;184 л.с., налог;АКПП;задний;купе;черный;145 300 км;левый;4 поколение;;;;
Mercedes-Benz;S-Class;2011;1600000;https://auto.drom.ru/moscow/mercedes-benz/s-class/53287986.html;Характеристики совпадают с ПТС;2 записи о регистрации;Не числится в розыске;Ограничений не обнаружено;Москве;бензин, 4.7 л;435 л.с., налог;АКПП;4WD;седан;черный;105 000 км;левый;5 поколение, рестайлинг;;;;
Mercedes-Benz;C-Class;2011;1062013;https://auto.drom.ru/minsk/mercedes-benz/c-class/440773276.html;Характеристики совпадают с ПТС;4 записи о регистрации;Не числится в розыске;Ограничений не обнаружено;Минске;бензин, 1.8 л;204 л.с., налог;АКПП;задний;седан;серый;312 300 км;левый;3 поколение;;;;
Mercedes-Benz;R-Class;2011;1997000;https://auto.drom.ru/moscow/mercedes-benz/r-class/53318311.html;Характеристики совпадают с ПТС;7 записей о регистрации;Не числится в розыске;Ограничений не обнаружено;Москве;бензин, 3.5 л;272 л.с., налог;АКПП;4WD;;черный;177 030 км;левый;1 поколение, 2 рестайлинг;;;;
Mercedes-Benz;GLK-Class;2011;1490000;https://auto.drom.ru/moscow/mercedes-benz/glk-class/354893264.html;Характеристики совпадают с ПТС;6 записей о регистрации;Не числится в розыске;Есть ограничения;Москве;дизель, 2.1 л;170 л.с., налог;АКПП;4WD;;белый;139 335 км;левый;1 поколение;GLK 220 CDI 4MATIC AT Особая серия;;;
Mercedes-Benz;B-Class;2011;910000;https://auto.drom.ru/spb/mercedes-benz/b-class/53312610.html;Характеристики совпадают с ПТС;3 записи о регистрации;Не числится в розыске;Ограничений не обнаружено;Санкт-Петербурге;бензин, 1.7 л;116 л.с., налог;вариатор;передний;;черный;72 000 км;левый;1 поколение;;;;
Mercedes-Benz;CL-Class;2011;4500000;https://auto.drom.ru/lyubertsy/mercedes-benz/cl-class/53717246.html;Характеристики совпадают с ПТС;4 записи о регистрации;Не числится в розыске;Ограничений не обнаружено;Люберцах;бензин, 5.5 л;544 л.с., налог;робот;задний;;черный;64 698 км;левый;3 поколение, рестайлинг;CL 63 AMG DSG;;;
Mercedes-Benz;C-Class;2011;1250000;https://auto.drom.ru/minsk/mercedes-benz/c-class/165197840.html;;;;;Минске;бензин, 3.0 л, ГБО;231 л.с., налог;АКПП;задний;седан;бордовый;30 149 км;левый;3 поколение;;;;
Mercedes-Benz;C-Class;2011;1400000;https://auto.drom.ru/velikiy-novgorod/mercedes-benz/c-class/50409934.html;Характеристики совпадают с ПТС;6 записей о регистрации;Не числится в розыске;Ограничений не обнаружено;Великом Новгороде;бензин, 1.8 л;156 л.с., налог;АКПП;задний;седан;черный;194 000 км;левый;3 поколение, рестайлинг;;;;
Mercedes-Benz;E-Class;2011;1450000;https://auto.drom.ru/volgograd/mercedes-benz/e-class/263441963.html;Характеристики совпадают с ПТС;8 записей о регистрации;Не числится в розыске;Ограничений не обнаружено;Волгограде;бензин, 1.8 л;184 л.с., налог;АКПП;задний;седан;черный;191 103 км;левый;4 поколение;;;;
Mercedes-Benz;GLK-Class;2011;1485000;https://auto.drom.ru/nizhniy-novgorod/mercedes-benz/glk-class/52426678.html;Характеристики совпадают с ПТС;5 записей о регистрации;Не числится в розыске;Ограничений не обнаружено;Нижнем Новгороде;дизель, 2.1 л;170 л.с., налог;АКПП;4WD;;белый;277 391 км;левый;1 поколение;GLK 220 CDI 4MATIC AT Особая серия;;;
Mercedes-Benz;E-Class;2011;1850000;https://auto.drom.ru/moscow/mercedes-benz/e-class/276573111.html;Характеристики совпадают с ПТС;3 записи о регистрации;Не числится в розыске;Ограничений не обнаружено;Москве;дизель, 2.1 л;204 л.с., налог;АКПП;задний;седан;черный;143 200 км;левый;4 поколение;E 250 CDI BlueEfficiency AТ Elegance;;;
Mercedes-Benz;E-Class;2011;1390000;https://auto.drom.ru/nizhniy-novgorod/mercedes-benz/e-class/738362731.html;Характеристики совпадают с ПТС;10 записей о регистрации;Не числится в розыске;Ограничений не обнаружено;Нижнем Новгороде;бензин, 1.8 л;204 л.с., налог;АКПП;задний;купе;белый;219 000 км;левый;4 поколение;E 250 BlueEfficiency AТ Elegance;;;
Mercedes-Benz;E-Class;2011;1870000;https://auto.drom.ru/moscow/mercedes-benz/e-class/53708502.html;Характеристики совпадают с ПТС;2 записи о регистрации;Не числится в розыске;Ограничений не обнаружено;Москве;бензин, 1.8 л;204 л.с., налог;АКПП;задний;седан;белый;64 000 км;правый;4 поколение;E 250 BlueEfficiency Avantgarde;;;
Mercedes-Benz;GLK-Class;2011;1329000;https://auto.drom.ru/nizhniy-novgorod/mercedes-benz/glk-class/52413800.html;Характеристики совпадают с ПТС;3 записи о регистрации;Не числится в розыске;Ограничений не обнаружено;Нижнем Новгороде;дизель, 2.1 л;170 л.с., налог;АКПП;4WD;;серый;273 790 км;левый;1 поколение;GLK 220 CDI 4MATIC AT Особая серия;;;
Mercedes-Benz;C-Class;2011;830000;https://auto.drom.ru/kazan/mercedes-benz/c-class/370934916.html;Характеристики совпадают с ПТС;6 записей о регистрации;Не числится в розыске;Есть ограничения;Казани;бензин, 1.8 л;156 л.с., налог;АКПП;задний;седан;;130 000 км;левый;3 поколение;;документы с проблемами, запрет залог;;
Mercedes-Benz;C-Class;2011;1600000;https://auto.drom.ru/moscow/mercedes-benz/c-class/246121740.html;Характеристики совпадают с ПТС;5 записей о регистрации;Не числится в розыске;Ограничений не обнаружено;Москве;бензин, 1.8 л;156 л.с., налог;АКПП;задний;седан;белый;133 000 км;левый;3 поколение, рестайлинг;C 180 BlueEFFICIENCY AT Elegance;;;
Mercedes-Benz;E-Class;2011;1648000;https://auto.drom.ru/moscow/mercedes-benz/e-class/53687831.html;Характеристики совпадают с ПТС;4 записи о регистрации;Не числится в розыске;Ограничений не обнаружено;Москве;бензин, 1.8 л;184 л.с., налог;АКПП;задний;седан;белый;160 000 км;левый;4 поколение;;;;
Mercedes-Benz;C-Class;2011;1287000;https://auto.drom.ru/himki/mercedes-benz/c-class/782670815.html;Мощность двигателя не совпадает с ПТС;3 записи о регистрации;Не числится в розыске;Ограничений не обнаружено;Химках;бензин, 1.8 л;156 л.с., налог;АКПП;задний;седан;белый;144 845 км;левый;3 поколение;;;;
Mercedes-Benz;E-Class;2011;1170000;https://auto.drom.ru/kazan/mercedes-benz/e-class/757894507.html;Характеристики совпадают с ПТС;6 записей о регистрации;Не числится в розыске;Ограничений не обнаружено;Казани;бензин, 1.8 л;184 л.с., налог;АКПП;задний;седан;коричневый;192 000 км;левый;4 поколение;;;;
Mercedes-Benz;S-Class;2011;2050000;https://auto.drom.ru/moscow/mercedes-benz/s-class/823592424.html;Характеристики совпадают с ПТС;3 записи о регистрации;Не числится в розыске;Ограничений не обнаружено;Москве;бензин, 4.7 л;435 л.с., налог;АКПП;4WD;седан;черный;186 000 км;левый;5 поколение, рестайлинг;S 500 BlueEFFICIENCY AT L 4MATIC;;;
