Бренд;Модель;Год;Цена;URL;ПТС;Владельцы;Розыск;Ограничения;Город;Двигатель;Мощность;Коробка передач;Привод;Тип кузова;Цвет;Пробег;Руль;Поколение;Комплектация;Особые отметки;
BMW;X5;2019;7499000;https://auto.drom.ru/moscow/bmw/x5/406838647.html;Характеристики совпадают с ПТС;2 записи о регистрации;Не числится в розыске;Ограничений не обнаружено;Москве;дизель, 3.0 л;249 л.с., налог;АКПП;4WD;;черный;34 000 км;левый;4 поколение;xDrive 30d AT M Sport;;
BMW;7-Series;2019;9769000;https://auto.drom.ru/spb/bmw/7-series/105507992.html;Характеристики совпадают с ПТС;2 записи о регистрации;Не числится в розыске;Ограничений не обнаружено;Санкт-Петербурге;дизель, 3.0 л;249 л.с., налог;АКПП;4WD;;черный;3 500 км;левый;6 поколение, рестайлинг;;;
BMW;3-Series;2019;3150000;https://auto.drom.ru/spb/bmw/3-series/590248676.html;Характеристики совпадают с ПТС;6 записей о регистрации;Не числится в розыске;Ограничений не обнаружено;Санкт-Петербурге;дизель, 2.0 л;190 л.с., налог;АКПП;задний;седан;серый;119 000 км;левый;7 поколение;320d AT M Sport;;
BMW;X5;2019;6590000;https://auto.drom.ru/voronezh/bmw/x5/628610911.html;Характеристики совпадают с ПТС;1 запись о регистрации;Не числится в розыске;Ограничений не обнаружено;Воронеже;бензин, 3.0 л;340 л.с., налог;АКПП;4WD;;белый;83 151 км;левый;4 поколение;;;
BMW;3-Series;2019;3250000;https://auto.drom.ru/minsk/bmw/3-series/53504138.html;;;;;Минске;дизель, 2.0 л;150 л.с., налог;АКПП;задний;седан;серый;64 990 км;левый;7 поколение;;;
BMW;X1;2019;2700000;https://auto.drom.ru/dubovoe/bmw/x1/53408048.html;;;;;Дубовом;бензин, 2.0 л;231 л.с., налог;робот;передний;;черный;54 000 км;левый;2 поколение;sDrive28i AT;;
BMW;3-Series;2019;4138000;https://auto.drom.ru/nizhniy-novgorod/bmw/3-series/53506431.html;Характеристики совпадают с ПТС;3 записи о регистрации;Не числится в розыске;Ограничений не обнаружено;Нижнем Новгороде;дизель, 2.0 л;190 л.с., налог;АКПП;4WD;седан;синий;49 000 км;левый;7 поколение;320d AT xDrive;;
BMW;X3;2019;3890000;https://auto.drom.ru/moscow/bmw/x3/216899013.html;Характеристики совпадают с ПТС;1 запись о регистрации;Не числится в розыске;Ограничений не обнаружено;Москве;дизель, 2.0 л;190 л.с., налог;АКПП;4WD;;черный;131 943 км;левый;3 поколение;xDrive 20d AT M Sport;;
BMW;5-Series;2019;4560000;https://auto.drom.ru/moscow/bmw/5-series/54155170.html;Характеристики совпадают с ПТС;1 запись о регистрации;Не числится в розыске;Ограничений не обнаружено;Москве;дизель, 2.0 л;190 л.с., налог;АКПП;4WD;седан;белый;136 100 км;левый;7 поколение;;;
BMW;Z4;2019;5680000;https://auto.drom.ru/tambov/bmw/z4/53877274.html;Характеристики совпадают с ПТС;1 запись о регистрации;Не числится в розыске;Ограничений не обнаружено;Тамбове;бензин, 3.0 л;387 л.с., налог;автомат;задний;купе;черный;22 808 км;левый;;;;
BMW;5-Series;2019;3225000;https://auto.drom.ru/moscow/bmw/5-series/53867845.html;Характеристики совпадают с ПТС;2 записи о регистрации;Не числится в розыске;Ограничений не обнаружено;Москве;дизель, 2.0 л;190 л.с., налог;АКПП;задний;универсал;белый;87 622 км;левый;7 поколение;520d AT;;
BMW;X5;2019;6199000;https://auto.drom.ru/spb/bmw/x5/53867443.html;Характеристики совпадают с ПТС;3 записи о регистрации;Не числится в розыске;Ограничений не обнаружено;Санкт-Петербурге;бензин, 3.0 л;340 л.с., налог;АКПП;4WD;;черный;127 517 км;левый;4 поколение;;;
BMW;X6;2019;4799000;https://auto.drom.ru/spb/bmw/x6/53511134.html;Характеристики совпадают с ПТС;3 записи о регистрации;Не числится в розыске;Ограничений не обнаружено;Санкт-Петербурге;дизель, 3.0 л;249 л.с., налог;АКПП;4WD;;черный;98 500 км;левый;;;;
BMW;5-Series;2019;4260000;https://auto.drom.ru/lipetsk/bmw/5-series/53506792.html;;;;;Липецке;дизель, 2.0 л;190 л.с., налог;АКПП;4WD;седан;черный;70 000 км;левый;7 поколение;520d AT xDrive Business;;
BMW;3-Series;2019;3650000;https://auto.drom.ru/moscow/bmw/3-series/53506542.html;;;;;Москве;бензин, 2.0 л;184 л.с., налог;АКПП;задний;седан;синий;80 000 км;левый;7 поколение;320i AT M Sport;;
BMW;X5;2019;5300000;https://auto.drom.ru/moscow/bmw/x5/53505553.html;Характеристики совпадают с ПТС;1 запись о регистрации;Не числится в розыске;Ограничений не обнаружено;Москве;дизель, 3.0 л;265 л.с., налог;АКПП;4WD;;черный;160 000 км;левый;4 поколение;xDrive30d AT xLine;;
BMW;X3;2019;4300000;https://auto.drom.ru/donetsk/bmw/x3/52768417.html;Характеристики совпадают с ПТС;1 запись о регистрации;Не числится в розыске;Ограничений не обнаружено;Донецке;бензин, 2.0 л;184 л.с., налог;АКПП;4WD;;черный;96 000 км;левый;3 поколение;;;
BMW;2-Series Gran Tourer;2019;2889000;https://auto.drom.ru/vologda/bmw/2-series_gran_tourer/54154811.html;;;;;Вологде;дизель, 2.0 л;150 л.с., налог;АКПП;4WD;;серебристый;62 564 км;левый;1 поколение, рестайлинг;218d AT xDrive;;
BMW;X4;2019;3999000;https://auto.drom.ru/cheboksary/bmw/x4/54154536.html;;;;;Чебоксарах;дизель, 2.0 л;190 л.с., налог;АКПП;4WD;;синий;115 000 км, без пробега по РФ;левый;2 поколение;xDrive 20d AT xLine;;
BMW;X3;2019;3800000;https://auto.drom.ru/moscow/bmw/x3/54153344.html;Характеристики совпадают с ПТС;;Не числится в розыске;Ограничений не обнаружено;Москве;дизель, 2.0 л;190 л.с., налог;АКПП;4WD;;белый;87 000 км, без пробега по РФ;левый;3 поколение;xDrive 20d AT xLine;;
BMW;X7;2019;6745852;https://auto.drom.ru/minsk/bmw/x7/53034201.html;;;;;Минске;бензин, 3.0 л;340 л.с., налог;АКПП;4WD;;черный;41 000 км;левый;1 поколение;xDrive40i AT Pure Excellence;;
BMW;X1;2019;3450000;https://auto.drom.ru/penza/bmw/x1/54149579.html;Характеристики совпадают с ПТС;;Не числится в розыске;Ограничений не обнаружено;Пензе;бензин, 2.0 л;192 л.с., налог;АКПП;4WD;;черный;54 000 км;левый;2 поколение, рестайлинг;xDrive 20i AT Advantage;;
BMW;X5;2019;5800000;https://auto.drom.ru/moscow/bmw/x5/54149007.html;Характеристики совпадают с ПТС;2 записи о регистрации;Не числится в розыске;Ограничений не обнаружено;Москве;дизель, 3.0 л;249 л.с., налог;АКПП;4WD;;черный;160 000 км;левый;4 поколение;xDrive 30d AT Business Plus;;
BMW;4-Series;2019;2232000;https://auto.drom.ru/pskov/bmw/4-series/54148977.html;;;;;Пскове;бензин, 1.5 л;136 л.с., налог;автомат;задний;лифтбек;черный;56 000 км, без пробега по РФ;левый;1 поколение, рестайлинг;;;
BMW;X3;2019;3720000;https://auto.drom.ru/ivanovo/bmw/x3/52613269.html;;;;;Иваново;бензин, 2.0 л;184 л.с., налог;АКПП;4WD;;черный;87 719 км;левый;3 поколение;;;
BMW;1-Series;2019;2221000;https://auto.drom.ru/himki/bmw/1-series/54147533.html;Характеристики совпадают с ПТС;1 запись о регистрации;Не числится в розыске;Ограничений не обнаружено;Химках;бензин, 1.5 л;136 л.с., налог;АКПП;задний;хэтчбек 5 дв.;оранжевый;65 774 км;левый;2 поколение;;;
BMW;X4;2019;4589000;https://auto.drom.ru/himki/bmw/x4/52607599.html;Характеристики совпадают с ПТС;2 записи о регистрации;Не числится в розыске;Ограничений не обнаружено;Химках;бензин, 3.0 л;360 л.с., налог;АКПП;4WD;;белый;25 237 км;левый;2 поколение;xDrive M40i AT Base;;
BMW;X4;2019;3998000;https://auto.drom.ru/nizhniy-novgorod/bmw/x4/52158199.html;Характеристики совпадают с ПТС;;Не числится в розыске;Ограничений не обнаружено;Нижнем Новгороде;дизель, 2.0 л;190 л.с., налог;АКПП;4WD;;белый;81 000 км;левый;2 поколение;;;
BMW;X2;2019;3369000;https://auto.drom.ru/volgograd/bmw/x2/54146790.html;Характеристики совпадают с ПТС;1 запись о регистрации;Не числится в розыске;Ограничений не обнаружено;Волгограде;дизель, 2.0 л;150 л.с., налог;АКПП;передний;;черный;143 694 км;левый;1 поколение;sDrive 18d AT Base;;
BMW;X4;2019;4900000;https://auto.drom.ru/moscow/bmw/x4/53856104.html;;;;;Москве;дизель, 3.0 л;326 л.с., налог;АКПП;4WD;;синий;92 910 км;левый;2 поколение;xDrive M40d AT Base;;
BMW;5-Series;2019;3697000;https://auto.drom.ru/ulyanovsk/bmw/5-series/54146103.html;Характеристики совпадают с ПТС;;Не числится в розыске;Ограничений не обнаружено;Ульяновске;дизель, 2.0 л;190 л.с., налог;АКПП;задний;седан;черный;94 200 км;левый;7 поколение;520d AT Executive;;
BMW;5-Series;2020;5450000;https://auto.drom.ru/moscow/bmw/5-series/781838333.html;Характеристики совпадают с ПТС;1 запись о регистрации;Не числится в розыске;Ограничений не обнаружено;Москве;дизель, 3.0 л;249 л.с., налог;АКПП;4WD;седан;белый;60 000 км;левый;7 поколение;530d AT xDrive M Sport Pro;;
BMW;5-Series;2020;6350000;https://auto.drom.ru/moscow/bmw/5-series/464642307.html;;;;;Москве;дизель, 3.0 л;286 л.с., налог;АКПП;4WD;седан;серый;49 990 км, без пробега по РФ;левый;7 поколение, рестайлинг;530d AT xDrive;;
BMW;X5;2020;6950000;https://auto.drom.ru/nizhniy-novgorod/bmw/x5/54154802.html;;;;;Нижнем Новгороде;дизель, 2.0 л;231 л.с., налог;АКПП;4WD;;черный;67 000 км, без пробега по РФ;левый;4 поколение;xDrive25d AT;;
BMW;X5;2020;7198000;https://auto.drom.ru/moscow/bmw/x5/53865590.html;Характеристики совпадают с ПТС;1 запись о регистрации;Не числится в розыске;Ограничений не обнаружено;Москве;дизель, 3.0 л;249 л.с., налог;АКПП;4WD;;белый;22 088 км;левый;4 поколение;;;
BMW;6-Series Gran Turismo;2020;5790000;https://auto.drom.ru/moscow/bmw/6-series_gran_turismo/53858148.html;Характеристики совпадают с ПТС;1 запись о регистрации;Не числится в розыске;Ограничений не обнаружено;Москве;бензин, 2.0 л;249 л.с., налог;АКПП;задний;;синий;85 000 км;левый;1 поколение;;;
BMW;3-Series;2020;5290000;https://auto.drom.ru/moscow/bmw/3-series/53402129.html;Характеристики совпадают с ПТС;1 запись о регистрации;Не числится в розыске;Ограничений не обнаружено;Москве;бензин, 2.0 л, гибрид;184 л.с., налог;АКПП;4WD;седан;серый;9 530 км;левый;7 поколение;330e AT xDrive M Sport;;
BMW;X6;2020;9380000;https://auto.drom.ru/moscow/bmw/x6/52620117.html;;;;;Москве;дизель, 3.0 л;265 л.с., налог;АКПП;4WD;;белый;50 500 км;левый;3 поколение;;;
BMW;3-Series;2020;5200000;https://auto.drom.ru/spb/bmw/3-series/396847759.html;Характеристики совпадают с ПТС;2 записи о регистрации;Не числится в розыске;Ограничений не обнаружено;Санкт-Петербурге;дизель, 2.0 л;190 л.с., налог;АКПП;4WD;седан;черный;50 000 км;левый;7 поколение;320d AT xDrive M Sport Pro;;
BMW;X6;2020;10700000;https://auto.drom.ru/spb/bmw/x6/700968474.html;Характеристики совпадают с ПТС;3 записи о регистрации;Не числится в розыске;Ограничений не обнаружено;Санкт-Петербурге;бензин, 4.4 л;625 л.с., налог;АКПП;4WD;;черный;73 000 км;левый;3 поколение;M Competition M Special;;
BMW;5-Series;2020;5100000;https://auto.drom.ru/moscow/bmw/5-series/481561117.html;;;;;Москве;дизель, 3.0 л;286 л.с., налог;АКПП;задний;универсал;серый;64 732 км, без пробега по РФ;левый;7 поколение, рестайлинг;530d AT;;
BMW;2-Series;2020;1916242;https://auto.drom.ru/minsk/bmw/2-series/53483982.html;;;;;Минске;дизель, 1.5 л;116 л.с., налог;автомат;передний;купе;;163 000 км;левый;1 поколение, рестайлинг;;;
BMW;X5;2020;7550000;https://auto.drom.ru/kazan/bmw/x5/894102743.html;Характеристики совпадают с ПТС;1 запись о регистрации;Не числится в розыске;Ограничений не обнаружено;Казани;дизель, 3.0 л;249 л.с., налог;АКПП;4WD;;белый;125 000 км;левый;4 поколение;;;
BMW;5-Series;2020;4500000;https://auto.drom.ru/spb/bmw/5-series/456639683.html;Характеристики совпадают с ПТС;4 записи о регистрации;Не числится в розыске;Ограничений не обнаружено;Санкт-Петербурге;бензин, 2.0 л;249 л.с., налог;АКПП;4WD;седан;черный;101 000 км;левый;7 поколение;530i AT xDrive M Sport;;
BMW;X1;2020;2216284;https://auto.drom.ru/minsk/bmw/x1/195576230.html;;;;;Минске;дизель, 2.0 л;150 л.с., налог;АКПП;передний;;черный;122 000 км;левый;2 поколение, рестайлинг;sDrive18d AT xLine;;
BMW;X3;2020;4690000;https://auto.drom.ru/spb/bmw/x3/186893821.html;;;;;Санкт-Петербурге;дизель, 2.0 л;190 л.с., налог;АКПП;4WD;;черный;62 707 км;левый;3 поколение;;;
BMW;X5;2020;7890000;https://auto.drom.ru/spb/bmw/x5/140971173.html;;;;;Санкт-Петербурге;дизель, 3.0 л;400 л.с., налог;АКПП;4WD;;серый;63 815 км, без пробега по РФ;левый;4 поколение;;;
BMW;X5;2020;8790000;https://auto.drom.ru/spb/bmw/x5/870019557.html;;;;;Санкт-Петербурге;дизель, 3.0 л;400 л.с., налог;АКПП;4WD;;черный;58 800 км, без пробега по РФ;левый;4 поколение;;;
BMW;X6;2020;9390000;https://auto.drom.ru/spb/bmw/x6/170699393.html;;;;;Санкт-Петербурге;дизель, 3.0 л;400 л.с., налог;АКПП;4WD;;зеленый;49 328 км, без пробега по РФ;левый;3 поколение;;;
BMW;5-Series;2020;4890000;https://auto.drom.ru/volgograd/bmw/5-series/53794973.html;Характеристики совпадают с ПТС;2 записи о регистрации;Не числится в розыске;Ограничений не обнаружено;Волгограде;дизель, 2.0 л;190 л.с., налог;АКПП;4WD;седан;серый;81 660 км;левый;7 поколение;;;
BMW;X5;2020;6600000;https://auto.drom.ru/moscow/bmw/x5/53888744.html;;;;;Москве;бензин, 3.0 л;340 л.с., налог;АКПП;4WD;;черный;50 000 км, без пробега по РФ;левый;4 поколение;xDrive40i AT xLine;;
BMW;X3;2020;4790000;https://auto.drom.ru/kazan/bmw/x3/524499933.html;;;;;Казани;дизель, 2.0 л;190 л.с., налог;АКПП;4WD;;серебристый;78 687 км;левый;3 поколение;xDrive 20d AT M Sport;;
BMW;3-Series;2020;3798400;https://auto.drom.ru/moscow/bmw/3-series/54145234.html;Характеристики совпадают с ПТС;2 записи о регистрации;Не числится в розыске;Есть ограничения;Москве;бензин, 2.0 л;184 л.с., налог;АКПП;4WD;седан;серый;50 500 км;левый;7 поколение;;;
BMW;3-Series;2020;3579700;https://auto.drom.ru/moscow/bmw/3-series/54144845.html;Характеристики совпадают с ПТС;1 запись о регистрации;Не числится в розыске;Ограничений не обнаружено;Москве;дизель, 2.0 л;150 л.с., налог;АКПП;задний;седан;черный;31 476 км;левый;7 поколение;;;
BMW;6-Series Gran Turismo;2020;5599000;https://auto.drom.ru/moscow/bmw/6-series_gran_turismo/54144470.html;Характеристики совпадают с ПТС;2 записи о регистрации;Не числится в розыске;Ограничений не обнаружено;Москве;дизель, 2.0 л;190 л.с., налог;АКПП;4WD;;серый;43 754 км;левый;1 поколение;;;
BMW;X5;2020;8090000;https://auto.drom.ru/moscow/bmw/x5/54141234.html;Характеристики совпадают с ПТС;1 запись о регистрации;Не числится в розыске;Ограничений не обнаружено;Москве;дизель, 3.0 л;249 л.с., налог;АКПП;4WD;;черный;40 838 км;левый;4 поколение;;;
BMW;3-Series;2020;3525000;https://auto.drom.ru/spb/bmw/3-series/53854963.html;Характеристики совпадают с ПТС;4 записи о регистрации;Не числится в розыске;Ограничений не обнаружено;Санкт-Петербурге;дизель, 2.0 л;190 л.с., налог;АКПП;4WD;седан;черный;94 000 км;левый;7 поколение;320d AT xDrive M Sport Pro;;
BMW;X6;2020;8900000;https://auto.drom.ru/moscow/bmw/x6/53852048.html;Цвет не совпадает с ПТС;1 запись о регистрации;Не числится в розыске;Ограничений не обнаружено;Москве;дизель, 3.0 л;249 л.с., налог;АКПП;4WD;;белый;51 000 км;левый;3 поколение;xDrive 30d AT M Sport Pro;;
BMW;7-Series;2020;8400000;https://auto.drom.ru/moscow/bmw/7-series/53851169.html;Характеристики совпадают с ПТС;2 записи о регистрации;Не числится в розыске;Ограничений не обнаружено;Москве;дизель, 3.0 л;249 л.с., налог;АКПП;4WD;;черный;47 555 км;левый;6 поколение, рестайлинг;;;
BMW;X5;2020;6800000;https://auto.drom.ru/kursk/bmw/x5/53840652.html;Характеристики совпадают с ПТС;4 записи о регистрации;Не числится в розыске;Ограничений не обнаружено;Курске;дизель, 3.0 л;400 л.с., налог;АКПП;4WD;;серый;133 742 км;левый;4 поколение;;;
BMW;8-Series;2020;8875000;https://auto.drom.ru/moscow/bmw/8-series/53484584.html;Характеристики совпадают с ПТС;1 запись о регистрации;Не числится в розыске;Ограничений не обнаружено;Москве;дизель, 3.0 л;320 л.с., налог;АКПП;4WD;купе;серый;56 414 км;левый;2 поколение;840d AT xDrive Base;;
BMW;X6;2020;7850000;https://auto.drom.ru/moscow/bmw/x6/53476485.html;Характеристики совпадают с ПТС;2 записи о регистрации;Не числится в розыске;Ограничений не обнаружено;Москве;дизель, 3.0 л;249 л.с., налог;АКПП;4WD;;черный;133 013 км;левый;;;;
BMW;5-Series;2020;4195700;https://auto.drom.ru/moscow/bmw/5-series/53055127.html;Характеристики совпадают с ПТС;2 записи о регистрации;Не числится в розыске;Ограничений не обнаружено;Москве;дизель, 2.0 л;190 л.с., налог;АКПП;4WD;седан;белый;65 620 км;левый;7 поколение;;;
BMW;3-Series;2020;3990000;https://auto.drom.ru/moscow/bmw/3-series/867501451.html;;;;;Москве;дизель, 2.0 л;190 л.с., налог;АКПП;4WD;седан;черный;58 800 км;левый;7 поколение;320d AT xDrive M Sport;;
BMW;X3;2020;5190000;https://auto.drom.ru/moscow/bmw/x3/177546974.html;;;;;Москве;дизель, 2.0 л;190 л.с., налог;АКПП;4WD;;серый;46 200 км;левый;3 поколение;;;
BMW;X4;2020;5290000;https://auto.drom.ru/moscow/bmw/x4/345097690.html;;;;;Москве;бензин, 2.0 л;184 л.с., налог;АКПП;4WD;;белый;45 800 км;левый;2 поколение;;;
BMW;8-Series;2020;8350000;https://auto.drom.ru/spb/bmw/8-series/693531904.html;Характеристики совпадают с ПТС;3 записи о регистрации;Не числится в розыске;Ограничений не обнаружено;Санкт-Петербурге;дизель, 3.0 л;320 л.с., налог;АКПП;4WD;седан;белый;17 000 км;левый;2 поколение;;;
BMW;X1;2020;2999000;https://auto.drom.ru/moscow/bmw/x1/54063690.html;Характеристики совпадают с ПТС;1 запись о регистрации;Не числится в розыске;Ограничений не обнаружено;Москве;бензин, 2.0 л;231 л.с., налог;робот;4WD;;серебристый;22 135 км;левый;2 поколение, рестайлинг;sDrive28i AT;;
BMW;5-Series;2020;5399999;https://auto.drom.ru/kazan/bmw/5-series/53617294.html;;;;;Казани;бензин, 2.0 л;252 л.с., налог;АКПП;4WD;седан;белый;49 100 км;левый;7 поколение, рестайлинг;530i AT xDrive;;
BMW;X3;2020;4290000;https://auto.drom.ru/kazan/bmw/x3/900016164.html;;;;;Казани;дизель, 2.0 л;190 л.с., налог;АКПП;4WD;;синий;104 318 км;левый;3 поколение;xDrive 20d AT Base;;
BMW;5-Series;2020;5348000;https://auto.drom.ru/moscow/bmw/5-series/532042764.html;Характеристики совпадают с ПТС;3 записи о регистрации;Не числится в розыске;Ограничений не обнаружено;Москве;дизель, 2.0 л;190 л.с., налог;АКПП;4WD;седан;черный;48 601 км;левый;7 поколение;;;
BMW;3-Series;2020;2680000;https://auto.drom.ru/soligorsk/bmw/3-series/379468421.html;;;;;Солигорске;дизель, 2.0 л;190 л.с., налог;АКПП;4WD;универсал;черный;98 000 км;левый;7 поколение;;;
BMW;X3;2020;4250000;https://auto.drom.ru/spb/bmw/x3/138097951.html;Характеристики совпадают с ПТС;1 запись о регистрации;Не числится в розыске;Ограничений не обнаружено;Санкт-Петербурге;бензин, 2.0 л;184 л.с., налог;АКПП;4WD;;черный;64 884 км;левый;3 поколение;;;
BMW;X3;2020;3435383;https://auto.drom.ru/minsk/bmw/x3/53826509.html;;;;;Минске;бензин, 2.0 л;249 л.с., налог;АКПП;4WD;;серебристый;24 000 км;левый;3 поколение;xDrive 30i AT M Sport;;
BMW;3-Series;2020;3700000;https://auto.drom.ru/kazan/bmw/3-series/390607385.html;Характеристики совпадают с ПТС;4 записи о регистрации;Не числится в розыске;Ограничений не обнаружено;Казани;бензин, 2.0 л;184 л.с., налог;АКПП;4WD;седан;серый;72 000 км;левый;7 поколение;320i AT xDrive M Sport;;
BMW;X3;2020;4237405;https://auto.drom.ru/spb/bmw/x3/593887597.html;Характеристики совпадают с ПТС;2 записи о регистрации;Не числится в розыске;Ограничений не обнаружено;Санкт-Петербурге;дизель, 2.0 л;190 л.с., налог;АКПП;4WD;;черный;104 077 км;левый;3 поколение;;;
BMW;5-Series;2020;5790282;https://auto.drom.ru/minsk/bmw/5-series/54125036.html;;;;;Минске;дизель, 3.0 л;340 л.с., налог;АКПП;4WD;седан;бордовый;99 000 км;левый;7 поколение, рестайлинг;540d AT xDrive;;
BMW;3-Series;2020;2650000;https://auto.drom.ru/moscow/bmw/3-series/287572214.html;;;;;Москве;дизель, 2.0 л;190 л.с., налог;АКПП;4WD;универсал;черный;175 000 км;левый;7 поколение;320d AT xDrive Base;;
BMW;X3;2020;5145700;https://auto.drom.ru/moscow/bmw/x3/676849546.html;Характеристики совпадают с ПТС;1 запись о регистрации;Не числится в розыске;Ограничений не обнаружено;Москве;дизель, 3.0 л;249 л.с., налог;АКПП;4WD;;черный;117 986 км;левый;3 поколение;xDrive 30d AT M Sport;;
BMW;5-Series;2020;5000000;https://auto.drom.ru/moscow/bmw/5-series/346802313.html;Характеристики совпадают с ПТС;1 запись о регистрации;Не числится в розыске;Ограничений не обнаружено;Москве;дизель, 2.0 л;190 л.с., налог;АКПП;задний;седан;черный;21 774 км;левый;7 поколение;;;
BMW;X5;2020;9200000;https://auto.drom.ru/moscow/bmw/x5/782863832.html;Характеристики совпадают с ПТС;2 записи о регистрации;Не числится в розыске;Ограничений не обнаружено;Москве;дизель, 3.0 л;249 л.с., налог;АКПП;4WD;;черный;60 768 км;левый;4 поколение;xDrive 30d AT M Sport Pro;;
BMW;3-Series;2020;3449999;https://auto.drom.ru/moscow/bmw/3-series/53464271.html;;;;;Москве;дизель, 2.0 л;190 л.с., налог;АКПП;4WD;седан;белый;99 900 км, без пробега по РФ;левый;7 поколение;320d AT xDrive M Sport Pure;;
BMW;3-Series;2020;3787000;https://auto.drom.ru/moscow/bmw/3-series/784820008.html;Характеристики совпадают с ПТС;1 запись о регистрации;Не числится в розыске;Ограничений не обнаружено;Москве;бензин, 2.0 л;156 л.с., налог;АКПП;задний;седан;белый;14 745 км;левый;7 поколение;318i AT SE;;
BMW;X5;2020;4560000;https://auto.drom.ru/moscow/bmw/x5/398208257.html;;;;;Москве;бензин, 3.0 л;340 л.с., налог;АКПП;4WD;;белый;67 122 км;левый;4 поколение;xDrive 40i AT M Sport Pro;;
BMW;X3;2020;5870000;https://auto.drom.ru/moscow/bmw/x3/459122328.html;Цвет не совпадает с ПТС;2 записи о регистрации;Не числится в розыске;Ограничений не обнаружено;Москве;дизель, 3.0 л;249 л.с., налог;АКПП;4WD;;бежевый;59 864 км;левый;3 поколение;xDrive 30d AT M Sport;;
BMW;X4;2020;4199000;https://auto.drom.ru/spb/bmw/x4/146504895.html;Характеристики совпадают с ПТС;2 записи о регистрации;Не числится в розыске;Ограничений не обнаружено;Санкт-Петербурге;дизель, 2.0 л;190 л.с., налог;АКПП;4WD;;синий;144 025 км;левый;2 поколение;xDrive 20d AT M Sport;;
BMW;X7;2020;8500000;https://auto.drom.ru/spb/bmw/x7/52521226.html;;;;;Санкт-Петербурге;бензин, 3.0 л;340 л.с., налог;АКПП;4WD;;синий;38 000 км;левый;1 поколение;xDrive40i AT Exclusive;;
BMW;5-Series;2020;6900000;https://auto.drom.ru/moscow/bmw/5-series/836421663.html;;;;;Москве;бензин, 3.0 л;333 л.с., налог;АКПП;задний;седан;черный;9 700 км;левый;7 поколение, рестайлинг;540i AT;документы с проблемами или отсутствуют;
BMW;X3;2020;4400000;https://auto.drom.ru/ulyanovsk/bmw/x3/53654351.html;;;;;Ульяновске;дизель, 2.0 л;190 л.с., налог;АКПП;4WD;;черный;63 000 км;левый;3 поколение;xDrive 20d AT xLine;;
BMW;X7;2020;11200000;https://auto.drom.ru/moscow/bmw/x7/405254230.html;Характеристики совпадают с ПТС;1 запись о регистрации;Не числится в розыске;Ограничений не обнаружено;Москве;дизель, 3.0 л;249 л.с., налог;АКПП;4WD;;черный;29 550 км;левый;1 поколение;xDrive30d AT M Sport Pro;;
BMW;X5;2020;6450000;https://auto.drom.ru/moscow/bmw/x5/53473129.html;;;;;Москве;дизель, 3.0 л;265 л.с., налог;АКПП;4WD;;черный;97 705 км;левый;4 поколение;xDrive30d AT M Sport;;
BMW;X2;2020;3699000;https://auto.drom.ru/yaroslavl/bmw/x2/53470165.html;;;;;Ярославле;бензин, 2.0 л;231 л.с., налог;автомат;4WD;;белый;27 686 км;левый;;;;
BMW;1-Series;2020;2365321;https://auto.drom.ru/spb/bmw/1-series/53466409.html;;;;;Санкт-Петербурге;дизель, 2.0 л;150 л.с., налог;автомат;передний;хэтчбек 5 дв.;черный;117 026 км;левый;;;;
BMW;3-Series;2020;4339000;https://auto.drom.ru/spb/bmw/3-series/53037847.html;;;;;Санкт-Петербурге;дизель, 3.0 л;265 л.с., налог;АКПП;4WD;седан;серый;107 664 км;левый;7 поколение;;;
BMW;Z4;2020;4790000;https://auto.drom.ru/spb/bmw/z4/52582295.html;Характеристики совпадают с ПТС;1 запись о регистрации;Не числится в розыске;Ограничений не обнаружено;Санкт-Петербурге;бензин, 2.0 л;197 л.с., налог;автомат;задний;купе;белый;16 476 км;левый;;;;
BMW;X5;2020;8295000;https://auto.drom.ru/moscow/bmw/x5/51144152.html;Характеристики совпадают с ПТС;4 записи о регистрации;Не числится в розыске;Ограничений не обнаружено;Москве;дизель, 3.0 л;249 л.с., налог;АКПП;4WD;;белый;67 603 км;левый;4 поколение;;;
BMW;3-Series;2020;5150000;https://auto.drom.ru/moscow/bmw/3-series/949346660.html;Характеристики совпадают с ПТС;2 записи о регистрации;Не числится в розыске;Ограничений не обнаружено;Москве;дизель, 2.0 л;190 л.с., налог;АКПП;4WD;седан;белый;31 791 км;левый;7 поколение;320d AT xDrive M Sport Pro;;
BMW;X6;2020;8497000;https://auto.drom.ru/moscow/bmw/x6/516559275.html;Характеристики совпадают с ПТС;2 записи о регистрации;Не числится в розыске;Ограничений не обнаружено;Москве;дизель, 3.0 л;249 л.с., налог;АКПП;4WD;;белый;72 717 км;левый;3 поколение;xDrive 30d AT M Sport Pro;;
BMW;X1;2020;3699789;https://auto.drom.ru/spb/bmw/x1/907110689.html;Характеристики совпадают с ПТС;1 запись о регистрации;Не числится в розыске;Ограничений не обнаружено;Санкт-Петербурге;бензин, 2.0 л;192 л.с., налог;автомат;4WD;;синий;65 000 км;левый;2 поколение, рестайлинг;;;
BMW;X7;2020;8397000;https://auto.drom.ru/moscow/bmw/x7/789146992.html;Характеристики совпадают с ПТС;1 запись о регистрации;Не числится в розыске;Ограничений не обнаружено;Москве;бензин, 3.0 л;340 л.с., налог;АКПП;4WD;;серый;93 000 км;левый;1 поколение;;;
BMW;X1;2020;3749000;https://auto.drom.ru/moscow/bmw/x1/607585915.html;Характеристики совпадают с ПТС;2 записи о регистрации;Не числится в розыске;Ограничений не обнаружено;Москве;дизель, 2.0 л;150 л.с., налог;АКПП;4WD;;серый;77 232 км;левый;2 поколение, рестайлинг;;;
BMW;X7;2020;8000000;https://auto.drom.ru/moscow/bmw/x7/53672481.html;Характеристики совпадают с ПТС;1 запись о регистрации;Не числится в розыске;Ограничений не обнаружено;Москве;дизель, 3.0 л;249 л.с., налог;АКПП;4WD;;черный;93 000 км;левый;1 поколение;xDrive30d AT Business Plus;;
BMW;X5;2020;8450000;https://auto.drom.ru/moscow/bmw/x5/644208563.html;Характеристики совпадают с ПТС;1 запись о регистрации;Не числится в розыске;Ограничений не обнаружено;Москве;дизель, 3.0 л;249 л.с., налог;АКПП;4WD;;белый;61 918 км;левый;4 поколение;;;
BMW;X5;2020;7390000;https://auto.drom.ru/moscow/bmw/x5/498957193.html;;;;;Москве;дизель, 3.0 л;286 л.с., налог;АКПП;4WD;;зеленый;25 000 км;левый;4 поколение;;;
BMW;X5;2020;6500000;https://auto.drom.ru/minsk/bmw/x5/51730895.html;;;;;Минске;бензин, 3.0 л, гибрид;286 л.с., налог;АКПП;4WD;;белый;79 000 км;левый;4 поколение;;;
BMW;X5;2020;7890000;https://auto.drom.ru/moscow/bmw/x5/864414570.html;;;;;Москве;дизель, 3.0 л;286 л.с., налог;АКПП;4WD;;белый;41 500 км, без пробега по РФ;левый;4 поколение;xDrive30d AT M Sport;;
BMW;X5;2020;5650000;https://auto.drom.ru/minsk/bmw/x5/54116925.html;;;;;Минске;дизель, 3.0 л;265 л.с., налог;АКПП;4WD;;серый;167 000 км;левый;4 поколение;;;
BMW;X4;2020;5300000;https://auto.drom.ru/moscow/bmw/x4/269671686.html;;;;;Москве;бензин, 2.0 л;184 л.с., налог;АКПП;4WD;;белый;34 000 км;левый;2 поколение;;;
BMW;5-Series;2020;6180000;https://auto.drom.ru/moscow/bmw/5-series/53738003.html;;;;;Москве;дизель, 3.0 л;265 л.с., налог;АКПП;4WD;седан;черный;36 000 км, без пробега по РФ;левый;7 поколение;530d AT xDrive;;
BMW;X5;2020;9970000;https://auto.drom.ru/voronezh/bmw/x5/949117766.html;Характеристики совпадают с ПТС;2 записи о регистрации;Не числится в розыске;Ограничений не обнаружено;Воронеже;дизель, 3.0 л;249 л.с., налог;АКПП;4WD;;черный;117 814 км;левый;4 поколение;;;
BMW;X7;2020;9790000;https://auto.drom.ru/kazan/bmw/x7/623075665.html;Характеристики совпадают с ПТС;1 запись о регистрации;Не числится в розыске;Ограничений не обнаружено;Казани;дизель, 3.0 л;400 л.с., налог;АКПП;4WD;;черный;89 500 км;левый;1 поколение;M50d AT Special by Individual;;
BMW;X2;2020;2915000;https://auto.drom.ru/moscow/bmw/x2/52623844.html;Характеристики совпадают с ПТС;1 запись о регистрации;Не числится в розыске;Ограничений не обнаружено;Москве;бензин, 1.5 л;140 л.с., налог;робот;передний;;черный;89 200 км;левый;1 поколение;;;
BMW;X7;2020;9537000;https://auto.drom.ru/moscow/bmw/x7/598892716.html;Характеристики совпадают с ПТС;1 запись о регистрации;Не числится в розыске;Ограничений не обнаружено;Москве;дизель, 3.0 л;400 л.с., налог;АКПП;4WD;;черный;85 262 км;левый;1 поколение;M50d AT Special;;
BMW;5-Series;2020;4467000;https://auto.drom.ru/moscow/bmw/5-series/54118804.html;Характеристики совпадают с ПТС;2 записи о регистрации;Не числится в розыске;Ограничений не обнаружено;Москве;дизель, 2.0 л;190 л.с., налог;АКПП;4WD;седан;белый;49 232 км;левый;7 поколение;;;
BMW;5-Series;2020;4754000;https://auto.drom.ru/moscow/bmw/5-series/53826861.html;Характеристики совпадают с ПТС;1 запись о регистрации;Не числится в розыске;Ограничений не обнаружено;Москве;бензин, 2.0 л;249 л.с., налог;АКПП;4WD;седан;черный;43 808 км;левый;7 поколение;;;
BMW;X3;2020;4765000;https://auto.drom.ru/moscow/bmw/x3/53822048.html;Характеристики совпадают с ПТС;3 записи о регистрации;Не числится в розыске;Ограничений не обнаружено;Москве;бензин, 2.0 л;184 л.с., налог;АКПП;4WD;;коричневый;72 000 км;левый;3 поколение;;;
BMW;X4;2020;5150000;https://auto.drom.ru/moscow/bmw/x4/53452684.html;Характеристики совпадают с ПТС;2 записи о регистрации;Не числится в розыске;Ограничений не обнаружено;Москве;бензин, 2.0 л;184 л.с., налог;АКПП;4WD;;черный;61 000 км;левый;2 поколение;;;
BMW;5-Series;2020;6395000;https://auto.drom.ru/moscow/bmw/5-series/53033643.html;Характеристики совпадают с ПТС;3 записи о регистрации;Не числится в розыске;Ограничений не обнаружено;Москве;дизель, 3.0 л;249 л.с., налог;АКПП;4WD;седан;серый;84 306 км;левый;7 поколение;;;
BMW;X3;2020;5300000;https://auto.drom.ru/spb/bmw/x3/53031782.html;;;;;Санкт-Петербурге;дизель, 2.0 л;190 л.с., налог;АКПП;4WD;;серый;71 235 км;левый;3 поколение;;;
BMW;2-Series;2020;3150000;https://auto.drom.ru/spb/bmw/2-series/53020136.html;;;;;Санкт-Петербурге;бензин, 2.0 л;231 л.с., налог;автомат;4WD;седан;черный;3 063 км;левый;;;;
BMW;5-Series;2020;3600000;https://auto.drom.ru/moscow/bmw/5-series/52581579.html;Характеристики совпадают с ПТС;2 записи о регистрации;Не числится в розыске;Ограничений не обнаружено;Москве;бензин, 2.0 л;184 л.с., налог;АКПП;задний;седан;черный;115 000 км;левый;7 поколение;520i AT Base;;
BMW;X2;2020;2679000;https://auto.drom.ru/moscow/bmw/x2/52579561.html;Характеристики совпадают с ПТС;2 записи о регистрации;Не числится в розыске;Ограничений не обнаружено;Москве;бензин, 1.5 л;140 л.с., налог;робот;передний;;черный;46 400 км;левый;1 поколение;;;
BMW;5-Series;2020;5450000;https://auto.drom.ru/moscow/bmw/5-series/52572207.html;Характеристики совпадают с ПТС;3 записи о регистрации;Не числится в розыске;Ограничений не обнаружено;Москве;дизель, 3.0 л;249 л.с., налог;АКПП;4WD;седан;черный;86 257 км;левый;7 поколение;;;
BMW;X5;2020;7499000;https://auto.drom.ru/voronezh/bmw/x5/51344544.html;;;;;Воронеже;дизель, 3.0 л;265 л.с., налог;АКПП;4WD;;серый;62 402 км;левый;4 поколение;;;
BMW;X6;2020;8620000;https://auto.drom.ru/spb/bmw/x6/827284384.html;Характеристики совпадают с ПТС;4 записи о регистрации;Не числится в розыске;Ограничений не обнаружено;Санкт-Петербурге;дизель, 3.0 л;249 л.с., налог;АКПП;4WD;;белый;86 141 км;левый;3 поколение;xDrive 30d AT M Sport Pro;;
BMW;X5;2020;8070000;https://auto.drom.ru/moscow/bmw/x5/245419862.html;;;;;Москве;бензин, 3.0 л, гибрид;394 л.с., налог;автомат;4WD;;синий;61 700 км, без пробега по РФ;левый;4 поколение;;;
BMW;X3;2020;4150000;https://auto.drom.ru/spb/bmw/x3/240134134.html;;;;;Санкт-Петербурге;дизель, 2.0 л;190 л.с., налог;АКПП;4WD;;серый;72 000 км;левый;3 поколение;xDrive 20d AT Urban;;
BMW;X6;2020;11072645;https://auto.drom.ru/minsk/bmw/x6/54109571.html;Мощность двигателя не совпадает с ПТС;1 запись о регистрации;Не числится в розыске;Ограничений не обнаружено;Минске;бензин, 4.4 л;450 л.с., налог;АКПП;4WD;;синий;11 043 км;левый;2 поколение;xDrive 50i AT;;
BMW;5-Series;2020;6650000;https://auto.drom.ru/moscow/bmw/5-series/54106870.html;;;;;Москве;дизель, 3.0 л;286 л.с., налог;АКПП;4WD;универсал;серый;35 558 км, без пробега по РФ;левый;7 поколение, рестайлинг;530d AT xDrive;;
BMW;5-Series;2020;6850000;https://auto.drom.ru/himki/bmw/5-series/52092407.html;Характеристики совпадают с ПТС;1 запись о регистрации;Не числится в розыске;Ограничений не обнаружено;Химках;дизель, 3.0 л;340 л.с., налог;АКПП;4WD;седан;черный;46 499 км;левый;7 поколение, рестайлинг;540d AT xDrive;;
BMW;5-Series;2020;4450000;https://auto.drom.ru/moscow/bmw/5-series/52331679.html;Характеристики совпадают с ПТС;3 записи о регистрации;Не числится в розыске;Ограничений не обнаружено;Москве;дизель, 2.0 л;190 л.с., налог;АКПП;4WD;седан;серый;36 400 км;левый;7 поколение;;;
BMW;X4;2020;4990000;https://auto.drom.ru/moscow/bmw/x4/54106902.html;;;;;Москве;бензин, 2.0 л;184 л.с., налог;АКПП;4WD;;серый;49 872 км;левый;2 поколение;;;
BMW;5-Series;2020;4790000;https://auto.drom.ru/spb/bmw/5-series/54105068.html;Характеристики совпадают с ПТС;1 запись о регистрации;Не числится в розыске;Ограничений не обнаружено;Санкт-Петербурге;дизель, 2.0 л;190 л.с., налог;АКПП;4WD;седан;черный;48 000 км;левый;7 поколение;520d AT xDrive M Sport;;
BMW;X1;2020;3270000;https://auto.drom.ru/saratov/bmw/x1/54104455.html;Характеристики совпадают с ПТС;3 записи о регистрации;Не числится в розыске;Ограничений не обнаружено;Саратове;дизель, 2.0 л;150 л.с., налог;АКПП;4WD;;черный;66 839 км;левый;2 поколение, рестайлинг;xDrive 18d AT Advantage;;
BMW;X1;2020;3195000;https://auto.drom.ru/spb/bmw/x1/448582068.html;Характеристики совпадают с ПТС;1 запись о регистрации;Не числится в розыске;Ограничений не обнаружено;Санкт-Петербурге;бензин, 1.5 л;140 л.с., налог;робот;передний;;синий;59 851 км;левый;2 поколение, рестайлинг;;;
BMW;X6;2020;9235000;https://auto.drom.ru/moscow/bmw/x6/53450650.html;Характеристики совпадают с ПТС;2 записи о регистрации;Не числится в розыске;Ограничений не обнаружено;Москве;дизель, 3.0 л;249 л.с., налог;АКПП;4WD;;белый;85 039 км;левый;;;;
BMW;X6;2020;10490000;https://auto.drom.ru/kazan/bmw/x6/53010256.html;Характеристики совпадают с ПТС;1 запись о регистрации;Не числится в розыске;Ограничений не обнаружено;Казани;дизель, 3.0 л;249 л.с., налог;АКПП;4WD;;черный;48 452 км;левый;;;;
BMW;3-Series;2020;3250000;https://auto.drom.ru/moscow/bmw/3-series/53009405.html;;;;;Москве;дизель, 2.0 л;190 л.с., налог;АКПП;задний;универсал;черный;105 000 км;левый;7 поколение;320d AT Sport Line;документы с проблемами или отсутствуют;
BMW;X6;2020;10500000;https://auto.drom.ru/moscow/bmw/x6/53008266.html;Характеристики совпадают с ПТС;2 записи о регистрации;Не числится в розыске;Ограничений не обнаружено;Москве;дизель, 3.0 л;249 л.с., налог;АКПП;4WD;;зеленый;31 500 км;левый;3 поколение;xDrive 30d AT Exclusive;;
BMW;1-Series;2020;2727999;https://auto.drom.ru/moscow/bmw/1-series/52125466.html;Характеристики совпадают с ПТС;1 запись о регистрации;Не числится в розыске;Есть ограничения;Москве;дизель, 2.0 л;150 л.с., налог;АКПП;передний;хэтчбек 5 дв.;серый;22 000 км;правый;3 поколение;118d Play Edition Joy Plus;;
BMW;7-Series;2020;6299000;https://auto.drom.ru/moscow/bmw/7-series/559032815.html;Характеристики совпадают с ПТС;2 записи о регистрации;Не числится в розыске;Ограничений не обнаружено;Москве;дизель, 3.0 л;249 л.с., налог;АКПП;4WD;;черный;89 000 км;левый;6 поколение, рестайлинг;;;
BMW;X6;2023;14600000;https://auto.drom.ru/spb/bmw/x6/319074914.html;;;;;Санкт-Петербурге;бензин, 3.0 л;381 л.с., налог;АКПП;4WD;;черный;30 км;левый;3 поколение, рестайлинг;xDrive40i AT M Sport;;
BMW;X5;2023;13990000;https://auto.drom.ru/moscow/bmw/x5/637091323.html;;;;;Москве;дизель, 3.0 л;298 л.с., налог;АКПП;4WD;;белый;43 км, без пробега по РФ;левый;4 поколение, рестайлинг;xDrive30d AT;;
BMW;X5;2023;14500000;https://auto.drom.ru/himki/bmw/x5/53783867.html;Характеристики совпадают с ПТС;1 запись о регистрации;Не числится в розыске;Ограничений не обнаружено;Химках;дизель, 3.0 л;298 л.с., налог;АКПП;4WD;;белый;новый автомобиль;левый;4 поколение, рестайлинг;;;WBA**************;
BMW;3-Series;2023;5900000;https://auto.drom.ru/himki/bmw/3-series/53780914.html;Характеристики совпадают с ПТС;1 запись о регистрации;Не числится в розыске;Ограничений не обнаружено;Химках;бензин, 2.0 л;156 л.с., налог;АКПП;задний;универсал;черный;новый автомобиль;левый;7 поколение, рестайлинг;318i AT Base;;WBA**************;
BMW;X6;2023;16599000;https://auto.drom.ru/spb/bmw/x6/52975981.html;;;;;Санкт-Петербурге;дизель, 3.0 л;298 л.с., налог;АКПП;4WD;;синий;20 км;левый;3 поколение, рестайлинг;xDrive30d AT M Sport;;;
BMW;X5;2023;13900000;https://auto.drom.ru/himki/bmw/x5/52862884.html;;;;;Химках;бензин, 3.0 л;340 л.с., налог;АКПП;4WD;;черный;новый автомобиль;левый;4 поколение;xDrive 40i AT Base;;WBA**************;
BMW;5-Series;2023;10200000;https://auto.drom.ru/moscow/bmw/5-series/487412293.html;Характеристики совпадают с ПТС;1 запись о регистрации;Не числится в розыске;Ограничений не обнаружено;Москве;дизель, 2.0 л;197 л.с., налог;автомат;4WD;седан;черный;новый автомобиль;левый;;;;WBA**************;
BMW;X6;2023;13650000;https://auto.drom.ru/moscow/bmw/x6/53633309.html;;;;;Москве;бензин, 3.0 л;340 л.с., налог;АКПП;4WD;;черный;новый автомобиль;левый;3 поколение;xDrive 40i AT Base;;5UX**************;
BMW;X5;2023;11900000;https://auto.drom.ru/moscow/bmw/x5/53635968.html;;;;;Москве;бензин, 3.0 л;333 л.с., налог;АКПП;4WD;;черный;16 км;левый;4 поколение;xDrive40i AT;;;
BMW;X6;2023;13900000;https://auto.drom.ru/moscow/bmw/x6/53837076.html;;;;;Москве;дизель, 3.0 л;298 л.с., налог;АКПП;4WD;;белый;новый автомобиль;левый;3 поколение, рестайлинг;xDrive30d AT M Sport;;WBA**************;
BMW;X5;2023;13899000;https://auto.drom.ru/moscow/bmw/x5/269780367.html;;;;;Москве;бензин, 3.0 л;381 л.с., налог;АКПП;4WD;;серый;316 км;левый;4 поколение, рестайлинг;;;;
BMW;X6;2023;12500000;https://auto.drom.ru/moscow/bmw/x6/54067203.html;;;;;Москве;дизель, 3.0 л;286 л.с., налог;АКПП;4WD;;синий;15 500 км, без пробега по РФ;левый;3 поколение;;;;
BMW;M3;2023;19490000;https://auto.drom.ru/moscow/bmw/m3/54067199.html;;;;;Москве;бензин, 3.0 л;550 л.с., налог;автомат;4WD;седан;белый;23 км, без пробега по РФ;левый;;;;;
BMW;5-Series;2023;8812796;https://auto.drom.ru/moscow/bmw/5-series/54066411.html;;;;;Москве;дизель, 2.0 л;195 л.с., налог;АКПП;задний;седан;белый;новый автомобиль;левый;7 поколение, рестайлинг;520d AT Base;;WBA**************;
BMW;5-Series;2023;9379296;https://auto.drom.ru/moscow/bmw/5-series/54066412.html;;;;;Москве;дизель, 2.0 л;195 л.с., налог;АКПП;4WD;седан;черный;новый автомобиль;левый;7 поколение, рестайлинг;520d AT xDrive Base;;WBA**************;
BMW;5-Series;2023;9379296;https://auto.drom.ru/moscow/bmw/5-series/54066415.html;;;;;Москве;дизель, 2.0 л;195 л.с., налог;АКПП;4WD;седан;черный;новый автомобиль;левый;7 поколение, рестайлинг;520d AT xDrive Base;;WBA**************;
BMW;5-Series;2023;9224796;https://auto.drom.ru/moscow/bmw/5-series/54066402.html;;;;;Москве;дизель, 2.0 л;195 л.с., налог;АКПП;4WD;седан;белый;новый автомобиль;левый;7 поколение, рестайлинг;520d AT xDrive Base;;WBA**************;
BMW;5-Series;2023;9224796;https://auto.drom.ru/moscow/bmw/5-series/54066403.html;;;;;Москве;дизель, 2.0 л;195 л.с., налог;АКПП;4WD;седан;белый;новый автомобиль;левый;7 поколение, рестайлинг;520d AT xDrive Base;;WBA**************;
BMW;5-Series;2023;8812796;https://auto.drom.ru/moscow/bmw/5-series/54066406.html;;;;;Москве;дизель, 2.0 л;195 л.с., налог;АКПП;задний;седан;белый;новый автомобиль;левый;7 поколение, рестайлинг;520d AT Base;;WBA**************;
BMW;X5;2023;14500000;https://auto.drom.ru/spb/bmw/x5/54066284.html;;;;;Санкт-Петербурге;дизель, 3.0 л;298 л.с., налог;АКПП;4WD;;коричневый;55 км;левый;4 поколение, рестайлинг;;;;
BMW;X6;2023;15400000;https://auto.drom.ru/moscow/bmw/x6/54064902.html;;;;;Москве;дизель, 3.0 л;298 л.с., налог;АКПП;4WD;;серый;новый автомобиль;левый;3 поколение, рестайлинг;xDrive30d AT M Sport;;WBA**************;
BMW;X6;2023;13953250;https://auto.drom.ru/moscow/bmw/x6/54064907.html;Цвет не совпадает с ПТС;1 запись о регистрации;Не числится в розыске;Ограничений не обнаружено;Москве;дизель, 3.0 л;298 л.с., налог;АКПП;4WD;;черный;новый автомобиль;левый;3 поколение, рестайлинг;xDrive30d AT M Sport;;WBA**************;
BMW;X5;2023;14700000;https://auto.drom.ru/moscow/bmw/x5/54058577.html;;;;;Москве;дизель, 3.0 л;298 л.с., налог;АКПП;4WD;;черный;новый автомобиль;левый;4 поколение, рестайлинг;xDrive30d AT;;WBA**************;
BMW;X6;2023;19500000;https://auto.drom.ru/moscow/bmw/x6/54058564.html;;;;;Москве;дизель, 3.0 л;298 л.с., налог;АКПП;4WD;;синий;новый автомобиль;левый;3 поколение, рестайлинг;xDrive30d AT M Sport;;WBA**************;
BMW;X6;2023;19500000;https://auto.drom.ru/moscow/bmw/x6/54058566.html;;;;;Москве;дизель, 3.0 л;298 л.с., налог;АКПП;4WD;;серый;новый автомобиль;левый;3 поколение, рестайлинг;xDrive30d AT M Sport;;WBA**************;
BMW;X5;2023;12374495;https://auto.drom.ru/moscow/bmw/x5/54058396.html;;;;;Москве;дизель, 3.0 л;298 л.с., налог;АКПП;4WD;;серый;новый автомобиль;левый;4 поколение, рестайлинг;;;WBA**************;
BMW;5-Series;2023;9379296;https://auto.drom.ru/himki/bmw/5-series/54057989.html;;;;;Химках;дизель, 2.0 л;195 л.с., налог;АКПП;4WD;седан;черный;новый автомобиль;левый;7 поколение, рестайлинг;520d AT xDrive Base;;WBA**************;
BMW;5-Series;2023;9379296;https://auto.drom.ru/himki/bmw/5-series/54057990.html;;;;;Химках;дизель, 2.0 л;195 л.с., налог;АКПП;4WD;седан;черный;новый автомобиль;левый;7 поколение, рестайлинг;520d AT xDrive Base;;WBA**************;
BMW;5-Series;2023;9379296;https://auto.drom.ru/himki/bmw/5-series/54057993.html;;;;;Химках;дизель, 2.0 л;195 л.с., налог;АКПП;4WD;седан;черный;новый автомобиль;левый;7 поколение, рестайлинг;520d AT xDrive Base;;WBA**************;
BMW;5-Series;2023;9224796;https://auto.drom.ru/himki/bmw/5-series/54057964.html;;;;;Химках;дизель, 2.0 л;195 л.с., налог;АКПП;4WD;седан;белый;новый автомобиль;левый;7 поколение, рестайлинг;520d AT xDrive Base;;WBA**************;
BMW;5-Series;2023;9224796;https://auto.drom.ru/himki/bmw/5-series/54057967.html;;;;;Химках;дизель, 2.0 л;195 л.с., налог;АКПП;4WD;седан;белый;новый автомобиль;левый;7 поколение, рестайлинг;520d AT xDrive Base;;WBA**************;
BMW;5-Series;2023;9224796;https://auto.drom.ru/himki/bmw/5-series/54057973.html;;;;;Химках;дизель, 2.0 л;195 л.с., налог;АКПП;4WD;седан;белый;новый автомобиль;левый;7 поколение, рестайлинг;520d AT xDrive Base;;WBA**************;
BMW;5-Series;2023;9224796;https://auto.drom.ru/himki/bmw/5-series/54057974.html;;;;;Химках;дизель, 2.0 л;195 л.с., налог;АКПП;4WD;седан;белый;новый автомобиль;левый;7 поколение, рестайлинг;520d AT xDrive Base;;WBA**************;
BMW;5-Series;2023;8812796;https://auto.drom.ru/himki/bmw/5-series/54057976.html;;;;;Химках;дизель, 2.0 л;195 л.с., налог;АКПП;задний;седан;белый;новый автомобиль;левый;7 поколение, рестайлинг;520d AT Base;;WBA**************;
BMW;5-Series;2023;8812796;https://auto.drom.ru/himki/bmw/5-series/54057979.html;;;;;Химках;дизель, 2.0 л;195 л.с., налог;АКПП;задний;седан;белый;новый автомобиль;левый;7 поколение, рестайлинг;520d AT Base;;WBA**************;
BMW;5-Series;2023;8812796;https://auto.drom.ru/himki/bmw/5-series/54057980.html;;;;;Химках;дизель, 2.0 л;195 л.с., налог;АКПП;задний;седан;белый;новый автомобиль;левый;7 поколение, рестайлинг;520d AT Base;;WBA**************;
BMW;5-Series;2023;8812796;https://auto.drom.ru/himki/bmw/5-series/54057983.html;;;;;Химках;дизель, 2.0 л;195 л.с., налог;АКПП;задний;седан;белый;новый автомобиль;левый;7 поколение, рестайлинг;520d AT Base;;WBA**************;
BMW;5-Series;2023;9379296;https://auto.drom.ru/himki/bmw/5-series/54057986.html;;;;;Химках;дизель, 2.0 л;195 л.с., налог;АКПП;4WD;седан;черный;новый автомобиль;левый;7 поколение, рестайлинг;520d AT xDrive Base;;WBA**************;
BMW;X5;2023;12790000;https://auto.drom.ru/moscow/bmw/x5/53756514.html;;;;;Москве;дизель, 3.0 л;298 л.с., налог;АКПП;4WD;;синий;100 км;левый;4 поколение, рестайлинг;;;;
BMW;X6;2023;15540000;https://auto.drom.ru/spb/bmw/x6/462962284.html;;;;;Санкт-Петербурге;бензин, 3.0 л;381 л.с., налог;АКПП;4WD;;черный;49 км;левый;3 поколение, рестайлинг;xDrive40i AT M Sport;;;
BMW;X5;2023;12467115;https://auto.drom.ru/moscow/bmw/x5/53712436.html;;;;;Москве;бензин, 3.0 л;381 л.с., налог;АКПП;4WD;;серый;новый автомобиль;левый;4 поколение, рестайлинг;xDrive40i AT M Sport;;5UX**************;
BMW;XM;2023;18931545;https://auto.drom.ru/moscow/bmw/xm/53708811.html;;;;;Москве;бензин, 4.4 л, гибрид;653 л.с., налог;автомат;4WD;;серый;новый автомобиль;левый;1 поколение;;;5YM**************;
BMW;X5;2023;19393290;https://auto.drom.ru/moscow/bmw/x5/53707224.html;;;;;Москве;бензин, 4.4 л;617 л.с., налог;АКПП;4WD;;серый;новый автомобиль;левый;4 поколение, рестайлинг;M Competition;;5YM**************;
BMW;X6;2023;20316780;https://auto.drom.ru/moscow/bmw/x6/54015825.html;;;;;Москве;бензин, 4.4 л;617 л.с., налог;АКПП;4WD;;белый;новый автомобиль;левый;3 поколение, рестайлинг;M AT Competition;;5YM**************;
BMW;X7;2023;14314095;https://auto.drom.ru/moscow/bmw/x7/54026094.html;;;;;Москве;бензин, 3.0 л;381 л.с., налог;АКПП;4WD;;черный;новый автомобиль;левый;1 поколение, рестайлинг;xDrive40i AT;;5UX**************;
BMW;X7;2023;14230981;https://auto.drom.ru/moscow/bmw/x7/54026426.html;;;;;Москве;бензин, 3.0 л;381 л.с., налог;АКПП;4WD;;зеленый;новый автомобиль;левый;1 поколение, рестайлинг;xDrive40i AT;;5UX**************;
BMW;X7;2023;14314095;https://auto.drom.ru/moscow/bmw/x7/54026614.html;;;;;Москве;бензин, 3.0 л;381 л.с., налог;АКПП;4WD;;серый;новый автомобиль;левый;1 поколение, рестайлинг;xDrive40i AT;;5UX**************;
BMW;X7;2023;14314095;https://auto.drom.ru/moscow/bmw/x7/54030051.html;;;;;Москве;бензин, 3.0 л;381 л.с., налог;АКПП;4WD;;черный;новый автомобиль;левый;1 поколение, рестайлинг;xDrive40i AT;;5UX**************;
BMW;X5;2023;15237585;https://auto.drom.ru/moscow/bmw/x5/54031726.html;Электронный ПТС не выдавался;;;;Москве;бензин, 4.4 л;530 л.с., налог;АКПП;4WD;;серый;8 000 км, без пробега по РФ;левый;4 поколение, рестайлинг;M60i AT;;;
BMW;X7;2023;14314095;https://auto.drom.ru/moscow/bmw/x7/54031825.html;;;;;Москве;бензин, 3.0 л;381 л.с., налог;АКПП;4WD;;зеленый;новый автомобиль;левый;1 поколение, рестайлинг;xDrive40i AT;;5UX**************;
BMW;X7;2023;14498793;https://auto.drom.ru/moscow/bmw/x7/53753680.html;;;;;Москве;бензин, 3.0 л;381 л.с., налог;АКПП;4WD;;серый;новый автомобиль;левый;1 поколение, рестайлинг;xDrive40i AT;;5UX**************;
BMW;X5;2023;15884028;https://auto.drom.ru/moscow/bmw/x5/53366731.html;;;;;Москве;бензин, 4.4 л;530 л.с., налог;АКПП;4WD;;черный;новый автомобиль;левый;4 поколение, рестайлинг;M60i AT;;5UX**************;
BMW;X6;2023;14510000;https://auto.drom.ru/moscow/bmw/x6/53761178.html;;;;;Москве;дизель, 3.0 л;298 л.с., налог;АКПП;4WD;;черный;30 км;левый;3 поколение, рестайлинг;xDrive30d AT M Sport;;;
BMW;7-Series;2023;17990000;https://auto.drom.ru/spb/bmw/7-series/53759918.html;;;;;Санкт-Петербурге;дизель, 3.0 л;286 л.с., налог;автомат;4WD;;серый;22 км;левый;;;;;
BMW;X5;2023;12190000;https://auto.drom.ru/moscow/bmw/x5/53374205.html;;;;;Москве;дизель, 3.0 л;298 л.с., налог;АКПП;4WD;;серый;20 км;левый;4 поколение, рестайлинг;;;;
BMW;X5;2023;14850000;https://auto.drom.ru/moscow/bmw/x5/53374214.html;;;;;Москве;дизель, 3.0 л;298 л.с., налог;АКПП;4WD;;черный;40 км;левый;4 поколение, рестайлинг;;;;
BMW;X5;2023;15380000;https://auto.drom.ru/moscow/bmw/x5/52936766.html;;;;;Москве;дизель, 3.0 л;298 л.с., налог;АКПП;4WD;;белый;новый автомобиль;левый;4 поколение, рестайлинг;;;WBA**************;
BMW;X5;2023;16300000;https://auto.drom.ru/himki/bmw/x5/52935934.html;Характеристики совпадают с ПТС;1 запись о регистрации;Не числится в розыске;Ограничений не обнаружено;Химках;дизель, 3.0 л;298 л.с., налог;АКПП;4WD;;серый;новый автомобиль;левый;4 поколение, рестайлинг;;;WBA**************;
BMW;X5;2023;13300000;https://auto.drom.ru/moscow/bmw/x5/51656934.html;Характеристики совпадают с ПТС;1 запись о регистрации;Не числится в розыске;Ограничений не обнаружено;Москве;дизель, 3.0 л;286 л.с., налог;АКПП;4WD;;белый;50 км, без пробега по РФ;левый;4 поколение;xDrive30d AT M Sport;;;
