Бренд;Модель;Год;Цена;URL;ПТС;Владельцы;Розыск;Ограничения;Город;Двигатель;Мощность;Коробка передач;Привод;Тип кузова;Цвет;Пробег;Руль;Поколение;Комплектация;Особые отметки;VIN;
Mercedes-Benz;S-Class;2018;5998000;https://auto.drom.ru/moscow/mercedes-benz/s-class/221801633.html;Цвет не совпадает с ПТС;4 записи о регистрации;Не числится в розыске;Ограничений не обнаружено;Москве;дизель, 2.9 л;249 л.с., налог;АКПП;4WD;седан;серый;91 618 км;левый;6 поколение, рестайлинг;S 350 d 4MATIC L;;;
Mercedes-Benz;CLA-Class;2018;2400000;https://auto.drom.ru/spb/mercedes-benz/cla-class/564476762.html;Характеристики совпадают с ПТС;2 записи о регистрации;Не числится в розыске;Ограничений не обнаружено;Санкт-Петербурге;бензин, 2.0 л;211 л.с., налог;робот;4WD;седан;черный;79 300 км;левый;1 поколение, рестайлинг;;;;
Mercedes-Benz;E-Class;2018;3320000;https://auto.drom.ru/moscow/mercedes-benz/e-class/822215696.html;Характеристики совпадают с ПТС;2 записи о регистрации;Не числится в розыске;Ограничений не обнаружено;Москве;бензин, 2.0 л;184 л.с., налог;АКПП;задний;седан;черный;142 358 км;левый;5 поколение;;;;
Mercedes-Benz;GLE Coupe;2018;5197000;https://auto.drom.ru/moscow/mercedes-benz/gle_coupe/308513899.html;Характеристики совпадают с ПТС;1 запись о регистрации;Не числится в розыске;Ограничений не обнаружено;Москве;дизель, 3.0 л;249 л.с., налог;АКПП;4WD;;черный;161 000 км;левый;1 поколение;;;;
Mercedes-Benz;GLE;2018;5500000;https://auto.drom.ru/moscow/mercedes-benz/gle-class/54118560.html;Характеристики совпадают с ПТС;1 запись о регистрации;Не числится в розыске;Ограничений не обнаружено;Москве;бензин, 3.0 л;333 л.с., налог;АКПП;4WD;;черный;56 000 км;левый;1 поколение;;;;
Mercedes-Benz;X-Class;2018;4390000;https://auto.drom.ru/spb/mercedes-benz/x-class/54117289.html;Характеристики совпадают с ПТС;3 записи о регистрации;Не числится в розыске;Ограничений не обнаружено;Санкт-Петербурге;дизель, 2.3 л;190 л.с., налог;АКПП;4WD;;синий;87 000 км;левый;1 поколение;X 250d AT 4MATIC Power;;;
Mercedes-Benz;S-Class;2018;16700000;https://auto.drom.ru/moscow/mercedes-benz/s-class/54116396.html;Характеристики совпадают с ПТС;3 записи о регистрации;Не числится в розыске;Ограничений не обнаружено;Москве;бензин, 4.0 л;612 л.с., налог;АКПП;4WD;купе;черный;29 000 км;левый;6 поколение, рестайлинг;AMG S 63 4MATIC+;;;
Mercedes-Benz;E-Class;2018;3032000;https://auto.drom.ru/kazan/mercedes-benz/e-class/53826447.html;Характеристики совпадают с ПТС;4 записи о регистрации;Не числится в розыске;Ограничений не обнаружено;Казани;бензин, 2.0 л;184 л.с., налог;АКПП;задний;седан;черный;137 621 км;левый;5 поколение;E 200 Sport Plus;;;
Mercedes-Benz;E-Class;2018;4225000;https://auto.drom.ru/spb/mercedes-benz/e-class/53820962.html;Характеристики совпадают с ПТС;1 запись о регистрации;Не числится в розыске;Ограничений не обнаружено;Санкт-Петербурге;бензин, 2.0 л;184 л.с., налог;АКПП;задний;купе;белый;63 204 км;левый;5 поколение;;;;
Mercedes-Benz;V-Class;2018;5390000;https://auto.drom.ru/moscow/mercedes-benz/v-class/53463253.html;Характеристики совпадают с ПТС;1 запись о регистрации;Не числится в розыске;Ограничений не обнаружено;Москве;дизель, 2.1 л;190 л.с., налог;АКПП;4WD;;коричневый;100 457 км;левый;3 поколение;;;;
Mercedes-Benz;GLS-Class;2018;6099000;https://auto.drom.ru/kazan/mercedes-benz/gls-class/53035515.html;Характеристики совпадают с ПТС;2 записи о регистрации;Не числится в розыске;Ограничений не обнаружено;Казани;дизель, 3.0 л;249 л.с., налог;автомат;4WD;;черный;83 744 км;;;;;;
Mercedes-Benz;E-Class;2018;2500000;https://auto.drom.ru/moscow/mercedes-benz/e-class/52572179.html;Характеристики совпадают с ПТС;1 запись о регистрации;Не числится в розыске;Ограничений не обнаружено;Москве;бензин, 2.0 л;184 л.с., налог;АКПП;задний;седан;черный;166 444 км;левый;5 поколение;;;;
Mercedes-Benz;E-Class;2018;2500000;https://auto.drom.ru/moscow/mercedes-benz/e-class/52572180.html;Характеристики совпадают с ПТС;1 запись о регистрации;Не числится в розыске;Ограничений не обнаружено;Москве;бензин, 2.0 л;184 л.с., налог;АКПП;задний;седан;черный;238 102 км;левый;5 поколение;;;;
Mercedes-Benz;E-Class;2018;2500000;https://auto.drom.ru/moscow/mercedes-benz/e-class/52572167.html;Характеристики совпадают с ПТС;1 запись о регистрации;Не числится в розыске;Ограничений не обнаружено;Москве;бензин, 2.0 л;184 л.с., налог;АКПП;задний;седан;черный;199 502 км;левый;5 поколение;;;;
Mercedes-Benz;E-Class;2018;2500000;https://auto.drom.ru/moscow/mercedes-benz/e-class/52572168.html;Характеристики совпадают с ПТС;1 запись о регистрации;Не числится в розыске;Ограничений не обнаружено;Москве;бензин, 2.0 л;184 л.с., налог;АКПП;задний;седан;черный;225 988 км;левый;5 поколение;;;;
Mercedes-Benz;E-Class;2018;2500000;https://auto.drom.ru/moscow/mercedes-benz/e-class/52572169.html;Характеристики совпадают с ПТС;1 запись о регистрации;Не числится в розыске;Ограничений не обнаружено;Москве;бензин, 2.0 л;184 л.с., налог;АКПП;задний;седан;черный;243 899 км;левый;5 поколение;;;;
Mercedes-Benz;E-Class;2018;2500000;https://auto.drom.ru/moscow/mercedes-benz/e-class/52572170.html;Характеристики совпадают с ПТС;1 запись о регистрации;Не числится в розыске;Ограничений не обнаружено;Москве;бензин, 2.0 л;184 л.с., налог;АКПП;задний;седан;черный;241 620 км;левый;5 поколение;;;;
Mercedes-Benz;E-Class;2018;2500000;https://auto.drom.ru/moscow/mercedes-benz/e-class/52572171.html;Характеристики совпадают с ПТС;1 запись о регистрации;Не числится в розыске;Ограничений не обнаружено;Москве;бензин, 2.0 л;184 л.с., налог;АКПП;задний;седан;черный;220 776 км;левый;5 поколение;;;;
Mercedes-Benz;E-Class;2018;2500000;https://auto.drom.ru/moscow/mercedes-benz/e-class/52572172.html;Характеристики совпадают с ПТС;1 запись о регистрации;Не числится в розыске;Ограничений не обнаружено;Москве;бензин, 2.0 л;184 л.с., налог;АКПП;задний;седан;черный;225 304 км;левый;5 поколение;;;;
Mercedes-Benz;E-Class;2018;2500000;https://auto.drom.ru/moscow/mercedes-benz/e-class/52572173.html;Характеристики совпадают с ПТС;1 запись о регистрации;Не числится в розыске;Ограничений не обнаружено;Москве;бензин, 2.0 л;184 л.с., налог;АКПП;задний;седан;черный;228 822 км;левый;5 поколение;;;;
Mercedes-Benz;E-Class;2018;2500000;https://auto.drom.ru/moscow/mercedes-benz/e-class/52572174.html;Характеристики совпадают с ПТС;1 запись о регистрации;Не числится в розыске;Ограничений не обнаружено;Москве;бензин, 2.0 л;184 л.с., налог;АКПП;задний;седан;черный;232 440 км;левый;5 поколение;;;;
Mercedes-Benz;E-Class;2018;3000000;https://auto.drom.ru/moscow/mercedes-benz/e-class/52572175.html;Характеристики совпадают с ПТС;1 запись о регистрации;Не числится в розыске;Ограничений не обнаружено;Москве;бензин, 2.0 л;184 л.с., налог;АКПП;задний;седан;черный;250 520 км;левый;5 поколение;;;;
Mercedes-Benz;E-Class;2018;2650000;https://auto.drom.ru/moscow/mercedes-benz/e-class/52572176.html;Характеристики совпадают с ПТС;1 запись о регистрации;Не числится в розыске;Ограничений не обнаружено;Москве;бензин, 2.0 л;184 л.с., налог;АКПП;задний;седан;черный;174 887 км;левый;5 поколение;;;;
Mercedes-Benz;E-Class;2018;2500000;https://auto.drom.ru/moscow/mercedes-benz/e-class/52572177.html;Характеристики совпадают с ПТС;1 запись о регистрации;Не числится в розыске;Ограничений не обнаружено;Москве;бензин, 2.0 л;184 л.с., налог;АКПП;задний;седан;черный;220 147 км;левый;5 поколение;;;;
Mercedes-Benz;E-Class;2018;2500000;https://auto.drom.ru/moscow/mercedes-benz/e-class/52132728.html;Характеристики совпадают с ПТС;1 запись о регистрации;Не числится в розыске;Ограничений не обнаружено;Москве;бензин, 2.0 л;184 л.с., налог;АКПП;задний;седан;черный;212 074 км;левый;5 поколение;;;;
Mercedes-Benz;E-Class;2018;2550000;https://auto.drom.ru/moscow/mercedes-benz/e-class/52132744.html;Характеристики совпадают с ПТС;1 запись о регистрации;Не числится в розыске;Ограничений не обнаружено;Москве;бензин, 2.0 л;184 л.с., налог;АКПП;задний;седан;черный;220 409 км;левый;5 поколение;;;;
Mercedes-Benz;E-Class;2018;2500000;https://auto.drom.ru/moscow/mercedes-benz/e-class/52132745.html;Характеристики совпадают с ПТС;1 запись о регистрации;Не числится в розыске;Ограничений не обнаружено;Москве;бензин, 2.0 л;184 л.с., налог;АКПП;задний;седан;черный;222 541 км;левый;5 поколение;;;;
Mercedes-Benz;C-Class;2018;2190000;https://auto.drom.ru/smolensk/mercedes-benz/c-class/54054887.html;Мощность двигателя не совпадает с ПТС;2 записи о регистрации;Не числится в розыске;Ограничений не обнаружено;Смоленске;дизель, 2.1 л;136 л.с., налог;АКПП;задний;универсал;черный;102 000 км, без пробега по РФ;левый;4 поколение;C 200 d AT;;;
Mercedes-Benz;CLS-Class;2018;5900000;https://auto.drom.ru/spb/mercedes-benz/cls-class/320240351.html;Характеристики совпадают с ПТС;5 записей о регистрации;Не числится в розыске;Ограничений не обнаружено;Санкт-Петербурге;дизель, 2.9 л;340 л.с., налог;АКПП;4WD;седан;черный;70 347 км;левый;3 поколение;CLS 400 d 4MATIC Sport;;;
Mercedes-Benz;GLA-Class;2018;2545000;https://auto.drom.ru/moscow/mercedes-benz/gla-class/284820057.html;Характеристики совпадают с ПТС;1 запись о регистрации;Не числится в розыске;Ограничений не обнаружено;Москве;бензин, 1.6 л;150 л.с., налог;робот;передний;;черный;95 000 км;левый;1 поколение, рестайлинг;GLA 200 Особая серия;;;
Mercedes-Benz;GLC;2018;3350000;https://auto.drom.ru/moscow/mercedes-benz/glc-class/225397147.html;Характеристики совпадают с ПТС;1 запись о регистрации;Не числится в розыске;Ограничений не обнаружено;Москве;дизель, 2.1 л;204 л.с., налог;АКПП;4WD;;синий;109 271 км;левый;1 поколение;;;;
Mercedes-Benz;C-Class;2018;4690000;https://auto.drom.ru/spb/mercedes-benz/c-class/277933288.html;Характеристики совпадают с ПТС;3 записи о регистрации;Не числится в розыске;Ограничений не обнаружено;Санкт-Петербурге;бензин, 3.0 л;390 л.с., налог;АКПП;4WD;седан;красный;63 000 км;левый;4 поколение, рестайлинг;AMG C 43 4MATIC;;;
Mercedes-Benz;GLC;2018;3898000;https://auto.drom.ru/moscow/mercedes-benz/glc-class/53007678.html;Характеристики совпадают с ПТС;2 записи о регистрации;Не числится в розыске;Ограничений не обнаружено;Москве;дизель, 2.1 л;204 л.с., налог;АКПП;4WD;;серый;89 000 км;левый;1 поколение;;;;
Mercedes-Benz;GLC;2018;3798000;https://auto.drom.ru/moscow/mercedes-benz/glc-class/52117698.html;Характеристики совпадают с ПТС;1 запись о регистрации;Не числится в розыске;Ограничений не обнаружено;Москве;бензин, 2.0 л;245 л.с., налог;АКПП;4WD;;синий;69 253 км;левый;1 поколение;;;;
Mercedes-Benz;E-Class;2018;4999000;https://auto.drom.ru/moscow/mercedes-benz/e-class/143681149.html;Характеристики совпадают с ПТС;2 записи о регистрации;Не числится в розыске;Ограничений не обнаружено;Москве;бензин, 2.0 л;184 л.с., налог;АКПП;4WD;купе;синий;48 732 км;левый;5 поколение;;;;
Mercedes-Benz;S-Class;2018;7600000;https://auto.drom.ru/moscow/mercedes-benz/s-class/53450876.html;;;;;Москве;бензин, 3.0 л;367 л.с., налог;АКПП;4WD;седан;белый;27 960 км;левый;6 поколение;;;;
Mercedes-Benz;C-Class;2018;2650000;https://auto.drom.ru/spb/mercedes-benz/c-class/53450549.html;Характеристики совпадают с ПТС;1 запись о регистрации;Не числится в розыске;Ограничений не обнаружено;Санкт-Петербурге;дизель, 2.0 л;194 л.с., налог;автомат;4WD;универсал;серый;120 000 км;левый;;;;;
Mercedes-Benz;E-Class;2018;7400000;https://auto.drom.ru/moscow/mercedes-benz/e-class/53450440.html;Характеристики совпадают с ПТС;3 записи о регистрации;Не числится в розыске;Ограничений не обнаружено;Москве;бензин, 4.0 л;612 л.с., налог;робот;4WD;седан;серый;99 999 км;левый;5 поколение;;;;
Mercedes-Benz;E-Class;2018;2500000;https://auto.drom.ru/moscow/mercedes-benz/e-class/52569956.html;Характеристики совпадают с ПТС;1 запись о регистрации;Не числится в розыске;Ограничений не обнаружено;Москве;бензин, 2.0 л;184 л.с., налог;АКПП;задний;седан;черный;219 409 км;левый;5 поколение;;;;
Mercedes-Benz;E-Class;2018;2310000;https://auto.drom.ru/moscow/mercedes-benz/e-class/52123883.html;Характеристики совпадают с ПТС;1 запись о регистрации;Не числится в розыске;Ограничений не обнаружено;Москве;бензин, 2.0 л;184 л.с., налог;АКПП;задний;седан;черный;213 928 км;левый;5 поколение;;;;
Mercedes-Benz;E-Class;2018;3000000;https://auto.drom.ru/moscow/mercedes-benz/e-class/52123889.html;Характеристики совпадают с ПТС;1 запись о регистрации;Не числится в розыске;Ограничений не обнаружено;Москве;бензин, 2.0 л;184 л.с., налог;АКПП;задний;седан;черный;176 612 км;левый;5 поколение;;;;
Mercedes-Benz;V-Class;2018;3490000;https://auto.drom.ru/domodedovo/mercedes-benz/v-class/51331588.html;Характеристики совпадают с ПТС;2 записи о регистрации;Не числится в розыске;Есть ограничения;Домодедово;дизель, 2.1 л;136 л.с., налог;АКПП;задний;;белый;270 000 км;левый;3 поколение;200 d AT Avantgarde Длинный;;;
Mercedes-Benz;GLA-Class;2018;2123935;https://auto.drom.ru/minsk/mercedes-benz/gla-class/54096764.html;;;;;Минске;бензин, 1.6 л;150 л.с., налог;робот;передний;;серый;128 000 км;левый;1 поколение, рестайлинг;GLA 200 Особая серия;;;
Mercedes-Benz;S-Class;2018;5340000;https://auto.drom.ru/moscow/mercedes-benz/s-class/845892822.html;Характеристики совпадают с ПТС;2 записи о регистрации;Не числится в розыске;Ограничений не обнаружено;Москве;дизель, 2.9 л;249 л.с., налог;АКПП;4WD;седан;черный;224 400 км;левый;6 поколение, рестайлинг;S 350 d 4MATIC L;;;
Mercedes-Benz;C-Class;2018;2841240;https://auto.drom.ru/spb/mercedes-benz/c-class/629912731.html;Характеристики совпадают с ПТС;3 записи о регистрации;Не числится в розыске;Ограничений не обнаружено;Санкт-Петербурге;бензин, 1.6 л;150 л.с., налог;АКПП;задний;седан;белый;94 836 км;левый;4 поколение;;;;
Mercedes-Benz;GLC Coupe;2018;4141853;https://auto.drom.ru/minsk/mercedes-benz/glc_coupe/52550991.html;;;;;Минске;дизель, 2.1 л;204 л.с., налог;АКПП;4WD;;;103 000 км;левый;1 поколение;;;;
Mercedes-Benz;V-Class;2018;5890000;https://auto.drom.ru/moscow/mercedes-benz/v-class/53810008.html;Характеристики совпадают с ПТС;1 запись о регистрации;Не числится в розыске;Ограничений не обнаружено;Москве;дизель, 2.1 л;190 л.с., налог;АКПП;4WD;;черный;102 256 км;левый;3 поколение;;;;
Mercedes-Benz;GLS-Class;2018;6204000;https://auto.drom.ru/moscow/mercedes-benz/gls-class/489824519.html;Характеристики совпадают с ПТС;3 записи о регистрации;Не числится в розыске;Ограничений не обнаружено;Москве;дизель, 3.0 л;249 л.с., налог;АКПП;4WD;;черный;87 344 км;левый;1 поколение;350 d 4MATIC Особая серия;;;
Mercedes-Benz;A-Class;2018;2465000;https://auto.drom.ru/moscow/mercedes-benz/a-class/54090051.html;Характеристики совпадают с ПТС;3 записи о регистрации;Не числится в розыске;Ограничений не обнаружено;Москве;бензин, 1.3 л;150 л.с., налог;робот;передний;хэтчбек 5 дв.;красный;47 800 км;левый;4 поколение;;;;
Mercedes-Benz;GLE;2018;6280000;https://auto.drom.ru/moscow/mercedes-benz/gle-class/674215734.html;Характеристики совпадают с ПТС;3 записи о регистрации;Не числится в розыске;Ограничений не обнаружено;Москве;бензин, 3.0 л;333 л.с., налог;АКПП;4WD;;синий;76 502 км;левый;1 поколение;;;;
Mercedes-Benz;GLE;2018;4850000;https://auto.drom.ru/moscow/mercedes-benz/gle-class/53811347.html;Характеристики совпадают с ПТС;3 записи о регистрации;Не числится в розыске;Ограничений не обнаружено;Москве;дизель, 3.0 л;249 л.с., налог;АКПП;4WD;;черный;88 165 км;левый;1 поколение;;;;
Mercedes-Benz;GLC;2018;3100000;https://auto.drom.ru/moscow/mercedes-benz/glc-class/53432667.html;Характеристики совпадают с ПТС;1 запись о регистрации;Не числится в розыске;Ограничений не обнаружено;Москве;дизель, 2.1 л;170 л.с., налог;АКПП;4WD;;черный;161 732 км;левый;1 поколение;;;;
Mercedes-Benz;E-Class;2018;2500000;https://auto.drom.ru/moscow/mercedes-benz/e-class/53424686.html;Характеристики совпадают с ПТС;1 запись о регистрации;Не числится в розыске;Ограничений не обнаружено;Москве;бензин, 2.0 л;184 л.с., налог;АКПП;задний;седан;черный;222 432 км;левый;5 поколение;;;;
Mercedes-Benz;V-Class;2018;5050000;https://auto.drom.ru/kazan/mercedes-benz/v-class/51789051.html;Характеристики совпадают с ПТС;3 записи о регистрации;Не числится в розыске;Ограничений не обнаружено;Казани;дизель, 2.1 л;190 л.с., налог;АКПП;4WD;;черный;102 000 км;левый;3 поколение;;;;
Mercedes-Benz;GLS-Class;2018;5659000;https://auto.drom.ru/moscow/mercedes-benz/gls-class/570589069.html;Характеристики совпадают с ПТС;4 записи о регистрации;Не числится в розыске;Ограничений не обнаружено;Москве;бензин, 3.0 л;333 л.с., налог;АКПП;4WD;;синий;97 810 км;левый;1 поколение;400 4MATIC Особая серия;;;
Mercedes-Benz;GLA-Class;2018;2401680;https://auto.drom.ru/kazan/mercedes-benz/gla-class/110047604.html;Цвет не совпадает с ПТС;2 записи о регистрации;Не числится в розыске;Ограничений не обнаружено;Казани;бензин;;автомат;;;бежевый;75 124 км;левый;1 поколение, рестайлинг;;;;
Mercedes-Benz;GLA-Class;2018;2749000;https://auto.drom.ru/spb/mercedes-benz/gla-class/788056047.html;Характеристики совпадают с ПТС;1 запись о регистрации;Не числится в розыске;Ограничений не обнаружено;Санкт-Петербурге;бензин, 1.6 л;150 л.с., налог;робот;передний;;красный;35 000 км;левый;1 поколение, рестайлинг;GLA 200 Особая серия;;;
Mercedes-Benz;GLC;2018;3310000;https://auto.drom.ru/spb/mercedes-benz/glc-class/640780816.html;Характеристики совпадают с ПТС;1 запись о регистрации;Не числится в розыске;Ограничений не обнаружено;Санкт-Петербурге;бензин, 2.0 л;245 л.с., налог;АКПП;4WD;;белый;79 330 км;левый;1 поколение;;;;
Mercedes-Benz;B-Class;2018;2357000;https://auto.drom.ru/moscow/mercedes-benz/b-class/849247909.html;Характеристики совпадают с ПТС;3 записи о регистрации;Не числится в розыске;Ограничений не обнаружено;Москве;бензин, 1.3 л;150 л.с., налог;автомат;передний;;серебристый;93 003 км;левый;3 поколение;;;;
Mercedes-Benz;C-Class;2018;7900000;https://auto.drom.ru/spb/mercedes-benz/c-class/913070558.html;Характеристики совпадают с ПТС;1 запись о регистрации;Не числится в розыске;Ограничений не обнаружено;Санкт-Петербурге;бензин, 4.0 л;476 л.с., налог;робот;4WD;открытый;серый;42 000 км;левый;4 поколение, рестайлинг;AMG C 63 4MATIC;;;
Mercedes-Benz;V-Class;2018;4670000;https://auto.drom.ru/moscow/mercedes-benz/v-class/54087830.html;Характеристики совпадают с ПТС;2 записи о регистрации;Не числится в розыске;Ограничений не обнаружено;Москве;дизель, 2.1 л;163 л.с., налог;АКПП;4WD;;черный;151 174 км;левый;3 поколение;;;;
Mercedes-Benz;E-Class;2018;3300000;https://auto.drom.ru/moscow/mercedes-benz/e-class/54085229.html;Характеристики совпадают с ПТС;3 записи о регистрации;Не числится в розыске;Ограничений не обнаружено;Москве;дизель, 2.0 л;194 л.с., налог;АКПП;4WD;седан;черный;280 000 км;левый;5 поколение;E 220 d 4MATIC Sport;;;
Mercedes-Benz;E-Class;2018;8099000;https://auto.drom.ru/spb/mercedes-benz/e-class/53800153.html;Характеристики совпадают с ПТС;1 запись о регистрации;Не числится в розыске;Ограничений не обнаружено;Санкт-Петербурге;бензин, 4.0 л;612 л.с., налог;робот;4WD;седан;черный;60 000 км;левый;5 поколение;;;;
Mercedes-Benz;GLC;2018;3649000;https://auto.drom.ru/moscow/mercedes-benz/glc-class/53416680.html;Характеристики совпадают с ПТС;1 запись о регистрации;Не числится в розыске;Ограничений не обнаружено;Москве;дизель, 2.1 л;170 л.с., налог;АКПП;4WD;;белый;69 540 км;левый;1 поколение;;;;
Mercedes-Benz;GLC;2018;3449000;https://auto.drom.ru/kazan/mercedes-benz/glc-class/50502205.html;Характеристики совпадают с ПТС;2 записи о регистрации;Не числится в розыске;Ограничений не обнаружено;Казани;бензин, 2.0 л;211 л.с., налог;АКПП;4WD;;белый;46 746 км;левый;1 поколение;;;;
Mercedes-Benz;A-Class;2018;2400000;https://auto.drom.ru/moscow/mercedes-benz/a-class/612331256.html;Характеристики совпадают с ПТС;3 записи о регистрации;Не числится в розыске;Ограничений не обнаружено;Москве;бензин, 1.3 л;150 л.с., налог;робот;передний;хэтчбек 5 дв.;красный;66 888 км;левый;4 поколение;;;;
Mercedes-Benz;E-Class;2018;3550000;https://auto.drom.ru/moscow/mercedes-benz/e-class/53390541.html;Характеристики совпадают с ПТС;3 записи о регистрации;Не числится в розыске;Ограничений не обнаружено;Москве;бензин, 2.0 л;184 л.с., налог;АКПП;задний;седан;черный;105 797 км;левый;5 поколение;;;;
Mercedes-Benz;GLC;2018;3460000;https://auto.drom.ru/moscow/mercedes-benz/glc-class/471721376.html;Характеристики совпадают с ПТС;1 запись о регистрации;Не числится в розыске;Ограничений не обнаружено;Москве;дизель, 2.1 л;170 л.с., налог;АКПП;4WD;;синий;98 000 км;левый;1 поколение;;;;
Mercedes-Benz;GLE;2018;7950000;https://auto.drom.ru/spb/mercedes-benz/gle-class/265979877.html;Характеристики совпадают с ПТС;1 запись о регистрации;Не числится в розыске;Ограничений не обнаружено;Санкт-Петербурге;бензин, 3.0 л, гибрид;367 л.с., налог;АКПП;4WD;;черный;77 642 км;левый;2 поколение;GLE 450 4MATIC Sport Plus;;;
Mercedes-Benz;GLE;2018;4499000;https://auto.drom.ru/moscow/mercedes-benz/gle-class/54068593.html;Характеристики совпадают с ПТС;3 записи о регистрации;Не числится в розыске;Ограничений не обнаружено;Москве;дизель, 3.0 л;249 л.с., налог;АКПП;4WD;;синий;120 914 км;левый;1 поколение;;;;
Mercedes-Benz;GLS-Class;2018;4590000;https://auto.drom.ru/moscow/mercedes-benz/gls-class/53406982.html;Характеристики совпадают с ПТС;3 записи о регистрации;Не числится в розыске;Ограничений не обнаружено;Москве;дизель, 3.0 л;249 л.с., налог;АКПП;4WD;;синий;194 394 км;левый;1 поколение;350 d 4MATIC Особая серия;;;
Mercedes-Benz;E-Class;2018;2500000;https://auto.drom.ru/moscow/mercedes-benz/e-class/53406851.html;Характеристики совпадают с ПТС;1 запись о регистрации;Не числится в розыске;Ограничений не обнаружено;Москве;бензин, 2.0 л;184 л.с., налог;АКПП;задний;седан;черный;208 839 км;левый;5 поколение;;;;
Mercedes-Benz;E-Class;2018;2500000;https://auto.drom.ru/moscow/mercedes-benz/e-class/53406853.html;Характеристики совпадают с ПТС;1 запись о регистрации;Не числится в розыске;Ограничений не обнаружено;Москве;бензин, 2.0 л;184 л.с., налог;АКПП;задний;седан;черный;231 016 км;левый;5 поколение;;;;
Mercedes-Benz;GLC;2018;3250000;https://auto.drom.ru/voronezh/mercedes-benz/glc-class/53400576.html;Характеристики совпадают с ПТС;4 записи о регистрации;Не числится в розыске;Ограничений не обнаружено;Воронеже;бензин, 2.0 л;211 л.с., налог;АКПП;4WD;;белый;68 670 км;левый;1 поколение;GLC 250 4MATIC "Особая серия";;;
Mercedes-Benz;GLC;2018;2990000;https://auto.drom.ru/moscow/mercedes-benz/glc-class/52963801.html;Характеристики совпадают с ПТС;4 записи о регистрации;Не числится в розыске;Ограничений не обнаружено;Москве;дизель, 2.1 л;204 л.с., налог;АКПП;4WD;;черный;101 760 км;левый;1 поколение;;;;
Mercedes-Benz;GLC;2018;3310000;https://auto.drom.ru/cheboksary/mercedes-benz/glc-class/52526722.html;Характеристики совпадают с ПТС;1 запись о регистрации;Не числится в розыске;Ограничений не обнаружено;Чебоксарах;бензин, 2.0 л, гибрид;211 л.с., налог;АКПП;4WD;;серый;97 304 км;левый;1 поколение;;;;
Mercedes-Benz;E-Class;2018;3800000;https://auto.drom.ru/novogrudok/mercedes-benz/e-class/52258061.html;;;;;Новогрудке;дизель, 2.9 л;340 л.с., налог;АКПП;4WD;универсал;черный;250 000 км;левый;5 поколение;E 400 d 4MATIC All-Terrain Luxury;;;
Mercedes-Benz;GLE;2018;4699000;https://auto.drom.ru/moscow/mercedes-benz/gle-class/489757266.html;Характеристики совпадают с ПТС;1 запись о регистрации;Не числится в розыске;Ограничений не обнаружено;Москве;бензин, 3.0 л;333 л.с., налог;АКПП;4WD;;коричневый;90 912 км;левый;1 поколение;;;;
Mercedes-Benz;GLC;2018;3499000;https://auto.drom.ru/moscow/mercedes-benz/glc-class/507477723.html;Характеристики совпадают с ПТС;2 записи о регистрации;Не числится в розыске;Ограничений не обнаружено;Москве;дизель, 2.1 л;204 л.с., налог;АКПП;4WD;;серебристый;109 000 км;левый;1 поколение;;;;
Mercedes-Benz;CLA-Class;2018;2350000;https://auto.drom.ru/spb/mercedes-benz/cla-class/948959400.html;Характеристики совпадают с ПТС;2 записи о регистрации;Не числится в розыске;Ограничений не обнаружено;Санкт-Петербурге;бензин, 2.0 л;211 л.с., налог;робот;4WD;седан;черный;78 300 км;левый;1 поколение, рестайлинг;CLA 250 4MATIC DCT;;;
Mercedes-Benz;GLA-Class;2018;2639000;https://auto.drom.ru/spb/mercedes-benz/gla-class/757188891.html;Характеристики совпадают с ПТС;2 записи о регистрации;Не числится в розыске;Ограничений не обнаружено;Санкт-Петербурге;бензин, 1.6 л;156 л.с., налог;робот;передний;;черный;92 000 км;левый;1 поколение, рестайлинг;;;;
Mercedes-Benz;GLE Coupe;2018;6299000;https://auto.drom.ru/moscow/mercedes-benz/gle_coupe/635015521.html;Характеристики совпадают с ПТС;1 запись о регистрации;Не числится в розыске;Ограничений не обнаружено;Москве;бензин, 3.0 л;390 л.с., налог;АКПП;4WD;;черный;147 736 км;левый;1 поколение;;;;
Mercedes-Benz;A-Class;2018;2780000;https://auto.drom.ru/moscow/mercedes-benz/a-class/359336236.html;Характеристики совпадают с ПТС;3 записи о регистрации;Не числится в розыске;Ограничений не обнаружено;Москве;бензин, 1.3 л;150 л.с., налог;робот;передний;хэтчбек 5 дв.;серый;67 250 км;левый;4 поколение;A 200 DCT Sport;;;
Mercedes-Benz;V-Class;2018;5090000;https://auto.drom.ru/moscow/mercedes-benz/v-class/463868055.html;Характеристики совпадают с ПТС;9 записей о регистрации;Не числится в розыске;Ограничений не обнаружено;Москве;дизель, 2.1 л;190 л.с., налог;АКПП;4WD;;черный;180 000 км;левый;3 поколение;;;;
Mercedes-Benz;V-Class;2018;5536322;https://auto.drom.ru/minsk/mercedes-benz/v-class/53773649.html;;;;;Минске;дизель, 2.1 л;190 л.с., налог;АКПП;4WD;;черный;115 000 км;левый;3 поколение;;;;
Mercedes-Benz;C-Class;2018;1800000;https://auto.drom.ru/minsk/mercedes-benz/c-class/52733076.html;;;;;Минске;дизель, 1.6 л;122 л.с., налог;автомат;задний;универсал;синий;125 000 км, без пробега по РФ;левый;4 поколение, рестайлинг;;;;
Mercedes-Benz;E-Class;2018;3849000;https://auto.drom.ru/moscow/mercedes-benz/e-class/160646566.html;Характеристики совпадают с ПТС;1 запись о регистрации;Не числится в розыске;Ограничений не обнаружено;Москве;дизель, 2.0 л;194 л.с., налог;АКПП;4WD;седан;синий;90 427 км;левый;5 поколение;;;;
Mercedes-Benz;E-Class;2018;3190000;https://auto.drom.ru/cheboksary/mercedes-benz/e-class/163115800.html;Характеристики совпадают с ПТС;4 записи о регистрации;Не числится в розыске;Ограничений не обнаружено;Чебоксарах;бензин, 2.0 л;184 л.с., налог;АКПП;задний;седан;черный;;левый;5 поколение;;;;
Mercedes-Benz;GLC Coupe;2018;5350000;https://auto.drom.ru/moscow/mercedes-benz/glc_coupe/54065930.html;Характеристики совпадают с ПТС;7 записей о регистрации;Не числится в розыске;Ограничений не обнаружено;Москве;бензин, 4.0 л;510 л.с., налог;АКПП;4WD;;черный;46 000 км;левый;1 поколение;AMG GLC 63 S 4MATIC+ "Особая серия";;;
Mercedes-Benz;C-Class;2018;2887000;https://auto.drom.ru/moscow/mercedes-benz/c-class/54057209.html;Характеристики совпадают с ПТС;3 записи о регистрации;Не числится в розыске;Ограничений не обнаружено;Москве;бензин, 1.5 л;184 л.с., налог;АКПП;4WD;седан;черный;123 051 км;левый;4 поколение, рестайлинг;;;;
Mercedes-Benz;E-Class;2018;4150000;https://auto.drom.ru/moscow/mercedes-benz/e-class/53384508.html;Характеристики совпадают с ПТС;5 записей о регистрации;Не числится в розыске;Ограничений не обнаружено;Москве;бензин, 2.0 л;184 л.с., налог;АКПП;4WD;купе;черный;86 301 км;левый;5 поколение;;;;
Mercedes-Benz;E-Class;2018;2300000;https://auto.drom.ru/moscow/mercedes-benz/e-class/52957530.html;Характеристики совпадают с ПТС;1 запись о регистрации;Не числится в розыске;Ограничений не обнаружено;Москве;бензин, 2.0 л;184 л.с., налог;АКПП;задний;седан;черный;251 930 км;левый;5 поколение;;;;
Mercedes-Benz;E-Class;2018;2530000;https://auto.drom.ru/moscow/mercedes-benz/e-class/341071156.html;Характеристики совпадают с ПТС;4 записи о регистрации;Не числится в розыске;Ограничений не обнаружено;Москве;бензин, 2.0 л;197 л.с., налог;автомат;задний;седан;черный;371 000 км;левый;5 поколение;;;;
Mercedes-Benz;S-Class;2018;7997500;https://auto.drom.ru/moscow/mercedes-benz/s-class/166254469.html;Характеристики совпадают с ПТС;1 запись о регистрации;Не числится в розыске;Ограничений не обнаружено;Москве;бензин, 3.0 л;367 л.с., налог;АКПП;4WD;седан;черный;123 996 км;левый;6 поколение;;;;
Mercedes-Benz;S-Class;2018;6288000;https://auto.drom.ru/moscow/mercedes-benz/s-class/672871375.html;Характеристики совпадают с ПТС;1 запись о регистрации;Не числится в розыске;Ограничений не обнаружено;Москве;дизель, 2.9 л;249 л.с., налог;АКПП;4WD;седан;черный;117 471 км;левый;6 поколение, рестайлинг;S 350 d 4MATIC L;;;
Mercedes-Benz;C-Class;2018;2750000;https://auto.drom.ru/zhukovskiy/mercedes-benz/c-class/50761970.html;Характеристики совпадают с ПТС;1 запись о регистрации;Не числится в розыске;Ограничений не обнаружено;Жуковском;дизель, 1.6 л;122 л.с., налог;автомат;задний;универсал;серый;147 000 км;левый;4 поколение, рестайлинг;;;;
Mercedes-Benz;GLC;2018;3498000;https://auto.drom.ru/moscow/mercedes-benz/glc-class/479769006.html;Характеристики совпадают с ПТС;3 записи о регистрации;Не числится в розыске;Ограничений не обнаружено;Москве;бензин, 2.0 л;211 л.с., налог;АКПП;4WD;;белый;106 387 км;левый;1 поколение;;;;
Mercedes-Benz;E-Class;2018;4445000;https://auto.drom.ru/moscow/mercedes-benz/e-class/54048711.html;Характеристики совпадают с ПТС;4 записи о регистрации;Не числится в розыске;Ограничений не обнаружено;Москве;бензин, 2.0 л;184 л.с., налог;АКПП;4WD;купе;синий;67 956 км;левый;5 поколение;;;;
Mercedes-Benz;GLE;2018;5900000;https://auto.drom.ru/moscow/mercedes-benz/gle-class/53373541.html;Характеристики совпадают с ПТС;1 запись о регистрации;Не числится в розыске;Ограничений не обнаружено;Москве;дизель, 3.0 л;249 л.с., налог;АКПП;4WD;;черный;92 196 км;левый;1 поколение;;;;
Mercedes-Benz;GLS-Class;2018;6300000;https://auto.drom.ru/moscow/mercedes-benz/gls-class/678607393.html;Характеристики совпадают с ПТС;1 запись о регистрации;Не числится в розыске;Ограничений не обнаружено;Москве;дизель, 3.0 л;249 л.с., налог;АКПП;4WD;;белый;55 430 км;левый;1 поколение;350 d 4MATIC Особая серия;;;
Mercedes-Benz;V-Class;2018;3680000;https://auto.drom.ru/moscow/mercedes-benz/v-class/51262055.html;Электронный ПТС выдан;;Не числится в розыске;Ограничений не обнаружено;Москве;дизель, 2.1 л;136 л.с., налог;АКПП;задний;;белый;78 917 км, без пробега по РФ;левый;3 поколение;;;;
Mercedes-Benz;V-Class;2018;5849000;https://auto.drom.ru/spb/mercedes-benz/v-class/650001980.html;Характеристики совпадают с ПТС;1 запись о регистрации;Не числится в розыске;Ограничений не обнаружено;Санкт-Петербурге;дизель, 2.1 л;190 л.с., налог;АКПП;4WD;;черный;91 000 км;левый;3 поколение;;;;
Mercedes-Benz;GLA-Class;2018;1975000;https://auto.drom.ru/spb/mercedes-benz/gla-class/838602906.html;Характеристики совпадают с ПТС;2 записи о регистрации;Не числится в розыске;Ограничений не обнаружено;Санкт-Петербурге;бензин, 1.6 л;150 л.с., налог;робот;передний;;синий;160 000 км;левый;1 поколение, рестайлинг;GLA 200 Особая серия;;;
Mercedes-Benz;G-Class;2018;18500000;https://auto.drom.ru/spb/mercedes-benz/g-class/409689827.html;Характеристики совпадают с ПТС;3 записи о регистрации;Не числится в розыске;Ограничений не обнаружено;Санкт-Петербурге;бензин, 4.0 л;585 л.с., налог;автомат;4WD;джип/suv 5 дв.;черный;146 875 км;левый;3 поколение;;;;
Mercedes-Benz;GLC Coupe;2018;4014000;https://auto.drom.ru/moscow/mercedes-benz/glc_coupe/456343719.html;Характеристики совпадают с ПТС;2 записи о регистрации;Не числится в розыске;Ограничений не обнаружено;Москве;дизель, 2.1 л;204 л.с., налог;АКПП;4WD;;синий;127 380 км;левый;1 поколение;;;;
Mercedes-Benz;V-Class;2018;6500000;https://auto.drom.ru/moscow/mercedes-benz/v-class/54042658.html;Характеристики совпадают с ПТС;2 записи о регистрации;Не числится в розыске;Ограничений не обнаружено;Москве;дизель, 2.1 л;163 л.с., налог;АКПП;4WD;;черный;74 173 км;левый;3 поколение;;;;
Mercedes-Benz;E-Class;2018;4095000;https://auto.drom.ru/moscow/mercedes-benz/e-class/53748274.html;Характеристики совпадают с ПТС;2 записи о регистрации;Не числится в розыске;Ограничений не обнаружено;Москве;дизель, 2.0 л;194 л.с., налог;АКПП;задний;купе;черный;87 860 км;левый;5 поколение;;;;
Mercedes-Benz;C-Class;2018;6500000;https://auto.drom.ru/moscow/mercedes-benz/c-class/53369047.html;Характеристики совпадают с ПТС;1 запись о регистрации;Не числится в розыске;Ограничений не обнаружено;Москве;бензин, 3.0 л;390 л.с., налог;АКПП;4WD;купе;белый;21 965 км;левый;4 поколение, рестайлинг;AMG C 43 4MATIC;;;
Mercedes-Benz;GLE Coupe;2018;4769000;https://auto.drom.ru/spb/mercedes-benz/gle_coupe/52485167.html;Характеристики совпадают с ПТС;1 запись о регистрации;Не числится в розыске;Ограничений не обнаружено;Санкт-Петербурге;дизель, 3.0 л;258 л.с., налог;АКПП;4WD;;серый;110 000 км;левый;1 поколение;GLE 350d 4MATIC;;;
Mercedes-Benz;CLS-Class;2018;3670000;https://auto.drom.ru/minsk/mercedes-benz/cls-class/50315048.html;;;;;Минске;дизель, 2.0 л;249 л.с., налог;автомат;задний;седан;серебристый;83 700 км;левый;3 поколение;;;;
Mercedes-Benz;C-Class;2018;2365981;https://auto.drom.ru/minsk/mercedes-benz/c-class/843647433.html;;;;;Минске;дизель, 2.1 л;170 л.с., налог;АКПП;задний;универсал;серебристый;214 000 км;левый;4 поколение;C 220 d AT Avantgarde;;;
Mercedes-Benz;C-Class;2018;2800000;https://auto.drom.ru/spb/mercedes-benz/c-class/54032698.html;Характеристики совпадают с ПТС;1 запись о регистрации;Не числится в розыске;Ограничений не обнаружено;Санкт-Петербурге;бензин, 1.6 л;150 л.с., налог;АКПП;задний;седан;синий;174 000 км;левый;4 поколение;;;;
Mercedes-Benz;CLS-Class;2018;4445000;https://auto.drom.ru/moscow/mercedes-benz/cls-class/54024280.html;Характеристики совпадают с ПТС;3 записи о регистрации;Не числится в розыске;Ограничений не обнаружено;Москве;дизель, 2.9 л;249 л.с., налог;АКПП;4WD;седан;черный;141 443 км;левый;3 поколение;;;;
Mercedes-Benz;E-Class;2018;3000000;https://auto.drom.ru/moscow/mercedes-benz/e-class/52472982.html;Характеристики совпадают с ПТС;1 запись о регистрации;Не числится в розыске;Ограничений не обнаружено;Москве;бензин, 2.0 л;184 л.с., налог;АКПП;задний;седан;черный;214 946 км;левый;5 поколение;;;;
Mercedes-Benz;S-Class;2018;8650000;https://auto.drom.ru/moscow/mercedes-benz/s-class/53738598.html;Характеристики совпадают с ПТС;2 записи о регистрации;Не числится в розыске;Ограничений не обнаружено;Москве;бензин, 4.0 л;469 л.с., налог;АКПП;4WD;седан;серый;84 778 км;левый;6 поколение;;;;
Mercedes-Benz;E-Class;2018;2500000;https://auto.drom.ru/moscow/mercedes-benz/e-class/53342887.html;Характеристики совпадают с ПТС;1 запись о регистрации;Не числится в розыске;Ограничений не обнаружено;Москве;бензин, 2.0 л;184 л.с., налог;АКПП;задний;седан;черный;226 261 км;левый;5 поколение;;;;
Mercedes-Benz;E-Class;2018;2500000;https://auto.drom.ru/moscow/mercedes-benz/e-class/53342889.html;Характеристики совпадают с ПТС;1 запись о регистрации;Не числится в розыске;Ограничений не обнаружено;Москве;бензин, 2.0 л;184 л.с., налог;АКПП;задний;седан;черный;226 443 км;левый;5 поколение;;;;
Mercedes-Benz;E-Class;2018;2500000;https://auto.drom.ru/moscow/mercedes-benz/e-class/53342890.html;Характеристики совпадают с ПТС;1 запись о регистрации;Не числится в розыске;Ограничений не обнаружено;Москве;бензин, 2.0 л;184 л.с., налог;АКПП;задний;седан;черный;225 150 км;левый;5 поколение;;;;
Mercedes-Benz;E-Class;2018;2500000;https://auto.drom.ru/moscow/mercedes-benz/e-class/53342892.html;Характеристики совпадают с ПТС;1 запись о регистрации;Не числится в розыске;Ограничений не обнаружено;Москве;бензин, 2.0 л;184 л.с., налог;АКПП;задний;седан;черный;240 751 км;левый;5 поколение;;;;
Mercedes-Benz;GLC;2018;3567000;https://auto.drom.ru/spb/mercedes-benz/glc-class/53330651.html;Характеристики совпадают с ПТС;2 записи о регистрации;Не числится в розыске;Ограничений не обнаружено;Санкт-Петербурге;дизель, 2.1 л;170 л.с., налог;АКПП;4WD;;белый;67 600 км;левый;1 поколение;;;;
Mercedes-Benz;E-Class;2018;3000000;https://auto.drom.ru/moscow/mercedes-benz/e-class/52457693.html;Характеристики совпадают с ПТС;1 запись о регистрации;Не числится в розыске;Ограничений не обнаружено;Москве;бензин, 2.0 л;184 л.с., налог;АКПП;задний;седан;черный;167 786 км;левый;5 поколение;;;;
Mercedes-Benz;E-Class;2018;2650000;https://auto.drom.ru/moscow/mercedes-benz/e-class/52457694.html;Характеристики совпадают с ПТС;1 запись о регистрации;Не числится в розыске;Ограничений не обнаружено;Москве;бензин, 2.0 л;184 л.с., налог;АКПП;задний;седан;черный;250 883 км;левый;5 поколение;;;;
Mercedes-Benz;A-Class;2018;2253316;https://auto.drom.ru/minsk/mercedes-benz/a-class/54007919.html;;;;;Минске;дизель, 1.5 л;116 л.с., налог;робот;передний;хэтчбек 5 дв.;белый;120 814 км;левый;4 поколение;;;;
Mercedes-Benz;S-Class;2018;11000000;https://auto.drom.ru/moscow/mercedes-benz/s-class/729677261.html;Характеристики совпадают с ПТС;6 записей о регистрации;Не числится в розыске;Ограничений не обнаружено;Москве;бензин, 4.0 л;469 л.с., налог;АКПП;4WD;седан;черный;127 000 км;левый;6 поколение, рестайлинг;;;;
Mercedes-Benz;GLC;2018;4375000;https://auto.drom.ru/moscow/mercedes-benz/glc-class/866255175.html;Характеристики совпадают с ПТС;1 запись о регистрации;Не числится в розыске;Ограничений не обнаружено;Москве;бензин, 2.0 л;245 л.с., налог;АКПП;4WD;;серый;110 567 км;левый;1 поколение;;;;
Mercedes-Benz;GLC Coupe;2018;4616000;https://auto.drom.ru/moscow/mercedes-benz/glc_coupe/204083473.html;Характеристики совпадают с ПТС;3 записи о регистрации;Не числится в розыске;Ограничений не обнаружено;Москве;бензин, 2.0 л;245 л.с., налог;АКПП;4WD;;белый;29 400 км;левый;1 поколение;;;;
Mercedes-Benz;X-Class;2018;3760000;https://auto.drom.ru/moscow/mercedes-benz/x-class/590085229.html;Характеристики совпадают с ПТС;3 записи о регистрации;Не числится в розыске;Ограничений не обнаружено;Москве;дизель, 2.3 л;190 л.с., налог;АКПП;4WD;;белый;88 650 км;левый;1 поколение;;;;
Mercedes-Benz;C-Class;2018;3348000;https://auto.drom.ru/moscow/mercedes-benz/c-class/123325890.html;Характеристики совпадают с ПТС;1 запись о регистрации;Не числится в розыске;Ограничений не обнаружено;Москве;бензин, 1.6 л;150 л.с., налог;АКПП;задний;седан;серебристый;67 100 км;левый;4 поколение;;;;
Mercedes-Benz;E-Class;2018;3000000;https://auto.drom.ru/moscow/mercedes-benz/e-class/53317198.html;Характеристики совпадают с ПТС;1 запись о регистрации;Не числится в розыске;Ограничений не обнаружено;Москве;бензин, 2.0 л;184 л.с., налог;АКПП;задний;седан;черный;160 561 км;левый;5 поколение;;;;
Mercedes-Benz;E-Class;2018;3000000;https://auto.drom.ru/moscow/mercedes-benz/e-class/53317199.html;Характеристики совпадают с ПТС;1 запись о регистрации;Не числится в розыске;Ограничений не обнаружено;Москве;бензин, 2.0 л;184 л.с., налог;АКПП;задний;седан;черный;207 371 км;левый;5 поколение;;;;
Mercedes-Benz;E-Class;2018;2500000;https://auto.drom.ru/moscow/mercedes-benz/e-class/53317200.html;Характеристики совпадают с ПТС;1 запись о регистрации;Не числится в розыске;Ограничений не обнаружено;Москве;бензин, 2.0 л;184 л.с., налог;АКПП;задний;седан;черный;263 246 км;левый;5 поколение;;;;
Mercedes-Benz;E-Class;2018;2400000;https://auto.drom.ru/moscow/mercedes-benz/e-class/52436640.html;Характеристики совпадают с ПТС;1 запись о регистрации;Не числится в розыске;Ограничений не обнаружено;Москве;бензин, 2.0 л;184 л.с., налог;АКПП;задний;седан;черный;187 363 км;левый;5 поколение;;;;
Mercedes-Benz;E-Class;2018;3000000;https://auto.drom.ru/moscow/mercedes-benz/e-class/52436643.html;Характеристики совпадают с ПТС;1 запись о регистрации;Не числится в розыске;Ограничений не обнаружено;Москве;бензин, 2.0 л;184 л.с., налог;АКПП;задний;седан;черный;217 086 км;левый;5 поколение;;;;
Mercedes-Benz;E-Class;2018;2550000;https://auto.drom.ru/moscow/mercedes-benz/e-class/52436652.html;Характеристики совпадают с ПТС;1 запись о регистрации;Не числится в розыске;Ограничений не обнаружено;Москве;бензин, 2.0 л;184 л.с., налог;АКПП;задний;седан;черный;188 491 км;левый;5 поколение;;;;
Mercedes-Benz;E-Class;2018;2450000;https://auto.drom.ru/moscow/mercedes-benz/e-class/52436663.html;Характеристики совпадают с ПТС;1 запись о регистрации;Не числится в розыске;Ограничений не обнаружено;Москве;бензин, 2.0 л;184 л.с., налог;АКПП;задний;седан;черный;247 828 км;левый;5 поколение;;;;
Mercedes-Benz;GLC;2018;3849000;https://auto.drom.ru/spb/mercedes-benz/glc-class/727579023.html;Цвет не совпадает с ПТС;1 запись о регистрации;Не числится в розыске;Ограничений не обнаружено;Санкт-Петербурге;дизель, 2.1 л;204 л.с., налог;АКПП;4WD;;черный;52 257 км;левый;1 поколение;;;;
Mercedes-Benz;C-Class;2018;2745000;https://auto.drom.ru/spb/mercedes-benz/c-class/53713604.html;Характеристики совпадают с ПТС;2 записи о регистрации;Не числится в розыске;Ограничений не обнаружено;Санкт-Петербурге;бензин, 1.6 л;150 л.с., налог;АКПП;задний;седан;красный;53 000 км;левый;4 поколение, рестайлинг;C 180 Sport;;;
Mercedes-Benz;GLC;2018;4219477;https://auto.drom.ru/moscow/mercedes-benz/glc-class/53301729.html;Характеристики совпадают с ПТС;2 записи о регистрации;Не числится в розыске;Ограничений не обнаружено;Москве;дизель, 2.1 л;170 л.с., налог;АКПП;4WD;;белый;22 446 км;левый;1 поколение;;;;
Mercedes-Benz;GLA-Class;2021;4114000;https://auto.drom.ru/moscow/mercedes-benz/gla-class/698110939.html;Характеристики совпадают с ПТС;1 запись о регистрации;Не числится в розыске;Ограничений не обнаружено;Москве;бензин, 2.0 л;224 л.с., налог;робот;4WD;;черный;54 125 км;левый;2 поколение;;;;
Mercedes-Benz;GLS-Class;2021;19450000;https://auto.drom.ru/himki/mercedes-benz/gls-class/53730532.html;Характеристики совпадают с ПТС;3 записи о регистрации;Не числится в розыске;Ограничений не обнаружено;Химках;бензин, 4.0 л;558 л.с., налог;автомат;4WD;;черный;47 669 км;левый;;;;;
Mercedes-Benz;GLS-Class;2021;17990320;https://auto.drom.ru/moscow/mercedes-benz/gls-class/119197079.html;;;;;Москве;бензин, 3.0 л;367 л.с., налог;автомат;4WD;;черный;;левый;;;;;
Mercedes-Benz;CLA-Class;2021;3199000;https://auto.drom.ru/voronezh/mercedes-benz/cla-class/385869298.html;Характеристики совпадают с ПТС;3 записи о регистрации;Не числится в розыске;Ограничений не обнаружено;Воронеже;бензин, 1.3 л;150 л.с., налог;робот;передний;седан;белый;92 000 км;левый;2 поколение;CLA 200 DCT Sport;;;
Mercedes-Benz;S-Class;2021;24990750;https://auto.drom.ru/moscow/mercedes-benz/s-class/381197295.html;;;;;Москве;бензин, 4.0 л;503 л.с., налог;АКПП;4WD;седан;черный;;левый;7 поколение;;;;
Mercedes-Benz;GLE;2021;8549000;https://auto.drom.ru/moscow/mercedes-benz/gle-class/53329472.html;Характеристики совпадают с ПТС;2 записи о регистрации;Не числится в розыске;Ограничений не обнаружено;Москве;дизель, 2.0 л;245 л.с., налог;АКПП;4WD;;белый;46 312 км;левый;2 поколение;;;;
Mercedes-Benz;CLA-Class;2021;3975000;https://auto.drom.ru/spb/mercedes-benz/cla-class/53730668.html;Характеристики совпадают с ПТС;2 записи о регистрации;Не числится в розыске;Ограничений не обнаружено;Санкт-Петербурге;бензин, 1.3 л;150 л.с., налог;робот;передний;седан;желтый;19 000 км;левый;2 поколение;CLA 200 DCT Sport;;;
Mercedes-Benz;GLS-Class;2021;13910000;https://auto.drom.ru/moscow/mercedes-benz/gls-class/53342801.html;Характеристики совпадают с ПТС;1 запись о регистрации;Не числится в розыске;Ограничений не обнаружено;Москве;бензин, 4.0 л;489 л.с., налог;автомат;4WD;;черный;34 428 км;левый;;;;;
Mercedes-Benz;V-Class;2021;7290000;https://auto.drom.ru/moscow/mercedes-benz/v-class/53329395.html;Характеристики совпадают с ПТС;1 запись о регистрации;Не числится в розыске;Ограничений не обнаружено;Москве;дизель, 2.1 л;163 л.с., налог;АКПП;4WD;;черный;83 396 км;левый;3 поколение, рестайлинг;;;;
Mercedes-Benz;AMG GT;2021;13650000;https://auto.drom.ru/moscow/mercedes-benz/amg_gt/53271898.html;Характеристики совпадают с ПТС;1 запись о регистрации;Не числится в розыске;Ограничений не обнаружено;Москве;бензин, 3.0 л;435 л.с., налог;АКПП;4WD;лифтбек;черный;13 484 км;левый;1 поколение, рестайлинг;3.0 AT GT 53 4MATIC+;;;
Mercedes-Benz;GLC;2021;7000000;https://auto.drom.ru/moscow/mercedes-benz/glc-class/245974848.html;Модель не совпадает с ПТС;1 запись о регистрации;Не числится в розыске;Ограничений не обнаружено;Москве;бензин, 3.0 л;390 л.с., налог;робот;4WD;;черный;30 000 км;левый;1 поколение, рестайлинг;AMG GLC 43 MTC 4MATIC;;;
Mercedes-Benz;GLS-Class;2021;23699000;https://auto.drom.ru/moscow/mercedes-benz/gls-class/227269165.html;Характеристики совпадают с ПТС;1 запись о регистрации;Не числится в розыске;Ограничений не обнаружено;Москве;бензин, 4.0 л;558 л.с., налог;автомат;4WD;;белый;23 236 км;левый;;;;;
Mercedes-Benz;GLE;2021;8850000;https://auto.drom.ru/moscow/mercedes-benz/gle-class/225627776.html;Характеристики совпадают с ПТС;1 запись о регистрации;Не числится в розыске;Ограничений не обнаружено;Москве;дизель, 2.9 л;330 л.с., налог;АКПП;4WD;;белый;90 000 км;левый;2 поколение;;;;
Mercedes-Benz;E-Class;2021;5500000;https://auto.drom.ru/spb/mercedes-benz/e-class/54004018.html;Характеристики совпадают с ПТС;2 записи о регистрации;Не числится в розыске;Ограничений не обнаружено;Санкт-Петербурге;бензин, 2.0 л;197 л.с., налог;АКПП;4WD;седан;серый;43 340 км;левый;5 поколение, рестайлинг;E 200 4MATIC Sport;;;
Mercedes-Benz;E-Class;2021;5900000;https://auto.drom.ru/moscow/mercedes-benz/e-class/53612628.html;Характеристики совпадают с ПТС;1 запись о регистрации;Не числится в розыске;Ограничений не обнаружено;Москве;бензин, 2.0 л;197 л.с., налог;АКПП;4WD;седан;синий;14 969 км;левый;5 поколение, рестайлинг;;;;
Mercedes-Benz;GLA-Class;2021;3698000;https://auto.drom.ru/kazan/mercedes-benz/gla-class/53325493.html;Характеристики совпадают с ПТС;2 записи о регистрации;Не числится в розыске;Есть ограничения;Казани;бензин, 1.3 л;150 л.с., налог;автомат;передний;;черный;63 840 км;;;;;;
Mercedes-Benz;GLE Coupe;2021;11800000;https://auto.drom.ru/himki/mercedes-benz/gle_coupe/237053402.html;Характеристики совпадают с ПТС;3 записи о регистрации;Не числится в розыске;Ограничений не обнаружено;Химках;бензин, 3.0 л;435 л.с., налог;АКПП;4WD;;черный;41 235 км;левый;2 поколение;AMG 53 4MATIC+;;;
Mercedes-Benz;CLA-Class;2021;4200000;https://auto.drom.ru/spb/mercedes-benz/cla-class/871481470.html;Характеристики совпадают с ПТС;1 запись о регистрации;Не числится в розыске;Ограничений не обнаружено;Санкт-Петербурге;бензин, 1.3 л;150 л.с., налог;робот;передний;седан;серый;27 380 км;левый;2 поколение;CLA 200 DCT Sport;;;
Mercedes-Benz;GLE;2021;8390000;https://auto.drom.ru/moscow/mercedes-benz/gle-class/203134877.html;Характеристики совпадают с ПТС;1 запись о регистрации;Не числится в розыске;Ограничений не обнаружено;Москве;дизель, 2.0 л;245 л.с., налог;АКПП;4WD;;белый;29 212 км;левый;2 поколение;;;;
Mercedes-Benz;GLC;2021;4849000;https://auto.drom.ru/kirov/mercedes-benz/glc-class/470048835.html;Характеристики совпадают с ПТС;2 записи о регистрации;Не числится в розыске;Ограничений не обнаружено;Кирове;бензин, 2.0 л;197 л.с., налог;АКПП;4WD;;серый;41 250 км;левый;1 поколение, рестайлинг;;;;
Mercedes-Benz;V-Class;2021;7450000;https://auto.drom.ru/spb/mercedes-benz/v-class/53300961.html;Характеристики совпадают с ПТС;1 запись о регистрации;Не числится в розыске;Ограничений не обнаружено;Санкт-Петербурге;дизель, 2.1 л;190 л.с., налог;АКПП;4WD;;серый;112 434 км;левый;3 поколение, рестайлинг;;;;
Mercedes-Benz;E-Class;2021;9500000;https://auto.drom.ru/ryazan/mercedes-benz/e-class/49667619.html;Характеристики совпадают с ПТС;1 запись о регистрации;Не числится в розыске;Ограничений не обнаружено;Рязани;бензин, 2.0 л;249 л.с., налог;АКПП;задний;купе;серый;2 228 км;левый;5 поколение, рестайлинг;E 300 Sport;;;
Mercedes-Benz;S-Class;2021;15000000;https://auto.drom.ru/kirov/mercedes-benz/s-class/619604320.html;Характеристики совпадают с ПТС;1 запись о регистрации;Не числится в розыске;Ограничений не обнаружено;Кирове;бензин, 3.0 л;367 л.с., налог;АКПП;4WD;седан;черный;16 000 км;левый;7 поколение;;;;
Mercedes-Benz;GLE;2021;21554000;https://auto.drom.ru/spb/mercedes-benz/gle-class/51174297.html;;;;;Санкт-Петербурге;бензин, 4.0 л, гибрид;612 л.с., налог;АКПП;4WD;;черный;;левый;2 поколение;GLE 63 S 4MATIC+;;;
Mercedes-Benz;GLE Coupe;2021;10294000;https://auto.drom.ru/solnechnogorsk/mercedes-benz/gle_coupe/53688784.html;Мощность двигателя не совпадает с ПТС;2 записи о регистрации;Не числится в розыске;Есть ограничения;Солнечногорске;дизель, 2.9 л;272 л.с., налог;АКПП;4WD;;красный;41 791 км;левый;2 поколение;GLE 350d 4MATIC;;;
Mercedes-Benz;GLE;2021;10099000;https://auto.drom.ru/voronezh/mercedes-benz/gle-class/53688438.html;Характеристики совпадают с ПТС;3 записи о регистрации;Не числится в розыске;Ограничений не обнаружено;Воронеже;бензин, 3.0 л;367 л.с., налог;АКПП;4WD;;черный;20 505 км;левый;2 поколение;;;;
Mercedes-Benz;GLE;2021;10500000;https://auto.drom.ru/moscow/mercedes-benz/gle-class/53688219.html;;;;;Москве;дизель, 2.0 л;272 л.с., налог;АКПП;4WD;;серый;;левый;2 поколение;GLE 300d 4MATIC;;;
Mercedes-Benz;GLE;2021;6599000;https://auto.drom.ru/moscow/mercedes-benz/gle-class/53290987.html;;;;;Москве;бензин, 2.0 л;258 л.с., налог;АКПП;задний;;белый;10 070 км;левый;2 поколение;GLE 350;;;
Mercedes-Benz;V-Class;2021;10200000;https://auto.drom.ru/moscow/mercedes-benz/v-class/51579364.html;Характеристики совпадают с ПТС;2 записи о регистрации;Не числится в розыске;Ограничений не обнаружено;Москве;дизель, 2.1 л;163 л.с., налог;АКПП;4WD;;черный;60 000 км;левый;3 поколение, рестайлинг;220 d AT L2 AMG Line+ 4Matic;;;
Mercedes-Benz;E-Class;2021;8799000;https://auto.drom.ru/spb/mercedes-benz/e-class/652399353.html;Характеристики совпадают с ПТС;1 запись о регистрации;Не числится в розыске;Ограничений не обнаружено;Санкт-Петербурге;бензин, 3.0 л;435 л.с., налог;АКПП;4WD;седан;серый;11 000 км;левый;5 поколение, рестайлинг;;;;
Mercedes-Benz;E-Class;2021;4248054;https://auto.drom.ru/minsk/mercedes-benz/e-class/53676232.html;;;;;Минске;дизель, 2.0 л, гибрид;306 л.с., налог;автомат;задний;седан;черный;31 000 км;левый;5 поколение, рестайлинг;;;;
Mercedes-Benz;E-Class;2021;4340403;https://auto.drom.ru/minsk/mercedes-benz/e-class/157252056.html;;;;;Минске;дизель, 2.0 л;194 л.с., налог;АКПП;задний;универсал;;110 000 км;левый;5 поколение, рестайлинг;E 220 d AТ AMG Line;;;
Mercedes-Benz;E-Class;2021;7250000;https://auto.drom.ru/moscow/mercedes-benz/e-class/343927055.html;Характеристики совпадают с ПТС;2 записи о регистрации;Не числится в розыске;Ограничений не обнаружено;Москве;бензин, 2.0 л;197 л.с., налог;АКПП;4WD;купе;черный;40 597 км;левый;5 поколение, рестайлинг;;;;
Mercedes-Benz;GLE;2021;9500000;https://auto.drom.ru/moscow/mercedes-benz/gle-class/52843375.html;Характеристики совпадают с ПТС;2 записи о регистрации;Не числится в розыске;Ограничений не обнаружено;Москве;;;;;;черный;39 447 км;левый;2 поколение;;;;
Mercedes-Benz;V-Class;2021;8850000;https://auto.drom.ru/moscow/mercedes-benz/v-class/518466578.html;Характеристики совпадают с ПТС;1 запись о регистрации;Не числится в розыске;Ограничений не обнаружено;Москве;дизель, 2.1 л;190 л.с., налог;АКПП;4WD;;серый;70 441 км;левый;3 поколение, рестайлинг;;;;
Mercedes-Benz;S-Class;2021;14250000;https://auto.drom.ru/moscow/mercedes-benz/s-class/53980915.html;Характеристики совпадают с ПТС;2 записи о регистрации;Не числится в розыске;Ограничений не обнаружено;Москве;дизель, 2.9 л;249 л.с., налог;АКПП;4WD;седан;черный;47 500 км;левый;7 поколение;S350 d 4MATIC Luxury;;;
Mercedes-Benz;GLC Coupe;2021;6400000;https://auto.drom.ru/kazan/mercedes-benz/glc_coupe/53274864.html;Характеристики совпадают с ПТС;2 записи о регистрации;Не числится в розыске;Ограничений не обнаружено;Казани;дизель, 2.0 л;194 л.с., налог;автомат;4WD;;серый;14 217 км;;;;;;
Mercedes-Benz;GLS-Class;2021;10710000;https://auto.drom.ru/spb/mercedes-benz/gls-class/52708270.html;Характеристики совпадают с ПТС;3 записи о регистрации;Не числится в розыске;Ограничений не обнаружено;Санкт-Петербурге;дизель, 2.9 л;330 л.с., налог;АКПП;4WD;;белый;72 426 км;левый;2 поколение;GLS 400 d 4MATIC Luxury;;;
Mercedes-Benz;GLS-Class;2021;16990000;https://auto.drom.ru/spb/mercedes-benz/gls-class/51551352.html;;;;;Санкт-Петербурге;дизель, 2.9 л;330 л.с., налог;АКПП;4WD;;черный;;левый;2 поколение;GLS 400 d 4MATIC Luxury;;;
Mercedes-Benz;E-Class;2021;5775000;https://auto.drom.ru/moscow/mercedes-benz/e-class/648874503.html;Характеристики совпадают с ПТС;1 запись о регистрации;Не числится в розыске;Ограничений не обнаружено;Москве;дизель, 2.0 л;194 л.с., налог;АКПП;4WD;седан;черный;9 000 км;левый;5 поколение, рестайлинг;E 220 d AТ 4MATIC;;;
Mercedes-Benz;GLE;2021;10950000;https://auto.drom.ru/moscow/mercedes-benz/gle-class/903105939.html;Характеристики совпадают с ПТС;2 записи о регистрации;Не числится в розыске;Ограничений не обнаружено;Москве;бензин, 3.0 л;367 л.с., налог;АКПП;4WD;;черный;26 315 км;левый;2 поколение;;;;
Mercedes-Benz;AMG GT;2021;12800000;https://auto.drom.ru/moscow/mercedes-benz/amg_gt/677833198.html;Объем двигателя, мощность двигателя не совпадают с ПТС;1 запись о регистрации;Не числится в розыске;Ограничений не обнаружено;Москве;бензин, 3.0 л;435 л.с., налог;АКПП;4WD;лифтбек;серый;18 582 км;левый;1 поколение, рестайлинг;3.0 AT GT 53 4MATIC+;;;
Mercedes-Benz;E-Class;2021;5294000;https://auto.drom.ru/kazan/mercedes-benz/e-class/53971639.html;Характеристики совпадают с ПТС;2 записи о регистрации;Не числится в розыске;Ограничений не обнаружено;Казани;бензин, 2.0 л;197 л.с., налог;АКПП;4WD;седан;белый;64 200 км;левый;5 поколение, рестайлинг;;;;
Mercedes-Benz;GLE;2021;9700000;https://auto.drom.ru/moscow/mercedes-benz/gle-class/52800549.html;Характеристики совпадают с ПТС;1 запись о регистрации;Не числится в розыске;Ограничений не обнаружено;Москве;дизель, 2.0 л;245 л.с., налог;АКПП;4WD;;черный;19 905 км;левый;2 поколение;GLE 300 d 4MATIC Sport;;;
Mercedes-Benz;E-Class;2021;9650000;https://auto.drom.ru/moscow/mercedes-benz/e-class/52797266.html;Характеристики совпадают с ПТС;1 запись о регистрации;Не числится в розыске;Ограничений не обнаружено;Москве;бензин, 3.0 л;435 л.с., налог;АКПП;4WD;купе;черный;29 965 км;левый;5 поколение, рестайлинг;AMG E 53 4MATIC+;;;
Mercedes-Benz;E-Class;2021;5199444;https://auto.drom.ru/spb/mercedes-benz/e-class/647910873.html;Характеристики совпадают с ПТС;1 запись о регистрации;Не числится в розыске;Ограничений не обнаружено;Санкт-Петербурге;бензин, 2.0 л;197 л.с., налог;АКПП;задний;седан;серый;20 756 км;левый;5 поколение, рестайлинг;;;;
Mercedes-Benz;S-Class;2021;23990750;https://auto.drom.ru/moscow/mercedes-benz/s-class/51123507.html;;;;;Москве;бензин, 4.0 л;503 л.с., налог;АКПП;4WD;седан;серый;;левый;7 поколение;;;;
Mercedes-Benz;GLS-Class;2021;13500000;https://auto.drom.ru/moscow/mercedes-benz/gls-class/52554600.html;Характеристики совпадают с ПТС;1 запись о регистрации;Не числится в розыске;Есть ограничения;Москве;дизель, 2.9 л;330 л.с., налог;АКПП;4WD;;черный;26 000 км;левый;2 поколение;GLS 400 d 4MATIC Luxury;;;
Mercedes-Benz;E-Class;2021;9175000;https://auto.drom.ru/moscow/mercedes-benz/e-class/53641251.html;Характеристики совпадают с ПТС;1 запись о регистрации;Не числится в розыске;Ограничений не обнаружено;Москве;бензин, 3.0 л;435 л.с., налог;АКПП;4WD;купе;белый;20 043 км;левый;5 поколение, рестайлинг;;;;
Mercedes-Benz;GLC;2021;4695700;https://auto.drom.ru/moscow/mercedes-benz/glc-class/52789982.html;Характеристики совпадают с ПТС;2 записи о регистрации;Не числится в розыске;Ограничений не обнаружено;Москве;бензин, 2.0 л;197 л.с., налог;АКПП;4WD;;синий;33 265 км;левый;1 поколение, рестайлинг;GLC 200 4MATIC AT Premium;;;
Mercedes-Benz;GLE;2021;9200000;https://auto.drom.ru/ryazan/mercedes-benz/gle-class/52360090.html;Характеристики совпадают с ПТС;2 записи о регистрации;Не числится в розыске;Ограничений не обнаружено;Рязани;бензин, 3.0 л, гибрид;435 л.с., налог;АКПП;4WD;;черный;122 000 км;левый;2 поколение;GLE 53 4MATIC+;;;
Mercedes-Benz;E-Class;2021;6990000;https://auto.drom.ru/moscow/mercedes-benz/e-class/52123949.html;Характеристики совпадают с ПТС;2 записи о регистрации;Не числится в розыске;Ограничений не обнаружено;Москве;бензин, 2.0 л;197 л.с., налог;АКПП;4WD;купе;черный;27 964 км;левый;5 поколение, рестайлинг;;;;
Mercedes-Benz;GLC;2021;4915000;https://auto.drom.ru/spb/mercedes-benz/glc-class/649856117.html;Характеристики совпадают с ПТС;1 запись о регистрации;Не числится в розыске;Ограничений не обнаружено;Санкт-Петербурге;бензин, 2.0 л;197 л.с., налог;АКПП;4WD;;белый;21 829 км;левый;1 поколение, рестайлинг;GLC 200 4MATIC AT Premium;;;
Mercedes-Benz;GLC;2021;6700000;https://auto.drom.ru/moscow/mercedes-benz/glc-class/52729689.html;Мощность двигателя не совпадает с ПТС;2 записи о регистрации;Не числится в розыске;Ограничений не обнаружено;Москве;дизель, 2.0 л;194 л.с., налог;АКПП;4WD;;серый;29 350 км;левый;1 поколение, рестайлинг;;;;
Mercedes-Benz;GLC;2021;6859000;https://auto.drom.ru/moscow/mercedes-benz/glc-class/325316057.html;Модель не совпадает с ПТС;1 запись о регистрации;Не числится в розыске;Ограничений не обнаружено;Москве;бензин, 3.0 л;390 л.с., налог;робот;4WD;;черный;49 141 км;левый;1 поколение, рестайлинг;;;;
Mercedes-Benz;S-Class;2021;14900000;https://auto.drom.ru/spb/mercedes-benz/s-class/521006217.html;Характеристики совпадают с ПТС;2 записи о регистрации;Не числится в розыске;Ограничений не обнаружено;Санкт-Петербурге;дизель, 2.9 л;249 л.с., налог;АКПП;4WD;седан;черный;36 500 км;левый;7 поколение;S350 d 4MATIC Premium;;;
Mercedes-Benz;G-Class;2021;28700000;https://auto.drom.ru/moscow/mercedes-benz/g-class/53630331.html;Характеристики совпадают с ПТС;1 запись о регистрации;Не числится в розыске;Ограничений не обнаружено;Москве;бензин, 4.0 л;585 л.с., налог;автомат;4WD;джип/suv 5 дв.;черный;7 185 км;левый;3 поколение;;;;
Mercedes-Benz;GLE;2021;8075000;https://auto.drom.ru/moscow/mercedes-benz/gle-class/53625372.html;Характеристики совпадают с ПТС;1 запись о регистрации;Не числится в розыске;Ограничений не обнаружено;Москве;дизель, 2.0 л;245 л.с., налог;АКПП;4WD;;белый;71 663 км;левый;2 поколение;GLE 300 d 4MATIC Sport;;;
Mercedes-Benz;V-Class;2021;11599000;https://auto.drom.ru/moscow/mercedes-benz/v-class/52779618.html;Характеристики совпадают с ПТС;1 запись о регистрации;Не числится в розыске;Ограничений не обнаружено;Москве;дизель, 2.1 л;190 л.с., налог;АКПП;4WD;;серый;16 503 км;левый;3 поколение, рестайлинг;;;;
Mercedes-Benz;GLS-Class;2021;10590000;https://auto.drom.ru/spb/mercedes-benz/gls-class/52339049.html;Характеристики совпадают с ПТС;1 запись о регистрации;Не числится в розыске;Ограничений не обнаружено;Санкт-Петербурге;бензин, 3.0 л;367 л.с., налог;автомат;4WD;;белый;70 760 км;левый;;;;;
Mercedes-Benz;GLC;2021;6130000;https://auto.drom.ru/moscow/mercedes-benz/glc-class/52335150.html;Характеристики совпадают с ПТС;1 запись о регистрации;Не числится в розыске;Ограничений не обнаружено;Москве;2.0 л;292 л.с., налог;автомат;4WD;;серый;54 301 км;левый;;;;;
Mercedes-Benz;C-Class;2021;6259000;https://auto.drom.ru/moscow/mercedes-benz/c-class/47559406.html;Характеристики совпадают с ПТС;1 запись о регистрации;Не числится в розыске;Ограничений не обнаружено;Москве;бензин;;автомат;;седан;белый;16 км;левый;;;;;
