Бренд;Модель;Год;Цена;URL;ПТС;Владельцы;Розыск;Ограничения;Город;Двигатель;Мощность;Коробка передач;Привод;Тип кузова;Цвет;Пробег;Руль;Поколение;Комплектация;Особые отметки;
BMW;5-Series;2009;550000;https://auto.drom.ru/podolsk/bmw/5-series/54099026.html;Характеристики совпадают с ПТС;4 записи о регистрации;Не числится в розыске;Есть ограничения;Подольске;бензин, 3.0 л;218 л.с., налог;АКПП;4WD;седан;серый;210 000 км;левый;5 поколение, рестайлинг;525xi AT xDrive;документы с проблемами или отсутствуют;
BMW;X6;2009;1408000;https://auto.drom.ru/moscow/bmw/x6/54088374.html;Характеристики совпадают с ПТС;6 записей о регистрации;Не числится в розыске;Ограничений не обнаружено;Москве;бензин, 3.0 л;306 л.с., налог;АКПП;4WD;;красный;174 025 км;левый;1 поколение;;;
BMW;3-Series;2009;1038044;https://auto.drom.ru/minsk/bmw/3-series/53396467.html;;;;;Минске;дизель, 2.0 л;177 л.с., налог;АКПП;задний;купе;красный;285 000 км;левый;5 поколение;320d AT;;
BMW;X6;2009;2399000;https://auto.drom.ru/saratov/bmw/x6/53799670.html;Характеристики совпадают с ПТС;12 записей о регистрации;Не числится в розыске;Ограничений не обнаружено;Саратове;дизель, 3.0 л;235 л.с., налог;АКПП;4WD;;белый;280 000 км;левый;1 поколение;xDrive 30d AT;;
BMW;X6;2009;1999000;https://auto.drom.ru/kazan/bmw/x6/53232359.html;Характеристики совпадают с ПТС;5 записей о регистрации;Не числится в розыске;Ограничений не обнаружено;Казани;дизель, 3.0 л;235 л.с., налог;АКПП;4WD;;белый;196 739 км;левый;1 поколение;xDrive 30d AT;;
BMW;7-Series;2009;1250000;https://auto.drom.ru/moscow/bmw/7-series/48416081.html;Характеристики совпадают с ПТС;6 записей о регистрации;Не числится в розыске;Ограничений не обнаружено;Москве;бензин, 4.4 л;407 л.с., налог;АКПП;задний;;черный;193 000 км;левый;5 поколение;750Li AT;;
BMW;3-Series;2009;1130000;https://auto.drom.ru/moscow/bmw/3-series/601407057.html;Характеристики совпадают с ПТС;4 записи о регистрации;Не числится в розыске;Ограничений не обнаружено;Москве;бензин, 2.0 л;136 л.с., налог;АКПП;задний;седан;серебристый;286 000 км;левый;5 поколение, рестайлинг;;;
BMW;1-Series;2009;820000;https://auto.drom.ru/odintsovo/bmw/1-series/54072245.html;Характеристики совпадают с ПТС;4 записи о регистрации;Не числится в розыске;Ограничений не обнаружено;Одинцове;бензин, 1.6 л;116 л.с., налог;АКПП;задний;хэтчбек 5 дв.;белый;155 460 км;левый;1 поколение, рестайлинг;116i AT Base;;
BMW;3-Series;2009;1250000;https://auto.drom.ru/kazan/bmw/3-series/54068028.html;Характеристики совпадают с ПТС;2 записи о регистрации;Не числится в розыске;Ограничений не обнаружено;Казани;бензин, 2.0 л;136 л.с., налог;АКПП;задний;седан;синий;100 000 км;левый;5 поколение, рестайлинг;;;
BMW;X6;2009;1850000;https://auto.drom.ru/pskov/bmw/x6/51689202.html;Характеристики совпадают с ПТС;5 записей о регистрации;Не числится в розыске;Ограничений не обнаружено;Пскове;бензин, 3.0 л;306 л.с., налог;АКПП;4WD;;белый;131 000 км;левый;1 поколение;xDrive 35i AT;;
BMW;X6;2009;1850000;https://auto.drom.ru/moscow/bmw/x6/338485759.html;Характеристики совпадают с ПТС;5 записей о регистрации;Не числится в розыске;Ограничений не обнаружено;Москве;бензин, 4.4 л;555 л.с., налог;АКПП;4WD;;серый;175 000 км;левый;1 поколение;M;;
BMW;5-Series;2009;855000;https://auto.drom.ru/kaluga/bmw/5-series/53244881.html;Характеристики совпадают с ПТС;5 записей о регистрации;Не числится в розыске;Ограничений не обнаружено;Калуге;дизель, 2.0 л;163 л.с., налог;механика;задний;универсал;синий;445 000 км;левый;5 поколение, рестайлинг;520d MT Edition Fleet;;
BMW;5-Series;2009;1250000;https://auto.drom.ru/moscow/bmw/5-series/428262471.html;Характеристики совпадают с ПТС;4 записи о регистрации;Не числится в розыске;Ограничений не обнаружено;Москве;бензин, 2.5 л;218 л.с., налог;АКПП;задний;седан;черный;234 000 км;левый;5 поколение, рестайлинг;525i AT;;
BMW;5-Series;2009;1516000;https://auto.drom.ru/moscow/bmw/5-series/428318816.html;Характеристики совпадают с ПТС;5 записей о регистрации;Не числится в розыске;Ограничений не обнаружено;Москве;бензин, 3.0 л;218 л.с., налог;механика;4WD;универсал;серый;123 257 км;левый;5 поколение, рестайлинг;;;
BMW;X5;2009;1619000;https://auto.drom.ru/spb/bmw/x5/178071057.html;Характеристики совпадают с ПТС;3 записи о регистрации;Не числится в розыске;Ограничений не обнаружено;Санкт-Петербурге;дизель, 3.0 л;269 л.с., налог;автомат;4WD;;красный;214 000 км;левый;;;;
BMW;5-Series;2009;1690000;https://auto.drom.ru/kazan/bmw/5-series/52947786.html;Характеристики совпадают с ПТС;6 записей о регистрации;Не числится в розыске;Ограничений не обнаружено;Казани;бензин, 3.0 л;218 л.с., налог;АКПП;4WD;седан;синий;159 900 км;левый;5 поколение, рестайлинг;;;
BMW;5-Series Gran Turismo;2009;1750000;https://auto.drom.ru/fokino-bryansk/bmw/5-series_gran_turismo/798971008.html;;;;;Фокино;дизель, 3.0 л;245 л.с., налог;АКПП;задний;;черный;167 000 км;левый;6 поколение;530d AT;;
BMW;X5;2009;1950000;https://auto.drom.ru/volzhskiy/bmw/x5/729319935.html;Характеристики совпадают с ПТС;6 записей о регистрации;Не числится в розыске;Ограничений не обнаружено;Волжском;дизель, 3.0 л;235 л.с., налог;АКПП;4WD;;серый;340 374 км;левый;2 поколение;xDrive 30d AT;;
BMW;7-Series;2009;1843584;https://auto.drom.ru/minsk/bmw/7-series/53751067.html;;;;;Минске;дизель, 3.0 л;245 л.с., налог;АКПП;задний;;белый;251 500 км;левый;5 поколение;;;
BMW;7-Series;2009;1448000;https://auto.drom.ru/moscow/bmw/7-series/232369971.html;Цвет не совпадает с ПТС;3 записи о регистрации;Не числится в розыске;Ограничений не обнаружено;Москве;бензин, 4.4 л;407 л.с., налог;АКПП;задний;;черный;162 000 км;левый;5 поколение;;;
BMW;X3;2009;1130000;https://auto.drom.ru/nizhniy-novgorod/bmw/x3/54027787.html;Характеристики совпадают с ПТС;5 записей о регистрации;Не числится в розыске;Ограничений не обнаружено;Нижнем Новгороде;дизель, 2.0 л;177 л.с., налог;АКПП;4WD;;черный;96 000 км;левый;1 поколение, рестайлинг;xDrive20d AT;;
BMW;5-Series Gran Turismo;2009;1790000;https://auto.drom.ru/moscow/bmw/5-series_gran_turismo/53355528.html;Характеристики совпадают с ПТС;3 записи о регистрации;Не числится в розыске;Ограничений не обнаружено;Москве;бензин, 4.4 л;408 л.с., налог;автомат;задний;;черный;142 200 км;левый;6 поколение;;;
BMW;X5;2009;2590000;https://auto.drom.ru/voskresensk/bmw/x5/52905627.html;Характеристики совпадают с ПТС;2 записи о регистрации;Не числится в розыске;Ограничений не обнаружено;Воскресенске;дизель, 3.0 л;245 л.с., налог;АКПП;4WD;;черный;300 000 км;левый;;;;
BMW;5-Series;2009;1200000;https://auto.drom.ru/moscow/bmw/5-series/52029602.html;;;;;Москве;бензин, 3.0 л;231 л.с., налог;АКПП;задний;седан;белый;193 300 км;левый;5 поколение, рестайлинг;528i AT;;
BMW;X3;2009;2100000;https://auto.drom.ru/kazan/bmw/x3/947151011.html;Цвет не совпадает с ПТС;4 записи о регистрации;Не числится в розыске;Ограничений не обнаружено;Казани;дизель, 2.0 л;177 л.с., налог;АКПП;4WD;;серебристый;234 000 км;левый;1 поколение, рестайлинг;;;
BMW;X3;2009;1011000;https://auto.drom.ru/balashiha/bmw/x3/54018996.html;Характеристики совпадают с ПТС;7 записей о регистрации;Не числится в розыске;Ограничений не обнаружено;Балашихе;дизель, 2.0 л;177 л.с., налог;АКПП;4WD;;серый;197 260 км;левый;1 поколение, рестайлинг;;;
BMW;X5;2009;1730000;https://auto.drom.ru/moscow/bmw/x5/52452119.html;Характеристики совпадают с ПТС;6 записей о регистрации;Не числится в розыске;Ограничений не обнаружено;Москве;дизель, 3.0 л;235 л.с., налог;АКПП;4WD;;черный;438 000 км;левый;2 поколение;xDrive 30d AT;;
BMW;5-Series;2009;1430000;https://auto.drom.ru/moscow/bmw/5-series/51954049.html;Модель не совпадает с ПТС;6 записей о регистрации;Не числится в розыске;Ограничений не обнаружено;Москве;бензин, 3.0 л;306 л.с., налог;АКПП;задний;седан;белый;161 963 км;левый;;;;
BMW;7-Series;2009;1185000;https://auto.drom.ru/moscow/bmw/7-series/109196555.html;Характеристики совпадают с ПТС;10 записей о регистрации;Не числится в розыске;Ограничений не обнаружено;Москве;бензин, 4.4 л;407 л.с., налог;АКПП;задний;;черный;231 835 км;левый;5 поколение;;;
BMW;3-Series;2009;1199999;https://auto.drom.ru/cherepovets/bmw/3-series/637763142.html;Характеристики совпадают с ПТС;5 записей о регистрации;Не числится в розыске;Ограничений не обнаружено;Череповце;бензин, 2.0 л;156 л.с., налог;АКПП;задний;седан;черный;277 000 км;левый;5 поколение, рестайлинг;;;
BMW;1-Series;2009;949000;https://auto.drom.ru/reutov/bmw/1-series/54011700.html;Характеристики совпадают с ПТС;4 записи о регистрации;Не числится в розыске;Ограничений не обнаружено;Реутове;бензин, 2.0 л;143 л.с., налог;автомат;задний;хэтчбек 5 дв.;коричневый;222 000 км;левый;1 поколение, рестайлинг;;;
BMW;5-Series;2009;950000;https://auto.drom.ru/moscow/bmw/5-series/52436206.html;Характеристики совпадают с ПТС;8 записей о регистрации;Не числится в розыске;Ограничений не обнаружено;Москве;бензин, 3.0 л;218 л.с., налог;АКПП;4WD;седан;серый;242 000 км;левый;5 поколение, рестайлинг;525i AT xDrive;;
BMW;X5;2009;2450000;https://auto.drom.ru/moscow/bmw/x5/430358032.html;Характеристики совпадают с ПТС;4 записи о регистрации;Не числится в розыске;Ограничений не обнаружено;Москве;дизель, 3.0 л;235 л.с., налог;АКПП;4WD;;черный;350 000 км;левый;2 поколение;xDrive 30d AT;;
BMW;5-Series;2009;1011892;https://auto.drom.ru/minsk/bmw/5-series/787636848.html;;;;;Минске;дизель, 2.0 л;163 л.с., налог;механика;задний;универсал;серый;344 000 км;левый;5 поколение, рестайлинг;520d MT Edition Fleet;;
BMW;5-Series;2009;1610000;https://auto.drom.ru/moscow/bmw/5-series/53999641.html;Характеристики совпадают с ПТС;2 записи о регистрации;Не числится в розыске;Ограничений не обнаружено;Москве;дизель, 2.0 л;177 л.с., налог;АКПП;задний;седан;черный;295 600 км;левый;5 поколение, рестайлинг;;;
BMW;7-Series;2009;1520000;https://auto.drom.ru/moscow/bmw/7-series/53684413.html;Характеристики совпадают с ПТС;4 записи о регистрации;Не числится в розыске;Ограничений не обнаружено;Москве;бензин, 4.4 л;407 л.с., налог;АКПП;4WD;;черный;130 000 км;левый;5 поколение;750Li AT xDrive Базовая;;
BMW;X1;2009;1415000;https://auto.drom.ru/yoshkar-ola/bmw/x1/336070271.html;Характеристики совпадают с ПТС;4 записи о регистрации;Не числится в розыске;Ограничений не обнаружено;Йошкар-Оле;дизель, 2.0 л;177 л.с., налог;АКПП;4WD;;красный;288 611 км;левый;1 поколение;;;
BMW;3-Series;2009;1250000;https://auto.drom.ru/korolev/bmw/3-series/758773219.html;Характеристики совпадают с ПТС;5 записей о регистрации;Не числится в розыске;Ограничений не обнаружено;Королёве;бензин, 2.0 л;136 л.с., налог;АКПП;задний;седан;голубой;216 513 км;левый;5 поколение, рестайлинг;318i AT Базовая;;
BMW;3-Series;2009;970000;https://auto.drom.ru/moscow/bmw/3-series/53635574.html;Характеристики совпадают с ПТС;5 записей о регистрации;Не числится в розыске;Ограничений не обнаружено;Москве;бензин, 2.0 л;136 л.с., налог;АКПП;задний;седан;серый;195 125 км;левый;5 поколение, рестайлинг;;;
BMW;X5;2009;1980000;https://auto.drom.ru/moscow/bmw/x5/51984497.html;;;;;Москве;бензин, 3.0 л;;автомат;4WD;;черный;99 000 км;левый;2 поколение;;;
BMW;3-Series;2009;1190000;https://auto.drom.ru/moscow/bmw/3-series/886093745.html;Характеристики совпадают с ПТС;3 записи о регистрации;Не числится в розыске;Ограничений не обнаружено;Москве;дизель, 2.0 л;184 л.с., налог;АКПП;задний;универсал;серый;276 500 км;левый;5 поколение, рестайлинг;;;
BMW;X5;2009;1658763;https://auto.drom.ru/minsk/bmw/x5/52843426.html;;;;;Минске;дизель, 3.0 л;235 л.с., налог;АКПП;4WD;;серебристый;430 000 км;левый;2 поколение;xDrive 30d AT;;
BMW;X5;2009;2500000;https://auto.drom.ru/spb/bmw/x5/53975461.html;Характеристики совпадают с ПТС;5 записей о регистрации;Не числится в розыске;Ограничений не обнаружено;Санкт-Петербурге;дизель, 3.0 л;286 л.с., налог;АКПП;4WD;;белый;190 000 км;левый;2 поколение;xDrive 35d AT Base;;
BMW;X5;2009;1405000;https://auto.drom.ru/spb/bmw/x5/53684220.html;Цвет не совпадает с ПТС;4 записи о регистрации;Не числится в розыске;Ограничений не обнаружено;Санкт-Петербурге;бензин, 4.8 л;355 л.с., налог;АКПП;4WD;;коричневый;230 000 км;левый;2 поколение;;;
BMW;X6;2009;1885168;https://auto.drom.ru/minsk/bmw/x6/53605885.html;;;;;Минске;дизель, 3.0 л;235 л.с., налог;АКПП;4WD;;бордовый;267 000 км;левый;1 поколение;xDrive 30d AT;;
BMW;3-Series;2009;1150000;https://auto.drom.ru/moscow/bmw/3-series/53654721.html;Характеристики совпадают с ПТС;9 записей о регистрации;Не числится в розыске;Ограничений не обнаружено;Москве;бензин, 2.0 л;156 л.с., налог;АКПП;задний;седан;черный;268 000 км;левый;5 поколение, рестайлинг;320i AT Базовая;;
BMW;3-Series;2009;954789;https://auto.drom.ru/spb/bmw/3-series/53599082.html;Характеристики совпадают с ПТС;4 записи о регистрации;Не числится в розыске;Ограничений не обнаружено;Санкт-Петербурге;бензин, 2.0 л;156 л.с., налог;АКПП;задний;седан;красный;207 278 км;левый;5 поколение, рестайлинг;;;
BMW;3-Series;2009;849000;https://auto.drom.ru/spb/bmw/3-series/178222850.html;Характеристики совпадают с ПТС;5 записей о регистрации;Не числится в розыске;Ограничений не обнаружено;Санкт-Петербурге;бензин, 2.0 л;156 л.с., налог;АКПП;задний;седан;белый;202 000 км;левый;5 поколение, рестайлинг;;;
BMW;X3;2009;1119000;https://auto.drom.ru/moscow/bmw/x3/936685303.html;Характеристики совпадают с ПТС;1 запись о регистрации;Не числится в розыске;Ограничений не обнаружено;Москве;дизель, 2.0 л;177 л.с., налог;АКПП;4WD;;черный;184 980 км;левый;1 поколение, рестайлинг;;;
BMW;X5;2009;2000000;https://auto.drom.ru/mytishchi/bmw/x5/624101607.html;Характеристики совпадают с ПТС;3 записи о регистрации;Не числится в розыске;Ограничений не обнаружено;Мытищах;дизель, 3.0 л;286 л.с., налог;АКПП;4WD;;белый;233 000 км;левый;2 поколение;xDrive 35d AT;;
BMW;X6;2009;1919000;https://auto.drom.ru/spb/bmw/x6/53958996.html;Характеристики совпадают с ПТС;4 записи о регистрации;Не числится в розыске;Ограничений не обнаружено;Санкт-Петербурге;дизель, 3.0 л;235 л.с., налог;АКПП;4WD;;черный;213 000 км;левый;1 поколение;xDrive 30d AT;;
BMW;X5;2009;1700000;https://auto.drom.ru/tula/bmw/x5/53613537.html;Характеристики совпадают с ПТС;11 записей о регистрации;Не числится в розыске;Ограничений не обнаружено;Туле;дизель, 3.0 л;286 л.с., налог;АКПП;4WD;;черный;374 000 км;левый;2 поколение;;;
BMW;X6;2009;1920000;https://auto.drom.ru/moscow/bmw/x6/52329261.html;Характеристики совпадают с ПТС;6 записей о регистрации;Не числится в розыске;Ограничений не обнаружено;Москве;бензин, 4.4 л;407 л.с., налог;АКПП;4WD;;белый;160 000 км;левый;1 поколение;xDrive 50i AT;;
BMW;3-Series;2009;1150000;https://auto.drom.ru/moscow/bmw/3-series/50696584.html;Характеристики совпадают с ПТС;5 записей о регистрации;Не числится в розыске;Ограничений не обнаружено;Москве;бензин, 2.0 л;136 л.с., налог;АКПП;задний;седан;серый;220 000 км;левый;5 поколение, рестайлинг;318i AT Базовая;;
BMW;X5;2009;1600000;https://auto.drom.ru/spb/bmw/x5/597285899.html;Характеристики совпадают с ПТС;5 записей о регистрации;Не числится в розыске;Ограничений не обнаружено;Санкт-Петербурге;бензин, 3.0 л;272 л.с., налог;АКПП;4WD;;черный;200 000 км;левый;2 поколение;xDrive 30i AT Base;;
BMW;X6;2009;2090000;https://auto.drom.ru/moscow/bmw/x6/53955336.html;Характеристики совпадают с ПТС;2 записи о регистрации;Не числится в розыске;Ограничений не обнаружено;Москве;дизель, 3.0 л;235 л.с., налог;АКПП;4WD;;белый;253 033 км;левый;1 поколение;xDrive 30d AT;;
BMW;1-Series;2009;980000;https://auto.drom.ru/tambov/bmw/1-series/53603097.html;Характеристики совпадают с ПТС;6 записей о регистрации;Не числится в розыске;Ограничений не обнаружено;Тамбове;бензин, 1.6 л;116 л.с., налог;АКПП;задний;хэтчбек 5 дв.;черный;200 000 км;левый;1 поколение, рестайлинг;116i AT Base;;
BMW;3-Series;2009;1350000;https://auto.drom.ru/moscow/bmw/3-series/103792549.html;Характеристики совпадают с ПТС;3 записи о регистрации;Не числится в розыске;Ограничений не обнаружено;Москве;бензин, 2.0 л;156 л.с., налог;АКПП;задний;купе;красный;198 000 км;левый;5 поколение;320i AT;;
BMW;X6;2009;2550000;https://auto.drom.ru/moscow/bmw/x6/706735757.html;Характеристики совпадают с ПТС;1 запись о регистрации;Не числится в розыске;Есть ограничения;Москве;бензин, 4.4 л;407 л.с., налог;АКПП;4WD;;красный;55 000 км;левый;1 поколение;xDrive 50i AT;;
BMW;3-Series;2009;995000;https://auto.drom.ru/moscow/bmw/3-series/210802714.html;Характеристики совпадают с ПТС;9 записей о регистрации;Не числится в розыске;Ограничений не обнаружено;Москве;бензин, 2.5 л;218 л.с., налог;АКПП;задний;седан;серый;200 000 км;левый;5 поколение, рестайлинг;325i AT Business;;
BMW;5-Series;2009;1035000;https://auto.drom.ru/spb/bmw/5-series/53936581.html;Характеристики совпадают с ПТС;5 записей о регистрации;Не числится в розыске;Ограничений не обнаружено;Санкт-Петербурге;бензин, 2.5 л;218 л.с., налог;АКПП;задний;седан;серый;100 000 км;левый;5 поколение, рестайлинг;525i AT;;
BMW;3-Series;2009;1100000;https://auto.drom.ru/moscow/bmw/3-series/110566100.html;Характеристики совпадают с ПТС;6 записей о регистрации;Не числится в розыске;Ограничений не обнаружено;Москве;бензин, 2.0 л;156 л.с., налог;АКПП;задний;седан;синий;270 000 км;левый;5 поколение, рестайлинг;;;
BMW;X3;2009;1550000;https://auto.drom.ru/spb/bmw/x3/53924754.html;Характеристики совпадают с ПТС;4 записи о регистрации;Не числится в розыске;Ограничений не обнаружено;Санкт-Петербурге;дизель, 3.0 л;286 л.с., налог;АКПП;4WD;;черный;350 000 км;левый;1 поколение, рестайлинг;xDrive 35d AT;;
BMW;5-Series Gran Turismo;2009;1644400;https://auto.drom.ru/voronezh/bmw/5-series_gran_turismo/749725056.html;Характеристики совпадают с ПТС;10 записей о регистрации;Не числится в розыске;Ограничений не обнаружено;Воронеже;бензин, 3.0 л;306 л.с., налог;АКПП;задний;;серый;210 444 км;левый;6 поколение;535i AT;;
BMW;X5;2009;3050000;https://auto.drom.ru/donetsk/bmw/x5/527946846.html;Характеристики совпадают с ПТС;1 запись о регистрации;Не числится в розыске;Ограничений не обнаружено;Донецке;бензин, 3.0 л;272 л.с., налог;АКПП;4WD;;серебристый;26 000 км;левый;2 поколение;;;
BMW;3-Series;2009;1200000;https://auto.drom.ru/moscow/bmw/3-series/192850625.html;Характеристики совпадают с ПТС;8 записей о регистрации;Не числится в розыске;Ограничений не обнаружено;Москве;бензин, 2.0 л;156 л.с., налог;АКПП;задний;седан;черный;290 000 км;левый;5 поколение, рестайлинг;320i AT Business Plus;;
BMW;X5;2009;1497000;https://auto.drom.ru/moscow/bmw/x5/52693699.html;Характеристики совпадают с ПТС;4 записи о регистрации;Не числится в розыске;Ограничений не обнаружено;Москве;бензин, 3.0 л;272 л.с., налог;АКПП;4WD;;белый;226 000 км;левый;2 поколение;xDrive 30i AT Base;;
BMW;3-Series;2009;970000;https://auto.drom.ru/moscow/bmw/3-series/444503781.html;Характеристики совпадают с ПТС;3 записи о регистрации;Не числится в розыске;Ограничений не обнаружено;Москве;бензин, 2.0 л;136 л.с., налог;АКПП;задний;седан;серый;282 500 км;левый;5 поколение, рестайлинг;318i AT Базовая;;
BMW;X6;2009;2000000;https://auto.drom.ru/vologda/bmw/x6/53905473.html;Год не совпадает с ПТС;4 записи о регистрации;Не числится в розыске;Ограничений не обнаружено;Вологде;дизель, 3.0 л;286 л.с., налог;АКПП;4WD;;белый;172 000 км;левый;1 поколение;;;
BMW;X6;2009;1600000;https://auto.drom.ru/nizhniy-novgorod/bmw/x6/624760549.html;Характеристики совпадают с ПТС;7 записей о регистрации;Не числится в розыске;Ограничений не обнаружено;Нижнем Новгороде;бензин, 3.0 л;306 л.с., налог;АКПП;4WD;;синий;220 000 км;левый;1 поколение;xDrive 35i AT;;
BMW;7-Series;2009;1300000;https://auto.drom.ru/kaluga/bmw/7-series/53118367.html;Характеристики совпадают с ПТС;14 записей о регистрации;Не числится в розыске;Ограничений не обнаружено;Калуге;бензин, 4.4 л;407 л.с., налог;АКПП;задний;;белый;;левый;5 поколение;750Li AT Базовая;;
BMW;3-Series;2009;1000000;https://auto.drom.ru/volgograd/bmw/3-series/573238385.html;Год не совпадает с ПТС;8 записей о регистрации;Не числится в розыске;Ограничений не обнаружено;Волгограде;бензин, 2.0 л;156 л.с., налог;АКПП;задний;седан;черный;313 000 км;левый;5 поколение, рестайлинг;;;
BMW;X6;2009;1500000;https://auto.drom.ru/nizhniy-novgorod/bmw/x6/53892361.html;;;;;Нижнем Новгороде;бензин, 3.0 л;306 л.с., налог;АКПП;4WD;;синий;145 000 км;левый;1 поколение;xDrive 35i AT;;
BMW;3-Series;2009;1550000;https://auto.drom.ru/spb/bmw/3-series/53118219.html;Характеристики совпадают с ПТС;1 запись о регистрации;Не числится в розыске;Ограничений не обнаружено;Санкт-Петербурге;бензин, 3.0 л;234 л.с., налог;автомат;4WD;седан;серый;170 000 км;левый;5 поколение, рестайлинг;;;
BMW;1-Series;2009;950000;https://auto.drom.ru/smolensk/bmw/1-series/52221147.html;Характеристики совпадают с ПТС;1 запись о регистрации;Не числится в розыске;Ограничений не обнаружено;Смоленске;бензин, 2.0 л;143 л.с., налог;механика;задний;открытый;черный;300 000 км;левый;1 поколение, рестайлинг;118i MT;;
BMW;5-Series;2009;1170000;https://auto.drom.ru/spb/bmw/5-series/673231428.html;Характеристики совпадают с ПТС;4 записи о регистрации;Не числится в розыске;Ограничений не обнаружено;Санкт-Петербурге;бензин, 2.5 л;218 л.с., налог;АКПП;задний;седан;серый;196 087 км;левый;5 поколение, рестайлинг;525i AT;;
BMW;7-Series;2009;1550000;https://auto.drom.ru/moscow/bmw/7-series/53888031.html;Характеристики совпадают с ПТС;9 записей о регистрации;Не числится в розыске;Ограничений не обнаружено;Москве;дизель, 3.0 л;245 л.с., налог;АКПП;задний;;черный;265 000 км;левый;5 поколение;730d AT;;
BMW;3-Series;2009;1300000;https://auto.drom.ru/kazan/bmw/3-series/53881663.html;Характеристики совпадают с ПТС;9 записей о регистрации;Не числится в розыске;Ограничений не обнаружено;Казани;дизель, 2.0 л;143 л.с., налог;механика;задний;седан;черный;185 000 км;левый;5 поколение, рестайлинг;318d MT;;
BMW;1-Series;2009;730000;https://auto.drom.ru/togliatti/bmw/1-series/53521779.html;Характеристики совпадают с ПТС;4 записи о регистрации;Не числится в розыске;Ограничений не обнаружено;Тольятти;бензин, 1.6 л;116 л.с., налог;АКПП;задний;хэтчбек 5 дв.;белый;183 000 км;левый;1 поколение, рестайлинг;116i AT Base;;
BMW;X3;2009;1100000;https://auto.drom.ru/spb/bmw/x3/54154949.html;Характеристики совпадают с ПТС;;Не числится в розыске;Ограничений не обнаружено;Санкт-Петербурге;бензин, 2.5 л;218 л.с., налог;АКПП;4WD;;черный;170 000 км;левый;1 поколение, рестайлинг;xDrive25i AT;;
BMW;1-Series;2009;950000;https://auto.drom.ru/moscow/bmw/1-series/54154914.html;Характеристики совпадают с ПТС;4 записи о регистрации;Не числится в розыске;Ограничений не обнаружено;Москве;бензин, 1.6 л;116 л.с., налог;АКПП;задний;хэтчбек 5 дв.;белый;161 295 км;левый;1 поколение, рестайлинг;116i AT Base;;
BMW;1-Series;2009;888000;https://auto.drom.ru/orehovo-zuevo/bmw/1-series/54147256.html;Характеристики совпадают с ПТС;6 записей о регистрации;Не числится в розыске;Ограничений не обнаружено;Орехово-Зуево;бензин, 1.6 л;115 л.с., налог;автомат;задний;хэтчбек 5 дв.;белый;209 791 км;левый;;;;
BMW;X5;2009;1750000;https://auto.drom.ru/spb/bmw/x5/53864713.html;Характеристики совпадают с ПТС;4 записи о регистрации;Не числится в розыске;Ограничений не обнаружено;Санкт-Петербурге;дизель, 3.0 л;286 л.с., налог;АКПП;4WD;;черный;232 400 км;левый;2 поколение;;;
BMW;X5;2009;1750000;https://auto.drom.ru/moscow/bmw/x5/53862171.html;Характеристики совпадают с ПТС;4 записи о регистрации;Не числится в розыске;Ограничений не обнаружено;Москве;бензин, 3.0 л;264 л.с., налог;АКПП;4WD;;белый;224 000 км;левый;2 поколение;xDrive 30i AT;;
BMW;X5;2010;2250000;https://auto.drom.ru/ulyanovsk/bmw/x5/53493709.html;Характеристики совпадают с ПТС;16 записей о регистрации;Не числится в розыске;Ограничений не обнаружено;Ульяновске;бензин, 4.4 л;555 л.с., налог;АКПП;4WD;;синий;40 000 км;левый;2 поколение, рестайлинг;М;;
BMW;X5;2010;2450000;https://auto.drom.ru/donetsk/bmw/x5/53009326.html;;;;;Донецке;дизель, 3.0 л;245 л.с., налог;АКПП;4WD;;серебристый;295 000 км;левый;2 поколение, рестайлинг;;;
BMW;5-Series;2010;1799000;https://auto.drom.ru/kolomna/bmw/5-series/185914699.html;Характеристики совпадают с ПТС;3 записи о регистрации;Не числится в розыске;Ограничений не обнаружено;Коломне;бензин, 2.5 л;204 л.с., налог;АКПП;задний;седан;белый;158 000 км;левый;6 поколение;523i АT Базовая;;
BMW;X1;2010;1199000;https://auto.drom.ru/saransk/bmw/x1/250078347.html;Характеристики совпадают с ПТС;5 записей о регистрации;Не числится в розыске;Ограничений не обнаружено;Саранске;бензин, 2.0 л;150 л.с., налог;АКПП;задний;;коричневый;167 000 км;левый;1 поколение;;;
BMW;5-Series;2010;1850000;https://auto.drom.ru/moscow/bmw/5-series/54144695.html;Характеристики совпадают с ПТС;4 записи о регистрации;Не числится в розыске;Ограничений не обнаружено;Москве;бензин, 2.5 л;204 л.с., налог;АКПП;задний;седан;белый;100 360 км;левый;6 поколение;523i АT Базовая;;
BMW;X6;2010;1470000;https://auto.drom.ru/nizhniy-novgorod/bmw/x6/215263848.html;Характеристики совпадают с ПТС;7 записей о регистрации;Не числится в розыске;Ограничений не обнаружено;Нижнем Новгороде;бензин, 4.4 л;407 л.с., налог;АКПП;4WD;;синий;;левый;1 поколение;;;
BMW;5-Series Gran Turismo;2010;2180000;https://auto.drom.ru/moscow/bmw/5-series_gran_turismo/947614677.html;Характеристики совпадают с ПТС;4 записи о регистрации;Не числится в розыске;Ограничений не обнаружено;Москве;дизель, 3.0 л;245 л.с., налог;АКПП;4WD;;белый;135 280 км;левый;6 поколение;;;
BMW;5-Series;2010;1850000;https://auto.drom.ru/moscow/bmw/5-series/466872500.html;Характеристики совпадают с ПТС;3 записи о регистрации;Не числится в розыске;Ограничений не обнаружено;Москве;бензин, 3.0 л;258 л.с., налог;АКПП;задний;седан;бежевый;214 000 км;левый;6 поколение;528i AT;;
BMW;X5;2010;2200000;https://auto.drom.ru/engels/bmw/x5/54134279.html;;;;;Энгельсе;бензин, 3.0 л;300 л.с., налог;АКПП;4WD;;;;левый;2 поколение, рестайлинг;;;
BMW;3-Series;2010;1149900;https://auto.drom.ru/voronezh/bmw/3-series/656047842.html;Характеристики совпадают с ПТС;7 записей о регистрации;Не числится в розыске;Ограничений не обнаружено;Воронеже;бензин, 2.0 л;156 л.с., налог;АКПП;задний;седан;черный;229 994 км;левый;5 поколение, рестайлинг;;;
BMW;1-Series;2010;1300000;https://auto.drom.ru/tver/bmw/1-series/54129998.html;Характеристики совпадают с ПТС;1 запись о регистрации;Не числится в розыске;Ограничений не обнаружено;Твери;бензин, 1.6 л;116 л.с., налог;АКПП;задний;хэтчбек 5 дв.;белый;138 100 км;левый;1 поколение, рестайлинг;116i AT Base;;
BMW;1-Series;2010;980000;https://auto.drom.ru/moscow/bmw/1-series/54123310.html;Характеристики совпадают с ПТС;2 записи о регистрации;Не числится в розыске;Ограничений не обнаружено;Москве;бензин, 2.0 л;136 л.с., налог;АКПП;задний;хэтчбек 5 дв.;белый;149 428 км;левый;1 поколение, рестайлинг;118i AT Base;;
BMW;X6;2010;1950000;https://auto.drom.ru/moscow/bmw/x6/52560472.html;Характеристики совпадают с ПТС;7 записей о регистрации;Не числится в розыске;Ограничений не обнаружено;Москве;бензин, 3.0 л;306 л.с., налог;АКПП;4WD;;белый;222 000 км;левый;1 поколение;;;
BMW;5-Series;2010;1450000;https://auto.drom.ru/moscow/bmw/5-series/54122605.html;Характеристики совпадают с ПТС;3 записи о регистрации;Не числится в розыске;Ограничений не обнаружено;Москве;бензин, 2.5 л;204 л.с., налог;АКПП;задний;седан;золотистый;210 000 км;левый;6 поколение;523i АT Базовая;;
BMW;X6;2010;2204000;https://auto.drom.ru/kazan/bmw/x6/52761666.html;Характеристики совпадают с ПТС;8 записей о регистрации;Не числится в розыске;Ограничений не обнаружено;Казани;дизель, 3.0 л;235 л.с., налог;АКПП;4WD;;синий;188 683 км;левый;1 поколение;xDrive 30d AT;;
BMW;X6;2010;3050000;https://auto.drom.ru/moscow/bmw/x6/28177221.html;Характеристики совпадают с ПТС;4 записи о регистрации;Не числится в розыске;Ограничений не обнаружено;Москве;бензин, 4.4 л;555 л.с., налог;АКПП;4WD;;черный;128 000 км;левый;1 поколение;M;;
BMW;X1;2010;1420000;https://auto.drom.ru/moscow/bmw/x1/837538960.html;Характеристики совпадают с ПТС;3 записи о регистрации;Не числится в розыске;Ограничений не обнаружено;Москве;дизель, 2.0 л;177 л.с., налог;АКПП;4WD;;белый;214 182 км;левый;1 поколение;;;
BMW;X5;2010;1968000;https://auto.drom.ru/moscow/bmw/x5/53695962.html;Характеристики совпадают с ПТС;3 записи о регистрации;Не числится в розыске;Ограничений не обнаружено;Москве;дизель, 3.0 л;286 л.с., налог;АКПП;4WD;;коричневый;197 512 км;левый;2 поколение;;;
BMW;X5;2010;2170000;https://auto.drom.ru/kursk/bmw/x5/826526076.html;Объем двигателя не совпадает с ПТС;6 записей о регистрации;Не числится в розыске;Ограничений не обнаружено;Курске;дизель, 3.5 л;269 л.с., налог;автомат;4WD;;серебристый;257 000 км;левый;2 поколение, рестайлинг;;;
BMW;X5;2010;2999999;https://auto.drom.ru/spb/bmw/x5/54107362.html;Характеристики совпадают с ПТС;2 записи о регистрации;Не числится в розыске;Ограничений не обнаружено;Санкт-Петербурге;дизель, 3.0 л;245 л.с., налог;АКПП;4WD;;коричневый;112 221 км;левый;2 поколение, рестайлинг;;;
BMW;3-Series;2010;1170000;https://auto.drom.ru/kaluga/bmw/3-series/54105706.html;Характеристики совпадают с ПТС;5 записей о регистрации;Не числится в розыске;Ограничений не обнаружено;Калуге;бензин, 2.0 л;136 л.с., налог;АКПП;задний;седан;черный;138 500 км;левый;5 поколение, рестайлинг;318i AT Базовая;;
BMW;X6;2010;2079000;https://auto.drom.ru/spb/bmw/x6/54104134.html;Характеристики совпадают с ПТС;11 записей о регистрации;Не числится в розыске;Ограничений не обнаружено;Санкт-Петербурге;дизель, 3.0 л;245 л.с., налог;АКПП;4WD;;черный;208 000 км;левый;1 поколение;;;
BMW;X3;2010;1410000;https://auto.drom.ru/moscow/bmw/x3/54099606.html;Характеристики совпадают с ПТС;4 записи о регистрации;Не числится в розыске;Ограничений не обнаружено;Москве;бензин, 3.0 л;306 л.с., налог;АКПП;4WD;;коричневый;200 497 км;левый;2 поколение;;;
BMW;X5;2010;2720000;https://auto.drom.ru/spb/bmw/x5/147329362.html;Характеристики совпадают с ПТС;1 запись о регистрации;Не числится в розыске;Ограничений не обнаружено;Санкт-Петербурге;дизель, 3.0 л;245 л.с., налог;АКПП;4WD;;коричневый;244 000 км;левый;2 поколение, рестайлинг;xDrive 30d AT Специальная серия;;
BMW;1-Series;2010;850000;https://auto.drom.ru/cherepovets/bmw/1-series/50880089.html;Характеристики совпадают с ПТС;3 записи о регистрации;Не числится в розыске;Есть ограничения;Череповце;бензин, 1.6 л;116 л.с., налог;АКПП;задний;хэтчбек 5 дв.;черный;210 000 км;левый;1 поколение, рестайлинг;116i AT Base;;
BMW;5-Series;2010;1399000;https://auto.drom.ru/moscow/bmw/5-series/54094756.html;Характеристики совпадают с ПТС;6 записей о регистрации;Не числится в розыске;Ограничений не обнаружено;Москве;бензин, 2.5 л;204 л.с., налог;АКПП;задний;седан;черный;245 711 км;левый;6 поколение;523i АT Базовая;;
BMW;5-Series Gran Turismo;2010;1840000;https://auto.drom.ru/spb/bmw/5-series_gran_turismo/53802849.html;Характеристики совпадают с ПТС;4 записи о регистрации;Не числится в розыске;Ограничений не обнаружено;Санкт-Петербурге;дизель, 3.0 л;245 л.с., налог;АКПП;задний;;черный;258 000 км;левый;6 поколение;;;
BMW;5-Series;2010;1431000;https://auto.drom.ru/spb/bmw/5-series/53434740.html;Характеристики совпадают с ПТС;6 записей о регистрации;Не числится в розыске;Ограничений не обнаружено;Санкт-Петербурге;бензин, 2.5 л;204 л.с., налог;АКПП;задний;седан;синий;190 918 км;левый;6 поколение;523i АT Базовая;;
BMW;5-Series Gran Turismo;2010;2150000;https://auto.drom.ru/moscow/bmw/5-series_gran_turismo/53429527.html;Модель не совпадает с ПТС;4 записи о регистрации;Не числится в розыске;Ограничений не обнаружено;Москве;дизель, 3.0 л;245 л.с., налог;АКПП;задний;;серый;242 000 км;левый;6 поколение;530d AT;;
BMW;1-Series;2010;800000;https://auto.drom.ru/tambov/bmw/1-series/358334169.html;Характеристики совпадают с ПТС;6 записей о регистрации;Не числится в розыске;Ограничений не обнаружено;Тамбове;бензин, 1.6 л;115 л.с., налог;автомат;задний;хэтчбек 5 дв.;черный;181 000 км;левый;;;;
BMW;1-Series;2010;920000;https://auto.drom.ru/moscow/bmw/1-series/53408475.html;Характеристики совпадают с ПТС;6 записей о регистрации;Не числится в розыске;Ограничений не обнаружено;Москве;бензин, 2.0 л;136 л.с., налог;АКПП;задний;хэтчбек 5 дв.;белый;130 220 км;левый;1 поколение, рестайлинг;118i AT Base;;
BMW;3-Series;2010;1150000;https://auto.drom.ru/ryazan/bmw/3-series/50862265.html;Характеристики совпадают с ПТС;3 записи о регистрации;Не числится в розыске;Ограничений не обнаружено;Рязани;бензин, 2.0 л;136 л.с., налог;АКПП;задний;седан;белый;145 000 км;левый;5 поколение, рестайлинг;318i AT Базовая;;
BMW;X5;2010;2171640;https://auto.drom.ru/minsk/bmw/x5/54084536.html;;;;;Минске;дизель, 3.0 л;265 л.с., налог;АКПП;4WD;;черный;287 000 км;левый;2 поколение, рестайлинг;xDrive 35d AT;;
BMW;5-Series;2010;2150000;https://auto.drom.ru/moscow/bmw/5-series/54078827.html;Характеристики совпадают с ПТС;7 записей о регистрации;Не числится в розыске;Ограничений не обнаружено;Москве;бензин, 3.0 л;258 л.с., налог;АКПП;задний;седан;черный;205 000 км;левый;6 поколение;528i AT;;
BMW;1-Series;2010;930000;https://auto.drom.ru/tver/bmw/1-series/275572628.html;Характеристики совпадают с ПТС;6 записей о регистрации;Не числится в розыске;Ограничений не обнаружено;Твери;бензин, 2.0 л;136 л.с., налог;АКПП;задний;хэтчбек 5 дв.;белый;148 000 км;левый;1 поколение, рестайлинг;118i AT Base;;
BMW;X5;2010;2400000;https://auto.drom.ru/moscow/bmw/x5/48825419.html;Характеристики совпадают с ПТС;6 записей о регистрации;Не числится в розыске;Есть ограничения;Москве;бензин, 4.4 л;407 л.с., налог;АКПП;4WD;;черный;180 000 км;левый;2 поколение, рестайлинг;xDrive 50i AT;;
BMW;X6;2010;2000000;https://auto.drom.ru/mihnevo/bmw/x6/54070875.html;Мощность двигателя не совпадает с ПТС;1 запись о регистрации;Не числится в розыске;Ограничений не обнаружено;Михнево;бензин, 3.0 л;306 л.с., налог;АКПП;4WD;;черный;160 000 км;левый;1 поколение;;;
BMW;7-Series;2010;983130;https://auto.drom.ru/kazan/bmw/7-series/54069977.html;Характеристики совпадают с ПТС;6 записей о регистрации;Не числится в розыске;Ограничений не обнаружено;Казани;бензин, 4.4 л;407 л.с., налог;АКПП;4WD;;черный;214 839 км;левый;5 поколение;;;
BMW;X6;2010;1912000;https://auto.drom.ru/moscow/bmw/x6/53780377.html;Характеристики совпадают с ПТС;1 запись о регистрации;Не числится в розыске;Ограничений не обнаружено;Москве;бензин, 4.4 л;555 л.с., налог;АКПП;4WD;;красный;141 227 км;левый;1 поколение;;;
BMW;X5;2010;2450000;https://auto.drom.ru/moscow/bmw/x5/52790101.html;Характеристики совпадают с ПТС;3 записи о регистрации;Не числится в розыске;Ограничений не обнаружено;Москве;дизель, 3.0 л;245 л.с., налог;АКПП;4WD;;черный;315 000 км;левый;2 поколение, рестайлинг;xDrive 30d AT Luxury;;
BMW;5-Series;2010;1249000;https://auto.drom.ru/himki/bmw/5-series/419017820.html;Характеристики совпадают с ПТС;3 записи о регистрации;Не числится в розыске;Ограничений не обнаружено;Химках;бензин, 2.5 л;204 л.с., налог;АКПП;задний;седан;бежевый;216 000 км;левый;6 поколение;523i АT Базовая;;
BMW;X5;2010;1680000;https://auto.drom.ru/penza/bmw/x5/653287077.html;Характеристики совпадают с ПТС;5 записей о регистрации;Не числится в розыске;Ограничений не обнаружено;Пензе;бензин, 3.0 л;306 л.с., налог;АКПП;4WD;;белый;190 000 км;левый;2 поколение, рестайлинг;xDrive 35i AT Luxury;;
BMW;5-Series;2010;1800000;https://auto.drom.ru/spb/bmw/5-series/53779184.html;Характеристики совпадают с ПТС;3 записи о регистрации;Не числится в розыске;Ограничений не обнаружено;Санкт-Петербурге;бензин, 3.0 л;306 л.с., налог;АКПП;задний;седан;черный;325 000 км;левый;6 поколение;535i AT;;
BMW;X5;2010;3200000;https://auto.drom.ru/moscow/bmw/x5/52502857.html;Характеристики совпадают с ПТС;2 записи о регистрации;Не числится в розыске;Ограничений не обнаружено;Москве;бензин, 4.4 л;555 л.с., налог;АКПП;4WD;;синий;97 000 км;левый;2 поколение, рестайлинг;;;
BMW;X5;2010;2400000;https://auto.drom.ru/shebekino/bmw/x5/585168779.html;Характеристики совпадают с ПТС;5 записей о регистрации;Не числится в розыске;Есть ограничения;Шебекино;бензин, 3.0 л;306 л.с., налог;АКПП;4WD;;черный;256 452 км;левый;2 поколение, рестайлинг;;;
BMW;X6;2010;2400000;https://auto.drom.ru/voronezh/bmw/x6/53315367.html;Характеристики совпадают с ПТС;1 запись о регистрации;Не числится в розыске;Есть ограничения;Воронеже;дизель, 3.0 л;306 л.с., налог;АКПП;4WD;;черный;144 444 км;левый;1 поколение;xDrive 40d AT;;
BMW;X6;2010;1369789;https://auto.drom.ru/spb/bmw/x6/262373868.html;Характеристики совпадают с ПТС;7 записей о регистрации;Не числится в розыске;Ограничений не обнаружено;Санкт-Петербурге;бензин, 3.0 л;306 л.с., налог;АКПП;4WD;;синий;236 492 км;левый;1 поколение;;;
BMW;1-Series;2010;950000;https://auto.drom.ru/nizhniy-novgorod/bmw/1-series/54044665.html;Характеристики совпадают с ПТС;5 записей о регистрации;Не числится в розыске;Ограничений не обнаружено;Нижнем Новгороде;бензин, 1.6 л;116 л.с., налог;АКПП;задний;хэтчбек 5 дв.;белый;251 912 км;левый;1 поколение, рестайлинг;116i AT Base;;
BMW;X5;2010;2090000;https://auto.drom.ru/moscow/bmw/x5/52480837.html;Характеристики совпадают с ПТС;4 записи о регистрации;Не числится в розыске;Ограничений не обнаружено;Москве;бензин, 4.8 л;355 л.с., налог;автомат;4WD;;черный;178 000 км;левый;2 поколение, рестайлинг;;;
BMW;3-Series;2010;1100000;https://auto.drom.ru/moscow/bmw/3-series/54030594.html;Характеристики совпадают с ПТС;5 записей о регистрации;Не числится в розыске;Ограничений не обнаружено;Москве;бензин, 2.0 л;156 л.с., налог;АКПП;задний;седан;черный;260 000 км;левый;5 поколение, рестайлинг;;;
BMW;3-Series;2010;1280000;https://auto.drom.ru/stupino/bmw/3-series/54026814.html;;;;;Ступино;бензин, 2.0 л;136 л.с., налог;АКПП;задний;седан;синий;240 000 км;левый;5 поколение, рестайлинг;;;
BMW;3-Series;2010;1185000;https://auto.drom.ru/kirzhach/bmw/3-series/53351582.html;;;;;Киржаче;бензин, 2.5 л;218 л.с., налог;АКПП;задний;седан;белый;205 000 км;левый;5 поколение, рестайлинг;;;
BMW;3-Series;2010;1235000;https://auto.drom.ru/voronezh/bmw/3-series/48788176.html;Характеристики совпадают с ПТС;11 записей о регистрации;Не числится в розыске;Есть ограничения;Воронеже;бензин, 2.5 л;218 л.с., налог;АКПП;задний;купе;белый;177 000 км;левый;5 поколение;325i AT;;
BMW;7-Series;2010;1385000;https://auto.drom.ru/moscow/bmw/7-series/940434039.html;Характеристики совпадают с ПТС;7 записей о регистрации;Не числится в розыске;Ограничений не обнаружено;Москве;бензин, 4.4 л;407 л.с., налог;АКПП;4WD;;черный;241 352 км;левый;5 поколение;;;
BMW;1-Series;2010;749000;https://auto.drom.ru/kazan/bmw/1-series/54015784.html;Характеристики совпадают с ПТС;5 записей о регистрации;Не числится в розыске;Ограничений не обнаружено;Казани;бензин, 1.6 л;115 л.с., налог;автомат;задний;хэтчбек 5 дв.;белый;236 314 км;левый;;;;
BMW;3-Series;2010;1250000;https://auto.drom.ru/moscow/bmw/3-series/53343579.html;Характеристики совпадают с ПТС;10 записей о регистрации;Не числится в розыске;Есть ограничения;Москве;бензин, 2.0 л;156 л.с., налог;АКПП;задний;купе;белый;229 783 км;левый;5 поколение;320i AT;;
BMW;5-Series;2010;1630000;https://auto.drom.ru/voronezh/bmw/5-series/413862882.html;Характеристики совпадают с ПТС;5 записей о регистрации;Не числится в розыске;Ограничений не обнаружено;Воронеже;бензин, 2.5 л;204 л.с., налог;АКПП;задний;седан;серый;186 000 км;левый;6 поколение;523i АT Базовая;;
BMW;1-Series;2010;850000;https://auto.drom.ru/kazan/bmw/1-series/360961767.html;Характеристики совпадают с ПТС;4 записи о регистрации;Не числится в розыске;Ограничений не обнаружено;Казани;бензин, 1.6 л;116 л.с., налог;АКПП;задний;хэтчбек 3 дв.;белый;153 000 км;левый;1 поколение, рестайлинг;116i AT Базовая;;
BMW;1-Series;2010;735000;https://auto.drom.ru/moscow/bmw/1-series/679057444.html;Характеристики совпадают с ПТС;4 записи о регистрации;Не числится в розыске;Ограничений не обнаружено;Москве;бензин, 2.0 л;136 л.с., налог;АКПП;задний;хэтчбек 5 дв.;белый;169 000 км;левый;1 поколение, рестайлинг;118i AT Base;;
BMW;3-Series;2010;1490000;https://auto.drom.ru/spb/bmw/3-series/53327209.html;Характеристики совпадают с ПТС;7 записей о регистрации;Не числится в розыске;Ограничений не обнаружено;Санкт-Петербурге;бензин, 2.0 л;156 л.с., налог;АКПП;задний;купе;белый;230 000 км;левый;5 поколение, рестайлинг;320i AT;;
BMW;5-Series Gran Turismo;2010;1200000;https://auto.drom.ru/moscow/bmw/5-series_gran_turismo/53216055.html;Характеристики совпадают с ПТС;7 записей о регистрации;Не числится в розыске;Ограничений не обнаружено;Москве;бензин, 4.4 л;407 л.с., налог;АКПП;задний;;бежевый;160 000 км;левый;6 поколение;550i AT Базовая;;
BMW;X5;2010;2324117;https://auto.drom.ru/minsk/bmw/x5/53713581.html;Характеристики совпадают с ПТС;2 записи о регистрации;Не числится в розыске;Ограничений не обнаружено;Минске;дизель, 3.0 л;306 л.с., налог;АКПП;4WD;;черный;163 000 км;левый;2 поколение, рестайлинг;xDrive 40d AT M Sports Edition;;
BMW;5-Series;2010;1919000;https://auto.drom.ru/moscow/bmw/5-series/54001840.html;Характеристики совпадают с ПТС;4 записи о регистрации;Не числится в розыске;Ограничений не обнаружено;Москве;бензин, 3.0 л;306 л.с., налог;АКПП;задний;седан;серый;155 512 км;левый;;;;
BMW;5-Series;2010;1600000;https://auto.drom.ru/spb/bmw/5-series/52873030.html;Характеристики совпадают с ПТС;3 записи о регистрации;Не числится в розыске;Ограничений не обнаружено;Санкт-Петербурге;дизель, 2.0 л;184 л.с., налог;АКПП;задний;седан;черный;221 000 км;левый;6 поколение;;;
BMW;X6;2010;2950000;https://auto.drom.ru/moscow/bmw/x6/50365532.html;Характеристики совпадают с ПТС;3 записи о регистрации;Не числится в розыске;Ограничений не обнаружено;Москве;дизель, 3.0 л;245 л.с., налог;АКПП;4WD;;черный;140 000 км;левый;1 поколение;xDrive 30d AT;;
BMW;5-Series;2010;2250000;https://auto.drom.ru/serpuhov/bmw/5-series/53275899.html;Характеристики совпадают с ПТС;5 записей о регистрации;Не числится в розыске;Ограничений не обнаружено;Серпухове;дизель, 3.0 л;245 л.с., налог;АКПП;задний;седан;белый;255 000 км;левый;6 поколение;530d AT;;
BMW;X5;2010;2250000;https://auto.drom.ru/moscow/bmw/x5/500154549.html;Характеристики совпадают с ПТС;2 записи о регистрации;Не числится в розыске;Ограничений не обнаружено;Москве;дизель, 3.0 л;235 л.с., налог;АКПП;4WD;;черный;172 000 км;левый;2 поколение;xDrive 30d AT;;
BMW;X5;2010;2217845;https://auto.drom.ru/minsk/bmw/x5/638202509.html;Характеристики совпадают с ПТС;1 запись о регистрации;Не числится в розыске;Ограничений не обнаружено;Минске;дизель, 3.0 л;245 л.с., налог;АКПП;4WD;;коричневый;270 000 км;левый;2 поколение, рестайлинг;xDrive 30d AT;;
BMW;X5;2010;2070000;https://auto.drom.ru/moscow/bmw/x5/52225875.html;Характеристики совпадают с ПТС;8 записей о регистрации;Не числится в розыске;Ограничений не обнаружено;Москве;дизель, 3.0 л;306 л.с., налог;АКПП;4WD;;черный;229 613 км;левый;2 поколение, рестайлинг;;;
BMW;X5;2010;2500000;https://auto.drom.ru/kazan/bmw/x5/590306656.html;Модель, год, объем двигателя, цвет, мощность двигателя не совпадают с ПТС;9 записей о регистрации;Не числится в розыске;Ограничений не обнаружено;Казани;дизель, 3.0 л;265 л.с., налог;АКПП;4WD;;черный;228 000 км;левый;2 поколение, рестайлинг;xDrive 35d AT;;
BMW;X5;2010;1890000;https://auto.drom.ru/tula/bmw/x5/53996291.html;Характеристики совпадают с ПТС;7 записей о регистрации;Не числится в розыске;Ограничений не обнаружено;Туле;бензин, 3.0 л;306 л.с., налог;АКПП;4WD;;черный;213 000 км;левый;2 поколение, рестайлинг;xDrive 35i AT;;
BMW;X6;2010;2100000;https://auto.drom.ru/kazan/bmw/x6/644784707.html;Характеристики совпадают с ПТС;7 записей о регистрации;Не числится в розыске;Ограничений не обнаружено;Казани;дизель, 3.0 л;286 л.с., налог;АКПП;4WD;;белый;286 000 км;левый;1 поколение;xDrive 35d AT;;
BMW;3-Series;2010;1299000;https://auto.drom.ru/moscow/bmw/3-series/782984798.html;Характеристики совпадают с ПТС;2 записи о регистрации;Не числится в розыске;Ограничений не обнаружено;Москве;бензин, 2.0 л;136 л.с., налог;АКПП;задний;седан;красный;118 145 км;левый;5 поколение, рестайлинг;;;
BMW;X6;2010;2500000;https://auto.drom.ru/kirov/bmw/x6/616273920.html;Характеристики совпадают с ПТС;7 записей о регистрации;Не числится в розыске;Ограничений не обнаружено;Кирове;дизель, 3.0 л;235 л.с., налог;АКПП;4WD;;черный;254 000 км;левый;1 поколение;xDrive 30d AT;;
BMW;X5;2010;2310255;https://auto.drom.ru/minsk/bmw/x5/753325176.html;;;;;Минске;дизель, 3.0 л;245 л.с., налог;АКПП;4WD;;черный;280 000 км;левый;2 поколение, рестайлинг;xDrive 30d AT Luxury;;
BMW;7-Series;2010;2250000;https://auto.drom.ru/lipetsk/bmw/7-series/823703096.html;Характеристики совпадают с ПТС;6 записей о регистрации;Не числится в розыске;Ограничений не обнаружено;Липецке;дизель, 3.0 л;306 л.с., налог;АКПП;4WD;;белый;230 820 км;левый;5 поколение;;;
BMW;3-Series;2010;1050000;https://auto.drom.ru/spb/bmw/3-series/365086791.html;Характеристики совпадают с ПТС;8 записей о регистрации;Не числится в розыске;Ограничений не обнаружено;Санкт-Петербурге;бензин, 2.0 л;136 л.с., налог;АКПП;задний;седан;черный;320 000 км;левый;5 поколение, рестайлинг;318i AT Базовая;;
BMW;1-Series;2010;1249000;https://auto.drom.ru/moscow/bmw/1-series/53661308.html;Характеристики совпадают с ПТС;2 записи о регистрации;Не числится в розыске;Ограничений не обнаружено;Москве;бензин, 2.0 л;136 л.с., налог;АКПП;задний;хэтчбек 5 дв.;белый;90 938 км;левый;1 поколение, рестайлинг;118i AT Base;;
BMW;1-Series;2010;910000;https://auto.drom.ru/kursk/bmw/1-series/140366889.html;Характеристики совпадают с ПТС;5 записей о регистрации;Не числится в розыске;Ограничений не обнаружено;Курске;бензин, 1.6 л;116 л.с., налог;АКПП;задний;хэтчбек 5 дв.;черный;201 000 км;левый;1 поколение, рестайлинг;116i AT Base;;
BMW;X5;2010;2030714;https://auto.drom.ru/minsk/bmw/x5/53957603.html;;;;;Минске;дизель, 3.0 л;211 л.с., налог;автомат;4WD;;серый;245 000 км;левый;2 поколение, рестайлинг;;;
BMW;X6;2010;2400000;https://auto.drom.ru/spb/bmw/x6/53235726.html;Мощность двигателя не совпадает с ПТС;4 записи о регистрации;Не числится в розыске;Ограничений не обнаружено;Санкт-Петербурге;бензин, 4.4 л;555 л.с., налог;АКПП;4WD;;черный;128 000 км;левый;1 поколение;M;;
BMW;X3;2010;1500000;https://auto.drom.ru/kostroma/bmw/x3/467640135.html;Характеристики совпадают с ПТС;4 записи о регистрации;Не числится в розыске;Ограничений не обнаружено;Костроме;дизель, 2.0 л;177 л.с., налог;АКПП;4WD;;черный;150 000 км;левый;1 поколение, рестайлинг;xDrive 20d AT;;
BMW;3-Series;2010;2000000;https://auto.drom.ru/kazan/bmw/3-series/53628778.html;Характеристики совпадают с ПТС;3 записи о регистрации;Не числится в розыске;Ограничений не обнаружено;Казани;дизель, 2.0 л;177 л.с., налог;АКПП;задний;универсал;белый;214 000 км;левый;5 поколение, рестайлинг;320d AT;;
BMW;5-Series;2010;1900000;https://auto.drom.ru/moscow/bmw/5-series/871045873.html;Характеристики совпадают с ПТС;3 записи о регистрации;Не числится в розыске;Ограничений не обнаружено;Москве;бензин, 2.5 л;204 л.с., налог;АКПП;задний;седан;черный;145 000 км;левый;6 поколение;523i АT Базовая;;
BMW;X1;2010;1380000;https://auto.drom.ru/chehov/bmw/x1/648886827.html;Характеристики совпадают с ПТС;4 записи о регистрации;Не числится в розыске;Ограничений не обнаружено;Чехове;дизель, 2.0 л;177 л.с., налог;АКПП;4WD;;белый;120 000 км;левый;1 поколение;;;
BMW;X3;2010;949000;https://auto.drom.ru/moscow/bmw/x3/53949212.html;Характеристики совпадают с ПТС;6 записей о регистрации;Не числится в розыске;Ограничений не обнаружено;Москве;дизель, 2.0 л;177 л.с., налог;АКПП;4WD;;черный;219 880 км;левый;1 поколение, рестайлинг;;;
BMW;X5;2010;1850000;https://auto.drom.ru/moscow/bmw/x5/562903332.html;Характеристики совпадают с ПТС;2 записи о регистрации;Не числится в розыске;Ограничений не обнаружено;Москве;бензин, 3.0 л;306 л.с., налог;АКПП;4WD;;черный;194 410 км;левый;2 поколение, рестайлинг;;;
BMW;3-Series;2010;900000;https://auto.drom.ru/donetsk/bmw/3-series/786515253.html;Характеристики совпадают с ПТС;2 записи о регистрации;Не числится в розыске;Ограничений не обнаружено;Донецке;дизель, 2.0 л;177 л.с., налог;АКПП;задний;седан;серебристый;240 000 км;левый;5 поколение, рестайлинг;320d AT;;
BMW;X6;2010;2300000;https://auto.drom.ru/moscow/bmw/x6/53132925.html;Характеристики совпадают с ПТС;7 записей о регистрации;Не числится в розыске;Ограничений не обнаружено;Москве;бензин, 3.0 л;306 л.с., налог;АКПП;4WD;;серый;260 000 км;левый;1 поколение;xDrive 35i AT;;
BMW;5-Series;2010;2100000;https://auto.drom.ru/moscow/bmw/5-series/53524555.html;Характеристики совпадают с ПТС;1 запись о регистрации;Не числится в розыске;Ограничений не обнаружено;Москве;бензин, 2.5 л;204 л.с., налог;АКПП;задний;седан;коричневый;229 000 км;левый;6 поколение;523i АT Базовая;;
BMW;X6;2010;2000000;https://auto.drom.ru/spb/bmw/x6/53089642.html;Характеристики совпадают с ПТС;2 записи о регистрации;Не числится в розыске;Ограничений не обнаружено;Санкт-Петербурге;бензин, 4.4 л;407 л.с., налог;АКПП;4WD;;черный;60 000 км;левый;1 поколение;xDrive 50i AT;;
BMW;X6;2010;1999000;https://auto.drom.ru/spb/bmw/x6/53085172.html;Характеристики совпадают с ПТС;1 запись о регистрации;Не числится в розыске;Ограничений не обнаружено;Санкт-Петербурге;дизель, 3.0 л;245 л.с., налог;АКПП;4WD;;серый;217 000 км;левый;1 поколение;;;
BMW;5-Series;2011;1630000;https://auto.drom.ru/engels/bmw/5-series/52187623.html;Характеристики совпадают с ПТС;2 записи о регистрации;Не числится в розыске;Ограничений не обнаружено;Энгельсе;бензин, 3.0 л;258 л.с., налог;АКПП;задний;седан;черный;168 346 км;левый;6 поколение;;;
BMW;5-Series;2011;1930000;https://auto.drom.ru/moscow/bmw/5-series/54142786.html;Характеристики совпадают с ПТС;3 записи о регистрации;Не числится в розыске;Ограничений не обнаружено;Москве;бензин, 2.0 л;184 л.с., налог;АКПП;задний;седан;серый;157 500 км;левый;6 поколение;520i AT Business;;
BMW;X5;2011;1999999;https://auto.drom.ru/lipetsk/bmw/x5/564879504.html;Год не совпадает с ПТС;2 записи о регистрации;Не числится в розыске;Ограничений не обнаружено;Липецке;бензин, 3.0 л;306 л.с., налог;АКПП;4WD;;коричневый;203 000 км;левый;2 поколение, рестайлинг;xDrive 35i AT Luxury;;
BMW;5-Series;2011;1950000;https://auto.drom.ru/zhukovskiy/bmw/5-series/632444964.html;Характеристики совпадают с ПТС;8 записей о регистрации;Не числится в розыске;Ограничений не обнаружено;Жуковском;дизель, 3.0 л;258 л.с., налог;АКПП;4WD;седан;белый;198 000 км;левый;6 поколение;530d AT xDrive Business;;
BMW;7-Series;2011;2005301;https://auto.drom.ru/minsk/bmw/7-series/52819226.html;Характеристики совпадают с ПТС;9 записей о регистрации;Не числится в розыске;Ограничений не обнаружено;Минске;дизель, 3.0 л;245 л.с., налог;АКПП;задний;;черный;176 800 км;левый;5 поколение;;;
BMW;X5;2011;2100000;https://auto.drom.ru/spb/bmw/x5/296427012.html;Характеристики совпадают с ПТС;1 запись о регистрации;Не числится в розыске;Ограничений не обнаружено;Санкт-Петербурге;бензин, 3.0 л;306 л.с., налог;АКПП;4WD;;черный;183 550 км;левый;2 поколение, рестайлинг;xDrive 35i AT;;
BMW;X1;2011;1227000;https://auto.drom.ru/tula/bmw/x1/703484199.html;Характеристики совпадают с ПТС;3 записи о регистрации;Не числится в розыске;Ограничений не обнаружено;Туле;бензин, 2.0 л;150 л.с., налог;АКПП;задний;;белый;187 198 км;левый;1 поколение;;;
BMW;X1;2011;1299000;https://auto.drom.ru/moscow/bmw/x1/54111465.html;Характеристики совпадают с ПТС;2 записи о регистрации;Не числится в розыске;Ограничений не обнаружено;Москве;дизель, 2.0 л;177 л.с., налог;АКПП;4WD;;серебристый;186 995 км;левый;1 поколение;;;
BMW;5-Series;2011;1700000;https://auto.drom.ru/moscow/bmw/5-series/574447629.html;Характеристики совпадают с ПТС;7 записей о регистрации;Не числится в розыске;Ограничений не обнаружено;Москве;бензин, 3.0 л;258 л.с., налог;АКПП;задний;седан;белый;272 000 км;левый;6 поколение;528i AT;;
BMW;1-Series;2011;950000;https://auto.drom.ru/spb/bmw/1-series/54108725.html;Характеристики совпадают с ПТС;6 записей о регистрации;Не числится в розыске;Ограничений не обнаружено;Санкт-Петербурге;бензин, 1.6 л;116 л.с., налог;АКПП;задний;хэтчбек 5 дв.;белый;174 135 км;левый;1 поколение, рестайлинг;116i AT Base;;
BMW;1-Series;2011;870000;https://auto.drom.ru/ryazan/bmw/1-series/615622384.html;Характеристики совпадают с ПТС;4 записи о регистрации;Не числится в розыске;Ограничений не обнаружено;Рязани;бензин, 1.6 л;116 л.с., налог;АКПП;задний;хэтчбек 5 дв.;черный;140 000 км;левый;1 поколение, рестайлинг;116i AT Base;;
BMW;X6;2011;2179789;https://auto.drom.ru/spb/bmw/x6/53438359.html;Характеристики совпадают с ПТС;1 запись о регистрации;Не числится в розыске;Ограничений не обнаружено;Санкт-Петербурге;дизель, 3.0 л;245 л.с., налог;АКПП;4WD;;белый;209 068 км;левый;1 поколение;;;
BMW;X1;2011;1100000;https://auto.drom.ru/moscow/bmw/x1/606416786.html;Характеристики совпадают с ПТС;4 записи о регистрации;Не числится в розыске;Ограничений не обнаружено;Москве;дизель, 2.0 л;177 л.с., налог;АКПП;4WD;;красный;210 000 км;левый;1 поколение;xDrive 20d AT Базовая;;
BMW;X1;2011;1580000;https://auto.drom.ru/moscow/bmw/x1/863653862.html;Характеристики совпадают с ПТС;3 записи о регистрации;Не числится в розыске;Ограничений не обнаружено;Москве;дизель, 2.0 л;177 л.с., налог;АКПП;4WD;;коричневый;203 000 км;левый;1 поколение;xDrive 20d AT Lifestyle;;
BMW;5-Series;2011;1849000;https://auto.drom.ru/spb/bmw/5-series/54088267.html;Характеристики совпадают с ПТС;3 записи о регистрации;Не числится в розыске;Ограничений не обнаружено;Санкт-Петербурге;дизель, 3.0 л;258 л.с., налог;АКПП;4WD;седан;черный;191 140 км;левый;6 поколение;;;
BMW;X3;2011;1758000;https://auto.drom.ru/moscow/bmw/x3/54097651.html;Характеристики совпадают с ПТС;2 записи о регистрации;Не числится в розыске;Ограничений не обнаружено;Москве;дизель, 2.0 л;184 л.с., налог;АКПП;4WD;;красный;138 791 км;левый;2 поколение;;;
BMW;7-Series;2011;1720000;https://auto.drom.ru/moscow/bmw/7-series/52992523.html;Характеристики совпадают с ПТС;4 записи о регистрации;Не числится в розыске;Ограничений не обнаружено;Москве;бензин, 4.4 л;407 л.с., налог;АКПП;4WD;;черный;98 138 км;левый;5 поколение;;;
BMW;X5;2011;2399000;https://auto.drom.ru/nizhniy-novgorod/bmw/x5/464080620.html;Характеристики совпадают с ПТС;1 запись о регистрации;Не числится в розыске;Ограничений не обнаружено;Нижнем Новгороде;дизель, 3.0 л;286 л.с., налог;автомат;;;черный;212 343 км;левый;;;;
BMW;X5;2011;2420000;https://auto.drom.ru/moscow/bmw/x5/53410452.html;Характеристики совпадают с ПТС;4 записи о регистрации;Не числится в розыске;Ограничений не обнаружено;Москве;дизель, 3.0 л;245 л.с., налог;АКПП;4WD;;белый;187 836 км;левый;2 поколение, рестайлинг;;;
BMW;3-Series;2011;750000;https://auto.drom.ru/yoshkar-ola/bmw/3-series/692154784.html;Характеристики совпадают с ПТС;6 записей о регистрации;Не числится в розыске;Ограничений не обнаружено;Йошкар-Оле;бензин, 2.0 л;136 л.с., налог;АКПП;задний;седан;;;левый;5 поколение, рестайлинг;;требуется ремонт или не на ходу, документы с проблемами или отсутствуют;
BMW;5-Series;2011;1900000;https://auto.drom.ru/moscow/bmw/5-series/53786608.html;Характеристики совпадают с ПТС;5 записей о регистрации;Не числится в розыске;Есть ограничения;Москве;бензин, 2.5 л;204 л.с., налог;АКПП;задний;седан;черный;187 000 км;левый;6 поколение;523i АT Базовая;;
BMW;3-Series;2011;940000;https://auto.drom.ru/kanash/bmw/3-series/53406399.html;Характеристики совпадают с ПТС;6 записей о регистрации;Не числится в розыске;Ограничений не обнаружено;Канаше;бензин, 2.5 л;218 л.с., налог;АКПП;задний;седан;белый;243 000 км;левый;5 поколение, рестайлинг;325i AT Business;;
BMW;5-Series;2011;1950000;https://auto.drom.ru/yaroslavl/bmw/5-series/187122875.html;;;;;Ярославле;бензин, 2.5 л;204 л.с., налог;АКПП;задний;седан;;;левый;6 поколение;523i АT Базовая;;
BMW;X5;2011;2650000;https://auto.drom.ru/moscow/bmw/x5/558861183.html;Характеристики совпадают с ПТС;3 записи о регистрации;Не числится в розыске;Ограничений не обнаружено;Москве;бензин, 3.0 л;306 л.с., налог;АКПП;4WD;;белый;230 000 км;левый;2 поколение, рестайлинг;xDrive 35i AT Luxury;;
