Бренд;Модель;Год;Цена;URL;ПТС;Владельцы;Розыск;Ограничения;Город;Двигатель;Мощность;Коробка передач;Привод;Пробег;Руль;Поколение;Цвет;Тип кузова;Комплектация;Особые отметки;VIN;
BMW;X5;2023;19350000;https://auto.drom.ru/moscow/bmw/x5/53488961.html;;;;;Москве;бензин, 4.4 л;625 л.с., налог;АКПП;4WD;новый автомобиль;левый;4 поколение, рестайлинг;белый;;M Competition;;5YM**************;
BMW;X5;2023;13950000;https://auto.drom.ru/moscow/bmw/x5/52056516.html;;;;;Москве;дизель, 3.0 л;298 л.с., налог;АКПП;4WD;новый автомобиль;левый;4 поколение, рестайлинг;белый;;xDrive30d AT M Sport;;WBA**************;
BMW;X5;2023;13950000;https://auto.drom.ru/moscow/bmw/x5/52053843.html;;;;;Москве;дизель, 3.0 л;298 л.с., налог;АКПП;4WD;новый автомобиль;левый;4 поколение, рестайлинг;черный;;xDrive30d AT M Sport;;WBA**************;
BMW;X6;2023;14200000;https://auto.drom.ru/moscow/bmw/x6/52056431.html;;;;;Москве;дизель, 3.0 л;298 л.с., налог;АКПП;4WD;новый автомобиль;левый;3 поколение, рестайлинг;белый;;xDrive30d AT M Sport;;WBA**************;
BMW;X5;2023;12800000;https://auto.drom.ru/moscow/bmw/x5/53613735.html;;;;;Москве;бензин, 3.0 л;381 л.с., налог;АКПП;4WD;новый автомобиль;левый;4 поколение, рестайлинг;серебристый;;xDrive40i AT;;WBA**************;
BMW;4-Series;2023;5650000;https://auto.drom.ru/moscow/bmw/4-series/53874877.html;;;;;Москве;бензин, 2.0 л;184 л.с., налог;АКПП;задний;125 км;правый;2 поколение;черный;открытый;420i;;;
BMW;X5;2023;16600000;https://auto.drom.ru/moscow/bmw/x5/53873035.html;;;;;Москве;дизель, 3.0 л;352 л.с., налог;автомат;4WD;новый автомобиль;левый;;черный;;;;WBA**************;
BMW;X6;2023;17250000;https://auto.drom.ru/moscow/bmw/x6/53873027.html;;;;;Москве;дизель, 3.0 л;340 л.с., налог;АКПП;4WD;новый автомобиль;левый;3 поколение;серый;;;;WBA**************;
BMW;X5;2023;16550000;https://auto.drom.ru/moscow/bmw/x5/53504758.html;;;;;Москве;дизель, 3.0 л;298 л.с., налог;АКПП;4WD;8 км;левый;4 поколение, рестайлинг;черный;;;;;
BMW;X5;2023;13950000;https://auto.drom.ru/himki/bmw/x5/52622166.html;;;;;Химках;бензин, 3.0 л;340 л.с., налог;АКПП;4WD;новый автомобиль;левый;4 поколение;синий;;xDrive 40i AT Base;;WBA**************;
BMW;X5;2023;13900000;https://auto.drom.ru/himki/bmw/x5/52622132.html;;;;;Химках;бензин, 3.0 л;340 л.с., налог;АКПП;4WD;новый автомобиль;левый;4 поколение;белый;;xDrive 40i AT Base;;WBA**************;
BMW;X5;2023;14100000;https://auto.drom.ru/himki/bmw/x5/52622151.html;;;;;Химках;бензин, 3.0 л;340 л.с., налог;АКПП;4WD;новый автомобиль;левый;4 поколение;черный;;xDrive 40i AT Base;;WBA**************;
BMW;X5;2023;13045208;https://auto.drom.ru/moscow/bmw/x5/51778762.html;;;;;Москве;дизель, 3.0 л;298 л.с., налог;АКПП;4WD;новый автомобиль;левый;4 поколение, рестайлинг;белый;;xDrive30d AT;;WBA**************;
BMW;X5;2023;14490000;https://auto.drom.ru/moscow/bmw/x5/54153701.html;;;;;Москве;дизель, 3.0 л;298 л.с., налог;АКПП;4WD;27 км;левый;4 поколение, рестайлинг;черный;;;;;
BMW;X7;2023;15986965;https://auto.drom.ru/moscow/bmw/x7/54149211.html;;;;;Москве;бензин, 4.4 л;530 л.с., налог;АКПП;4WD;15 000 км, без пробега по РФ;левый;1 поколение, рестайлинг;белый;;M60i AT;;;
BMW;X6;2023;15986965;https://auto.drom.ru/moscow/bmw/x6/54149025.html;;;;;Москве;бензин, 4.4 л;523 л.с., налог;АКПП;4WD;новый автомобиль;левый;3 поколение, рестайлинг;черный;;M60i AT;;5UX**************;
BMW;X6;2023;13399479;https://auto.drom.ru/moscow/bmw/x6/54148908.html;;;;;Москве;бензин, 3.0 л;381 л.с., налог;АКПП;4WD;1 800 км, без пробега по РФ;левый;3 поколение, рестайлинг;черный;;xDrive40i AT M Sport;;;
BMW;X5;2023;11800000;https://auto.drom.ru/moscow/bmw/x5/53856255.html;;;;;Москве;дизель, 3.0 л;298 л.с., налог;АКПП;4WD;118 км;левый;4 поколение, рестайлинг;белый;;xDrive30d AT;;;
BMW;X3;2023;9050000;https://auto.drom.ru/moscow/bmw/x3/53856260.html;Характеристики совпадают с ПТС;1 запись о регистрации;Не числится в розыске;Ограничений не обнаружено;Москве;дизель, 2.0 л;190 л.с., налог;АКПП;4WD;новый автомобиль;левый;3 поколение, рестайлинг;белый;;xDrive 20d AT Base;;WBA**************;
BMW;5-Series;2023;10819000;https://auto.drom.ru/moscow/bmw/5-series/53416440.html;;;;;Москве;дизель, 2.0 л;188 л.с., налог;АКПП;4WD;новый автомобиль;левый;8 поколение;черный;седан;520d AT xDrive M Sport Pro;;WBA**************;
BMW;X6;2024;13700000;https://auto.drom.ru/zhukovskiy/bmw/x6/827841321.html;;;;;Жуковском;дизель, 3.0 л;298 л.с., налог;АКПП;4WD;новый автомобиль;левый;3 поколение, рестайлинг;;;xDrive30d AT M Sport;;WBA**************;
BMW;X5;2024;13900000;https://auto.drom.ru/zhukovskiy/bmw/x5/190454547.html;;;;;Жуковском;дизель, 3.0 л;298 л.с., налог;АКПП;4WD;новый автомобиль;левый;4 поколение, рестайлинг;;;;;WBA**************;
Audi;80;1980;220000;https://auto.drom.ru/volzhskiy/audi/80/582348182.html;;;Не числится в розыске;Ограничений не обнаружено;Волжском;бензин, 1.6 л;75 л.с., налог;механика;передний;109 108 км;левый;2 поколение;белый;седан;;требуется ремонт или не на ходу;;
Audi;100;1982;75000;https://auto.drom.ru/cherepovets/audi/100/900412371.html;Объем двигателя не совпадает с ПТС;3 записи о регистрации;Не числится в розыске;Ограничений не обнаружено;Череповце;бензин, 1.6 л;86 л.с., налог;механика;передний;174 000 км;левый;2 поколение, рестайлинг;коричневый;седан;;;;
Audi;100;1983;90000;https://auto.drom.ru/kostroma/audi/100/54085020.html;Характеристики совпадают с ПТС;3 записи о регистрации;Не числится в розыске;Ограничений не обнаружено;Костроме;бензин, 1.8 л;75 л.с., налог;механика;передний;300 000 км;левый;3 поколение;синий;седан;1.8 MT;требуется ремонт или не на ходу;;
Audi;100;1983;40000;https://auto.drom.ru/nizhniy-novgorod/audi/100/853781888.html;Характеристики совпадают с ПТС;3 записи о регистрации;Не числится в розыске;Ограничений не обнаружено;Нижнем Новгороде;бензин, 2.1 л;131 л.с., налог;механика;передний;236 000 км;левый;3 поколение;бежевый;седан;2.1 MT;требуется ремонт или не на ходу;;
Audi;100;1983;75000;https://auto.drom.ru/liski/audi/100/53953348.html;Характеристики совпадают с ПТС;7 записей о регистрации;Не числится в розыске;Ограничений не обнаружено;Лисках;бензин, 1.8 л;75 л.с., налог;механика;передний;207 401 км;левый;3 поколение;красный;седан;1.8 MT;требуется ремонт или не на ходу;;
Audi;100;1983;100000;https://auto.drom.ru/volgograd/audi/100/54150271.html;Объем двигателя не совпадает с ПТС;;Не числится в розыске;Ограничений не обнаружено;Волгограде;бензин, 1.8 л;75 л.с., налог;механика;передний;100 000 км;левый;3 поколение;белый;седан;1.8 MT;;;
Audi;100;1984;120000;https://auto.drom.ru/smolensk/audi/100/618164826.html;Характеристики совпадают с ПТС;5 записей о регистрации;Не числится в розыске;Ограничений не обнаружено;Смоленске;бензин, 1.8 л;75 л.с., налог;механика;передний;350 000 км;левый;3 поколение;черный;седан;1.8 MT;;;
Audi;100;1984;64900;https://auto.drom.ru/rossosh/audi/100/52526477.html;Характеристики совпадают с ПТС;4 записи о регистрации;Не числится в розыске;Ограничений не обнаружено;Россоши;бензин, 1.8 л;75 л.с., налог;механика;передний;550 000 км;левый;3 поколение;белый;седан;1.8 MT;;;
Audi;100;1984;79000;https://auto.drom.ru/bryansk/audi/100/699663939.html;Характеристики совпадают с ПТС;5 записей о регистрации;Не числится в розыске;Ограничений не обнаружено;Брянске;бензин, 2.2 л;138 л.с., налог;механика;передний;527 000 км;левый;3 поколение;золотистый;седан;2.2 MT;;;
Audi;100;1984;50000;https://auto.drom.ru/bor/audi/100/54034062.html;Характеристики совпадают с ПТС;5 записей о регистрации;Не числится в розыске;Ограничений не обнаружено;Боре;бензин, 1.8 л;75 л.с., налог;механика;передний;200 000 км;левый;3 поколение;серый;седан;1.8 MT;;;
Audi;80;1984;88000;https://auto.drom.ru/saratov/audi/80/53969212.html;Объем двигателя, мощность двигателя не совпадают с ПТС;4 записи о регистрации;Не числится в розыске;Ограничений не обнаружено;Саратове;бензин, 1.8 л;115 л.с., налог;механика;передний;126 000 км;левый;2 поколение, рестайлинг;зеленый;седан;;;;
Audi;100;1984;75000;https://auto.drom.ru/voronezh/audi/100/265975144.html;;;;;Воронеже;бензин, 1.9 л;100 л.с., налог;механика;передний;200 000 км;левый;3 поколение;белый;седан;1.9 MT;;;
Audi;80;1984;98000;https://auto.drom.ru/ulyanovsk/audi/80/53597968.html;Характеристики совпадают с ПТС;3 записи о регистрации;Не числится в розыске;Ограничений не обнаружено;Ульяновске;бензин, 1.8 л;90 л.с., налог;механика;передний;299 999 км;левый;2 поколение, рестайлинг;красный;седан;;;;
Audi;200;1984;450000;https://auto.drom.ru/tula/audi/200/50258784.html;Характеристики совпадают с ПТС;2 записи о регистрации;Не числится в розыске;Ограничений не обнаружено;Туле;бензин, 2.1 л;182 л.с., налог;механика;передний;257 000 км;левый;3 поколение;белый;седан;2.1 Turbo MT;требуется ремонт или не на ходу;;
Audi;80;1985;99000;https://auto.drom.ru/yoshkar-ola/audi/80/50181619.html;Характеристики совпадают с ПТС;3 записи о регистрации;Не числится в розыске;Ограничений не обнаружено;Йошкар-Оле;бензин, 1.6 л;75 л.с., налог;механика;передний;168 000 км;левый;2 поколение, рестайлинг;красный;седан;;;;
Audi;100;1985;100000;https://auto.drom.ru/bryansk/audi/100/740866827.html;;;;;Брянске;бензин, 2.2 л;138 л.с., налог;механика;передний;;левый;3 поколение;красный;седан;2.2 MT;;;
Audi;80;1985;140000;https://auto.drom.ru/spb/audi/80/53768993.html;Характеристики совпадают с ПТС;8 записей о регистрации;Не числится в розыске;Ограничений не обнаружено;Санкт-Петербурге;бензин, 1.6 л;78 л.с., налог;механика;передний;450 000 км;левый;2 поколение, рестайлинг;белый;седан;;;;
Audi;80;1985;58000;https://auto.drom.ru/penza/audi/80/52678014.html;Характеристики совпадают с ПТС;3 записи о регистрации;Не числится в розыске;Ограничений не обнаружено;Пензе;1.6 л;75 л.с., налог;механика;передний;300 000 км;левый;2 поколение, рестайлинг;бордовый;седан;;;;
Audi;100;1985;50000;https://auto.drom.ru/kantemirovka/audi/100/395596997.html;Объем двигателя, мощность двигателя не совпадают с ПТС;3 записи о регистрации;Не числится в розыске;Ограничений не обнаружено;Кантемировкe;бензин, 1.8 л;75 л.с., налог;механика;передний;100 000 км;левый;3 поколение;зеленый;седан;1.8 MT;требуется ремонт или не на ходу;;
Audi;100;1985;115000;https://auto.drom.ru/noviy-oskol/audi/100/654940195.html;Год, цвет не совпадают с ПТС;8 записей о регистрации;Не числится в розыске;Ограничений не обнаружено;Новом Осколе;бензин, 2.2 л;138 л.с., налог;механика;передний;250 000 км;левый;3 поколение;коричневый;седан;2.2 MT;;;
Audi;80;1985;130000;https://auto.drom.ru/bryansk/audi/80/52566184.html;Год не совпадает с ПТС;;Не числится в розыске;Ограничений не обнаружено;Брянске;бензин, 1.8 л;;механика;задний;;левый;2 поколение, рестайлинг;;купе;;;;
Audi;80;1986;100000;https://auto.drom.ru/spb/audi/80/350564995.html;Характеристики совпадают с ПТС;5 записей о регистрации;Не числится в розыске;Есть ограничения;Санкт-Петербурге;бензин, 1.8 л;90 л.с., налог;механика;передний;455 000 км;левый;3 поколение;белый;седан;1.8S MT Base;;;
Audi;80;1986;117000;https://auto.drom.ru/voronezh/audi/80/254215127.html;Объем двигателя не совпадает с ПТС;7 записей о регистрации;Не числится в розыске;Ограничений не обнаружено;Воронеже;бензин, 1.8 л;90 л.с., налог;механика;передний;221 000 км;левый;3 поколение;красный;седан;;;;
Audi;100;1986;45000;https://auto.drom.ru/zadonsk/audi/100/53347841.html;Объем двигателя не совпадает с ПТС;5 записей о регистрации;Не числится в розыске;Ограничений не обнаружено;Задонске;бензин, 1.8 л;90 л.с., налог;механика;передний;300 000 км;левый;3 поколение;бордовый;седан;;требуется ремонт или не на ходу;;
Audi;80;1986;44444;https://auto.drom.ru/moscow/audi/80/885298681.html;Характеристики совпадают с ПТС;3 записи о регистрации;Не числится в розыске;Ограничений не обнаружено;Москве;бензин, 1.8 л;90 л.с., налог;механика;передний;66 666 км;левый;3 поколение;красный;седан;1.8S MT Base;требуется ремонт или не на ходу;;
Audi;80;1986;30000;https://auto.drom.ru/orel/audi/80/499373001.html;Характеристики совпадают с ПТС;2 записи о регистрации;Не числится в розыске;Ограничений не обнаружено;Орле;бензин, 1.8 л;90 л.с., налог;механика;передний;300 000 км;левый;2 поколение, рестайлинг;белый;седан;;требуется ремонт или не на ходу;;
Audi;80;1986;350000;https://auto.drom.ru/podolsk/audi/80/580243198.html;Характеристики совпадают с ПТС;4 записи о регистрации;Не числится в розыске;Ограничений не обнаружено;Подольске;бензин, 1.6 л;75 л.с., налог;механика;передний;234 081 км;левый;3 поколение;серый;седан;1.6 MT Base;;;
Audi;100;1986;650000;https://auto.drom.ru/moscow/audi/100/53208265.html;Характеристики совпадают с ПТС;3 записи о регистрации;Не числится в розыске;Ограничений не обнаружено;Москве;бензин, 2.0 л;113 л.с., налог;механика;передний;150 000 км;левый;3 поколение;серебристый;седан;2.0 MT;;;
Audi;100;1986;130000;https://auto.drom.ru/hvoynaya/audi/100/551101763.html;Характеристики совпадают с ПТС;4 записи о регистрации;Не числится в розыске;Ограничений не обнаружено;Хвойной;бензин, 1.8 л;75 л.с., налог;механика;передний;200 000 км;левый;3 поколение;серый;седан;1.8 MT;;;
Audi;100;1986;140000;https://auto.drom.ru/sobinka/audi/100/53897587.html;Характеристики совпадают с ПТС;4 записи о регистрации;Не числится в розыске;Ограничений не обнаружено;Собинке;бензин, 1.8 л;90 л.с., налог;механика;передний;560 000 км;левый;3 поколение;белый;седан;1.8 MT;;;
Audi;100;1986;65000;https://auto.drom.ru/lipetsk/audi/100/53888711.html;Объем двигателя, мощность двигателя не совпадают с ПТС;4 записи о регистрации;Не числится в розыске;Ограничений не обнаружено;Липецке;бензин, 2.3 л;136 л.с., налог;механика;передний;285 000 км;левый;3 поколение;синий;седан;2.3 MT;требуется ремонт или не на ходу;;
Audi;80;1986;110000;https://auto.drom.ru/kirishi/audi/80/53416112.html;Характеристики совпадают с ПТС;;Не числится в розыске;Ограничений не обнаружено;Киришах;бензин, 1.6 л;75 л.с., налог;механика;передний;215 000 км;левый;3 поколение;голубой;седан;1.6 MT Base;;;
Audi;80;1987;160000;https://auto.drom.ru/velsk/audi/80/701867577.html;Характеристики совпадают с ПТС;5 записей о регистрации;Не числится в розыске;Ограничений не обнаружено;Вельске;бензин, 1.8 л;90 л.с., налог;механика;передний;285 738 км;левый;3 поколение;красный;седан;;;;
Audi;80;1987;360000;https://auto.drom.ru/moscow/audi/80/435983280.html;Характеристики совпадают с ПТС;5 записей о регистрации;Не числится в розыске;Ограничений не обнаружено;Москве;бензин, 1.8 л;90 л.с., налог;механика;передний;2 000 км;левый;3 поколение;серый;седан;;;;
Audi;80;1987;120000;https://auto.drom.ru/kostroma/audi/80/52581839.html;Характеристики совпадают с ПТС;3 записи о регистрации;Не числится в розыске;Ограничений не обнаружено;Костроме;бензин, 1.8 л;90 л.с., налог;механика;передний;360 000 км;левый;3 поколение;красный;седан;;;;
Audi;80;1987;55000;https://auto.drom.ru/vologda/audi/80/53800028.html;Объем двигателя, мощность двигателя не совпадают с ПТС;4 записи о регистрации;Не числится в розыске;Ограничений не обнаружено;Вологде;бензин, 1.6 л;69 л.с., налог;механика;передний;;левый;3 поколение;черный;седан;1.6 MT Base;;;
Audi;80;1987;110000;https://auto.drom.ru/volgograd/audi/80/943063486.html;Характеристики совпадают с ПТС;8 записей о регистрации;Не числится в розыске;Ограничений не обнаружено;Волгограде;бензин, 1.8 л, ГБО;75 л.с., налог;механика;передний;364 408 км;левый;3 поколение;серый;седан;1.8 MT Base;;;
Audi;80;1987;130000;https://auto.drom.ru/vahrushi/audi/80/51198620.html;Характеристики совпадают с ПТС;5 записей о регистрации;Не числится в розыске;Ограничений не обнаружено;Вахруши;бензин, 1.8 л;90 л.с., налог;механика;передний;318 000 км;левый;3 поколение;серый;седан;;;;
Audi;80;1987;100000;https://auto.drom.ru/elektrostal/audi/80/53401068.html;Характеристики совпадают с ПТС;6 записей о регистрации;Не числится в розыске;Ограничений не обнаружено;Электростали;бензин, 1.8 л;75 л.с., налог;механика;передний;177 777 км;левый;3 поколение;серый;седан;1.8 MT Base;;;
Audi;100;1987;190000;https://auto.drom.ru/klimovo/audi/100/660776859.html;Характеристики совпадают с ПТС;10 записей о регистрации;Не числится в розыске;Ограничений не обнаружено;Климове;бензин, 1.8 л;90 л.с., налог;механика;передний;300 000 км;левый;3 поколение;белый;седан;1.8 MT;;;
Audi;80;1987;65000;https://auto.drom.ru/semiluki/audi/80/365506585.html;Год, цвет не совпадают с ПТС;4 записи о регистрации;Не числится в розыске;Есть ограничения;Семилуках;бензин, 1.8 л;90 л.с., налог;механика;передний;25 000 км;левый;3 поколение;голубой;седан;1.8S MT Base;;;
Audi;80;1987;115000;https://auto.drom.ru/dedovsk/audi/80/54054428.html;Мощность двигателя не совпадает с ПТС;6 записей о регистрации;Не числится в розыске;Ограничений не обнаружено;Дедовске;бензин, 1.8 л;90 л.с., налог;механика;передний;265 000 км;левый;3 поколение;серый;седан;;;;
Audi;80;1987;160000;https://auto.drom.ru/spb/audi/80/598554603.html;Характеристики совпадают с ПТС;7 записей о регистрации;Не числится в розыске;Ограничений не обнаружено;Санкт-Петербурге;бензин, 1.8 л;90 л.с., налог;механика;передний;40 000 км;левый;3 поколение;красный;седан;;;;
Audi;80;1987;45000;https://auto.drom.ru/bryansk/audi/80/239397120.html;Характеристики совпадают с ПТС;2 записи о регистрации;Не числится в розыске;Есть ограничения;Брянске;бензин, 1.8 л;90 л.с., налог;механика;передний;340 000 км;левый;3 поколение;;седан;;документы с проблемами или отсутствуют;;
Audi;80;1987;170000;https://auto.drom.ru/pskov/audi/80/53179474.html;Характеристики совпадают с ПТС;5 записей о регистрации;Не числится в розыске;Ограничений не обнаружено;Пскове;бензин, 1.8 л;88 л.с., налог;механика;передний;292 461 км;левый;3 поколение;серебристый;седан;1.8S MT Base;;;
Audi;80;1987;130000;https://auto.drom.ru/shumerlya/audi/80/51888697.html;Объем двигателя, мощность двигателя не совпадают с ПТС;3 записи о регистрации;Не числится в розыске;Ограничений не обнаружено;Шумерле;бензин, 2.0 л;83 л.с., налог;механика;передний;129 889 км;левый;3 поколение;серый;седан;;;;
Audi;90;1987;80000;https://auto.drom.ru/ryazan/audi/90/46257518.html;Характеристики совпадают с ПТС;2 записи о регистрации;Не числится в розыске;Ограничений не обнаружено;Рязани;бензин, 2.0 л;115 л.с., налог;механика;передний;215 000 км;левый;3 поколение;серый;;2.0E MT;требуется ремонт или не на ходу;;
Audi;100;1987;130000;https://auto.drom.ru/stupino/audi/100/51907104.html;Характеристики совпадают с ПТС;7 записей о регистрации;Не числится в розыске;Ограничений не обнаружено;Ступино;бензин, 1.8 л;90 л.с., налог;механика;передний;503 000 км;левый;3 поколение;синий;седан;1.8 MT;;;
Audi;80;1987;70000;https://auto.drom.ru/cheboksary/audi/80/53913699.html;;;;;Чебоксарах;бензин, 1.8 л;90 л.с., налог;механика;передний;324 000 км;левый;3 поколение;синий;седан;1.8S MT Base;;;
Audi;80;1987;190000;https://auto.drom.ru/voronezh/audi/80/53561542.html;Характеристики совпадают с ПТС;5 записей о регистрации;Не числится в розыске;Ограничений не обнаружено;Воронеже;бензин, 1.8 л;90 л.с., налог;механика;передний;400 000 км;левый;3 поколение;белый;седан;;;;
Audi;80;1987;459000;https://auto.drom.ru/vologda/audi/80/53895518.html;Характеристики совпадают с ПТС;4 записи о регистрации;Не числится в розыске;Ограничений не обнаружено;Вологде;бензин, 1.8 л;90 л.с., налог;механика;передний;384 000 км;левый;3 поколение;желтый;седан;1.8S MT Base;;;
Audi;100;1987;120000;https://auto.drom.ru/moscow/audi/100/53530883.html;Характеристики совпадают с ПТС;3 записи о регистрации;Не числится в розыске;Ограничений не обнаружено;Москве;бензин, 1.8 л;90 л.с., налог;механика;передний;170 000 км;левый;3 поколение;коричневый;седан;;;;
Audi;80;1987;420000;https://auto.drom.ru/spb/audi/80/136690519.html;Характеристики совпадают с ПТС;3 записи о регистрации;Не числится в розыске;Ограничений не обнаружено;Санкт-Петербурге;бензин, 1.8 л;88 л.с., налог;механика;4WD;232 000 км;левый;3 поколение;белый;седан;;;;
Audi;80;1987;145000;https://auto.drom.ru/voronezh/audi/80/54152033.html;Характеристики совпадают с ПТС;;Не числится в розыске;Ограничений не обнаружено;Воронеже;бензин, 1.8 л;90 л.с., налог;механика;передний;;левый;3 поколение;;седан;;;;
Audi;80;1987;85000;https://auto.drom.ru/kireevsk/audi/80/54150627.html;Характеристики совпадают с ПТС;;Не числится в розыске;Ограничений не обнаружено;Киреевске;бензин, 1.8 л;90 л.с., налог;механика;передний;;левый;3 поколение;;седан;;;;
Audi;100;1988;310000;https://auto.drom.ru/moscow/audi/100/687906200.html;Мощность двигателя не совпадает с ПТС;4 записи о регистрации;Не числится в розыске;Есть ограничения;Москве;бензин, 2.2 л;165 л.с., налог;механика;4WD;30 000 км;левый;3 поколение, рестайлинг;красный;седан;2.2 Turbo MT quattro;документы с проблемами или отсутствуют;;
Audi;80;1988;145000;https://auto.drom.ru/volgorechensk/audi/80/53854135.html;Характеристики совпадают с ПТС;6 записей о регистрации;Не числится в розыске;Ограничений не обнаружено;Волгореченске;бензин, 1.8 л;90 л.с., налог;механика;передний;270 000 км;левый;3 поколение;красный;седан;1.8S MT Base;;;
Audi;80;1988;260000;https://auto.drom.ru/volgograd/audi/80/53064907.html;Мощность двигателя не совпадает с ПТС;6 записей о регистрации;Не числится в розыске;Ограничений не обнаружено;Волгограде;дизель, 1.6 л;54 л.с., налог;механика;передний;300 000 км;левый;3 поколение;серый;седан;1.6D MT Base;;;
Audi;80;1988;100000;https://auto.drom.ru/vologda/audi/80/146788619.html;Мощность двигателя не совпадает с ПТС;4 записи о регистрации;Не числится в розыске;Ограничений не обнаружено;Вологде;бензин, 1.8 л;90 л.с., налог;механика;передний;;левый;3 поколение;зеленый;седан;;;;
Audi;80;1988;130000;https://auto.drom.ru/korolev/audi/80/675991489.html;Характеристики совпадают с ПТС;7 записей о регистрации;Не числится в розыске;Есть ограничения;Королёве;бензин, 1.8 л;90 л.с., налог;механика;передний;350 000 км;левый;3 поколение;черный;седан;1.8S MT Base;;;
Audi;80;1988;120000;https://auto.drom.ru/saransk/audi/80/861067684.html;Характеристики совпадают с ПТС;3 записи о регистрации;Не числится в розыске;Ограничений не обнаружено;Саранске;бензин, 1.8 л;90 л.с., налог;механика;передний;205 630 км;левый;3 поколение;серый;седан;;;;
Audi;80;1988;100000;https://auto.drom.ru/gavrilov-yam/audi/80/588785626.html;Характеристики совпадают с ПТС;7 записей о регистрации;Не числится в розыске;Ограничений не обнаружено;Гаврилов-Яме;бензин, 1.8 л;90 л.с., налог;механика;передний;;левый;3 поколение;;седан;;;;
Audi;80;1988;140000;https://auto.drom.ru/spb/audi/80/53379145.html;Характеристики совпадают с ПТС;4 записи о регистрации;Не числится в розыске;Ограничений не обнаружено;Санкт-Петербурге;бензин, 1.8 л;113 л.с., налог;механика;передний;300 000 км;левый;3 поколение;синий;седан;1.8E MT Base;;;
Audi;100;1988;75000;https://auto.drom.ru/vladimir/audi/100/52837840.html;Характеристики совпадают с ПТС;4 записи о регистрации;Не числится в розыске;Ограничений не обнаружено;Владимире;бензин, 2.3 л;136 л.с., налог;механика;передний;280 000 км;левый;3 поколение, рестайлинг;серый;седан;2.3 MT;;;
Audi;100;1988;210000;https://auto.drom.ru/zheleznodorozhniy/audi/100/840333952.html;Характеристики совпадают с ПТС;4 записи о регистрации;Не числится в розыске;Ограничений не обнаружено;Железнодорожном;бензин, 2.0 л;115 л.с., налог;механика;передний;300 000 км;левый;3 поколение, рестайлинг;серебристый;седан;2.0 MT;;;
Audi;90;1988;150000;https://auto.drom.ru/smolensk/audi/90/331290366.html;Характеристики совпадают с ПТС;9 записей о регистрации;Не числится в розыске;Ограничений не обнаружено;Смоленске;бензин, 2.3 л;136 л.с., налог;механика;передний;280 000 км;левый;3 поколение;черный;;2.3E MT;;;
Audi;80;1988;194000;https://auto.drom.ru/volgograd/audi/80/53671014.html;Характеристики совпадают с ПТС;5 записей о регистрации;Не числится в розыске;Ограничений не обнаружено;Волгограде;бензин, 1.8 л;75 л.с., налог;механика;передний;447 000 км;левый;3 поколение;синий;седан;1.8 MT Base;;;
Audi;80;1988;100000;https://auto.drom.ru/yaroslavl/audi/80/52826650.html;Характеристики совпадают с ПТС;6 записей о регистрации;Не числится в розыске;Ограничений не обнаружено;Ярославле;бензин, 1.8 л;90 л.с., налог;механика;передний;450 000 км;левый;3 поколение;красный;седан;;;;
Audi;80;1988;80000;https://auto.drom.ru/belgorod/audi/80/468207238.html;;;;;Белгороде;бензин, 1.8 л;75 л.с., налог;механика;передний;;левый;3 поколение;;седан;1.8 MT Base;;;
Audi;80;1988;140000;https://auto.drom.ru/arzamas/audi/80/50737306.html;Характеристики совпадают с ПТС;8 записей о регистрации;Не числится в розыске;Ограничений не обнаружено;Арзамасе;бензин, 1.8 л;90 л.с., налог;механика;передний;250 000 км;левый;3 поколение;;седан;;;;
Audi;V8;1988;900000;https://auto.drom.ru/lobnya/audi/v8/47826417.html;Характеристики совпадают с ПТС;6 записей о регистрации;Не числится в розыске;Ограничений не обнаружено;Лобне;бензин, 3.6 л;250 л.с., налог;АКПП;4WD;199 200 км;левый;1 поколение;синий;;3.6 quattro AT;;;
Audi;80;1988;85000;https://auto.drom.ru/spb/audi/80/523721059.html;Характеристики совпадают с ПТС;1 запись о регистрации;Не числится в розыске;Есть ограничения;Санкт-Петербурге;бензин, 1.8 л;90 л.с., налог;механика;передний;330 000 км;левый;3 поколение;серый;седан;;;;
Audi;80;1988;100000;https://auto.drom.ru/moscow/audi/80/171594421.html;Характеристики совпадают с ПТС;5 записей о регистрации;Не числится в розыске;Ограничений не обнаружено;Москве;бензин, 1.8 л;90 л.с., налог;механика;передний;260 000 км;левый;3 поколение;золотистый;седан;1.8S MT Base;;;
Audi;80;1988;147000;https://auto.drom.ru/voronezh/audi/80/639658978.html;Характеристики совпадают с ПТС;8 записей о регистрации;Не числится в розыске;Ограничений не обнаружено;Воронеже;бензин, 1.8 л;90 л.с., налог;механика;передний;;левый;3 поколение;серый;седан;;;;
Audi;80;1988;115000;https://auto.drom.ru/kursk/audi/80/519831258.html;Характеристики совпадают с ПТС;9 записей о регистрации;Не числится в розыске;Ограничений не обнаружено;Курске;бензин, 1.8 л;90 л.с., налог;механика;передний;;левый;3 поколение;серый;седан;;;;
Audi;100;1988;175000;https://auto.drom.ru/mokshan/audi/100/899330006.html;Характеристики совпадают с ПТС;8 записей о регистрации;Не числится в розыске;Ограничений не обнаружено;Мокшане;бензин, 1.8 л;90 л.с., налог;механика;передний;286 000 км;левый;3 поколение, рестайлинг;серебристый;седан;1.8 MT;;;
Audi;80;1988;145000;https://auto.drom.ru/roslavl/audi/80/707906060.html;Характеристики совпадают с ПТС;3 записи о регистрации;Не числится в розыске;Ограничений не обнаружено;Рославле;бензин, 2.0 л;113 л.с., налог;механика;передний;300 000 км;левый;3 поколение;серый;седан;2.0E MT Base;;;
Audi;80;1988;100000;https://auto.drom.ru/lodeynoe-pole/audi/80/49714836.html;Характеристики совпадают с ПТС;11 записей о регистрации;Не числится в розыске;Ограничений не обнаружено;Лодейном Поле;бензин, 1.8 л;88 л.с., налог;механика;передний;400 000 км;левый;3 поколение;красный;седан;1.8S MT Base;;;
Audi;80;1988;55000;https://auto.drom.ru/spb/audi/80/133553741.html;Мощность двигателя не совпадает с ПТС;3 записи о регистрации;Не числится в розыске;Ограничений не обнаружено;Санкт-Петербурге;бензин, 1.8 л;90 л.с., налог;механика;передний;300 000 км;левый;3 поколение;синий;седан;1.8S MT Base;требуется ремонт или не на ходу;;
Audi;80;1988;70000;https://auto.drom.ru/smolensk/audi/80/53912335.html;Характеристики совпадают с ПТС;4 записи о регистрации;Не числится в розыске;Есть ограничения;Смоленске;бензин, 1.8 л;90 л.с., налог;механика;передний;300 000 км;левый;3 поколение;синий;седан;;;;
Audi;100;1988;180000;https://auto.drom.ru/smolensk/audi/100/750379191.html;Характеристики совпадают с ПТС;7 записей о регистрации;Не числится в розыске;Ограничений не обнаружено;Смоленске;бензин, 2.0 л;115 л.с., налог;механика;передний;;левый;3 поколение, рестайлинг;красный;седан;2.0 MT;;;
Audi;80;1988;135000;https://auto.drom.ru/arzamas/audi/80/53530841.html;;;;;Арзамасе;бензин, 1.8 л;75 л.с., налог;механика;передний;;левый;3 поколение;;седан;1.8 MT Base;;;
Audi;80;1988;100000;https://auto.drom.ru/ustyuzhna/audi/80/605992574.html;Мощность двигателя не совпадает с ПТС;4 записи о регистрации;Не числится в розыске;Ограничений не обнаружено;Устюжне;бензин, 1.8 л;90 л.с., налог;механика;передний;417 335 км;левый;3 поколение;зеленый;седан;1.8S MT Base;;;
Audi;80;1988;150000;https://auto.drom.ru/penza/audi/80/154313299.html;Мощность двигателя не совпадает с ПТС;3 записи о регистрации;Не числится в розыске;Ограничений не обнаружено;Пензе;бензин, 1.8 л;90 л.с., налог;механика;передний;377 777 км;левый;3 поколение;белый;седан;;;;
Audi;80;1989;150000;https://auto.drom.ru/spb/audi/80/265198707.html;Объем двигателя, мощность двигателя не совпадают с ПТС;8 записей о регистрации;Не числится в розыске;Есть ограничения;Санкт-Петербурге;бензин, 1.8 л;90 л.с., налог;механика;передний;200 000 км;левый;3 поколение;красный;седан;;;;
Audi;80;1989;132000;https://auto.drom.ru/kirov/audi/80/422966028.html;Характеристики совпадают с ПТС;9 записей о регистрации;Не числится в розыске;Ограничений не обнаружено;Кирове;бензин, 1.8 л;90 л.с., налог;механика;передний;250 000 км;левый;3 поколение;серый;седан;1.8S MT Base;;;
Audi;80;1989;247000;https://auto.drom.ru/glushkovo/audi/80/771267705.html;Характеристики совпадают с ПТС;6 записей о регистрации;Не числится в розыске;Ограничений не обнаружено;Глушково;бензин, 1.8 л;112 л.с., налог;механика;передний;422 500 км;левый;3 поколение;черный;седан;1.8S MT Base;;;
Audi;80;1989;190000;https://auto.drom.ru/vologda/audi/80/552859758.html;;;;;Вологде;дизель, 1.6 л;80 л.с., налог;механика;передний;270 000 км;левый;3 поколение;серый;седан;1.6D MT Base;;;
Audi;100;1989;185000;https://auto.drom.ru/moscow/audi/100/53812002.html;Характеристики совпадают с ПТС;9 записей о регистрации;Не числится в розыске;Ограничений не обнаружено;Москве;бензин, 1.8 л;90 л.с., налог;механика;передний;350 000 км;левый;3 поколение, рестайлинг;черный;седан;1.8 MT;;;
Audi;100;1989;199999;https://auto.drom.ru/spb/audi/100/53017439.html;Характеристики совпадают с ПТС;10 записей о регистрации;Не числится в розыске;Есть ограничения;Санкт-Петербурге;бензин, 2.3 л;136 л.с., налог;механика;передний;314 757 км;левый;3 поколение, рестайлинг;синий;седан;2.3 MT;документы с проблемами или отсутствуют;;
Audi;80;1989;110000;https://auto.drom.ru/kazan/audi/80/53788495.html;Характеристики совпадают с ПТС;5 записей о регистрации;Не числится в розыске;Ограничений не обнаружено;Казани;бензин, 1.8 л;90 л.с., налог;механика;передний;522 222 км;левый;3 поколение;;седан;;;;
Audi;80;1989;240000;https://auto.drom.ru/velikiy-novgorod/audi/80/922918673.html;Мощность двигателя не совпадает с ПТС;5 записей о регистрации;Не числится в розыске;Ограничений не обнаружено;Великом Новгороде;бензин, 1.8 л;90 л.с., налог;механика;передний;382 983 км;левый;3 поколение;бежевый;седан;1.8S MT Base;;;
Audi;80;1989;333000;https://auto.drom.ru/smolensk/audi/80/757020708.html;Характеристики совпадают с ПТС;7 записей о регистрации;Не числится в розыске;Ограничений не обнаружено;Смоленске;бензин, 1.8 л;90 л.с., налог;механика;передний;200 000 км;левый;3 поколение;синий;седан;;;;
Audi;80;1989;150000;https://auto.drom.ru/pushkino/audi/80/52922674.html;;;;;Пушкино;бензин, 1.8 л;90 л.с., налог;механика;передний;300 000 км;левый;3 поколение;синий;седан;;;;
Audi;80;1989;260000;https://auto.drom.ru/kursk/audi/80/375378340.html;Мощность двигателя не совпадает с ПТС;9 записей о регистрации;Не числится в розыске;Ограничений не обнаружено;Курске;бензин, 1.8 л;90 л.с., налог;механика;передний;299 173 км;левый;3 поколение;серебристый;седан;;;;
Audi;100;1989;285000;https://auto.drom.ru/semiluki/audi/100/256566852.html;Характеристики совпадают с ПТС;5 записей о регистрации;Не числится в розыске;Есть ограничения;Семилуках;бензин, 1.8 л;90 л.с., налог;механика;4WD;310 000 км;левый;3 поколение, рестайлинг;серебристый;седан;;;;
Audi;100;1989;450000;https://auto.drom.ru/spb/audi/100/623282238.html;Характеристики совпадают с ПТС;6 записей о регистрации;Не числится в розыске;Ограничений не обнаружено;Санкт-Петербурге;бензин, 2.3 л;136 л.с., налог;механика;4WD;210 000 км;левый;3 поколение, рестайлинг;серебристый;седан;2.3 MT quattro;;;
Audi;100;1989;150000;https://auto.drom.ru/spb/audi/100/624877375.html;Характеристики совпадают с ПТС;7 записей о регистрации;Не числится в розыске;Ограничений не обнаружено;Санкт-Петербурге;бензин, 2.2 л;138 л.с., налог;механика;передний;500 000 км;левый;3 поколение, рестайлинг;красный;седан;2.2 MT;;;
Audi;80;1989;85000;https://auto.drom.ru/zvenigorod/audi/80/52400032.html;Характеристики совпадают с ПТС;7 записей о регистрации;Не числится в розыске;Ограничений не обнаружено;Звенигороде;бензин, 1.8 л;90 л.с., налог;механика;передний;340 000 км;левый;3 поколение;голубой;седан;1.8S MT Base;требуется ремонт или не на ходу;;
Audi;100;1989;115000;https://auto.drom.ru/kirov/audi/100/53005696.html;Цвет не совпадает с ПТС;5 записей о регистрации;Не числится в розыске;Ограничений не обнаружено;Кирове;бензин, 2.2 л;165 л.с., налог;механика;4WD;169 999 км;левый;3 поколение, рестайлинг;бежевый;седан;2.2 Turbo MT quattro;требуется ремонт или не на ходу;;
Audi;80;1989;100000;https://auto.drom.ru/spb/audi/80/366956324.html;Характеристики совпадают с ПТС;9 записей о регистрации;Не числится в розыске;Ограничений не обнаружено;Санкт-Петербурге;бензин, 1.8 л;90 л.с., налог;механика;передний;460 000 км;левый;3 поколение;серебристый;седан;1.8S MT Base;;;
Audi;80;1989;165000;https://auto.drom.ru/rzhev/audi/80/930690927.html;;;;;Ржеве;бензин, 1.8 л;75 л.с., налог;механика;передний;190 000 км;левый;3 поколение;черный;седан;1.8 MT Base;;;
Audi;80;1989;150000;https://auto.drom.ru/rybinsk/audi/80/832201326.html;Год не совпадает с ПТС;4 записи о регистрации;Не числится в розыске;Ограничений не обнаружено;Рыбинске;бензин, 1.8 л;90 л.с., налог;механика;передний;230 000 км;левый;3 поколение;;седан;;;;
Audi;80;1989;119000;https://auto.drom.ru/kashira/audi/80/53300794.html;Характеристики совпадают с ПТС;3 записи о регистрации;Не числится в розыске;Ограничений не обнаружено;Кашире;бензин, 1.8 л;75 л.с., налог;механика;передний;123 456 км;левый;3 поколение;черный;седан;1.8 MT Base;;;
Audi;80;1989;191430;https://auto.drom.ru/vologda/audi/80/53988761.html;Цвет не совпадает с ПТС;11 записей о регистрации;Не числится в розыске;Ограничений не обнаружено;Вологде;бензин, 1.9 л;90 л.с., налог;механика;передний;;левый;3 поколение;синий;седан;;;;
Audi;80;1989;80000;https://auto.drom.ru/bryansk/audi/80/559910602.html;Мощность двигателя не совпадает с ПТС;2 записи о регистрации;Не числится в розыске;Ограничений не обнаружено;Брянске;бензин, 1.8 л;75 л.с., налог;механика;передний;278 000 км;левый;3 поколение;синий;седан;1.8 MT Base;;;
Audi;80;1989;100000;https://auto.drom.ru/nerehta/audi/80/53965420.html;Характеристики совпадают с ПТС;6 записей о регистрации;Не числится в розыске;Ограничений не обнаружено;Нерехте;бензин, 1.8 л;90 л.с., налог;механика;передний;250 000 км;левый;3 поколение;синий;седан;;требуется ремонт или не на ходу;;
Audi;100;1989;85000;https://auto.drom.ru/novoe-devyatkino/audi/100/711480382.html;Мощность двигателя не совпадает с ПТС;5 записей о регистрации;Не числится в розыске;Ограничений не обнаружено;Новом Девяткином;бензин, 2.3 л;136 л.с., налог;механика;передний;600 000 км;левый;3 поколение, рестайлинг;синий;седан;2.3 MT;;;
Audi;80;1989;90000;https://auto.drom.ru/yartsevo/audi/80/475765086.html;;;;;Ярцеве;бензин, 2.0 л;90 л.с., налог;механика;передний;;левый;3 поколение;синий;седан;;;;
Audi;80;1989;138000;https://auto.drom.ru/arzamas/audi/80/937241896.html;Характеристики совпадают с ПТС;4 записи о регистрации;Не числится в розыске;Ограничений не обнаружено;Арзамасе;бензин, 2.0 л;113 л.с., налог;механика;4WD;230 000 км;левый;3 поколение;черный;седан;;;;
Audi;80;1989;145000;https://auto.drom.ru/dedovichi/audi/80/191903791.html;Характеристики совпадают с ПТС;6 записей о регистрации;Не числится в розыске;Ограничений не обнаружено;Дедовичах;бензин, 1.8 л;90 л.с., налог;механика;передний;319 347 км;левый;3 поколение;черный;седан;;;;
Audi;80;1989;155000;https://auto.drom.ru/korolev/audi/80/53531494.html;Характеристики совпадают с ПТС;6 записей о регистрации;Не числится в розыске;Ограничений не обнаружено;Королёве;бензин, 1.8 л;90 л.с., налог;механика;передний;230 000 км;левый;3 поколение;белый;седан;1.8S MT Base;;;
Audi;80;1989;155000;https://auto.drom.ru/istra/audi/80/773367991.html;Характеристики совпадают с ПТС;4 записи о регистрации;Не числится в розыске;Ограничений не обнаружено;Истре;бензин, 1.8 л;90 л.с., налог;механика;передний;170 000 км;левый;3 поколение;серебристый;седан;1.8S MT Base;;;
Audi;80;1990;90000;https://auto.drom.ru/vetluga/audi/80/538388979.html;Характеристики совпадают с ПТС;3 записи о регистрации;Не числится в розыске;Ограничений не обнаружено;Ветлуге;бензин, 1.8 л;90 л.с., налог;механика;передний;300 000 км;левый;3 поколение;серебристый;седан;1.8S MT Base;;;
Audi;100;1990;130000;https://auto.drom.ru/luga/audi/100/53848268.html;Характеристики совпадают с ПТС;3 записи о регистрации;Не числится в розыске;Ограничений не обнаружено;Луге;бензин, 2.3 л, ГБО;133 л.с., налог;механика;передний;500 000 км;левый;3 поколение, рестайлинг;белый;седан;2.3 MT;;;
Audi;80;1990;105000;https://auto.drom.ru/bryansk/audi/80/54116827.html;;;;;Брянске;бензин, 1.8 л;90 л.с., налог;механика;передний;350 000 км;левый;3 поколение;синий;седан;;;;
Audi;80;1990;214900;https://auto.drom.ru/yaroslavl/audi/80/793676257.html;Объем двигателя, мощность двигателя не совпадают с ПТС;4 записи о регистрации;Не числится в розыске;Ограничений не обнаружено;Ярославле;бензин, 1.8 л;90 л.с., налог;механика;передний;312 000 км;левый;3 поколение;серый;седан;;;;
Audi;80;1990;105047;https://auto.drom.ru/donskoy/audi/80/551359185.html;Характеристики совпадают с ПТС;2 записи о регистрации;Не числится в розыске;Ограничений не обнаружено;Донском;бензин, 2.0 л;113 л.с., налог;механика;передний;254 123 км;левый;3 поколение;бордовый;седан;2.0E MT Base;;;
Audi;80;1990;80000;https://auto.drom.ru/istra/audi/80/901541045.html;Характеристики совпадают с ПТС;17 записей о регистрации;Не числится в розыске;Ограничений не обнаружено;Истре;бензин, 1.8 л;90 л.с., налог;механика;передний;168 000 км;левый;3 поколение;серый;седан;1.8S MT Base;;;
Audi;80;1990;260000;https://auto.drom.ru/sosnoviy-bor/audi/80/54061007.html;Объем двигателя, мощность двигателя не совпадают с ПТС;10 записей о регистрации;Не числится в розыске;Ограничений не обнаружено;Сосновом Бору;бензин, 1.8 л;112 л.с., налог;механика;передний;200 000 км;левый;3 поколение;синий;седан;1.8S MT Base;;;
Audi;80;1990;154000;https://auto.drom.ru/lipetsk/audi/80/534175223.html;Характеристики совпадают с ПТС;5 записей о регистрации;Не числится в розыске;Ограничений не обнаружено;Липецке;бензин, 1.8 л;90 л.с., налог;механика;передний;300 000 км;левый;3 поколение;синий;седан;;;;
Audi;80;1990;75000;https://auto.drom.ru/shchekyno/audi/80/510863590.html;Характеристики совпадают с ПТС;7 записей о регистрации;Не числится в розыске;Ограничений не обнаружено;Щёкино;бензин, 1.8 л;90 л.с., налог;механика;передний;200 000 км;левый;3 поколение;синий;седан;;;;
Audi;80;1990;150000;https://auto.drom.ru/pskov/audi/80/699941960.html;;;;;Пскове;бензин, 2.0 л;113 л.с., налог;механика;передний;;левый;3 поколение;;седан;2.0E MT Base;;;
Audi;80;1990;115000;https://auto.drom.ru/sebezh/audi/80/113812561.html;Характеристики совпадают с ПТС;4 записи о регистрации;Не числится в розыске;Ограничений не обнаружено;Себеже;бензин, 1.8 л;90 л.с., налог;механика;передний;285 000 км;левый;3 поколение;серый;седан;;;;
Audi;80;1990;128000;https://auto.drom.ru/elektrostal/audi/80/218687021.html;Характеристики совпадают с ПТС;2 записи о регистрации;Не числится в розыске;Ограничений не обнаружено;Электростали;бензин, 1.8 л;90 л.с., налог;механика;передний;446 200 км;левый;3 поколение;синий;седан;;;;
Audi;100;1990;110000;https://auto.drom.ru/belgorod/audi/100/53252804.html;Объем двигателя, мощность двигателя не совпадают с ПТС;5 записей о регистрации;Не числится в розыске;Ограничений не обнаружено;Белгороде;бензин, 2.3 л;136 л.с., налог;механика;передний;300 000 км;левый;3 поколение, рестайлинг;белый;седан;2.3 MT;требуется ремонт или не на ходу;;
Audi;80;1990;135000;https://auto.drom.ru/novaya-usman/audi/80/658608274.html;Характеристики совпадают с ПТС;7 записей о регистрации;Не числится в розыске;Ограничений не обнаружено;Новой Усмани;бензин, 1.8 л;90 л.с., налог;механика;передний;489 113 км;левый;3 поколение;синий;седан;1.8S MT Base;;;
Audi;80;1990;170000;https://auto.drom.ru/unecha/audi/80/744864902.html;Характеристики совпадают с ПТС;8 записей о регистрации;Не числится в розыске;Ограничений не обнаружено;Унече;бензин, 1.8 л;90 л.с., налог;механика;передний;400 000 км;левый;3 поколение;коричневый;седан;;;;
Audi;80;1990;169990;https://auto.drom.ru/kostroma/audi/80/380457589.html;Характеристики совпадают с ПТС;4 записи о регистрации;Не числится в розыске;Ограничений не обнаружено;Костроме;бензин, 2.0 л;113 л.с., налог;механика;передний;248 024 км;левый;3 поколение;черный;седан;2.0E MT Base;;;
Audi;80;1990;90000;https://auto.drom.ru/krasnye-baki/audi/80/53242115.html;Характеристики совпадают с ПТС;9 записей о регистрации;Не числится в розыске;Ограничений не обнаружено;Красных Баках;бензин, 1.6 л;75 л.с., налог;механика;передний;310 000 км;левый;3 поколение;синий;седан;1.6 MT Base;;;
Audi;80;1990;150000;https://auto.drom.ru/vladimir/audi/80/266713291.html;Характеристики совпадают с ПТС;1 запись о регистрации;Не числится в розыске;Ограничений не обнаружено;Владимире;бензин, 1.6 л;69 л.с., налог;механика;передний;331 000 км;левый;3 поколение;серый;седан;1.6 MT Base;;;
Audi;80;1990;56000;https://auto.drom.ru/moscow/audi/80/296413870.html;Характеристики совпадают с ПТС;17 записей о регистрации;Не числится в розыске;Ограничений не обнаружено;Москве;бензин, 1.8 л;90 л.с., налог;механика;передний;170 000 км;левый;3 поколение;серый;седан;1.8S MT Base;;;
Audi;80;1990;210000;https://auto.drom.ru/spb/audi/80/53938107.html;Характеристики совпадают с ПТС;5 записей о регистрации;Не числится в розыске;Ограничений не обнаружено;Санкт-Петербурге;бензин, 1.8 л;90 л.с., налог;механика;передний;111 000 км;левый;3 поколение;серый;седан;1.8S MT Base;;;
Audi;Coupe;1990;200000;https://auto.drom.ru/shchelkovo/audi/coupe-model/386830667.html;Характеристики совпадают с ПТС;7 записей о регистрации;Не числится в розыске;Ограничений не обнаружено;Щёлкове;бензин, 2.0 л;113 л.с., налог;механика;передний;446 000 км;левый;2 поколение;синий;хэтчбек 3 дв.;2.0 E MT;;;
Audi;80;1990;120000;https://auto.drom.ru/smolensk/audi/80/877043111.html;Характеристики совпадают с ПТС;8 записей о регистрации;Не числится в розыске;Есть ограничения;Смоленске;бензин, 1.8 л;90 л.с., налог;механика;передний;500 000 км;левый;3 поколение;синий;седан;;;;
Audi;80;1990;130000;https://auto.drom.ru/smolensk/audi/80/589261398.html;Характеристики совпадают с ПТС;3 записи о регистрации;Не числится в розыске;Ограничений не обнаружено;Смоленске;бензин, 1.8 л;90 л.с., налог;механика;передний;;левый;3 поколение;;седан;;;;
Audi;100;1990;160000;https://auto.drom.ru/smolensk/audi/100/938930493.html;;;;;Смоленске;бензин, 2.0 л;112 л.с., налог;механика;передний;199 900 км;левый;3 поколение, рестайлинг;коричневый;седан;;;;
Audi;100;1990;335000;https://auto.drom.ru/nizhniy-novgorod/audi/100/697728935.html;Характеристики совпадают с ПТС;9 записей о регистрации;Не числится в розыске;Ограничений не обнаружено;Нижнем Новгороде;бензин, 1.8 л;90 л.с., налог;механика;передний;292 000 км;левый;3 поколение, рестайлинг;синий;седан;;;;
Audi;80;1990;190000;https://auto.drom.ru/nizhniy-novgorod/audi/80/450895061.html;Характеристики совпадают с ПТС;9 записей о регистрации;Не числится в розыске;Ограничений не обнаружено;Нижнем Новгороде;бензин, 1.8 л;90 л.с., налог;механика;передний;250 000 км;левый;3 поколение;белый;седан;1.8S MT Base;;;
Audi;80;1990;140000;https://auto.drom.ru/nizhniy-novgorod/audi/80/53896582.html;Характеристики совпадают с ПТС;7 записей о регистрации;Не числится в розыске;Ограничений не обнаружено;Нижнем Новгороде;бензин, 1.8 л;90 л.с., налог;механика;передний;258 188 км;левый;3 поколение;синий;седан;1.8S MT Base;;;
Audi;80;1991;215000;https://auto.drom.ru/spb/audi/80/877137223.html;Характеристики совпадают с ПТС;8 записей о регистрации;Не числится в розыске;Ограничений не обнаружено;Санкт-Петербурге;бензин, 2.0 л;90 л.с., налог;механика;передний;337 077 км;левый;4 поколение;синий;седан;2.0 MT Base;;;
Audi;100;1991;260000;https://auto.drom.ru/semenov/audi/100/180739091.html;Характеристики совпадают с ПТС;5 записей о регистрации;Не числится в розыске;Ограничений не обнаружено;Семёнове;бензин, 2.3 л;133 л.с., налог;АКПП;передний;475 000 км;левый;4 поколение;синий;седан;2.3 AT CS;;;
Audi;100;1991;129000;https://auto.drom.ru/kirov/audi/100/804955952.html;Характеристики совпадают с ПТС;8 записей о регистрации;Не числится в розыске;Ограничений не обнаружено;Кирове;бензин, 2.0 л;101 л.с., налог;механика;передний;325 000 км;левый;4 поколение;серый;седан;;;;
Audi;80;1991;60000;https://auto.drom.ru/spb/audi/80/238713766.html;Характеристики совпадают с ПТС;4 записи о регистрации;Не числится в розыске;Ограничений не обнаружено;Санкт-Петербурге;бензин, 1.8 л;90 л.с., налог;механика;передний;251 000 км;левый;3 поколение;синий;седан;;;;
Audi;80;1991;100000;https://auto.drom.ru/smolensk/audi/80/54122431.html;;;;;Смоленске;дизель, 1.6 л;80 л.с., налог;механика;передний;400 000 км;левый;3 поколение;серый;седан;1.6D MT Base;;;
Audi;100;1991;330000;https://auto.drom.ru/volzhskiy/audi/100/503836950.html;;;;;Волжском;бензин, 2.3 л;133 л.с., налог;механика;передний;290 000 км;левый;4 поколение;серебристый;седан;2.3 MT S;;;
Audi;100;1991;220000;https://auto.drom.ru/pushchino/audi/100/172752081.html;Характеристики совпадают с ПТС;11 записей о регистрации;Не числится в розыске;Ограничений не обнаружено;Пущино;бензин, 2.3 л;133 л.с., налог;механика;передний;340 000 км;левый;4 поколение;черный;седан;;;;
Audi;80;1991;189990;https://auto.drom.ru/spb/audi/80/54075261.html;Характеристики совпадают с ПТС;3 записи о регистрации;Не числится в розыске;Ограничений не обнаружено;Санкт-Петербурге;бензин, 1.8 л;90 л.с., налог;механика;передний;401 000 км;левый;3 поколение;серый;седан;;;;
Audi;80;1991;250000;https://auto.drom.ru/moscow/audi/80/141073641.html;Характеристики совпадают с ПТС;5 записей о регистрации;Не числится в розыске;Ограничений не обнаружено;Москве;бензин, 1.8 л;90 л.с., налог;АКПП;передний;227 000 км;левый;3 поколение;синий;седан;1.8S AT Base;;;
Audi;80;1991;115000;https://auto.drom.ru/verhoshizheme/audi/80/149938531.html;Характеристики совпадают с ПТС;14 записей о регистрации;Не числится в розыске;Ограничений не обнаружено;Верхошижемье;бензин, 1.6 л;69 л.с., налог;механика;передний;288 888 км;левый;3 поколение;белый;седан;1.6 MT Base;;;
Audi;100;1991;120000;https://auto.drom.ru/tula/audi/100/186048168.html;Характеристики совпадают с ПТС;3 записи о регистрации;Не числится в розыске;Ограничений не обнаружено;Туле;бензин, 2.3 л;133 л.с., налог;механика;передний;300 000 км;левый;4 поколение;серебристый;седан;;;;
Audi;100;1991;365000;https://auto.drom.ru/vologda/audi/100/699666802.html;Характеристики совпадают с ПТС;6 записей о регистрации;Не числится в розыске;Ограничений не обнаружено;Вологде;бензин, 2.3 л;133 л.с., налог;механика;4WD;356 000 км;левый;4 поколение;серый;седан;2.3 MT S Quattro;;;
Audi;100;1991;330000;https://auto.drom.ru/konakovo/audi/100/54056315.html;Характеристики совпадают с ПТС;4 записи о регистрации;Не числится в розыске;Ограничений не обнаружено;Конакове;;;;;250 000 км;левый;;красный;седан;;;;
Audi;100;1991;40000;https://auto.drom.ru/kazan/audi/100/843919491.html;Характеристики совпадают с ПТС;1 запись о регистрации;Не числится в розыске;Есть ограничения;Казани;бензин, 2.0 л;115 л.с., налог;механика;передний;435 585 км;левый;4 поколение;белый;седан;;требуется ремонт или не на ходу, документы с проблемами или отсутствуют;;
Audi;80;1991;290000;https://auto.drom.ru/zheleznogorsk-kursk/audi/80/54044136.html;Характеристики совпадают с ПТС;4 записи о регистрации;Не числится в розыске;Ограничений не обнаружено;Железногорске;бензин, 2.0 л;90 л.с., налог;механика;передний;230 000 км;левый;4 поколение;серый;седан;2.0 MT Base;требуется ремонт или не на ходу;;
Audi;100;1991;300000;https://auto.drom.ru/biryuch/audi/100/114622053.html;Характеристики совпадают с ПТС;7 записей о регистрации;Не числится в розыске;Ограничений не обнаружено;Бирюче;бензин, 2.0 л;115 л.с., налог;механика;передний;;левый;4 поколение;серебристый;седан;;;;
Audi;100;1991;145000;https://auto.drom.ru/inza/audi/100/460569884.html;Характеристики совпадают с ПТС;6 записей о регистрации;Не числится в розыске;Ограничений не обнаружено;Инзе;бензин, 2.3 л;133 л.с., налог;механика;передний;100 000 км;левый;4 поколение;серый;седан;;;;
Audi;100;1991;220000;https://auto.drom.ru/grigorovo/audi/100/342708918.html;Характеристики совпадают с ПТС;12 записей о регистрации;Не числится в розыске;Ограничений не обнаружено;Григоровом;бензин, 2.3 л;133 л.с., налог;механика;передний;357 000 км;левый;4 поколение;зеленый;седан;2.3 MT S;;;
Audi;80;1991;140000;https://auto.drom.ru/makariev/audi/80/52440068.html;Объем двигателя не совпадает с ПТС;4 записи о регистрации;Не числится в розыске;Ограничений не обнаружено;Макарьеве;бензин, 2.0 л;90 л.с., налог;механика;передний;380 000 км;левый;4 поколение;коричневый;седан;;;;
Audi;80;1991;165000;https://auto.drom.ru/kineshma/audi/80/54011679.html;Характеристики совпадают с ПТС;7 записей о регистрации;Не числится в розыске;Ограничений не обнаружено;Кинешме;бензин, 1.8 л;90 л.с., налог;механика;передний;180 000 км;левый;3 поколение;серый;седан;1.8S MT Base;;;
Audi;100;1991;400000;https://auto.drom.ru/kimry/audi/100/53327117.html;Характеристики совпадают с ПТС;6 записей о регистрации;Не числится в розыске;Ограничений не обнаружено;Кимрах;бензин, 2.3 л;133 л.с., налог;механика;передний;450 000 км;левый;4 поколение;серый;седан;2.3 MT S;;;
Audi;100;1991;380000;https://auto.drom.ru/nizhniy-novgorod/audi/100/427036774.html;Характеристики совпадают с ПТС;9 записей о регистрации;Не числится в розыске;Ограничений не обнаружено;Нижнем Новгороде;бензин, 2.8 л;172 л.с., налог;механика;4WD;390 000 км;левый;4 поколение;серый;седан;2.8 MT CS Quattro;;;
Audi;80;1991;67000;https://auto.drom.ru/voronezh/audi/80/656592889.html;Характеристики совпадают с ПТС;8 записей о регистрации;Не числится в розыске;Ограничений не обнаружено;Воронеже;бензин, 1.6 л;75 л.с., налог;механика;передний;211 276 км;левый;3 поколение;серый;седан;;;;
Audi;80;1991;220000;https://auto.drom.ru/tomarovka/audi/80/53677023.html;;;;;Томаровке;бензин, 1.8 л;125 л.с., налог;механика;передний;250 000 км;левый;4 поколение;;седан;1.8E MT Base;;;
Audi;80;1991;115000;https://auto.drom.ru/rylsk/audi/80/53272569.html;Характеристики совпадают с ПТС;6 записей о регистрации;Не числится в розыске;Ограничений не обнаружено;Рыльске;бензин, 1.6 л;75 л.с., налог;механика;передний;500 000 км;левый;3 поколение;серебристый;седан;1.6 MT Base;;;
Audi;100;1991;180000;https://auto.drom.ru/tver/audi/100/219291475.html;Характеристики совпадают с ПТС;10 записей о регистрации;Не числится в розыске;Ограничений не обнаружено;Твери;бензин, 2.3 л;133 л.с., налог;механика;передний;99 999 км;левый;4 поколение;белый;седан;;;;
Audi;100;1991;160000;https://auto.drom.ru/smolensk/audi/100/750513748.html;Характеристики совпадают с ПТС;9 записей о регистрации;Не числится в розыске;Ограничений не обнаружено;Смоленске;бензин, 2.0 л;101 л.с., налог;механика;передний;512 000 км;левый;4 поколение;синий;седан;;требуется ремонт или не на ходу;;
Audi;80;1991;130000;https://auto.drom.ru/bolshaya-atnya/audi/80/53205241.html;Характеристики совпадают с ПТС;6 записей о регистрации;Не числится в розыске;Ограничений не обнаружено;Большей Атне;бензин, 1.8 л;90 л.с., налог;механика;передний;287 000 км;левый;3 поколение;черный;седан;1.8S MT Base;требуется ремонт или не на ходу;;
Audi;100;1991;440000;https://auto.drom.ru/alatyr/audi/100/53955699.html;Год не совпадает с ПТС;4 записи о регистрации;Не числится в розыске;Ограничений не обнаружено;Алатыре;бензин, 2.3 л;136 л.с., налог;автомат;передний;385 000 км;левый;3 поколение, рестайлинг;черный;седан;;;;
Audi;100;1991;100000;https://auto.drom.ru/donetsk/audi/100/53203028.html;Год не совпадает с ПТС;3 записи о регистрации;Не числится в розыске;Ограничений не обнаружено;Донецке;бензин, 2.0 л;74 л.с., налог;механика;передний;777 777 км;левый;4 поколение;черный;седан;;;;
Audi;100;1991;480000;https://auto.drom.ru/morgaushi/audi/100/53938759.html;Год не совпадает с ПТС;4 записи о регистрации;Не числится в розыске;Ограничений не обнаружено;Моргаушах;бензин, 2.3 л;133 л.с., налог;АКПП;передний;340 000 км;левый;4 поколение;черный;седан;2.3 AT S;;;
Audi;100;1991;230000;https://auto.drom.ru/kovernino/audi/100/712188909.html;Характеристики совпадают с ПТС;3 записи о регистрации;Не числится в розыске;Ограничений не обнаружено;Ковернино;бензин, 2.0 л;115 л.с., налог;механика;передний;625 433 км;левый;4 поколение;белый;седан;;;;
Audi;100;1991;190000;https://auto.drom.ru/stupino/audi/100/53163803.html;Объем двигателя не совпадает с ПТС;6 записей о регистрации;Не числится в розыске;Есть ограничения;Ступино;бензин, 2.3 л;133 л.с., налог;механика;передний;350 000 км;левый;4 поколение;серый;седан;;;;
Audi;80;1991;115000;https://auto.drom.ru/moscow/audi/80/54154177.html;Характеристики совпадают с ПТС;3 записи о регистрации;Не числится в розыске;Есть ограничения;Москве;бензин, 1.6 л;69 л.с., налог;механика;передний;250 000 км;левый;3 поколение;зеленый;седан;1.6 MT Base;документы с проблемами или отсутствуют;;
Audi;80;1991;97000;https://auto.drom.ru/kirovsk-leningrad/audi/80/53531498.html;Характеристики совпадают с ПТС;3 записи о регистрации;Не числится в розыске;Ограничений не обнаружено;Кировске;бензин, 1.8 л;90 л.с., налог;механика;передний;258 000 км;левый;3 поколение;бордовый;седан;1.8S MT Base;;;
Audi;100;1991;260000;https://auto.drom.ru/elets/audi/100/576696408.html;Характеристики совпадают с ПТС;9 записей о регистрации;Не числится в розыске;Ограничений не обнаружено;Ельце;бензин, 2.3 л;133 л.с., налог;механика;передний;;левый;4 поколение;;седан;;;;
Audi;80;1991;195000;https://auto.drom.ru/rybinsk/audi/80/696663919.html;Характеристики совпадают с ПТС;9 записей о регистрации;Не числится в розыске;Ограничений не обнаружено;Рыбинске;бензин, 2.0 л;115 л.с., налог;механика;передний;320 498 км;левый;4 поколение;серый;седан;2.0 E MT Base;;;
Audi;80;1991;95000;https://auto.drom.ru/velikiy-novgorod/audi/80/53523906.html;;;;;Великом Новгороде;дизель, 2.4 л;82 л.с., налог;механика;передний;;левый;3 поколение, рестайлинг;;седан;;;;
