Бренд;Модель;Год;Цена;URL;ПТС;Владельцы;Розыск;Ограничения;Город;Двигатель;Мощность;Коробка передач;Привод;Пробег;Руль;Поколение;Цвет;Тип кузова;Комплектация;Особые отметки;VIN;
Mercedes-Benz;E-Class;2016;3349000;https://auto.drom.ru/spb/mercedes-benz/e-class/52709091.html;Характеристики совпадают с ПТС;4 записи о регистрации;Не числится в розыске;Ограничений не обнаружено;Санкт-Петербурге;бензин, 3.0 л;333 л.с., налог;АКПП;4WD;164 000 км;левый;5 поколение;синий;седан;;;;
Mercedes-Benz;Mercedes;2016;1340000;https://auto.drom.ru/moscow/mercedes-benz/mercedes/578753476.html;Характеристики совпадают с ПТС;;Не числится в розыске;Ограничений не обнаружено;Москве;дизель, 2.1 л;109 л.с., налог;механика;задний;487 000 км;левый;;белый;;;;;
Mercedes-Benz;GLA-Class;2016;2499099;https://auto.drom.ru/spb/mercedes-benz/gla-class/679544096.html;Характеристики совпадают с ПТС;3 записи о регистрации;Не числится в розыске;Ограничений не обнаружено;Санкт-Петербурге;бензин, 2.0 л;211 л.с., налог;робот;4WD;90 148 км;левый;1 поколение;черный;;;;;
Mercedes-Benz;GLS-Class;2016;5250000;https://auto.drom.ru/moscow/mercedes-benz/gls-class/51838565.html;Характеристики совпадают с ПТС;2 записи о регистрации;Не числится в розыске;Ограничений не обнаружено;Москве;дизель, 3.0 л;249 л.с., налог;АКПП;4WD;76 000 км;левый;1 поколение;;;350 d 4MATIC Особая серия;;;
Mercedes-Benz;E-Class;2016;3145000;https://auto.drom.ru/spb/mercedes-benz/e-class/564178216.html;Характеристики совпадают с ПТС;5 записей о регистрации;Не числится в розыске;Ограничений не обнаружено;Санкт-Петербурге;бензин, 2.0 л;184 л.с., налог;АКПП;задний;118 000 км;левый;5 поколение;зеленый;седан;E 200 Sport Plus;;;
Mercedes-Benz;V-Class;2016;3880000;https://auto.drom.ru/moscow/mercedes-benz/v-class/329056793.html;Характеристики совпадают с ПТС;3 записи о регистрации;Не числится в розыске;Ограничений не обнаружено;Москве;дизель, 2.1 л;190 л.с., налог;АКПП;4WD;240 853 км;левый;3 поколение;черный;;;;;
Mercedes-Benz;GLS-Class;2016;5299000;https://auto.drom.ru/moscow/mercedes-benz/gls-class/721443363.html;Характеристики совпадают с ПТС;1 запись о регистрации;Не числится в розыске;Ограничений не обнаружено;Москве;дизель, 3.0 л;249 л.с., налог;АКПП;4WD;80 100 км;левый;1 поколение;серебристый;;350 d 4MATIC Особая серия;;;
Mercedes-Benz;E-Class;2016;3635000;https://auto.drom.ru/moscow/mercedes-benz/e-class/53929054.html;Характеристики совпадают с ПТС;1 запись о регистрации;Не числится в розыске;Ограничений не обнаружено;Москве;бензин, 2.0 л;184 л.с., налог;АКПП;задний;64 842 км;левый;4 поколение, рестайлинг;синий;купе;;;;
Mercedes-Benz;C-Class;2016;1950000;https://auto.drom.ru/spb/mercedes-benz/c-class/53926743.html;Характеристики совпадают с ПТС;2 записи о регистрации;Не числится в розыске;Ограничений не обнаружено;Санкт-Петербурге;бензин, 1.6 л;150 л.с., налог;АКПП;задний;92 000 км;левый;4 поколение;белый;седан;;;;
Mercedes-Benz;S-Class;2016;4699000;https://auto.drom.ru/moscow/mercedes-benz/s-class/53572190.html;Характеристики совпадают с ПТС;4 записи о регистрации;Не числится в розыске;Ограничений не обнаружено;Москве;бензин, 3.0 л;333 л.с., налог;АКПП;4WD;134 585 км;левый;6 поколение;белый;седан;;;;
Mercedes-Benz;GLE;2016;4097000;https://auto.drom.ru/moscow/mercedes-benz/gle-class/53571727.html;Характеристики совпадают с ПТС;4 записи о регистрации;Не числится в розыске;Ограничений не обнаружено;Москве;дизель, 3.0 л;249 л.с., налог;АКПП;4WD;117 475 км;левый;1 поколение;синий;;GLE 350d 4MATIC "Особая серия";;;
Mercedes-Benz;E-Class;2016;2489000;https://auto.drom.ru/spb/mercedes-benz/e-class/53562938.html;Характеристики совпадают с ПТС;5 записей о регистрации;Не числится в розыске;Ограничений не обнаружено;Санкт-Петербурге;дизель, 2.0 л;194 л.с., налог;АКПП;задний;183 001 км;левый;5 поколение;черный;седан;;;;
Mercedes-Benz;Vito;2016;4249000;https://auto.drom.ru/nizhniy-novgorod/mercedes-benz/vito/53151506.html;Характеристики совпадают с ПТС;2 записи о регистрации;Не числится в розыске;Ограничений не обнаружено;Нижнем Новгороде;дизель, 2.1 л;190 л.с., налог;автомат;;46 808 км;левый;3 поколение;черный;;;;;
Mercedes-Benz;E-Class;2016;3079000;https://auto.drom.ru/moscow/mercedes-benz/e-class/207039237.html;Характеристики совпадают с ПТС;2 записи о регистрации;Не числится в розыске;Ограничений не обнаружено;Москве;бензин, 2.0 л;184 л.с., налог;АКПП;задний;124 008 км;левый;5 поколение;белый;седан;;;;
Mercedes-Benz;C-Class;2016;1999000;https://auto.drom.ru/togliatti/mercedes-benz/c-class/53953081.html;Характеристики совпадают с ПТС;7 записей о регистрации;Не числится в розыске;Ограничений не обнаружено;Тольятти;бензин, 1.6 л;150 л.с., налог;АКПП;задний;128 759 км;левый;4 поколение;черный;седан;;;;
Mercedes-Benz;V-Class;2016;5350000;https://auto.drom.ru/spb/mercedes-benz/v-class/755770671.html;Характеристики совпадают с ПТС;2 записи о регистрации;Не числится в розыске;Ограничений не обнаружено;Санкт-Петербурге;дизель, 2.1 л;190 л.с., налог;АКПП;4WD;77 500 км;левый;3 поколение;черный;;250 d AT 4MATIC Avantgarde Edition Special Edition Длинный;;;
Mercedes-Benz;S-Class;2016;5518000;https://auto.drom.ru/moscow/mercedes-benz/s-class/53907848.html;Характеристики совпадают с ПТС;3 записи о регистрации;Не числится в розыске;Ограничений не обнаружено;Москве;бензин, 3.0 л;367 л.с., налог;автомат;4WD;113 217 км;левый;;белый;купе;;;;
Mercedes-Benz;E-Class;2016;2850000;https://auto.drom.ru/moscow/mercedes-benz/e-class/53909512.html;;;;;Москве;бензин, 2.0 л;184 л.с., налог;АКПП;задний;88 073 км;левый;5 поколение;черный;седан;;;;
Mercedes-Benz;E-Class;2016;1999000;https://auto.drom.ru/spb/mercedes-benz/e-class/534404351.html;Характеристики совпадают с ПТС;2 записи о регистрации;Не числится в розыске;Ограничений не обнаружено;Санкт-Петербурге;бензин, 2.0 л;184 л.с., налог;АКПП;задний;280 702 км;левый;5 поколение;черный;седан;;;;
Mercedes-Benz;G-Class;2016;7450000;https://auto.drom.ru/moscow/mercedes-benz/g-class/53556296.html;Характеристики совпадают с ПТС;2 записи о регистрации;Не числится в розыске;Ограничений не обнаружено;Москве;бензин, 5.5 л;571 л.с., налог;АКПП;4WD;109 500 км;левый;2 поколение, 7 рестайлинг;черный;джип/suv 5 дв.;G 63 AMG;;;
Mercedes-Benz;E-Class;2016;2550000;https://auto.drom.ru/bryansk/mercedes-benz/e-class/53553081.html;Характеристики совпадают с ПТС;2 записи о регистрации;Не числится в розыске;Ограничений не обнаружено;Брянске;дизель, 2.0 л;150 л.с., налог;АКПП;задний;180 000 км;левый;5 поколение;черный;седан;E 200 d Premium;;;
Mercedes-Benz;GLE Coupe;2016;4290000;https://auto.drom.ru/moscow/mercedes-benz/gle_coupe/53148830.html;Характеристики совпадают с ПТС;8 записей о регистрации;Не числится в розыске;Ограничений не обнаружено;Москве;дизель, 3.0 л;249 л.с., налог;АКПП;4WD;182 047 км;левый;1 поколение;белый;;350 d 4MATIC Особая серия;;;
Mercedes-Benz;CLS-Class;2016;3500000;https://auto.drom.ru/moscow/mercedes-benz/cls-class/52683560.html;Характеристики совпадают с ПТС;1 запись о регистрации;Не числится в розыске;Ограничений не обнаружено;Москве;дизель, 3.0 л;249 л.с., налог;АКПП;4WD;130 000 км;левый;2 поколение, рестайлинг;синий;седан;CLS 350 d 4MATIC;;;
Mercedes-Benz;E-Class;2016;2259000;https://auto.drom.ru/moscow/mercedes-benz/e-class/185553393.html;Характеристики совпадают с ПТС;4 записи о регистрации;Не числится в розыске;Ограничений не обнаружено;Москве;бензин, 2.0 л;184 л.с., налог;АКПП;задний;64 000 км;левый;4 поколение, рестайлинг;белый;купе;E 200 AТ;;;
Mercedes-Benz;GLS-Class;2016;4499000;https://auto.drom.ru/spb/mercedes-benz/gls-class/53191666.html;Характеристики совпадают с ПТС;4 записи о регистрации;Не числится в розыске;Ограничений не обнаружено;Санкт-Петербурге;дизель, 3.0 л;249 л.с., налог;АКПП;4WD;168 260 км;левый;1 поколение;белый;;350 d 4MATIC Особая серия;;;
Mercedes-Benz;C-Class;2016;2950000;https://auto.drom.ru/moscow/mercedes-benz/c-class/737667735.html;Характеристики совпадают с ПТС;2 записи о регистрации;Не числится в розыске;Ограничений не обнаружено;Москве;бензин, 1.6 л;150 л.с., налог;АКПП;задний;27 000 км;левый;4 поколение;черный;седан;;;;
Mercedes-Benz;S-Class;2016;4599999;https://auto.drom.ru/moscow/mercedes-benz/s-class/53904300.html;Характеристики совпадают с ПТС;3 записи о регистрации;Не числится в розыске;Ограничений не обнаружено;Москве;дизель, 3.0 л;249 л.с., налог;АКПП;4WD;122 000 км;левый;6 поколение;черный;седан;;;;
Mercedes-Benz;V-Class;2016;5300000;https://auto.drom.ru/moscow/mercedes-benz/v-class/53129690.html;Характеристики совпадают с ПТС;3 записи о регистрации;Не числится в розыске;Ограничений не обнаружено;Москве;дизель, 2.1 л;190 л.с., налог;АКПП;4WD;110 000 км;левый;3 поколение;черный;;250 d AT 4MATIC Avantgarde Длинный;;;
Mercedes-Benz;SL-Class;2016;5990000;https://auto.drom.ru/spb/mercedes-benz/sl-class/53122615.html;Характеристики совпадают с ПТС;3 записи о регистрации;Не числится в розыске;Ограничений не обнаружено;Санкт-Петербурге;бензин, 3.0 л;367 л.с., налог;автомат;задний;21 984 км;левый;;синий;купе;;;;
Mercedes-Benz;GLE Coupe;2016;6199000;https://auto.drom.ru/yaroslavl/mercedes-benz/gle_coupe/53756785.html;Характеристики совпадают с ПТС;4 записи о регистрации;Не числится в розыске;Ограничений не обнаружено;Ярославле;дизель, 3.0 л;249 л.с., налог;АКПП;4WD;93 774 км;левый;1 поколение;белый;;350 d 4MATIC Особая серия;;;
Mercedes-Benz;GLA-Class;2016;2599000;https://auto.drom.ru/yaroslavl/mercedes-benz/gla-class/53746768.html;Характеристики совпадают с ПТС;5 записей о регистрации;Не числится в розыске;Ограничений не обнаружено;Ярославле;бензин, 2.0 л;211 л.с., налог;робот;4WD;96 237 км;левый;1 поколение;черный;;GLA 250 DCT 4MATIC Style;;;
Mercedes-Benz;S-Class;2016;5930000;https://auto.drom.ru/kazan/mercedes-benz/s-class/536513961.html;Характеристики совпадают с ПТС;6 записей о регистрации;Не числится в розыске;Ограничений не обнаружено;Казани;бензин, 3.0 л;367 л.с., налог;автомат;4WD;73 691 км;левый;;серый;купе;;;;
Mercedes-Benz;C-Class;2016;2095000;https://auto.drom.ru/himki/mercedes-benz/c-class/52473329.html;Характеристики совпадают с ПТС;1 запись о регистрации;Не числится в розыске;Ограничений не обнаружено;Химках;бензин, 1.6 л;150 л.с., налог;АКПП;задний;137 800 км;левый;4 поколение;белый;седан;;;;
Mercedes-Benz;GLC;2016;2935775;https://auto.drom.ru/minsk/mercedes-benz/glc-class/52014830.html;;;;;Минске;бензин, 2.0 л;245 л.с., налог;АКПП;4WD;96 898 км;левый;1 поколение;;;;;;
Mercedes-Benz;GLS-Class;2016;5650000;https://auto.drom.ru/kazan/mercedes-benz/gls-class/53532272.html;Характеристики совпадают с ПТС;3 записи о регистрации;Не числится в розыске;Ограничений не обнаружено;Казани;дизель, 3.0 л;249 л.с., налог;АКПП;4WD;100 000 км;левый;1 поколение;черный;;350 d 4MATIC Особая серия;;;
Mercedes-Benz;B-Class;2016;1600000;https://auto.drom.ru/odintsovo/mercedes-benz/b-class/123607715.html;Характеристики совпадают с ПТС;2 записи о регистрации;Не числится в розыске;Ограничений не обнаружено;Одинцове;бензин, 1.6 л;156 л.с., налог;робот;передний;145 330 км;левый;2 поколение, рестайлинг;белый;;B 200 DCT AMG Line;;;
Mercedes-Benz;GLC;2016;3000000;https://auto.drom.ru/moscow/mercedes-benz/glc-class/491896664.html;Характеристики совпадают с ПТС;2 записи о регистрации;Не числится в розыске;Ограничений не обнаружено;Москве;дизель, 2.1 л;204 л.с., налог;АКПП;4WD;100 000 км;левый;1 поколение;белый;;;;;
Mercedes-Benz;GLS-Class;2016;4695947;https://auto.drom.ru/minsk/mercedes-benz/gls-class/725437875.html;Характеристики совпадают с ПТС;2 записи о регистрации;Не числится в розыске;Ограничений не обнаружено;Минске;дизель, 3.0 л;249 л.с., налог;АКПП;4WD;270 000 км;левый;1 поколение;черный;;350 d 4MATIC Особая серия;;;
Mercedes-Benz;E-Class;2016;3600000;https://auto.drom.ru/spb/mercedes-benz/e-class/749347882.html;Характеристики совпадают с ПТС;1 запись о регистрации;Не числится в розыске;Ограничений не обнаружено;Санкт-Петербурге;бензин, 2.0 л;184 л.с., налог;АКПП;задний;119 000 км;левый;5 поколение;зеленый;седан;;;;
Mercedes-Benz;S-Class;2016;6798000;https://auto.drom.ru/moscow/mercedes-benz/s-class/53860964.html;Мощность двигателя не совпадает с ПТС;1 запись о регистрации;Не числится в розыске;Ограничений не обнаружено;Москве;бензин, 3.0 л;333 л.с., налог;АКПП;4WD;37 400 км;левый;6 поколение;серый;купе;S 400 4MATIC;;;
Mercedes-Benz;S-Class;2016;3699000;https://auto.drom.ru/spb/mercedes-benz/s-class/588610650.html;Характеристики совпадают с ПТС;5 записей о регистрации;Не числится в розыске;Ограничений не обнаружено;Санкт-Петербурге;дизель, 3.0 л;249 л.с., налог;АКПП;4WD;233 000 км;левый;6 поколение;черный;седан;;;;
Mercedes-Benz;E-Class;2016;4050000;https://auto.drom.ru/moscow/mercedes-benz/e-class/52569666.html;Характеристики совпадают с ПТС;5 записей о регистрации;Не числится в розыске;Ограничений не обнаружено;Москве;бензин, 2.0 л;184 л.с., налог;АКПП;4WD;170 000 км;левый;5 поколение;белый;седан;;;;
Mercedes-Benz;A-Class;2016;1639000;https://auto.drom.ru/himki/mercedes-benz/a-class/661860824.html;Характеристики совпадают с ПТС;3 записи о регистрации;Не числится в розыске;Ограничений не обнаружено;Химках;бензин, 1.6 л;122 л.с., налог;робот;передний;62 979 км;левый;3 поколение, рестайлинг;серебристый;хэтчбек 5 дв.;;;;
Mercedes-Benz;GLA-Class;2016;2600000;https://auto.drom.ru/moscow/mercedes-benz/gla-class/281407860.html;Характеристики совпадают с ПТС;3 записи о регистрации;Не числится в розыске;Ограничений не обнаружено;Москве;бензин, 2.0 л;211 л.с., налог;робот;4WD;105 350 км;левый;1 поколение;коричневый;;;;;
Mercedes-Benz;E-Class;2016;2020126;https://auto.drom.ru/spb/mercedes-benz/e-class/693614036.html;Цвет не совпадает с ПТС;4 записи о регистрации;Не числится в розыске;Ограничений не обнаружено;Санкт-Петербурге;бензин, 2.0 л;184 л.с., налог;АКПП;задний;108 000 км;левый;4 поколение, рестайлинг;бежевый;купе;;;;
Mercedes-Benz;C-Class;2016;2875000;https://auto.drom.ru/saratov/mercedes-benz/c-class/53888593.html;Характеристики совпадают с ПТС;3 записи о регистрации;Не числится в розыске;Ограничений не обнаружено;Саратове;бензин, 2.0 л;184 л.с., налог;АКПП;4WD;101 000 км;левый;4 поколение;белый;седан;;;;
Mercedes-Benz;S-Class;2016;5938000;https://auto.drom.ru/moscow/mercedes-benz/s-class/53887731.html;Характеристики совпадают с ПТС;1 запись о регистрации;Не числится в розыске;Ограничений не обнаружено;Москве;бензин, 3.0 л;333 л.с., налог;АКПП;4WD;82 722 км;левый;6 поколение;черный;седан;;;;
Mercedes-Benz;S-Class;2016;6679789;https://auto.drom.ru/spb/mercedes-benz/s-class/102373988.html;Характеристики совпадают с ПТС;1 запись о регистрации;Не числится в розыске;Ограничений не обнаружено;Санкт-Петербурге;бензин, 3.0 л;367 л.с., налог;автомат;4WD;27 501 км;левый;;черный;купе;;;;
Mercedes-Benz;GLE;2016;4050000;https://auto.drom.ru/moscow/mercedes-benz/gle-class/51796925.html;Характеристики совпадают с ПТС;2 записи о регистрации;Не числится в розыске;Ограничений не обнаружено;Москве;бензин, 3.5 л;249 л.с., налог;АКПП;4WD;79 000 км;левый;1 поколение;белый;;GLE 300 4MATIC "Особая серия";;;
Mercedes-Benz;E-Class;2016;3440000;https://auto.drom.ru/himki/mercedes-benz/e-class/701162158.html;Характеристики совпадают с ПТС;7 записей о регистрации;Не числится в розыске;Ограничений не обнаружено;Химках;бензин, 2.0 л;184 л.с., налог;АКПП;задний;276 000 км;левый;5 поколение;серый;седан;E 200 Sport Plus;;;
Mercedes-Benz;GLE Coupe;2016;4300000;https://auto.drom.ru/moscow/mercedes-benz/gle_coupe/54004138.html;Характеристики совпадают с ПТС;4 записи о регистрации;Не числится в розыске;Ограничений не обнаружено;Москве;дизель, 3.0 л;249 л.с., налог;АКПП;4WD;142 000 км;левый;1 поколение;синий;;350 d 4MATIC Особая серия;;;
Mercedes-Benz;E-Class;2016;2790000;https://auto.drom.ru/moscow/mercedes-benz/e-class/53876785.html;Характеристики совпадают с ПТС;5 записей о регистрации;Не числится в розыске;Ограничений не обнаружено;Москве;дизель, 2.0 л;194 л.с., налог;АКПП;задний;175 000 км;левый;5 поколение;черный;седан;;;;
Mercedes-Benz;C-Class;2016;2119789;https://auto.drom.ru/spb/mercedes-benz/c-class/685071850.html;Характеристики совпадают с ПТС;4 записи о регистрации;Не числится в розыске;Ограничений не обнаружено;Санкт-Петербурге;бензин, 2.0 л;211 л.с., налог;АКПП;задний;180 376 км;левый;4 поколение;серый;седан;;;;
Mercedes-Benz;E-Class;2016;2688000;https://auto.drom.ru/moscow/mercedes-benz/e-class/570932412.html;Характеристики совпадают с ПТС;3 записи о регистрации;Не числится в розыске;Ограничений не обнаружено;Москве;бензин, 2.0 л;184 л.с., налог;АКПП;задний;72 500 км;левый;4 поколение, рестайлинг;красный;купе;;;;
Mercedes-Benz;GLA-Class;2016;2199000;https://auto.drom.ru/moscow/mercedes-benz/gla-class/53498271.html;Характеристики совпадают с ПТС;3 записи о регистрации;Не числится в розыске;Ограничений не обнаружено;Москве;бензин, 2.0 л;211 л.с., налог;робот;4WD;116 652 км;левый;1 поколение;черный;;GLA 250 4MATIC Особая серия;;;
Mercedes-Benz;GLA-Class;2016;1929000;https://auto.drom.ru/spb/mercedes-benz/gla-class/53875721.html;Характеристики совпадают с ПТС;5 записей о регистрации;Не числится в розыске;Ограничений не обнаружено;Санкт-Петербурге;бензин, 2.0 л;211 л.с., налог;робот;4WD;150 000 км;левый;1 поколение;черный;;;;;
Mercedes-Benz;GLC Coupe;2016;3370000;https://auto.drom.ru/moscow/mercedes-benz/glc_coupe/53055373.html;Характеристики совпадают с ПТС;3 записи о регистрации;Не числится в розыске;Ограничений не обнаружено;Москве;дизель, 2.1 л;204 л.с., налог;АКПП;4WD;103 518 км;левый;1 поколение;черный;;;;;
Mercedes-Benz;CLA-Class;2016;2555555;https://auto.drom.ru/spb/mercedes-benz/cla-class/53488628.html;Характеристики совпадают с ПТС;;Не числится в розыске;Ограничений не обнаружено;Санкт-Петербурге;бензин, 1.6 л;150 л.с., налог;робот;передний;43 000 км;левый;1 поколение;серебристый;седан;;;;
Mercedes-Benz;E-Class;2017;4750000;https://auto.drom.ru/moscow/mercedes-benz/e-class/362840794.html;Характеристики совпадают с ПТС;2 записи о регистрации;Не числится в розыске;Ограничений не обнаружено;Москве;бензин, 3.0 л;333 л.с., налог;АКПП;4WD;97 000 км;левый;5 поколение;серебристый;купе;E 400 4MATIC Sport;;;
Mercedes-Benz;C-Class;2017;3800000;https://auto.drom.ru/moscow/mercedes-benz/c-class/555913407.html;Мощность двигателя не совпадает с ПТС;2 записи о регистрации;Не числится в розыске;Ограничений не обнаружено;Москве;бензин, 3.0 л;367 л.с., налог;АКПП;4WD;74 000 км;левый;4 поколение;черный;седан;C 43 AMG 4MATIC Особая серия;;;
Mercedes-Benz;GLE Coupe;2017;6200000;https://auto.drom.ru/moscow/mercedes-benz/gle_coupe/521060044.html;Характеристики совпадают с ПТС;2 записи о регистрации;Не числится в розыске;Ограничений не обнаружено;Москве;бензин, 3.0 л;333 л.с., налог;АКПП;4WD;91 000 км;левый;1 поколение;синий;;;;;
Mercedes-Benz;C-Class;2017;2450000;https://auto.drom.ru/spb/mercedes-benz/c-class/53857456.html;Характеристики совпадают с ПТС;2 записи о регистрации;Не числится в розыске;Ограничений не обнаружено;Санкт-Петербурге;бензин, 1.6 л;150 л.с., налог;АКПП;задний;62 702 км;левый;4 поколение;черный;седан;;;;
Mercedes-Benz;S-Class;2017;5700000;https://auto.drom.ru/moscow/mercedes-benz/s-class/53496707.html;Характеристики совпадают с ПТС;2 записи о регистрации;Не числится в розыске;Ограничений не обнаружено;Москве;бензин;;автомат;;117 704 км;левый;6 поколение;синий;седан;;;;
Mercedes-Benz;GLS-Class;2017;5950000;https://auto.drom.ru/himki/mercedes-benz/gls-class/53495787.html;Характеристики совпадают с ПТС;3 записи о регистрации;Не числится в розыске;Ограничений не обнаружено;Химках;дизель, 3.0 л;249 л.с., налог;АКПП;4WD;63 000 км;левый;1 поколение;черный;;350 d 4MATIC Особая серия;;;
Mercedes-Benz;S-Class;2017;5799000;https://auto.drom.ru/kirov/mercedes-benz/s-class/53493873.html;Характеристики совпадают с ПТС;1 запись о регистрации;Не числится в розыске;Ограничений не обнаружено;Кирове;бензин, 3.0 л;367 л.с., налог;АКПП;задний;67 300 км;левый;6 поколение, рестайлинг;белый;седан;;;;
Mercedes-Benz;GLC Coupe;2017;4200000;https://auto.drom.ru/moscow/mercedes-benz/glc_coupe/53489821.html;Характеристики совпадают с ПТС;3 записи о регистрации;Не числится в розыске;Ограничений не обнаружено;Москве;дизель, 2.1 л;204 л.с., налог;АКПП;4WD;102 000 км;левый;1 поколение;красный;;GLC 250d 4MATIC Sport;;;
Mercedes-Benz;GLE Coupe;2017;4999000;https://auto.drom.ru/spb/mercedes-benz/gle_coupe/53081869.html;Характеристики совпадают с ПТС;2 записи о регистрации;Не числится в розыске;Ограничений не обнаружено;Санкт-Петербурге;дизель, 3.0 л;249 л.с., налог;АКПП;4WD;94 301 км;левый;1 поколение;синий;;350 d 4MATIC Особая серия;;;
Mercedes-Benz;GLC;2017;2870000;https://auto.drom.ru/spb/mercedes-benz/glc-class/53069267.html;Характеристики совпадают с ПТС;3 записи о регистрации;Не числится в розыске;Ограничений не обнаружено;Санкт-Петербурге;дизель, 2.1 л;204 л.с., налог;АКПП;4WD;110 000 км;левый;1 поколение;синий;;;;;
Mercedes-Benz;CLS-Class;2017;5350000;https://auto.drom.ru/moscow/mercedes-benz/cls-class/52598268.html;Характеристики совпадают с ПТС;5 записей о регистрации;Не числится в розыске;Ограничений не обнаружено;Москве;дизель, 2.9 л;340 л.с., налог;АКПП;4WD;91 000 км;левый;3 поколение;серый;седан;;;;
Mercedes-Benz;S-Class;2017;6200000;https://auto.drom.ru/moscow/mercedes-benz/s-class/45896431.html;Характеристики совпадают с ПТС;2 записи о регистрации;Не числится в розыске;Ограничений не обнаружено;Москве;бензин, 3.0 л;367 л.с., налог;АКПП;4WD;113 000 км;левый;6 поколение, рестайлинг;черный;седан;S 450 4MATIC L;;;
Mercedes-Benz;GLE;2017;4750000;https://auto.drom.ru/moscow/mercedes-benz/gle-class/649343547.html;Характеристики совпадают с ПТС;1 запись о регистрации;Не числится в розыске;Ограничений не обнаружено;Москве;дизель, 2.1 л;204 л.с., налог;АКПП;4WD;49 692 км;левый;1 поколение;синий;;;;;
Mercedes-Benz;Metris;2017;2756618;https://auto.drom.ru/minsk/mercedes-benz/metris/388314801.html;;;;;Минске;бензин, 2.0 л;211 л.с., налог;автомат;задний;208 000 км;левый;;;;;;;
Mercedes-Benz;C-Class;2017;2420000;https://auto.drom.ru/moscow/mercedes-benz/c-class/708774524.html;Характеристики совпадают с ПТС;3 записи о регистрации;Не числится в розыске;Ограничений не обнаружено;Москве;бензин, 1.6 л;150 л.с., налог;АКПП;задний;121 221 км;левый;4 поколение;черный;седан;C 180 Sport;;;
Mercedes-Benz;GLE Coupe;2017;6190000;https://auto.drom.ru/moscow/mercedes-benz/gle_coupe/51754748.html;Характеристики совпадают с ПТС;1 запись о регистрации;Не числится в розыске;Ограничений не обнаружено;Москве;дизель, 3.0 л;249 л.с., налог;АКПП;4WD;23 000 км;левый;1 поколение;белый;;350 d 4MATIC Особая серия;;;
Mercedes-Benz;GLE Coupe;2017;5950000;https://auto.drom.ru/moscow/mercedes-benz/gle_coupe/51754796.html;Характеристики совпадают с ПТС;1 запись о регистрации;Не числится в розыске;Ограничений не обнаружено;Москве;дизель, 3.0 л;249 л.с., налог;АКПП;4WD;54 000 км;левый;1 поколение;синий;;350 d 4MATIC Особая серия;;;
Mercedes-Benz;V-Class;2017;6490000;https://auto.drom.ru/moscow/mercedes-benz/v-class/47706944.html;Характеристики совпадают с ПТС;4 записи о регистрации;Не числится в розыске;Ограничений не обнаружено;Москве;дизель, 2.1 л;190 л.с., налог;АКПП;4WD;58 000 км;левый;3 поколение;черный;;;;;
Mercedes-Benz;GLS-Class;2017;8350000;https://auto.drom.ru/moscow/mercedes-benz/gls-class/51754895.html;Характеристики совпадают с ПТС;1 запись о регистрации;Не числится в розыске;Ограничений не обнаружено;Москве;бензин, 5.5 л;585 л.с., налог;АКПП;4WD;34 000 км;левый;1 поколение;синий;;AMG 63 4MATIC Особая серия;;;
Mercedes-Benz;C-Class;2017;2390000;https://auto.drom.ru/moscow/mercedes-benz/c-class/54137813.html;Характеристики совпадают с ПТС;3 записи о регистрации;Не числится в розыске;Ограничений не обнаружено;Москве;бензин, 1.6 л;150 л.с., налог;АКПП;задний;130 742 км;левый;4 поколение;черный;седан;;;;
Mercedes-Benz;E-Class;2017;4290000;https://auto.drom.ru/spb/mercedes-benz/e-class/660652792.html;Характеристики совпадают с ПТС;2 записи о регистрации;Не числится в розыске;Ограничений не обнаружено;Санкт-Петербурге;бензин, 3.0 л;333 л.с., налог;АКПП;4WD;;левый;5 поколение;черный;седан;;;;
Mercedes-Benz;C-Class;2017;2720000;https://auto.drom.ru/moscow/mercedes-benz/c-class/53117383.html;Характеристики совпадают с ПТС;3 записи о регистрации;Не числится в розыске;Ограничений не обнаружено;Москве;бензин, 2.0 л;184 л.с., налог;АКПП;4WD;125 781 км;левый;4 поколение;синий;седан;;;;
Mercedes-Benz;GLE;2017;4499900;https://auto.drom.ru/spb/mercedes-benz/gle-class/738948689.html;Характеристики совпадают с ПТС;2 записи о регистрации;Не числится в розыске;Ограничений не обнаружено;Санкт-Петербурге;дизель, 3.0 л;249 л.с., налог;АКПП;4WD;103 907 км;левый;1 поколение;черный;;;;;
Mercedes-Benz;C-Class;2017;2350000;https://auto.drom.ru/moscow/mercedes-benz/c-class/54137738.html;Характеристики совпадают с ПТС;3 записи о регистрации;Не числится в розыске;Ограничений не обнаружено;Москве;бензин, 1.6 л;150 л.с., налог;АКПП;задний;194 030 км;левый;4 поколение;белый;седан;;;;
Mercedes-Benz;C-Class;2017;3895000;https://auto.drom.ru/moscow/mercedes-benz/c-class/53845512.html;Характеристики совпадают с ПТС;2 записи о регистрации;Не числится в розыске;Ограничений не обнаружено;Москве;бензин, 2.0 л;184 л.с., налог;АКПП;4WD;10 307 км;левый;4 поколение;черный;седан;;;;
Mercedes-Benz;GLC;2017;4290000;https://auto.drom.ru/moscow/mercedes-benz/glc-class/53845517.html;Характеристики совпадают с ПТС;4 записи о регистрации;Не числится в розыске;Ограничений не обнаружено;Москве;бензин, 2.0 л;245 л.с., налог;АКПП;4WD;82 000 км;левый;1 поколение;белый;;;;;
Mercedes-Benz;GLA-Class;2017;2900000;https://auto.drom.ru/voronezh/mercedes-benz/gla-class/53476975.html;Характеристики совпадают с ПТС;5 записей о регистрации;Не числится в розыске;Ограничений не обнаружено;Воронеже;бензин, 2.0 л;381 л.с., налог;робот;4WD;138 006 км;левый;1 поколение;черный;;;;;
Mercedes-Benz;S-Class;2017;4575000;https://auto.drom.ru/moscow/mercedes-benz/s-class/51748660.html;Характеристики совпадают с ПТС;1 запись о регистрации;Не числится в розыске;Ограничений не обнаружено;Москве;бензин, 3.0 л;367 л.с., налог;АКПП;4WD;142 498 км;левый;6 поколение, рестайлинг;черный;седан;;;;
Mercedes-Benz;SL-Class;2017;8000000;https://auto.drom.ru/moscow/mercedes-benz/sl-class/52782494.html;Характеристики совпадают с ПТС;2 записи о регистрации;Не числится в розыске;Ограничений не обнаружено;Москве;бензин, 3.0 л;367 л.с., налог;АКПП;задний;33 000 км;левый;6 поколение, рестайлинг;красный;открытый;SL 400 AT;;;
Mercedes-Benz;GLC;2017;3999999;https://auto.drom.ru/moscow/mercedes-benz/glc-class/49410663.html;Характеристики совпадают с ПТС;2 записи о регистрации;Не числится в розыске;Ограничений не обнаружено;Москве;бензин, 2.0 л;245 л.с., налог;АКПП;4WD;40 000 км;левый;1 поколение;белый;;GLC 300 4MATIC "Особая серия";;;
Mercedes-Benz;GLC;2017;3950000;https://auto.drom.ru/moscow/mercedes-benz/glc-class/49409123.html;Характеристики совпадают с ПТС;3 записи о регистрации;Не числится в розыске;Ограничений не обнаружено;Москве;бензин, 2.0 л;245 л.с., налог;АКПП;4WD;54 000 км;левый;1 поколение;красный;;GLC 300 4MATIC "Особая серия";;;
Mercedes-Benz;E-Class;2017;3797000;https://auto.drom.ru/moscow/mercedes-benz/e-class/862934173.html;Характеристики совпадают с ПТС;2 записи о регистрации;Не числится в розыске;Ограничений не обнаружено;Москве;бензин, 2.0 л;184 л.с., налог;АКПП;4WD;82 480 км;левый;5 поколение;черный;седан;;;;
Mercedes-Benz;GLS-Class;2017;4600000;https://auto.drom.ru/moscow/mercedes-benz/gls-class/337783975.html;Характеристики совпадают с ПТС;1 запись о регистрации;Не числится в розыске;Ограничений не обнаружено;Москве;дизель, 3.0 л;249 л.с., налог;АКПП;4WD;302 249 км;левый;1 поколение;черный;;350 d 4MATIC Особая серия;;;
Mercedes-Benz;G-Class;2017;9500000;https://auto.drom.ru/moscow/mercedes-benz/g-class/53978270.html;Характеристики совпадают с ПТС;7 записей о регистрации;Не числится в розыске;Ограничений не обнаружено;Москве;бензин, 5.5 л;571 л.с., налог;АКПП;4WD;62 000 км;левый;2 поколение, 7 рестайлинг;черный;джип/suv 5 дв.;G 63 AMG;;;
Mercedes-Benz;GLE Coupe;2017;4294228;https://auto.drom.ru/minsk/mercedes-benz/gle_coupe/53475028.html;;;;;Минске;бензин, 3.0 л;333 л.с., налог;АКПП;4WD;99 000 км;левый;1 поколение;синий;;GLE 400 4MATIC;;;
Mercedes-Benz;GLE Coupe;2017;5899000;https://auto.drom.ru/moscow/mercedes-benz/gle_coupe/54124479.html;Характеристики совпадают с ПТС;4 записи о регистрации;Не числится в розыске;Ограничений не обнаружено;Москве;бензин, 5.5 л;585 л.с., налог;АКПП;4WD;120 500 км;левый;1 поколение;белый;;;;;
Mercedes-Benz;GLC;2017;2749000;https://auto.drom.ru/spb/mercedes-benz/glc-class/53839575.html;Характеристики совпадают с ПТС;4 записи о регистрации;Не числится в розыске;Ограничений не обнаружено;Санкт-Петербурге;дизель, 2.1 л;170 л.с., налог;АКПП;4WD;131 382 км;левый;1 поколение;черный;;;;;
Mercedes-Benz;C-Class;2017;1809000;https://auto.drom.ru/spb/mercedes-benz/c-class/53837988.html;Характеристики совпадают с ПТС;1 запись о регистрации;Не числится в розыске;Ограничений не обнаружено;Санкт-Петербурге;бензин, 1.6 л;150 л.с., налог;АКПП;задний;170 563 км;левый;4 поколение;черный;седан;;;;
Mercedes-Benz;GLC;2017;2559000;https://auto.drom.ru/spb/mercedes-benz/glc-class/53046982.html;Характеристики совпадают с ПТС;5 записей о регистрации;Не числится в розыске;Ограничений не обнаружено;Санкт-Петербурге;бензин, 2.0 л;211 л.с., налог;АКПП;4WD;119 000 км;левый;1 поколение;синий;;;;;
Mercedes-Benz;GLE Coupe;2017;4799000;https://auto.drom.ru/moscow/mercedes-benz/gle_coupe/595753577.html;Характеристики совпадают с ПТС;3 записи о регистрации;Не числится в розыске;Ограничений не обнаружено;Москве;дизель, 3.0 л;249 л.с., налог;АКПП;4WD;118 709 км;левый;1 поколение;черный;;350 d 4MATIC Особая серия;;;
Mercedes-Benz;C-Class;2017;2600000;https://auto.drom.ru/spb/mercedes-benz/c-class/187329447.html;Характеристики совпадают с ПТС;3 записи о регистрации;Не числится в розыске;Ограничений не обнаружено;Санкт-Петербурге;бензин, 1.6 л;150 л.с., налог;АКПП;задний;75 800 км;левый;4 поколение;белый;седан;C 180 Особая серия;;;
Mercedes-Benz;GLS-Class;2017;4447000;https://auto.drom.ru/voronezh/mercedes-benz/gls-class/786338849.html;Характеристики совпадают с ПТС;4 записи о регистрации;Не числится в розыске;Ограничений не обнаружено;Воронеже;дизель, 3.0 л;249 л.с., налог;АКПП;4WD;220 391 км;левый;1 поколение;белый;;350 d 4MATIC Особая серия;;;
Mercedes-Benz;GLC;2017;3380000;https://auto.drom.ru/moscow/mercedes-benz/glc-class/622253015.html;Характеристики совпадают с ПТС;1 запись о регистрации;Не числится в розыске;Ограничений не обнаружено;Москве;дизель, 2.1 л;170 л.с., налог;АКПП;4WD;107 000 км;левый;1 поколение;белый;;GLC 220d 4MATIC "Особая серия";;;
Mercedes-Benz;GLE;2017;3950000;https://auto.drom.ru/moscow/mercedes-benz/gle-class/839389265.html;Характеристики совпадают с ПТС;1 запись о регистрации;Не числится в розыске;Ограничений не обнаружено;Москве;дизель, 3.0 л;249 л.с., налог;АКПП;4WD;256 440 км;левый;1 поколение;черный;;;;;
Mercedes-Benz;E-Class;2017;3490000;https://auto.drom.ru/spb/mercedes-benz/e-class/501384280.html;Характеристики совпадают с ПТС;4 записи о регистрации;Не числится в розыске;Ограничений не обнаружено;Санкт-Петербурге;бензин, 3.0 л;333 л.с., налог;АКПП;4WD;152 250 км;левый;5 поколение;черный;седан;;;;
Mercedes-Benz;C-Class;2017;3000000;https://auto.drom.ru/minsk/mercedes-benz/c-class/54119239.html;;;;;Минске;бензин, 3.0 л;367 л.с., налог;АКПП;4WD;110 000 км;левый;4 поколение;белый;купе;C 43 AMG 4MATIC Особая серия;;;
Mercedes-Benz;S-Class;2017;6550000;https://auto.drom.ru/moscow/mercedes-benz/s-class/52528833.html;Характеристики совпадают с ПТС;2 записи о регистрации;Не числится в розыске;Ограничений не обнаружено;Москве;бензин, 3.0 л;367 л.с., налог;АКПП;4WD;87 831 км;левый;6 поколение, рестайлинг;черный;купе;S 450 4MATIC;;;
Mercedes-Benz;GLC;2017;2695000;https://auto.drom.ru/moscow/mercedes-benz/glc-class/53409946.html;Характеристики совпадают с ПТС;2 записи о регистрации;Не числится в розыске;Ограничений не обнаружено;Москве;дизель, 2.1 л;170 л.с., налог;АКПП;4WD;159 188 км;левый;1 поколение;черный;;;;;
Mercedes-Benz;GLA-Class;2017;2450000;https://auto.drom.ru/moscow/mercedes-benz/gla-class/52707989.html;Характеристики совпадают с ПТС;2 записи о регистрации;Не числится в розыске;Ограничений не обнаружено;Москве;бензин, 1.6 л;150 л.с., налог;робот;передний;74 304 км;левый;1 поколение;белый;;;;;
Mercedes-Benz;E-Class;2017;3827000;https://auto.drom.ru/moscow/mercedes-benz/e-class/109879790.html;Характеристики совпадают с ПТС;2 записи о регистрации;Не числится в розыске;Ограничений не обнаружено;Москве;бензин, 2.0 л;184 л.с., налог;АКПП;4WD;108 812 км;левый;5 поколение;синий;седан;;;;
Mercedes-Benz;CLS-Class;2017;4050000;https://auto.drom.ru/moscow/mercedes-benz/cls-class/53820347.html;Характеристики совпадают с ПТС;3 записи о регистрации;Не числится в розыске;Ограничений не обнаружено;Москве;дизель, 3.0 л;249 л.с., налог;АКПП;4WD;130 000 км;левый;2 поколение, рестайлинг;черный;универсал;CLS 350 d 4MATIC;;;
Mercedes-Benz;S-Class;2017;6250000;https://auto.drom.ru/moscow/mercedes-benz/s-class/53450690.html;Характеристики совпадают с ПТС;2 записи о регистрации;Не числится в розыске;Ограничений не обнаружено;Москве;бензин, 4.0 л;469 л.с., налог;АКПП;4WD;134 864 км;левый;6 поколение, рестайлинг;черный;седан;;;;
Mercedes-Benz;GLA-Class;2017;2804841;https://auto.drom.ru/spb/mercedes-benz/gla-class/53449138.html;Характеристики совпадают с ПТС;3 записи о регистрации;Не числится в розыске;Ограничений не обнаружено;Санкт-Петербурге;бензин, 2.0 л;211 л.с., налог;робот;4WD;60 000 км;левый;1 поколение;черный;;;;;
Mercedes-Benz;C-Class;2017;2050000;https://auto.drom.ru/moscow/mercedes-benz/c-class/772255280.html;Характеристики совпадают с ПТС;5 записей о регистрации;Не числится в розыске;Ограничений не обнаружено;Москве;бензин, 1.6 л;150 л.с., налог;АКПП;задний;230 000 км;левый;4 поколение;белый;седан;C 180 Sport;;;
Mercedes-Benz;CLS-Class;2017;4249700;https://auto.drom.ru/moscow/mercedes-benz/cls-class/771328294.html;Характеристики совпадают с ПТС;4 записи о регистрации;Не числится в розыске;Ограничений не обнаружено;Москве;дизель, 3.0 л;249 л.с., налог;АКПП;4WD;92 782 км;левый;2 поколение, рестайлинг;белый;универсал;CLS 350 d 4MATIC;;;
Mercedes-Benz;S-Class;2017;9249000;https://auto.drom.ru/moscow/mercedes-benz/s-class/902090323.html;Характеристики совпадают с ПТС;5 записей о регистрации;Не числится в розыске;Ограничений не обнаружено;Москве;бензин, 4.0 л;469 л.с., налог;АКПП;4WD;84 798 км;левый;6 поколение, рестайлинг;черный;седан;;;;
Mercedes-Benz;GLA-Class;2017;2720000;https://auto.drom.ru/moscow/mercedes-benz/gla-class/327517057.html;Характеристики совпадают с ПТС;3 записи о регистрации;Не числится в розыске;Ограничений не обнаружено;Москве;бензин, 2.0 л;211 л.с., налог;робот;4WD;84 402 км;левый;1 поколение;белый;;;;;
Mercedes-Benz;C-Class;2017;3750000;https://auto.drom.ru/spb/mercedes-benz/c-class/394200907.html;Характеристики совпадают с ПТС;6 записей о регистрации;Не числится в розыске;Ограничений не обнаружено;Санкт-Петербурге;бензин, 3.0 л;367 л.с., налог;АКПП;4WD;128 334 км;левый;4 поколение;белый;седан;;;;
Mercedes-Benz;GLS-Class;2017;5120000;https://auto.drom.ru/moscow/mercedes-benz/gls-class/54096252.html;Характеристики совпадают с ПТС;3 записи о регистрации;Не числится в розыске;Ограничений не обнаружено;Москве;дизель, 3.0 л;249 л.с., налог;АКПП;4WD;110 000 км;левый;1 поколение;черный;;350 d 4MATIC Особая серия;;;
Mercedes-Benz;E-Class;2017;3750000;https://auto.drom.ru/moscow/mercedes-benz/e-class/54091325.html;Характеристики совпадают с ПТС;1 запись о регистрации;Не числится в розыске;Ограничений не обнаружено;Москве;бензин, 2.0 л;184 л.с., налог;АКПП;4WD;122 000 км;левый;5 поколение;синий;седан;E 200 4MATIC Exclusive;;;
Mercedes-Benz;GLA-Class;2017;2849000;https://auto.drom.ru/moscow/mercedes-benz/gla-class/650676536.html;Характеристики совпадают с ПТС;4 записи о регистрации;Не числится в розыске;Ограничений не обнаружено;Москве;бензин, 2.0 л;211 л.с., налог;робот;4WD;50 000 км;левый;1 поколение;белый;;;;;
Mercedes-Benz;GLC;2017;4090000;https://auto.drom.ru/yaroslavl/mercedes-benz/glc-class/559164852.html;Характеристики совпадают с ПТС;2 записи о регистрации;Не числится в розыске;Ограничений не обнаружено;Ярославле;бензин, 2.0 л;245 л.с., налог;АКПП;4WD;109 000 км;левый;1 поколение;синий;;;;;
Mercedes-Benz;GLA-Class;2017;3198000;https://auto.drom.ru/moscow/mercedes-benz/gla-class/805533231.html;Характеристики совпадают с ПТС;1 запись о регистрации;Не числится в розыске;Ограничений не обнаружено;Москве;бензин, 2.0 л;211 л.с., налог;робот;4WD;58 249 км;левый;1 поколение;белый;;;;;
Mercedes-Benz;E-Class;2017;4515000;https://auto.drom.ru/moscow/mercedes-benz/e-class/54083000.html;Характеристики совпадают с ПТС;2 записи о регистрации;Не числится в розыске;Ограничений не обнаружено;Москве;бензин, 3.0 л;333 л.с., налог;АКПП;4WD;89 000 км;левый;5 поколение;красный;купе;E 400 4MATIC Sport;;;
Mercedes-Benz;E-Class;2017;2600000;https://auto.drom.ru/moscow/mercedes-benz/e-class/53422972.html;Характеристики совпадают с ПТС;2 записи о регистрации;Не числится в розыске;Ограничений не обнаружено;Москве;бензин, 2.0 л;184 л.с., налог;АКПП;задний;156 950 км;левый;5 поколение;белый;седан;;;;
Mercedes-Benz;E-Class;2017;3418000;https://auto.drom.ru/moscow/mercedes-benz/e-class/53408502.html;Характеристики совпадают с ПТС;4 записи о регистрации;Не числится в розыске;Ограничений не обнаружено;Москве;бензин, 2.0 л;184 л.с., налог;АКПП;задний;128 000 км;левый;;зеленый;купе;;;;
Mercedes-Benz;GLC;2017;3390000;https://auto.drom.ru/moscow/mercedes-benz/glc-class/53422456.html;Характеристики совпадают с ПТС;1 запись о регистрации;Не числится в розыске;Ограничений не обнаружено;Москве;дизель, 2.1 л;204 л.с., налог;АКПП;4WD;71 360 км;левый;1 поколение;черный;;;;;
Mercedes-Benz;GLC Coupe;2017;3650000;https://auto.drom.ru/spb/mercedes-benz/glc_coupe/53410242.html;Характеристики совпадают с ПТС;2 записи о регистрации;Не числится в розыске;Ограничений не обнаружено;Санкт-Петербурге;дизель, 2.1 л;170 л.с., налог;АКПП;4WD;96 611 км;левый;1 поколение;синий;;;;;
Mercedes-Benz;GLA-Class;2017;2565000;https://auto.drom.ru/moscow/mercedes-benz/gla-class/54071262.html;Характеристики совпадают с ПТС;3 записи о регистрации;Не числится в розыске;Ограничений не обнаружено;Москве;бензин, 2.0 л;211 л.с., налог;робот;4WD;130 000 км;левый;1 поколение;синий;;GLA 250 DCT 4MATIC Style;;;
Mercedes-Benz;E-Class;2017;3469700;https://auto.drom.ru/moscow/mercedes-benz/e-class/459404205.html;Характеристики совпадают с ПТС;3 записи о регистрации;Не числится в розыске;Ограничений не обнаружено;Москве;бензин, 2.0 л;245 л.с., налог;АКПП;задний;77 793 км;левый;5 поколение;белый;седан;;;;
Mercedes-Benz;C-Class;2017;2650000;https://auto.drom.ru/moscow/mercedes-benz/c-class/53781419.html;Характеристики совпадают с ПТС;5 записей о регистрации;Не числится в розыске;Ограничений не обнаружено;Москве;1.6 л;;автомат;;63 390 км;левый;4 поколение;белый;купе;;;;
Mercedes-Benz;E-Class;2017;3500000;https://auto.drom.ru/moscow/mercedes-benz/e-class/53400530.html;Характеристики совпадают с ПТС;1 запись о регистрации;Не числится в розыске;Ограничений не обнаружено;Москве;дизель, 2.0 л;194 л.с., налог;АКПП;4WD;142 000 км;левый;5 поколение;черный;седан;E 220 d 4MATIC Sport Plus;;;
Mercedes-Benz;G-Class;2017;9399000;https://auto.drom.ru/moscow/mercedes-benz/g-class/588423585.html;Характеристики совпадают с ПТС;7 записей о регистрации;Не числится в розыске;Ограничений не обнаружено;Москве;бензин, 5.5 л;571 л.с., налог;АКПП;4WD;62 774 км;левый;2 поколение, 7 рестайлинг;черный;джип/suv 5 дв.;G 63 AMG;;;
Mercedes-Benz;E-Class;2017;3759900;https://auto.drom.ru/moscow/mercedes-benz/e-class/767151888.html;Характеристики совпадают с ПТС;3 записи о регистрации;Не числится в розыске;Ограничений не обнаружено;Москве;дизель, 2.0 л;194 л.с., налог;АКПП;4WD;124 477 км;левый;5 поколение;синий;седан;;;;
Mercedes-Benz;GLA-Class;2017;2820000;https://auto.drom.ru/moscow/mercedes-benz/gla-class/565101382.html;Характеристики совпадают с ПТС;2 записи о регистрации;Не числится в розыске;Ограничений не обнаружено;Москве;бензин, 2.0 л;211 л.с., налог;робот;4WD;54 083 км;левый;1 поколение;синий;;;;;
Mercedes-Benz;GLA-Class;2017;2900000;https://auto.drom.ru/moscow/mercedes-benz/gla-class/877398602.html;Характеристики совпадают с ПТС;4 записи о регистрации;Не числится в розыске;Ограничений не обнаружено;Москве;бензин, 2.0 л;211 л.с., налог;робот;4WD;50 200 км;левый;1 поколение, рестайлинг;белый;;GLA 250 DCT 4MATIC Urban;;;
Mercedes-Benz;S-Class;2017;7499000;https://auto.drom.ru/moscow/mercedes-benz/s-class/54045726.html;Характеристики совпадают с ПТС;2 записи о регистрации;Не числится в розыске;Ограничений не обнаружено;Москве;бензин, 4.7 л;455 л.с., налог;АКПП;4WD;127 927 км;левый;6 поколение;черный;седан;Mercedes-Maybach S 500 4MATIC;;;
Mercedes-Benz;CLA-Class;2017;2000000;https://auto.drom.ru/moscow/mercedes-benz/cla-class/103862284.html;Характеристики совпадают с ПТС;4 записи о регистрации;Не числится в розыске;Ограничений не обнаружено;Москве;бензин, 1.6 л;150 л.с., налог;робот;передний;78 000 км;левый;1 поколение, рестайлинг;синий;седан;CLA 200 Особая серия Urban;;;
Mercedes-Benz;GLA-Class;2017;2610000;https://auto.drom.ru/moscow/mercedes-benz/gla-class/555202114.html;Характеристики совпадают с ПТС;3 записи о регистрации;Не числится в розыске;Ограничений не обнаружено;Москве;бензин, 2.0 л;211 л.с., налог;робот;4WD;98 567 км;левый;1 поколение;коричневый;;;;;
Mercedes-Benz;C-Class;2017;3215000;https://auto.drom.ru/spb/mercedes-benz/c-class/634582962.html;Характеристики совпадают с ПТС;2 записи о регистрации;Не числится в розыске;Ограничений не обнаружено;Санкт-Петербурге;бензин, 2.0 л;184 л.с., налог;АКПП;4WD;82 500 км;левый;4 поколение;синий;седан;;;;
Mercedes-Benz;E-Class;2017;3799874;https://auto.drom.ru/spb/mercedes-benz/e-class/527384199.html;Характеристики совпадают с ПТС;1 запись о регистрации;Не числится в розыске;Ограничений не обнаружено;Санкт-Петербурге;бензин, 2.0 л;245 л.с., налог;АКПП;задний;104 792 км;левый;5 поколение;белый;купе;;;;
Mercedes-Benz;GLC Coupe;2017;3650000;https://auto.drom.ru/bryansk/mercedes-benz/glc_coupe/53763446.html;Характеристики совпадают с ПТС;3 записи о регистрации;Не числится в розыске;Ограничений не обнаружено;Брянске;дизель, 2.1 л;204 л.с., налог;АКПП;4WD;121 000 км;левый;1 поколение;красный;;GLC 250d 4MATIC;;;
Mercedes-Benz;GLS-Class;2017;4250000;https://auto.drom.ru/moscow/mercedes-benz/gls-class/198144873.html;Характеристики совпадают с ПТС;2 записи о регистрации;Не числится в розыске;Ограничений не обнаружено;Москве;бензин, 3.0 л;333 л.с., налог;АКПП;4WD;280 000 км;левый;1 поколение;коричневый;;400 4MATIC Особая серия;;;
Mercedes-Benz;E-Class;2017;3395000;https://auto.drom.ru/spb/mercedes-benz/e-class/54042537.html;Характеристики совпадают с ПТС;2 записи о регистрации;Не числится в розыске;Ограничений не обнаружено;Санкт-Петербурге;бензин, 2.0 л;184 л.с., налог;АКПП;4WD;110 000 км;левый;5 поколение;черный;купе;;;;
Mercedes-Benz;GLC Coupe;2017;3888000;https://auto.drom.ru/moscow/mercedes-benz/glc_coupe/52928230.html;Характеристики совпадают с ПТС;2 записи о регистрации;Не числится в розыске;Ограничений не обнаружено;Москве;дизель, 2.1 л;204 л.с., налог;АКПП;4WD;86 594 км;левый;1 поколение;серый;;;;;
Mercedes-Benz;GLA-Class;2017;2398000;https://auto.drom.ru/spb/mercedes-benz/gla-class/210226434.html;Характеристики совпадают с ПТС;2 записи о регистрации;Не числится в розыске;Ограничений не обнаружено;Санкт-Петербурге;бензин, 1.6 л;150 л.с., налог;робот;передний;53 074 км;левый;1 поколение;черный;;;;;
Mercedes-Benz;G-Class;2017;22000000;https://auto.drom.ru/moscow/mercedes-benz/g-class/422245126.html;;;;;Москве;бензин, 4.0 л;422 л.с., налог;АКПП;4WD;700 км;левый;2 поколение, 7 рестайлинг;серый;джип/suv 5 дв.;G 500 4x4;;;
Mercedes-Benz;C-Class;2017;2199000;https://auto.drom.ru/spb/mercedes-benz/c-class/801933263.html;Характеристики совпадают с ПТС;3 записи о регистрации;Не числится в розыске;Ограничений не обнаружено;Санкт-Петербурге;бензин, 1.6 л;150 л.с., налог;АКПП;задний;171 000 км;левый;4 поколение;черный;седан;;;;
Mercedes-Benz;B-Class;2017;1610000;https://auto.drom.ru/himki/mercedes-benz/b-class/54023060.html;Характеристики совпадают с ПТС;2 записи о регистрации;Не числится в розыске;Ограничений не обнаружено;Химках;бензин, 1.6 л;122 л.с., налог;робот;передний;89 324 км;левый;2 поколение, рестайлинг;белый;;;;;
Mercedes-Benz;E-Class;2017;3604000;https://auto.drom.ru/moscow/mercedes-benz/e-class/225727373.html;Характеристики совпадают с ПТС;2 записи о регистрации;Не числится в розыске;Ограничений не обнаружено;Москве;бензин, 2.0 л;184 л.с., налог;АКПП;задний;85 547 км;левый;5 поколение;серый;седан;;;;
Mercedes-Benz;GLC Coupe;2017;4119000;https://auto.drom.ru/moscow/mercedes-benz/glc_coupe/52916237.html;Характеристики совпадают с ПТС;2 записи о регистрации;Не числится в розыске;Ограничений не обнаружено;Москве;дизель, 2.1 л;170 л.с., налог;АКПП;4WD;93 286 км;левый;1 поколение;синий;;;;;
Mercedes-Benz;GLE Coupe;2017;5099000;https://auto.drom.ru/spb/mercedes-benz/gle_coupe/52914642.html;Характеристики совпадают с ПТС;4 записи о регистрации;Не числится в розыске;Ограничений не обнаружено;Санкт-Петербурге;дизель, 3.0 л;249 л.с., налог;АКПП;4WD;87 500 км;левый;1 поколение;красный;;350 d 4MATIC Особая серия;;;
Mercedes-Benz;S-Class;2017;5950000;https://auto.drom.ru/spb/mercedes-benz/s-class/52034846.html;Характеристики совпадают с ПТС;5 записей о регистрации;Не числится в розыске;Ограничений не обнаружено;Санкт-Петербурге;дизель, 3.0 л;249 л.с., налог;АКПП;4WD;140 000 км;левый;6 поколение;черный;седан;S 350 d 4MATIC L;;;
Mercedes-Benz;GLC;2017;2990000;https://auto.drom.ru/moscow/mercedes-benz/glc-class/131809925.html;Характеристики совпадают с ПТС;4 записи о регистрации;Не числится в розыске;Ограничений не обнаружено;Москве;дизель, 2.1 л;204 л.с., налог;АКПП;4WD;108 698 км;левый;1 поколение;серый;;;;;
Mercedes-Benz;GLS-Class;2017;6100000;https://auto.drom.ru/volgograd/mercedes-benz/gls-class/52853983.html;Характеристики совпадают с ПТС;2 записи о регистрации;Не числится в розыске;Ограничений не обнаружено;Волгограде;дизель, 3.0 л;249 л.с., налог;АКПП;4WD;104 920 км;левый;1 поколение;синий;;350 d 4MATIC Особая серия;;;
Mercedes-Benz;GLA-Class;2017;2560000;https://auto.drom.ru/moscow/mercedes-benz/gla-class/179175629.html;Характеристики совпадают с ПТС;3 записи о регистрации;Не числится в розыске;Ограничений не обнаружено;Москве;бензин, 2.0 л;211 л.с., налог;робот;4WD;130 000 км;левый;1 поколение;синий;;GLA 250 DCT 4MATIC Style;;;
Mercedes-Benz;E-Class;2017;3150000;https://auto.drom.ru/moscow/mercedes-benz/e-class/659861329.html;Год не совпадает с ПТС;7 записей о регистрации;Не числится в розыске;Есть ограничения;Москве;бензин, 2.0 л;184 л.с., налог;АКПП;задний;196 000 км;левый;5 поколение;черный;седан;E 200 Premium;;;
Mercedes-Benz;GLA-Class;2017;2231302;https://auto.drom.ru/spb/mercedes-benz/gla-class/54018943.html;Характеристики совпадают с ПТС;3 записи о регистрации;Не числится в розыске;Ограничений не обнаружено;Санкт-Петербурге;бензин, 2.0 л;211 л.с., налог;робот;4WD;122 503 км;левый;1 поколение;черный;;;;;
Mercedes-Benz;GLE;2017;3750000;https://auto.drom.ru/voronezh/mercedes-benz/gle-class/52896247.html;Характеристики совпадают с ПТС;4 записи о регистрации;Не числится в розыске;Ограничений не обнаружено;Воронеже;дизель, 2.1 л;204 л.с., налог;АКПП;4WD;195 600 км;левый;1 поколение;черный;;GLE 250d 4MATIC;;;
Mercedes-Benz;GLS-Class;2017;4699000;https://auto.drom.ru/moscow/mercedes-benz/gls-class/390782986.html;Характеристики совпадают с ПТС;1 запись о регистрации;Не числится в розыске;Ограничений не обнаружено;Москве;бензин, 3.0 л;333 л.с., налог;АКПП;4WD;134 200 км;левый;1 поколение;синий;;400 4MATIC Особая серия;;;
Mercedes-Benz;E-Class;2017;3533000;https://auto.drom.ru/moscow/mercedes-benz/e-class/757673759.html;Характеристики совпадают с ПТС;2 записи о регистрации;Не числится в розыске;Ограничений не обнаружено;Москве;дизель, 2.0 л;194 л.с., налог;АКПП;задний;166 300 км;левый;5 поколение;серый;купе;;;;
Mercedes-Benz;CLA-Class;2017;2450000;https://auto.drom.ru/spb/mercedes-benz/cla-class/52691868.html;Характеристики совпадают с ПТС;3 записи о регистрации;Не числится в розыске;Ограничений не обнаружено;Санкт-Петербурге;бензин, 1.6 л;150 л.с., налог;робот;передний;40 800 км;левый;1 поколение, рестайлинг;белый;седан;CLA 200 Особая серия Urban;;;
Mercedes-Benz;A-Class;2017;1620000;https://auto.drom.ru/moscow/mercedes-benz/a-class/53714030.html;Характеристики совпадают с ПТС;2 записи о регистрации;Не числится в розыске;Ограничений не обнаружено;Москве;бензин, 1.6 л;122 л.с., налог;робот;передний;112 088 км;левый;3 поколение, рестайлинг;черный;хэтчбек 5 дв.;;;;
Mercedes-Benz;E-Class;2017;4000000;https://auto.drom.ru/spb/mercedes-benz/e-class/607746912.html;Характеристики совпадают с ПТС;4 записи о регистрации;Не числится в розыске;Ограничений не обнаружено;Санкт-Петербурге;бензин, 2.0 л;184 л.с., налог;АКПП;задний;90 000 км;левый;5 поколение;белый;купе;E 200 Sport;;;
Mercedes-Benz;GLE Coupe;2017;4250000;https://auto.drom.ru/togliatti/mercedes-benz/gle_coupe/53993337.html;Характеристики совпадают с ПТС;6 записей о регистрации;Не числится в розыске;Ограничений не обнаружено;Тольятти;бензин, 3.0 л;333 л.с., налог;АКПП;4WD;151 462 км;левый;1 поколение;черный;;;;;
Mercedes-Benz;S-Class;2017;6300000;https://auto.drom.ru/ryazan/mercedes-benz/s-class/53990067.html;Цвет не совпадает с ПТС;4 записи о регистрации;Не числится в розыске;Ограничений не обнаружено;Рязани;бензин, 4.0 л;469 л.с., налог;АКПП;4WD;110 000 км;левый;6 поколение, рестайлинг;серый;седан;;;;
Mercedes-Benz;GLA-Class;2017;3170000;https://auto.drom.ru/bryansk/mercedes-benz/gla-class/53694028.html;Характеристики совпадают с ПТС;2 записи о регистрации;Не числится в розыске;Ограничений не обнаружено;Брянске;бензин, 2.0 л;211 л.с., налог;робот;4WD;29 450 км;левый;1 поколение;черный;;;;;
Mercedes-Benz;GLS-Class;2017;4849000;https://auto.drom.ru/moscow/mercedes-benz/gls-class/680678264.html;Характеристики совпадают с ПТС;2 записи о регистрации;Не числится в розыске;Ограничений не обнаружено;Москве;дизель, 3.0 л;249 л.с., налог;АКПП;4WD;131 509 км;левый;1 поколение;коричневый;;350 d 4MATIC Особая серия;;;
Mercedes-Benz;CLA-Class;2017;2250000;https://auto.drom.ru/moscow/mercedes-benz/cla-class/480893621.html;Характеристики совпадают с ПТС;1 запись о регистрации;Не числится в розыске;Ограничений не обнаружено;Москве;бензин, 1.6 л;122 л.с., налог;робот;передний;67 000 км;правый;1 поколение, рестайлинг;белый;седан;CLA 180 AMG Style;;;
Mercedes-Benz;GLC;2017;4050000;https://auto.drom.ru/orehovo-zuevo/mercedes-benz/glc-class/53972346.html;Характеристики совпадают с ПТС;3 записи о регистрации;Не числится в розыске;Ограничений не обнаружено;Орехово-Зуево;бензин, 2.0 л;211 л.с., налог;АКПП;4WD;102 000 км;левый;1 поколение;серый;;GLC 250 4MATIC "Особая серия";;;
Mercedes-Benz;S-Class;2017;8219061;https://auto.drom.ru/minsk/mercedes-benz/s-class/52837676.html;Характеристики совпадают с ПТС;4 записи о регистрации;Не числится в розыске;Ограничений не обнаружено;Минске;бензин, 4.6 л;;автомат;4WD;91 000 км;левый;6 поколение, рестайлинг;белый;купе;;;;
Mercedes-Benz;V-Class;2017;6000000;https://auto.drom.ru/moscow/mercedes-benz/v-class/479389814.html;Характеристики совпадают с ПТС;7 записей о регистрации;Не числится в розыске;Ограничений не обнаружено;Москве;дизель, 2.1 л;190 л.с., налог;АКПП;4WD;60 000 км;левый;3 поколение;черный;;;;;
Mercedes-Benz;GLE Coupe;2017;5340000;https://auto.drom.ru/solnechnogorsk/mercedes-benz/gle_coupe/281848508.html;Характеристики совпадают с ПТС;3 записи о регистрации;Не числится в розыске;Ограничений не обнаружено;Солнечногорске;бензин, 5.5 л;585 л.с., налог;АКПП;4WD;116 920 км;левый;1 поколение;синий;;;;;
Mercedes-Benz;GLC;2017;4550000;https://auto.drom.ru/moscow/mercedes-benz/glc-class/823198497.html;Характеристики совпадают с ПТС;2 записи о регистрации;Не числится в розыске;Ограничений не обнаружено;Москве;бензин, 2.0 л;245 л.с., налог;АКПП;4WD;69 601 км;левый;1 поколение;черный;;;;;
Mercedes-Benz;GLE Coupe;2017;4100000;https://auto.drom.ru/kalinkovichi/mercedes-benz/gle_coupe/514566110.html;Характеристики совпадают с ПТС;2 записи о регистрации;Не числится в розыске;Ограничений не обнаружено;Калинковичах;бензин, 3.0 л;333 л.с., налог;АКПП;4WD;128 000 км;левый;1 поколение;черный;;GLE 400 4MATIC;;;
Mercedes-Benz;C-Class;2017;2600000;https://auto.drom.ru/moscow/mercedes-benz/c-class/821668509.html;Характеристики совпадают с ПТС;4 записи о регистрации;Не числится в розыске;Ограничений не обнаружено;Москве;бензин, 1.6 л;150 л.с., налог;АКПП;задний;135 000 км;левый;4 поколение;белый;седан;C 180 Особая серия;;;
Mercedes-Benz;GLC;2017;2700000;https://auto.drom.ru/moscow/mercedes-benz/glc-class/53657574.html;;;;;Москве;дизель, 2.1 л;170 л.с., налог;АКПП;4WD;173 000 км;левый;1 поколение;черный;;GLC 220d 4MATIC;;;
Mercedes-Benz;E-Class;2017;4599000;https://auto.drom.ru/moscow/mercedes-benz/e-class/52362131.html;Характеристики совпадают с ПТС;1 запись о регистрации;Не числится в розыске;Ограничений не обнаружено;Москве;дизель, 3.0 л;258 л.с., налог;автомат;задний;92 000 км;левый;5 поколение;серый;седан;;;;
Mercedes-Benz;GLC;2017;3287000;https://auto.drom.ru/moscow/mercedes-benz/glc-class/703892731.html;Характеристики совпадают с ПТС;3 записи о регистрации;Не числится в розыске;Ограничений не обнаружено;Москве;бензин, 2.0 л;211 л.с., налог;АКПП;4WD;77 351 км;левый;1 поколение;серебристый;;;;;
Mercedes-Benz;GLC Coupe;2017;3999000;https://auto.drom.ru/moscow/mercedes-benz/glc_coupe/53629876.html;Характеристики совпадают с ПТС;4 записи о регистрации;Не числится в розыске;Ограничений не обнаружено;Москве;дизель, 2.1 л;204 л.с., налог;АКПП;4WD;72 143 км;левый;1 поколение;красный;;;;;
Mercedes-Benz;C-Class;2017;2750000;https://auto.drom.ru/ulyanovsk/mercedes-benz/c-class/143122791.html;Характеристики совпадают с ПТС;3 записи о регистрации;Не числится в розыске;Ограничений не обнаружено;Ульяновске;бензин, 1.6 л;150 л.с., налог;АКПП;задний;88 000 км;левый;4 поколение;синий;седан;C 180 Sport;;;
Mercedes-Benz;C-Class;2017;1700000;https://auto.drom.ru/moscow/mercedes-benz/c-class/719811149.html;Характеристики совпадают с ПТС;6 записей о регистрации;Не числится в розыске;Есть ограничения;Москве;бензин, 2.0 л;211 л.с., налог;АКПП;задний;150 000 км;левый;4 поколение;черный;седан;;документы с проблемами или отсутствуют;;
Mercedes-Benz;GLS-Class;2017;4649000;https://auto.drom.ru/voronezh/mercedes-benz/gls-class/288284514.html;Характеристики совпадают с ПТС;4 записи о регистрации;Не числится в розыске;Ограничений не обнаружено;Воронеже;бензин, 3.0 л;333 л.с., налог;АКПП;4WD;198 121 км;левый;1 поколение;белый;;400 4MATIC Особая серия;;;
Mercedes-Benz;GLS-Class;2017;5100000;https://auto.drom.ru/spb/mercedes-benz/gls-class/305080152.html;Характеристики совпадают с ПТС;1 запись о регистрации;Не числится в розыске;Ограничений не обнаружено;Санкт-Петербурге;дизель, 3.0 л;249 л.с., налог;АКПП;4WD;132 000 км;левый;1 поколение;белый;;350 d 4MATIC Особая серия;;;
Mercedes-Benz;GLA-Class;2017;2180000;https://auto.drom.ru/spb/mercedes-benz/gla-class/318431989.html;Характеристики совпадают с ПТС;2 записи о регистрации;Не числится в розыске;Ограничений не обнаружено;Санкт-Петербурге;бензин, 1.6 л;150 л.с., налог;робот;передний;89 000 км;левый;1 поколение;синий;;;;;
Mercedes-Benz;GLE;2017;4459000;https://auto.drom.ru/spb/mercedes-benz/gle-class/379195584.html;Характеристики совпадают с ПТС;4 записи о регистрации;Не числится в розыске;Ограничений не обнаружено;Санкт-Петербурге;дизель, 3.0 л;249 л.с., налог;АКПП;4WD;57 720 км;левый;1 поколение;белый;;;;;
Mercedes-Benz;GLC;2017;3515000;https://auto.drom.ru/moscow/mercedes-benz/glc-class/280924336.html;Характеристики совпадают с ПТС;3 записи о регистрации;Не числится в розыске;Ограничений не обнаружено;Москве;дизель, 2.1 л;204 л.с., налог;АКПП;4WD;55 275 км;левый;1 поколение;черный;;;;;
Mercedes-Benz;E-Class;2017;4450000;https://auto.drom.ru/moscow/mercedes-benz/e-class/53950656.html;Характеристики совпадают с ПТС;3 записи о регистрации;Не числится в розыске;Ограничений не обнаружено;Москве;бензин, 2.0 л;184 л.с., налог;АКПП;задний;44 283 км;левый;;белый;купе;;;;
Mercedes-Benz;GLC;2017;2801000;https://auto.drom.ru/ulyanovsk/mercedes-benz/glc-class/53611102.html;Характеристики совпадают с ПТС;2 записи о регистрации;Не числится в розыске;Ограничений не обнаружено;Ульяновске;дизель, 2.1 л;204 л.с., налог;АКПП;4WD;176 000 км;левый;1 поколение;черный;;GLC 250d 4MATIC "Особая серия";;;
Mercedes-Benz;E-Class;2017;2600000;https://auto.drom.ru/moscow/mercedes-benz/e-class/315979009.html;Характеристики совпадают с ПТС;2 записи о регистрации;Не числится в розыске;Ограничений не обнаружено;Москве;бензин, 2.0 л;184 л.с., налог;АКПП;4WD;250 000 км;левый;5 поколение;белый;седан;E 200 4MATIC Sport;;;
Mercedes-Benz;E-Class;2017;3150000;https://auto.drom.ru/kazan/mercedes-benz/e-class/732230084.html;Характеристики совпадают с ПТС;5 записей о регистрации;Не числится в розыске;Ограничений не обнаружено;Казани;бензин, 2.0 л;184 л.с., налог;АКПП;задний;157 000 км;левый;5 поколение;белый;седан;E 200 Business;;;
Mercedes-Benz;E-Class;2017;4510000;https://auto.drom.ru/moscow/mercedes-benz/e-class/704750783.html;Характеристики совпадают с ПТС;3 записи о регистрации;Не числится в розыске;Ограничений не обнаружено;Москве;бензин, 2.0 л;184 л.с., налог;АКПП;задний;50 000 км;левый;;красный;купе;;;;
Mercedes-Benz;S-Class;2017;4498000;https://auto.drom.ru/moscow/mercedes-benz/s-class/53948292.html;Характеристики совпадают с ПТС;4 записи о регистрации;Не числится в розыске;Ограничений не обнаружено;Москве;дизель, 2.9 л;340 л.с., налог;АКПП;4WD;191 002 км;левый;6 поколение, рестайлинг;черный;седан;;;;
Mercedes-Benz;GLE;2017;4200000;https://auto.drom.ru/moscow/mercedes-benz/gle-class/51882317.html;Характеристики совпадают с ПТС;3 записи о регистрации;Не числится в розыске;Ограничений не обнаружено;Москве;дизель, 3.0 л;249 л.с., налог;АКПП;4WD;207 000 км;левый;1 поколение;серый;;GLE 350d 4MATIC "Особая серия";;;
Mercedes-Benz;E-Class;2017;7200000;https://auto.drom.ru/moscow/mercedes-benz/e-class/133304330.html;Характеристики совпадают с ПТС;5 записей о регистрации;Не числится в розыске;Ограничений не обнаружено;Москве;бензин, 4.0 л;612 л.с., налог;робот;4WD;85 000 км;левый;5 поколение;серый;седан;AMG E 63 S 4MATIC+ Особая серия;;;
Mercedes-Benz;GLS-Class;2017;5190000;https://auto.drom.ru/togliatti/mercedes-benz/gls-class/52715832.html;Характеристики совпадают с ПТС;3 записи о регистрации;Не числится в розыске;Ограничений не обнаружено;Тольятти;дизель, 3.0 л;249 л.с., налог;АКПП;4WD;138 597 км;левый;1 поколение;;;350 d 4MATIC Особая серия;;;
Mercedes-Benz;GLE Coupe;2017;6000000;https://auto.drom.ru/michurinsk/mercedes-benz/gle_coupe/53933243.html;;;;;Мичуринске;дизель, 3.0 л;249 л.с., налог;АКПП;4WD;75 000 км;левый;1 поколение;черный;;350 d 4MATIC Особая серия;;;
Mercedes-Benz;GLS-Class;2017;4499000;https://auto.drom.ru/moscow/mercedes-benz/gls-class/921575477.html;Характеристики совпадают с ПТС;4 записи о регистрации;Не числится в розыске;Ограничений не обнаружено;Москве;бензин, 3.0 л;333 л.с., налог;АКПП;4WD;111 000 км;левый;1 поколение;коричневый;;400 4MATIC Особая серия;;;
Mercedes-Benz;GLC;2017;2749000;https://auto.drom.ru/moscow/mercedes-benz/glc-class/789497150.html;Характеристики совпадают с ПТС;3 записи о регистрации;Не числится в розыске;Ограничений не обнаружено;Москве;дизель, 2.1 л;204 л.с., налог;АКПП;4WD;158 700 км;левый;1 поколение;коричневый;;;;;
Mercedes-Benz;GLA-Class;2017;2549000;https://auto.drom.ru/moscow/mercedes-benz/gla-class/472592085.html;Характеристики совпадают с ПТС;3 записи о регистрации;Не числится в розыске;Ограничений не обнаружено;Москве;бензин, 2.0 л;211 л.с., налог;робот;4WD;75 353 км;левый;1 поколение;коричневый;;;;;
Mercedes-Benz;GLC;2017;3990000;https://auto.drom.ru/moscow/mercedes-benz/glc-class/231138532.html;Характеристики совпадают с ПТС;3 записи о регистрации;Не числится в розыске;Ограничений не обнаружено;Москве;дизель, 2.1 л;170 л.с., налог;АКПП;4WD;69 000 км;левый;1 поколение;черный;;;;;
Mercedes-Benz;E-Class;2017;5539000;https://auto.drom.ru/voronezh/mercedes-benz/e-class/53921125.html;Характеристики совпадают с ПТС;2 записи о регистрации;Не числится в розыске;Ограничений не обнаружено;Воронеже;бензин, 2.0 л;184 л.с., налог;АКПП;задний;8 078 км;левый;5 поколение;белый;седан;;;;
