Бренд;Модель;Год;Цена;URL;ПТС;Владельцы;Розыск;Ограничения;Город;Двигатель;Мощность;Коробка передач;Привод;Тип кузова;Цвет;Пробег;Руль;Поколение;Комплектация;Особые отметки;VIN;
Mercedes-Benz;S-Class;2018;9990000;https://auto.drom.ru/moscow/mercedes-benz/s-class/44953861.html;Характеристики совпадают с ПТС;2 записи о регистрации;Не числится в розыске;Ограничений не обнаружено;Москве;дизель, 2.9 л;249 л.с., налог;АКПП;4WD;седан;белый;25 637 км;левый;6 поколение, рестайлинг;S 350 d 4MATIC L;;;
Mercedes-Benz;X-Class;2018;4550000;https://auto.drom.ru/moscow/mercedes-benz/x-class/802098620.html;Характеристики совпадают с ПТС;2 записи о регистрации;Не числится в розыске;Ограничений не обнаружено;Москве;дизель, 3.0 л;258 л.с., налог;АКПП;4WD;;черный;114 000 км;левый;1 поколение;X 350d AT 4MATIC Progressive;;;
Mercedes-Benz;S-Class;2018;6650000;https://auto.drom.ru/moscow/mercedes-benz/s-class/327486923.html;Характеристики совпадают с ПТС;3 записи о регистрации;Не числится в розыске;Ограничений не обнаружено;Москве;дизель, 2.9 л;340 л.с., налог;АКПП;4WD;седан;черный;118 111 км;левый;6 поколение, рестайлинг;;;;
Mercedes-Benz;S-Class;2018;7199789;https://auto.drom.ru/spb/mercedes-benz/s-class/177930430.html;Характеристики совпадают с ПТС;1 запись о регистрации;Не числится в розыске;Ограничений не обнаружено;Санкт-Петербурге;дизель, 2.9 л;249 л.с., налог;АКПП;4WD;седан;черный;64 070 км;левый;6 поколение, рестайлинг;S 350 d 4MATIC L;;;
Mercedes-Benz;E-Class;2018;3310000;https://auto.drom.ru/spb/mercedes-benz/e-class/578747807.html;Характеристики совпадают с ПТС;2 записи о регистрации;Не числится в розыске;Ограничений не обнаружено;Санкт-Петербурге;бензин, 2.0 л;211 л.с., налог;АКПП;задний;седан;черный;49 300 км;левый;5 поколение;;;;
Mercedes-Benz;CLS-Class;2018;5750000;https://auto.drom.ru/moscow/mercedes-benz/cls-class/578031355.html;Характеристики совпадают с ПТС;3 записи о регистрации;Не числится в розыске;Ограничений не обнаружено;Москве;бензин, 3.0 л;367 л.с., налог;автомат;4WD;седан;красный;35 000 км;левый;;;;;
Mercedes-Benz;A-Class;2018;2200000;https://auto.drom.ru/moscow/mercedes-benz/a-class/54120344.html;Характеристики совпадают с ПТС;1 запись о регистрации;Не числится в розыске;Ограничений не обнаружено;Москве;бензин, 1.3 л;150 л.с., налог;робот;передний;хэтчбек 5 дв.;белый;110 000 км;левый;4 поколение;A 200 DCT Comfort;;;
Mercedes-Benz;GLE;2018;4500000;https://auto.drom.ru/nizhniy-novgorod/mercedes-benz/gle-class/53994920.html;Характеристики совпадают с ПТС;1 запись о регистрации;Не числится в розыске;Ограничений не обнаружено;Нижнем Новгороде;дизель, 2.1 л;204 л.с., налог;АКПП;4WD;;белый;158 000 км;левый;1 поколение;GLE 250d 4MATIC "Особая серия";;;
Mercedes-Benz;E-Class;2018;4450000;https://auto.drom.ru/volgograd/mercedes-benz/e-class/53699901.html;Характеристики совпадают с ПТС;3 записи о регистрации;Не числится в розыске;Ограничений не обнаружено;Волгограде;бензин, 3.0 л;401 л.с., налог;АКПП;4WD;седан;черный;134 126 км;левый;5 поколение;;;;
Mercedes-Benz;E-Class;2018;2550000;https://auto.drom.ru/moscow/mercedes-benz/e-class/53689570.html;Характеристики совпадают с ПТС;1 запись о регистрации;Не числится в розыске;Ограничений не обнаружено;Москве;бензин, 2.0 л;184 л.с., налог;АКПП;задний;седан;черный;247 295 км;левый;5 поколение;;;;
Mercedes-Benz;GLC;2018;4099000;https://auto.drom.ru/moscow/mercedes-benz/glc-class/53296179.html;Характеристики совпадают с ПТС;1 запись о регистрации;Не числится в розыске;Ограничений не обнаружено;Москве;бензин, 2.0 л;211 л.с., налог;АКПП;4WD;;белый;67 500 км;левый;1 поколение;GLC 250 4MATIC;;;
Mercedes-Benz;CLA-Class;2018;2100000;https://auto.drom.ru/moscow/mercedes-benz/cla-class/270118223.html;Характеристики совпадают с ПТС;3 записи о регистрации;Не числится в розыске;Ограничений не обнаружено;Москве;бензин, 1.6 л;150 л.с., налог;робот;передний;седан;синий;97 627 км;левый;1 поколение, рестайлинг;CLA 200 Особая серия Sport;;;
Mercedes-Benz;GLC;2018;3783000;https://auto.drom.ru/himki/mercedes-benz/glc-class/540116961.html;Характеристики совпадают с ПТС;2 записи о регистрации;Не числится в розыске;Ограничений не обнаружено;Химках;дизель, 2.1 л;204 л.с., налог;АКПП;4WD;;красный;67 412 км;левый;1 поколение;;;;
Mercedes-Benz;E-Class;2018;4099000;https://auto.drom.ru/moscow/mercedes-benz/e-class/679798781.html;Характеристики совпадают с ПТС;4 записи о регистрации;Не числится в розыске;Ограничений не обнаружено;Москве;бензин, 2.0 л;184 л.с., налог;АКПП;4WD;купе;белый;139 000 км;левый;5 поколение;;;;
Mercedes-Benz;E-Class;2018;3592376;https://auto.drom.ru/minsk/mercedes-benz/e-class/53986504.html;;;;;Минске;дизель, 3.0 л;258 л.с., налог;АКПП;4WD;седан;белый;122 298 км;левый;5 поколение;;;;
Mercedes-Benz;GLA-Class;2018;2747383;https://auto.drom.ru/minsk/mercedes-benz/gla-class/52838593.html;;;;;Минске;дизель, 2.1 л;170 л.с., налог;робот;4WD;;серый;68 000 км;левый;1 поколение, рестайлинг;;;;
Mercedes-Benz;GLC Coupe;2018;4035651;https://auto.drom.ru/minsk/mercedes-benz/glc_coupe/52838487.html;;;;;Минске;дизель, 2.1 л;204 л.с., налог;АКПП;4WD;;черный;103 000 км;левый;1 поколение;;;;
Mercedes-Benz;GLA-Class;2018;2396457;https://auto.drom.ru/minsk/mercedes-benz/gla-class/52398205.html;;;;;Минске;дизель, 2.1 л;136 л.с., налог;робот;передний;;;161 000 км;левый;1 поколение, рестайлинг;;;;
Mercedes-Benz;GLS-Class;2018;4699000;https://auto.drom.ru/moscow/mercedes-benz/gls-class/53290181.html;Характеристики совпадают с ПТС;3 записи о регистрации;Не числится в розыске;Ограничений не обнаружено;Москве;дизель, 3.0 л;249 л.с., налог;АКПП;4WD;;синий;173 888 км;левый;1 поколение;350 d 4MATIC Особая серия;;;
Mercedes-Benz;GLE Coupe;2018;5099000;https://auto.drom.ru/moscow/mercedes-benz/gle_coupe/53686692.html;Характеристики совпадают с ПТС;1 запись о регистрации;Не числится в розыске;Ограничений не обнаружено;Москве;дизель, 3.0 л;249 л.с., налог;АКПП;4WD;;фиолетовый;77 230 км;левый;1 поколение;;;;
Mercedes-Benz;E-Class;2018;2500000;https://auto.drom.ru/moscow/mercedes-benz/e-class/53686529.html;Характеристики совпадают с ПТС;1 запись о регистрации;Не числится в розыске;Ограничений не обнаружено;Москве;бензин, 2.0 л;184 л.с., налог;АКПП;задний;седан;черный;211 625 км;левый;5 поколение;;;;
Mercedes-Benz;G-Class;2018;18010000;https://auto.drom.ru/moscow/mercedes-benz/g-class/53289661.html;;;;;Москве;бензин, 4.0 л;585 л.с., налог;автомат;4WD;джип/suv 5 дв.;серый;57 113 км;левый;3 поколение;;;;
Mercedes-Benz;E-Class;2018;2500000;https://auto.drom.ru/moscow/mercedes-benz/e-class/53287401.html;Характеристики совпадают с ПТС;1 запись о регистрации;Не числится в розыске;Ограничений не обнаружено;Москве;бензин, 2.0 л;184 л.с., налог;АКПП;задний;седан;черный;237 149 км;левый;5 поколение;;;;
Mercedes-Benz;E-Class;2018;2500000;https://auto.drom.ru/moscow/mercedes-benz/e-class/53287369.html;Характеристики совпадают с ПТС;1 запись о регистрации;Не числится в розыске;Ограничений не обнаружено;Москве;бензин, 2.0 л;184 л.с., налог;АКПП;задний;седан;черный;248 100 км;левый;5 поколение;;;;
Mercedes-Benz;C-Class;2018;3170000;https://auto.drom.ru/volgograd/mercedes-benz/c-class/52830363.html;Характеристики совпадают с ПТС;1 запись о регистрации;Не числится в розыске;Ограничений не обнаружено;Волгограде;бензин, 1.5 л;184 л.с., налог;автомат;4WD;седан;белый;88 604 км;левый;;;;;
Mercedes-Benz;C-Class;2018;2750000;https://auto.drom.ru/spb/mercedes-benz/c-class/52393176.html;Характеристики совпадают с ПТС;1 запись о регистрации;Не числится в розыске;Ограничений не обнаружено;Санкт-Петербурге;дизель, 2.0 л;194 л.с., налог;автомат;задний;седан;черный;94 270 км;левый;;;;;
Mercedes-Benz;GLS-Class;2018;6260000;https://auto.drom.ru/moscow/mercedes-benz/gls-class/753967308.html;Характеристики совпадают с ПТС;1 запись о регистрации;Не числится в розыске;Ограничений не обнаружено;Москве;дизель, 3.0 л;249 л.с., налог;АКПП;4WD;;черный;98 845 км;левый;1 поколение;350 d 4MATIC Особая серия;;;
Mercedes-Benz;GLC;2018;4440000;https://auto.drom.ru/moscow/mercedes-benz/glc-class/325043909.html;Характеристики совпадают с ПТС;1 запись о регистрации;Не числится в розыске;Ограничений не обнаружено;Москве;дизель, 2.1 л;204 л.с., налог;АКПП;4WD;;серый;72 710 км;левый;1 поколение;;;;
Mercedes-Benz;GLS-Class;2018;7350000;https://auto.drom.ru/moscow/mercedes-benz/gls-class/191197602.html;Характеристики совпадают с ПТС;4 записи о регистрации;Не числится в розыске;Ограничений не обнаружено;Москве;дизель, 3.0 л;249 л.с., налог;АКПП;4WD;;серый;44 381 км;левый;1 поколение;350 d 4MATIC Особая серия;;;
Mercedes-Benz;GLE Coupe;2018;5300000;https://auto.drom.ru/spb/mercedes-benz/gle_coupe/51979758.html;Характеристики совпадают с ПТС;1 запись о регистрации;Не числится в розыске;Ограничений не обнаружено;Санкт-Петербурге;дизель, 3.0 л;249 л.с., налог;АКПП;4WD;;белый;130 000 км;левый;1 поколение;;;;
Mercedes-Benz;E-Class;2018;3800000;https://auto.drom.ru/moscow/mercedes-benz/e-class/474850332.html;Характеристики совпадают с ПТС;4 записи о регистрации;Не числится в розыске;Ограничений не обнаружено;Москве;дизель, 2.0 л;194 л.с., налог;АКПП;4WD;седан;черный;103 724 км;левый;5 поколение;;;;
Mercedes-Benz;E-Class;2018;4260000;https://auto.drom.ru/moscow/mercedes-benz/e-class/750135903.html;Характеристики совпадают с ПТС;3 записи о регистрации;Не числится в розыске;Ограничений не обнаружено;Москве;дизель, 2.0 л;194 л.с., налог;АКПП;4WD;седан;серый;66 719 км;левый;5 поколение;;;;
Mercedes-Benz;GLA-Class;2018;2767000;https://auto.drom.ru/moscow/mercedes-benz/gla-class/53670969.html;Характеристики совпадают с ПТС;1 запись о регистрации;Не числится в розыске;Ограничений не обнаружено;Москве;бензин, 1.6 л;150 л.с., налог;робот;передний;;черный;92 029 км;левый;1 поколение, рестайлинг;GLA 200 Особая серия;;;
Mercedes-Benz;CLS-Class;2018;7500000;https://auto.drom.ru/moscow/mercedes-benz/cls-class/53981482.html;Мощность двигателя не совпадает с ПТС;1 запись о регистрации;Не числится в розыске;Ограничений не обнаружено;Москве;бензин, 3.0 л, гибрид;435 л.с., налог;АКПП;4WD;седан;черный;46 000 км;левый;3 поколение;AMG CLS 53 4MATIC+ Особая серия;;;
Mercedes-Benz;GLC Coupe;2018;3799000;https://auto.drom.ru/moscow/mercedes-benz/glc_coupe/53671060.html;Характеристики совпадают с ПТС;4 записи о регистрации;Не числится в розыске;Ограничений не обнаружено;Москве;бензин, 2.0 л;211 л.с., налог;АКПП;4WD;;синий;88 944 км;левый;1 поколение;GLC 250 4MATIC "Особая серия";;;
Mercedes-Benz;GLE;2018;5300000;https://auto.drom.ru/kazan/mercedes-benz/gle-class/53669095.html;Характеристики совпадают с ПТС;4 записи о регистрации;Не числится в розыске;Ограничений не обнаружено;Казани;дизель, 3.0 л;249 л.с., налог;АКПП;4WD;;черный;114 200 км;левый;1 поколение;GLE 350d 4MATIC Grand Edition;;;
Mercedes-Benz;GLS-Class;2018;6349990;https://auto.drom.ru/spb/mercedes-benz/gls-class/53661481.html;Характеристики совпадают с ПТС;2 записи о регистрации;Не числится в розыске;Ограничений не обнаружено;Санкт-Петербурге;дизель, 3.0 л;249 л.с., налог;АКПП;4WD;;синий;96 000 км;левый;1 поколение;350 d 4MATIC Особая серия;;;
Mercedes-Benz;C-Class;2018;2350000;https://auto.drom.ru/moscow/mercedes-benz/c-class/51400416.html;;;;;Москве;дизель, 2.1 л;136 л.с., налог;автомат;задний;универсал;черный;110 000 км;левый;4 поколение;;;;
Mercedes-Benz;E-Class;2018;2170201;https://auto.drom.ru/minsk/mercedes-benz/e-class/53538041.html;;;;;Минске;дизель, 2.0 л;150 л.с., налог;АКПП;задний;универсал;белый;131 000 км;левый;5 поколение;E 200 d AТ Exclusive;;;
Mercedes-Benz;GLC;2018;4750000;https://auto.drom.ru/moscow/mercedes-benz/glc-class/387586594.html;Характеристики совпадают с ПТС;2 записи о регистрации;Не числится в розыске;Ограничений не обнаружено;Москве;бензин, 2.0 л;211 л.с., налог;АКПП;4WD;;черный;62 398 км;левый;1 поколение;;;;
Mercedes-Benz;E-Class;2018;7499000;https://auto.drom.ru/yaroslavl/mercedes-benz/e-class/105732770.html;Характеристики совпадают с ПТС;6 записей о регистрации;Не числится в розыске;Ограничений не обнаружено;Ярославле;бензин, 4.0 л;612 л.с., налог;робот;4WD;седан;серый;52 926 км;левый;5 поколение;AMG E 63 S 4MATIC+ Особая серия;;;
Mercedes-Benz;V-Class;2018;4999000;https://auto.drom.ru/moscow/mercedes-benz/v-class/889016702.html;Характеристики совпадают с ПТС;3 записи о регистрации;Не числится в розыске;Ограничений не обнаружено;Москве;дизель, 2.1 л;163 л.с., налог;АКПП;4WD;;черный;171 536 км;левый;3 поколение;;;;
Mercedes-Benz;GLC;2018;4500000;https://auto.drom.ru/moscow/mercedes-benz/glc-class/600340091.html;Характеристики совпадают с ПТС;1 запись о регистрации;Не числится в розыске;Ограничений не обнаружено;Москве;бензин, 2.0 л;245 л.с., налог;АКПП;4WD;;серый;112 891 км;левый;1 поколение;;;;
Mercedes-Benz;GLC;2018;4050000;https://auto.drom.ru/moscow/mercedes-benz/glc-class/760679206.html;Характеристики совпадают с ПТС;3 записи о регистрации;Не числится в розыске;Ограничений не обнаружено;Москве;дизель, 2.1 л;204 л.с., налог;АКПП;4WD;;черный;97 320 км;левый;1 поколение;;;;
Mercedes-Benz;S-Class;2018;5374712;https://auto.drom.ru/minsk/mercedes-benz/s-class/53202059.html;;;;;Минске;дизель, 2.9 л;286 л.с., налог;автомат;4WD;седан;черный;93 000 км;левый;6 поколение, рестайлинг;;;;
Mercedes-Benz;E-Class;2018;2207141;https://auto.drom.ru/minsk/mercedes-benz/e-class/53625813.html;;;;;Минске;дизель, 2.0 л;194 л.с., налог;АКПП;задний;универсал;синий;273 000 км;левый;5 поколение;E 220 d AТ Avantgarde;;;
Mercedes-Benz;E-Class;2018;3800000;https://auto.drom.ru/spb/mercedes-benz/e-class/818554966.html;;;;;Санкт-Петербурге;дизель, 2.0 л;194 л.с., налог;АКПП;4WD;универсал;белый;92 203 км;левый;5 поколение;;;;
Mercedes-Benz;A-Class;2018;2299000;https://auto.drom.ru/moscow/mercedes-benz/a-class/53659454.html;Характеристики совпадают с ПТС;2 записи о регистрации;Не числится в розыске;Ограничений не обнаружено;Москве;бензин, 1.3 л;150 л.с., налог;робот;передний;хэтчбек 5 дв.;красный;39 268 км;левый;4 поколение;;;;
Mercedes-Benz;C-Class;2018;3195700;https://auto.drom.ru/moscow/mercedes-benz/c-class/52804858.html;Характеристики совпадают с ПТС;4 записи о регистрации;Не числится в розыске;Ограничений не обнаружено;Москве;бензин, 2.0 л;184 л.с., налог;АКПП;4WD;купе;белый;72 812 км;левый;4 поколение;;;;
Mercedes-Benz;E-Class;2018;2500000;https://auto.drom.ru/moscow/mercedes-benz/e-class/52804317.html;Характеристики совпадают с ПТС;1 запись о регистрации;Не числится в розыске;Ограничений не обнаружено;Москве;бензин, 2.0 л;184 л.с., налог;АКПП;задний;седан;черный;213 796 км;левый;5 поколение;;;;
Mercedes-Benz;E-Class;2018;2500000;https://auto.drom.ru/moscow/mercedes-benz/e-class/52804329.html;Характеристики совпадают с ПТС;1 запись о регистрации;Не числится в розыске;Ограничений не обнаружено;Москве;бензин, 2.0 л;184 л.с., налог;АКПП;задний;седан;черный;194 871 км;левый;5 поколение;;;;
Mercedes-Benz;E-Class;2018;2500000;https://auto.drom.ru/moscow/mercedes-benz/e-class/52804330.html;Характеристики совпадают с ПТС;1 запись о регистрации;Не числится в розыске;Ограничений не обнаружено;Москве;бензин, 2.0 л;184 л.с., налог;АКПП;задний;седан;черный;219 093 км;левый;5 поколение;;;;
Mercedes-Benz;E-Class;2018;2550000;https://auto.drom.ru/moscow/mercedes-benz/e-class/52365032.html;Характеристики совпадают с ПТС;1 запись о регистрации;Не числится в розыске;Ограничений не обнаружено;Москве;бензин, 2.0 л;184 л.с., налог;АКПП;задний;седан;черный;196 354 км;левый;5 поколение;;;;
Mercedes-Benz;E-Class;2018;2850000;https://auto.drom.ru/spb/mercedes-benz/e-class/52334406.html;Характеристики совпадают с ПТС;3 записи о регистрации;Не числится в розыске;Ограничений не обнаружено;Санкт-Петербурге;бензин, 2.0 л;184 л.с., налог;АКПП;задний;седан;черный;91 646 км;левый;5 поколение;;;;
Mercedes-Benz;E-Class;2018;2360000;https://auto.drom.ru/spb/mercedes-benz/e-class/253010415.html;Характеристики совпадают с ПТС;3 записи о регистрации;Не числится в розыске;Ограничений не обнаружено;Санкт-Петербурге;бензин, 2.0 л;184 л.с., налог;АКПП;задний;седан;черный;190 000 км;левый;5 поколение;;;;
Mercedes-Benz;C-Class;2018;3519400;https://auto.drom.ru/moscow/mercedes-benz/c-class/502670391.html;Характеристики совпадают с ПТС;1 запись о регистрации;Не числится в розыске;Ограничений не обнаружено;Москве;бензин, 2.0 л;184 л.с., налог;АКПП;4WD;купе;синий;24 458 км;левый;4 поколение;;;;
Mercedes-Benz;E-Class;2018;3400000;https://auto.drom.ru/pskov/mercedes-benz/e-class/51532020.html;Характеристики совпадают с ПТС;1 запись о регистрации;Не числится в розыске;Ограничений не обнаружено;Пскове;бензин, 2.0 л;184 л.с., налог;АКПП;4WD;седан;синий;64 000 км;левый;5 поколение;;;;
Mercedes-Benz;E-Class;2018;3200000;https://auto.drom.ru/spb/mercedes-benz/e-class/704672547.html;Характеристики совпадают с ПТС;2 записи о регистрации;Не числится в розыске;Есть ограничения;Санкт-Петербурге;бензин, 2.0 л;184 л.с., налог;АКПП;4WD;седан;белый;250 000 км;левый;5 поколение;;;;
Mercedes-Benz;GLE;2018;4300000;https://auto.drom.ru/moscow/mercedes-benz/gle-class/569529385.html;Характеристики совпадают с ПТС;2 записи о регистрации;Не числится в розыске;Ограничений не обнаружено;Москве;дизель, 3.0 л;249 л.с., налог;АКПП;4WD;;серый;133 356 км;левый;1 поколение;;;;
Mercedes-Benz;V-Class;2018;6590000;https://auto.drom.ru/himki/mercedes-benz/v-class/787832650.html;;;;;Химках;дизель, 2.1 л;190 л.с., налог;АКПП;4WD;;черный;150 000 км;левый;3 поколение;;;;
Mercedes-Benz;GLC Coupe;2018;3689343;https://auto.drom.ru/minsk/mercedes-benz/glc_coupe/369698504.html;Мощность двигателя не совпадает с ПТС;1 запись о регистрации;Не числится в розыске;Ограничений не обнаружено;Минске;бензин, 2.0 л;245 л.с., налог;АКПП;4WD;;черный;143 000 км;левый;1 поколение;;;;
Mercedes-Benz;GLC;2018;3650554;https://auto.drom.ru/spb/mercedes-benz/glc-class/401987326.html;Характеристики совпадают с ПТС;1 запись о регистрации;Не числится в розыске;Ограничений не обнаружено;Санкт-Петербурге;дизель, 2.1 л;204 л.с., налог;АКПП;4WD;;синий;62 966 км;левый;1 поколение;;;;
Mercedes-Benz;C-Class;2018;3399000;https://auto.drom.ru/spb/mercedes-benz/c-class/253528955.html;Характеристики совпадают с ПТС;2 записи о регистрации;Не числится в розыске;Ограничений не обнаружено;Санкт-Петербурге;бензин, 1.6 л;150 л.с., налог;АКПП;задний;купе;серебристый;68 431 км;левый;4 поколение;;;;
Mercedes-Benz;CLA-Class;2018;2199000;https://auto.drom.ru/moscow/mercedes-benz/cla-class/503423663.html;Год не совпадает с ПТС;2 записи о регистрации;Не числится в розыске;Ограничений не обнаружено;Москве;бензин, 1.6 л;150 л.с., налог;робот;передний;седан;красный;76 031 км;левый;1 поколение, рестайлинг;;;;
Mercedes-Benz;S-Class;2018;7000000;https://auto.drom.ru/moscow/mercedes-benz/s-class/327619618.html;Характеристики совпадают с ПТС;2 записи о регистрации;Не числится в розыске;Ограничений не обнаружено;Москве;бензин, 3.0 л;367 л.с., налог;АКПП;4WD;седан;белый;76 983 км;левый;6 поколение;;;;
Mercedes-Benz;S-Class;2018;10530000;https://auto.drom.ru/moscow/mercedes-benz/s-class/395545034.html;Характеристики совпадают с ПТС;4 записи о регистрации;Не числится в розыске;Ограничений не обнаружено;Москве;бензин, 3.0 л;367 л.с., налог;АКПП;4WD;седан;черный;69 271 км;левый;6 поколение;;;;
Mercedes-Benz;V-Class;2018;12800000;https://auto.drom.ru/moscow/mercedes-benz/v-class/52554639.html;Характеристики совпадают с ПТС;3 записи о регистрации;Не числится в розыске;Ограничений не обнаружено;Москве;дизель, 2.1 л;136 л.с., налог;АКПП;задний;;черный;51 000 км;левый;3 поколение;200 d AT Сверхдлинный;;;
Mercedes-Benz;GLS-Class;2018;6800000;https://auto.drom.ru/moscow/mercedes-benz/gls-class/53908023.html;Характеристики совпадают с ПТС;3 записи о регистрации;Не числится в розыске;Ограничений не обнаружено;Москве;бензин, 4.7 л;455 л.с., налог;АКПП;4WD;;синий;111 800 км;левый;1 поколение;500 4MATIC Особая серия;;;
Mercedes-Benz;S-Class;2018;7945000;https://auto.drom.ru/moscow/mercedes-benz/s-class/53641215.html;Характеристики совпадают с ПТС;4 записи о регистрации;Не числится в розыске;Ограничений не обнаружено;Москве;бензин, 4.0 л;469 л.с., налог;АКПП;4WD;купе;черный;70 000 км;левый;6 поколение, рестайлинг;S 560 4MATIC;;;
Mercedes-Benz;C-Class;2018;3019700;https://auto.drom.ru/moscow/mercedes-benz/c-class/53639232.html;Характеристики совпадают с ПТС;2 записи о регистрации;Не числится в розыске;Ограничений не обнаружено;Москве;бензин, 2.0 л;184 л.с., налог;АКПП;4WD;седан;черный;83 856 км;левый;4 поколение;;;;
Mercedes-Benz;GLC;2018;3729000;https://auto.drom.ru/spb/mercedes-benz/glc-class/53245226.html;Характеристики совпадают с ПТС;2 записи о регистрации;Не числится в розыске;Ограничений не обнаружено;Санкт-Петербурге;дизель, 2.1 л;170 л.с., налог;АКПП;4WD;;красный;60 000 км;левый;1 поколение;;;;
Mercedes-Benz;GLE Coupe;2018;5219000;https://auto.drom.ru/spb/mercedes-benz/gle_coupe/52795479.html;Характеристики совпадают с ПТС;6 записей о регистрации;Не числится в розыске;Ограничений не обнаружено;Санкт-Петербурге;дизель, 3.0 л;249 л.с., налог;АКПП;4WD;;синий;71 000 км;левый;1 поколение;;;;
Mercedes-Benz;GLC Coupe;2018;6300000;https://auto.drom.ru/moscow/mercedes-benz/glc_coupe/52359536.html;Модель не совпадает с ПТС;1 запись о регистрации;Не числится в розыске;Ограничений не обнаружено;Москве;бензин, 3.0 л;333 л.с., налог;автомат;4WD;;черный;36 141 км;левый;1 поколение;;;;
Mercedes-Benz;GLC;2018;3298000;https://auto.drom.ru/moscow/mercedes-benz/glc-class/53638070.html;Характеристики совпадают с ПТС;1 запись о регистрации;Не числится в розыске;Ограничений не обнаружено;Москве;дизель, 2.1 л;204 л.с., налог;АКПП;4WD;;черный;99 603 км;левый;1 поколение;;;;
Mercedes-Benz;GLS-Class;2018;5230000;https://auto.drom.ru/moscow/mercedes-benz/gls-class/53633209.html;Характеристики совпадают с ПТС;5 записей о регистрации;Не числится в розыске;Ограничений не обнаружено;Москве;бензин, 3.0 л;333 л.с., налог;АКПП;4WD;;черный;131 007 км;левый;1 поколение;400 4MATIC Особая серия;;;
Mercedes-Benz;A-Class;2018;1950000;https://auto.drom.ru/moscow/mercedes-benz/a-class/53632530.html;Объем двигателя не совпадает с ПТС;5 записей о регистрации;Не числится в розыске;Ограничений не обнаружено;Москве;бензин, 1.6 л;150 л.с., налог;автомат;передний;хэтчбек 5 дв.;белый;91 000 км;левый;;;;;
Mercedes-Benz;CLS-Class;2018;5297000;https://auto.drom.ru/moscow/mercedes-benz/cls-class/53628365.html;Характеристики совпадают с ПТС;5 записей о регистрации;Не числится в розыске;Ограничений не обнаружено;Москве;дизель, 2.9 л;249 л.с., налог;АКПП;4WD;седан;белый;46 667 км;левый;3 поколение;;;;
Mercedes-Benz;S-Class;2018;10700000;https://auto.drom.ru/moscow/mercedes-benz/s-class/537794537.html;Характеристики совпадают с ПТС;1 запись о регистрации;Не числится в розыске;Ограничений не обнаружено;Москве;бензин, 4.0 л;469 л.с., налог;АКПП;4WD;седан;черный;43 277 км;левый;6 поколение;;;;
Mercedes-Benz;S-Class;2018;6350000;https://auto.drom.ru/moscow/mercedes-benz/s-class/53226903.html;Характеристики совпадают с ПТС;1 запись о регистрации;Не числится в розыске;Ограничений не обнаружено;Москве;бензин, 3.0 л;367 л.с., налог;АКПП;4WD;седан;черный;136 430 км;левый;6 поколение;;;;
Mercedes-Benz;GLS-Class;2018;5975000;https://auto.drom.ru/spb/mercedes-benz/gls-class/52346389.html;Характеристики совпадают с ПТС;4 записи о регистрации;Не числится в розыске;Ограничений не обнаружено;Санкт-Петербурге;бензин, 3.0 л;333 л.с., налог;АКПП;4WD;;черный;46 330 км;левый;1 поколение;400 4MATIC Особая серия;;;
Mercedes-Benz;E-Class;2018;2500000;https://auto.drom.ru/moscow/mercedes-benz/e-class/52335130.html;Характеристики совпадают с ПТС;1 запись о регистрации;Не числится в розыске;Ограничений не обнаружено;Москве;бензин, 2.0 л;184 л.с., налог;АКПП;задний;седан;черный;206 653 км;левый;5 поколение;;;;
Mercedes-Benz;E-Class;2018;3000000;https://auto.drom.ru/moscow/mercedes-benz/e-class/52335131.html;Характеристики совпадают с ПТС;1 запись о регистрации;Не числится в розыске;Ограничений не обнаружено;Москве;бензин, 2.0 л;184 л.с., налог;АКПП;задний;седан;черный;170 525 км;левый;5 поколение;;;;
Mercedes-Benz;GLS-Class;2018;6000000;https://auto.drom.ru/spb/mercedes-benz/gls-class/48621629.html;Характеристики совпадают с ПТС;4 записи о регистрации;Не числится в розыске;Ограничений не обнаружено;Санкт-Петербурге;дизель, 3.0 л;249 л.с., налог;АКПП;4WD;;синий;67 000 км;левый;1 поколение;350 d 4MATIC Особая серия;;;
Mercedes-Benz;CLS-Class;2018;5455000;https://auto.drom.ru/spb/mercedes-benz/cls-class/52975499.html;Цвет не совпадает с ПТС;4 записи о регистрации;Не числится в розыске;Ограничений не обнаружено;Санкт-Петербурге;бензин, 3.0 л;367 л.с., налог;автомат;4WD;седан;черный;75 000 км;левый;;;;;
Mercedes-Benz;E-Class;2018;4645000;https://auto.drom.ru/spb/mercedes-benz/e-class/209044331.html;Характеристики совпадают с ПТС;4 записи о регистрации;Не числится в розыске;Ограничений не обнаружено;Санкт-Петербурге;бензин, 3.0 л;367 л.с., налог;АКПП;4WD;купе;красный;68 000 км;левый;5 поколение;;;;
Mercedes-Benz;GLA-Class;2018;2950000;https://auto.drom.ru/kazan/mercedes-benz/gla-class/316652902.html;Характеристики совпадают с ПТС;4 записи о регистрации;Не числится в розыске;Ограничений не обнаружено;Казани;бензин, 2.0 л;211 л.с., налог;робот;4WD;;серый;83 156 км;левый;1 поколение, рестайлинг;GLA 250 4MATIC Особая серия;;;
Mercedes-Benz;V-Class;2018;4995000;https://auto.drom.ru/moscow/mercedes-benz/v-class/51496282.html;Характеристики совпадают с ПТС;1 запись о регистрации;Не числится в розыске;Ограничений не обнаружено;Москве;дизель, 2.1 л;190 л.с., налог;АКПП;задний;;белый;90 000 км, без пробега по РФ;левый;3 поколение;250 d AT Длинный;;;
Mercedes-Benz;E-Class;2018;3891000;https://auto.drom.ru/moscow/mercedes-benz/e-class/110114872.html;Характеристики совпадают с ПТС;2 записи о регистрации;Не числится в розыске;Ограничений не обнаружено;Москве;бензин, 2.0 л;184 л.с., налог;АКПП;задний;купе;зеленый;99 300 км;левый;5 поколение;;;;
Mercedes-Benz;S-Class;2018;6499000;https://auto.drom.ru/moscow/mercedes-benz/s-class/53956851.html;Характеристики совпадают с ПТС;4 записи о регистрации;Не числится в розыске;Ограничений не обнаружено;Москве;бензин, 3.0 л;367 л.с., налог;АКПП;4WD;седан;черный;55 550 км;левый;6 поколение;;;;
Mercedes-Benz;V-Class;2018;6350000;https://auto.drom.ru/moscow/mercedes-benz/v-class/884711503.html;Характеристики совпадают с ПТС;3 записи о регистрации;Не числится в розыске;Ограничений не обнаружено;Москве;дизель, 2.1 л;190 л.с., налог;АКПП;4WD;;синий;85 039 км;левый;3 поколение;;;;
Mercedes-Benz;GLE;2018;4560000;https://auto.drom.ru/moscow/mercedes-benz/gle-class/448729327.html;Характеристики совпадают с ПТС;4 записи о регистрации;Не числится в розыске;Ограничений не обнаружено;Москве;бензин, 3.5 л;249 л.с., налог;АКПП;4WD;;синий;129 427 км;левый;1 поколение;;;;
Mercedes-Benz;E-Class;2018;4199000;https://auto.drom.ru/moscow/mercedes-benz/e-class/727240538.html;Характеристики совпадают с ПТС;1 запись о регистрации;Не числится в розыске;Ограничений не обнаружено;Москве;бензин, 2.0 л;184 л.с., налог;АКПП;задний;купе;белый;83 636 км;левый;5 поколение;;;;
Mercedes-Benz;GLA-Class;2018;2470000;https://auto.drom.ru/kaluga/mercedes-benz/gla-class/53958343.html;Характеристики совпадают с ПТС;1 запись о регистрации;Не числится в розыске;Ограничений не обнаружено;Калуге;бензин, 1.6 л;150 л.с., налог;робот;передний;;белый;38 301 км;левый;1 поколение, рестайлинг;GLA 200 Особая серия;;;
Mercedes-Benz;V-Class;2018;5250000;https://auto.drom.ru/saratov/mercedes-benz/v-class/53960181.html;Характеристики совпадают с ПТС;7 записей о регистрации;Не числится в розыске;Ограничений не обнаружено;Саратове;дизель, 2.1 л;190 л.с., налог;АКПП;4WD;;черный;134 000 км;левый;3 поколение;;;;
Mercedes-Benz;GLC;2018;2880000;https://auto.drom.ru/spb/mercedes-benz/glc-class/53959204.html;Характеристики совпадают с ПТС;1 запись о регистрации;Не числится в розыске;Ограничений не обнаружено;Санкт-Петербурге;бензин, 2.0 л;245 л.с., налог;автомат;задний;;белый;85 000 км;левый;;;;;
Mercedes-Benz;X-Class;2018;3219000;https://auto.drom.ru/spb/mercedes-benz/x-class/53958998.html;Характеристики совпадают с ПТС;1 запись о регистрации;Не числится в розыске;Ограничений не обнаружено;Санкт-Петербурге;дизель, 2.3 л;190 л.с., налог;АКПП;4WD;;серый;126 538 км;левый;1 поколение;X 250d AT 4MATIC Progressive;;;
Mercedes-Benz;V-Class;2018;5495000;https://auto.drom.ru/yaroslavl/mercedes-benz/v-class/53611629.html;Характеристики совпадают с ПТС;1 запись о регистрации;Не числится в розыске;Ограничений не обнаружено;Ярославле;дизель, 2.1 л;190 л.с., налог;АКПП;4WD;;коричневый;116 080 км;левый;3 поколение;;;;
Mercedes-Benz;E-Class;2018;2500000;https://auto.drom.ru/moscow/mercedes-benz/e-class/53212234.html;Характеристики совпадают с ПТС;1 запись о регистрации;Не числится в розыске;Ограничений не обнаружено;Москве;бензин, 2.0 л;184 л.с., налог;АКПП;задний;седан;черный;178 545 км;левый;5 поколение;;;;
Mercedes-Benz;GLE;2018;3750000;https://auto.drom.ru/spb/mercedes-benz/gle-class/53212240.html;Характеристики совпадают с ПТС;1 запись о регистрации;Не числится в розыске;Ограничений не обнаружено;Санкт-Петербурге;бензин, 3.0 л;333 л.с., налог;АКПП;4WD;;черный;182 491 км;левый;1 поколение;;;;
Mercedes-Benz;E-Class;2018;2500000;https://auto.drom.ru/moscow/mercedes-benz/e-class/53212241.html;Характеристики совпадают с ПТС;1 запись о регистрации;Не числится в розыске;Ограничений не обнаружено;Москве;бензин, 2.0 л;184 л.с., налог;АКПП;задний;седан;черный;227 869 км;левый;5 поколение;;;;
Mercedes-Benz;E-Class;2018;4249700;https://auto.drom.ru/moscow/mercedes-benz/e-class/52851583.html;Характеристики совпадают с ПТС;2 записи о регистрации;Не числится в розыске;Ограничений не обнаружено;Москве;бензин, 2.0 л;184 л.с., налог;АКПП;4WD;купе;белый;47 563 км;левый;5 поколение;;;;
Mercedes-Benz;E-Class;2018;2500000;https://auto.drom.ru/moscow/mercedes-benz/e-class/52759755.html;Характеристики совпадают с ПТС;1 запись о регистрации;Не числится в розыске;Ограничений не обнаружено;Москве;бензин, 2.0 л;184 л.с., налог;АКПП;задний;седан;черный;201 203 км;левый;5 поколение;;;;
Mercedes-Benz;E-Class;2018;2550000;https://auto.drom.ru/moscow/mercedes-benz/e-class/52332513.html;Характеристики совпадают с ПТС;1 запись о регистрации;Не числится в розыске;Ограничений не обнаружено;Москве;бензин, 2.0 л;184 л.с., налог;АКПП;задний;седан;черный;215 627 км;левый;5 поколение;;;;
Mercedes-Benz;E-Class;2018;3000000;https://auto.drom.ru/moscow/mercedes-benz/e-class/52332514.html;Характеристики совпадают с ПТС;1 запись о регистрации;Не числится в розыске;Ограничений не обнаружено;Москве;бензин, 2.0 л;184 л.с., налог;АКПП;задний;седан;черный;202 479 км;левый;5 поколение;;;;
Mercedes-Benz;E-Class;2018;2300000;https://auto.drom.ru/moscow/mercedes-benz/e-class/52332516.html;Характеристики совпадают с ПТС;1 запись о регистрации;Не числится в розыске;Ограничений не обнаружено;Москве;бензин, 2.0 л;184 л.с., налог;АКПП;задний;седан;черный;221 873 км;левый;5 поколение;;;;
Mercedes-Benz;E-Class;2018;2300000;https://auto.drom.ru/moscow/mercedes-benz/e-class/52332507.html;Характеристики совпадают с ПТС;1 запись о регистрации;Не числится в розыске;Ограничений не обнаружено;Москве;бензин, 2.0 л;184 л.с., налог;АКПП;задний;седан;черный;235 002 км;левый;5 поколение;;;;
Mercedes-Benz;E-Class;2018;2500000;https://auto.drom.ru/moscow/mercedes-benz/e-class/52332510.html;Характеристики совпадают с ПТС;1 запись о регистрации;Не числится в розыске;Ограничений не обнаружено;Москве;бензин, 2.0 л;184 л.с., налог;АКПП;задний;седан;черный;194 730 км;левый;5 поколение;;;;
Mercedes-Benz;E-Class;2018;2550000;https://auto.drom.ru/moscow/mercedes-benz/e-class/52332511.html;Характеристики совпадают с ПТС;1 запись о регистрации;Не числится в розыске;Ограничений не обнаружено;Москве;бензин, 2.0 л;184 л.с., налог;АКПП;задний;седан;черный;202 546 км;левый;5 поколение;;;;
Mercedes-Benz;GLC;2018;3300000;https://auto.drom.ru/moscow/mercedes-benz/glc-class/51901123.html;Характеристики совпадают с ПТС;4 записи о регистрации;Не числится в розыске;Есть ограничения;Москве;бензин, 2.0 л;211 л.с., налог;АКПП;4WD;;серый;57 000 км;левый;1 поколение;;;;
Mercedes-Benz;V-Class;2018;6390000;https://auto.drom.ru/moscow/mercedes-benz/v-class/49229514.html;Характеристики совпадают с ПТС;1 запись о регистрации;Не числится в розыске;Ограничений не обнаружено;Москве;дизель, 2.1 л;190 л.с., налог;АКПП;задний;;черный;11 898 км;левый;3 поколение;;;;
Mercedes-Benz;CLA-Class;2018;2200000;https://auto.drom.ru/spb/mercedes-benz/cla-class/726356657.html;Характеристики совпадают с ПТС;2 записи о регистрации;Не числится в розыске;Ограничений не обнаружено;Санкт-Петербурге;бензин, 1.6 л;150 л.с., налог;робот;передний;седан;серый;131 896 км;левый;1 поколение, рестайлинг;CLA 200 Особая серия Urban;;;
Mercedes-Benz;GLC;2018;3290000;https://auto.drom.ru/spb/mercedes-benz/glc-class/932970140.html;Характеристики совпадают с ПТС;1 запись о регистрации;Не числится в розыске;Ограничений не обнаружено;Санкт-Петербурге;бензин, 2.0 л;211 л.с., налог;АКПП;4WD;;синий;80 000 км;левый;1 поколение;;;;
Mercedes-Benz;GLA-Class;2018;2180000;https://auto.drom.ru/spb/mercedes-benz/gla-class/598650179.html;Характеристики совпадают с ПТС;5 записей о регистрации;Не числится в розыске;Ограничений не обнаружено;Санкт-Петербурге;бензин, 1.6 л;150 л.с., налог;робот;передний;;синий;96 000 км;левый;1 поколение, рестайлинг;GLA 200 Особая серия;;;
Mercedes-Benz;CLS-Class;2018;5545000;https://auto.drom.ru/spb/mercedes-benz/cls-class/751251729.html;Характеристики совпадают с ПТС;1 запись о регистрации;Не числится в розыске;Ограничений не обнаружено;Санкт-Петербурге;бензин, 3.0 л;367 л.с., налог;автомат;4WD;седан;серый;62 750 км;левый;;;;;
Mercedes-Benz;E-Class;2018;3590000;https://auto.drom.ru/volgograd/mercedes-benz/e-class/53955363.html;Характеристики совпадают с ПТС;1 запись о регистрации;Не числится в розыске;Ограничений не обнаружено;Волгограде;дизель, 2.0 л;194 л.с., налог;АКПП;4WD;универсал;серый;70 000 км;левый;5 поколение;E 220 d 4MATIC All-Terrain Luxury;;;
Mercedes-Benz;E-Class;2018;3000000;https://auto.drom.ru/moscow/mercedes-benz/e-class/52317778.html;Характеристики совпадают с ПТС;1 запись о регистрации;Не числится в розыске;Ограничений не обнаружено;Москве;бензин, 2.0 л;184 л.с., налог;АКПП;задний;седан;черный;222 277 км;левый;5 поколение;;;;
Mercedes-Benz;GLC;2018;3700000;https://auto.drom.ru/smolensk/mercedes-benz/glc-class/51889763.html;;;;;Смоленске;дизель, 2.1 л;204 л.с., налог;АКПП;4WD;;черный;105 000 км;левый;1 поколение;GLC 250d 4MATIC Sport;;;
Mercedes-Benz;GLS-Class;2018;6499000;https://auto.drom.ru/togliatti/mercedes-benz/gls-class/51889491.html;Характеристики совпадают с ПТС;3 записи о регистрации;Не числится в розыске;Ограничений не обнаружено;Тольятти;дизель, 3.0 л;249 л.с., налог;АКПП;4WD;;;62 616 км;левый;1 поколение;350 d 4MATIC Особая серия;;;
Mercedes-Benz;S-Class;2018;7290000;https://auto.drom.ru/moscow/mercedes-benz/s-class/118363922.html;Характеристики совпадают с ПТС;5 записей о регистрации;Не числится в розыске;Ограничений не обнаружено;Москве;бензин, 3.0 л;367 л.с., налог;АКПП;4WD;седан;белый;72 900 км;левый;6 поколение, рестайлинг;S 450 AT L 4MATIC AMG Line Plus;;;
Mercedes-Benz;X-Class;2018;4290000;https://auto.drom.ru/spb/mercedes-benz/x-class/920008691.html;Цвет не совпадает с ПТС;7 записей о регистрации;Не числится в розыске;Ограничений не обнаружено;Санкт-Петербурге;дизель, 3.0 л;258 л.с., налог;АКПП;4WD;;черный;71 061 км;левый;1 поколение;;;;
Mercedes-Benz;C-Class;2018;3149000;https://auto.drom.ru/moscow/mercedes-benz/c-class/123851751.html;Характеристики совпадают с ПТС;2 записи о регистрации;Не числится в розыске;Ограничений не обнаружено;Москве;бензин, 1.6 л;150 л.с., налог;АКПП;задний;седан;серый;81 470 км;левый;4 поколение;;;;
Mercedes-Benz;C-Class;2018;2665000;https://auto.drom.ru/solnechnogorsk/mercedes-benz/c-class/52266611.html;Характеристики совпадают с ПТС;4 записи о регистрации;Не числится в розыске;Ограничений не обнаружено;Солнечногорске;бензин, 1.6 л;150 л.с., налог;АКПП;задний;седан;синий;1 км;левый;4 поколение;;;;
Mercedes-Benz;E-Class;2018;3693700;https://auto.drom.ru/saratov/mercedes-benz/e-class/53947189.html;Характеристики совпадают с ПТС;4 записи о регистрации;Не числится в розыске;Ограничений не обнаружено;Саратове;бензин, 2.0 л;184 л.с., налог;АКПП;4WD;седан;серый;93 916 км;левый;5 поколение;;;;
Mercedes-Benz;S-Class;2018;5000000;https://auto.drom.ru/krasnogorsk/mercedes-benz/s-class/53946651.html;Характеристики совпадают с ПТС;2 записи о регистрации;Не числится в розыске;Ограничений не обнаружено;Красногорске;бензин, 4.0 л;469 л.с., налог;АКПП;4WD;седан;черный;152 000 км;левый;6 поколение, рестайлинг;S 560 AT 4MATIC;;;
Mercedes-Benz;CLS-Class;2018;4479000;https://auto.drom.ru/moscow/mercedes-benz/cls-class/53941133.html;Характеристики совпадают с ПТС;4 записи о регистрации;Не числится в розыске;Ограничений не обнаружено;Москве;дизель, 2.9 л;249 л.с., налог;АКПП;4WD;седан;белый;113 850 км;левый;3 поколение;;;;
Mercedes-Benz;GLC;2018;3450000;https://auto.drom.ru/spb/mercedes-benz/glc-class/536990945.html;Характеристики совпадают с ПТС;1 запись о регистрации;Не числится в розыске;Ограничений не обнаружено;Санкт-Петербурге;бензин, 2.0 л;211 л.с., налог;АКПП;4WD;;серый;92 595 км;левый;1 поколение;;;;
Mercedes-Benz;GLA-Class;2018;2120000;https://auto.drom.ru/kazan/mercedes-benz/gla-class/53597073.html;Характеристики совпадают с ПТС;2 записи о регистрации;Не числится в розыске;Ограничений не обнаружено;Казани;бензин, 1.6 л;150 л.с., налог;робот;передний;;синий;132 000 км;левый;1 поколение, рестайлинг;GLA 200 Особая серия;;;
Mercedes-Benz;C-Class;2018;1970000;https://auto.drom.ru/vitebsk/mercedes-benz/c-class/53187552.html;;;;;Витебске;дизель, 2.2 л;174 л.с., налог;автомат;задний;универсал;белый;130 000 км;левый;4 поколение;;;;
Mercedes-Benz;GLC;2018;3030000;https://auto.drom.ru/moscow/mercedes-benz/glc-class/53871287.html;;;;;Москве;дизель, 2.1 л;170 л.с., налог;АКПП;4WD;;;186 000 км;левый;1 поколение;GLC 220d 4MATIC;;;
Mercedes-Benz;E-Class;2018;3950000;https://auto.drom.ru/moscow/mercedes-benz/e-class/230986316.html;Характеристики совпадают с ПТС;2 записи о регистрации;Не числится в розыске;Ограничений не обнаружено;Москве;бензин, 2.0 л;184 л.с., налог;АКПП;4WD;седан;черный;53 671 км;левый;5 поколение;;;;
Mercedes-Benz;E-Class;2018;6449000;https://auto.drom.ru/moscow/mercedes-benz/e-class/510736273.html;Характеристики совпадают с ПТС;3 записи о регистрации;Не числится в розыске;Ограничений не обнаружено;Москве;бензин, 3.0 л;435 л.с., налог;робот;4WD;купе;белый;39 597 км;левый;5 поколение;AMG E 53 4MATIC+;;;
Mercedes-Benz;C-Class;2018;2549000;https://auto.drom.ru/moscow/mercedes-benz/c-class/159147078.html;Характеристики совпадают с ПТС;3 записи о регистрации;Не числится в розыске;Ограничений не обнаружено;Москве;бензин, 1.6 л;150 л.с., налог;АКПП;задний;седан;белый;63 860 км;левый;4 поколение;;;;
Mercedes-Benz;C-Class;2018;3050000;https://auto.drom.ru/volgograd/mercedes-benz/c-class/52288031.html;Характеристики совпадают с ПТС;3 записи о регистрации;Не числится в розыске;Ограничений не обнаружено;Волгограде;бензин, 1.6 л;150 л.с., налог;АКПП;задний;седан;белый;74 958 км;левый;4 поколение;;;;
Mercedes-Benz;GLE Coupe;2018;6150000;https://auto.drom.ru/krasnogorsk/mercedes-benz/gle_coupe/128638291.html;Характеристики совпадают с ПТС;1 запись о регистрации;Не числится в розыске;Ограничений не обнаружено;Красногорске;дизель, 3.0 л;249 л.с., налог;АКПП;4WD;;коричневый;56 832 км;левый;1 поколение;350 d 4MATIC Особая серия;;;
Mercedes-Benz;E-Class;2018;2290000;https://auto.drom.ru/spb/mercedes-benz/e-class/237927514.html;Характеристики совпадают с ПТС;2 записи о регистрации;Не числится в розыске;Ограничений не обнаружено;Санкт-Петербурге;бензин, 2.0 л;184 л.с., налог;АКПП;задний;седан;черный;270 000 км;левый;5 поколение;E 200 AТ;;;
Mercedes-Benz;S-Class;2018;99999999;https://auto.drom.ru/moscow/mercedes-benz/s-class/50745507.html;;;;;Москве;бензин, 6.0 л;530 л.с., налог;АКПП;задний;седан;черный;2 200 км;левый;6 поколение, рестайлинг;S 600;;;
Mercedes-Benz;S-Class;2018;39999999;https://auto.drom.ru/moscow/mercedes-benz/s-class/50745538.html;;;;;Москве;бензин, 6.0 л;530 л.с., налог;АКПП;задний;седан;черный;3 700 км;левый;6 поколение, рестайлинг;S 600;;;
Mercedes-Benz;C-Class;2018;3370000;https://auto.drom.ru/moscow/mercedes-benz/c-class/352819206.html;Характеристики совпадают с ПТС;5 записей о регистрации;Не числится в розыске;Ограничений не обнаружено;Москве;бензин, 1.6 л;150 л.с., налог;АКПП;задний;купе;черный;79 000 км;левый;4 поколение;;;;
Mercedes-Benz;GLC;2018;3161236;https://auto.drom.ru/spb/mercedes-benz/glc-class/613521033.html;Характеристики совпадают с ПТС;1 запись о регистрации;Не числится в розыске;Ограничений не обнаружено;Санкт-Петербурге;дизель, 2.1 л;204 л.с., налог;АКПП;4WD;;черный;139 004 км;левый;1 поколение;;;;
Mercedes-Benz;CLA-Class;2018;2650000;https://auto.drom.ru/moscow/mercedes-benz/cla-class/53582364.html;Характеристики совпадают с ПТС;5 записей о регистрации;Не числится в розыске;Ограничений не обнаружено;Москве;бензин, 2.0 л;211 л.с., налог;робот;4WD;седан;серый;58 167 км;левый;1 поколение, рестайлинг;;;;
Mercedes-Benz;E-Class;2018;4199000;https://auto.drom.ru/moscow/mercedes-benz/e-class/53579605.html;Характеристики совпадают с ПТС;2 записи о регистрации;Не числится в розыске;Ограничений не обнаружено;Москве;бензин, 2.0 л;184 л.с., налог;АКПП;4WD;седан;серый;54 000 км;левый;5 поколение;;;;
Mercedes-Benz;E-Class;2018;3357150;https://auto.drom.ru/minsk/mercedes-benz/e-class/53579505.html;;;;;Минске;дизель, 2.0 л;194 л.с., налог;АКПП;задний;седан;синий;61 267 км;левый;5 поколение;;;;
Mercedes-Benz;CLS-Class;2018;4499000;https://auto.drom.ru/donskoy/mercedes-benz/cls-class/53577223.html;Характеристики совпадают с ПТС;3 записи о регистрации;Не числится в розыске;Ограничений не обнаружено;Донском;дизель, 2.9 л;249 л.с., налог;АКПП;4WD;седан;белый;173 000 км;левый;3 поколение;CLS 350 d 4MATIC Elegance;;;
Mercedes-Benz;GLE;2018;5600000;https://auto.drom.ru/moscow/mercedes-benz/gle-class/53576125.html;Характеристики совпадают с ПТС;1 запись о регистрации;Не числится в розыске;Ограничений не обнаружено;Москве;дизель, 3.0 л;249 л.с., налог;АКПП;4WD;;синий;118 000 км;левый;1 поколение;GLE 350d 4MATIC Grand Edition;;;
Mercedes-Benz;GLA-Class;2018;2549550;https://auto.drom.ru/spb/mercedes-benz/gla-class/53151804.html;Характеристики совпадают с ПТС;3 записи о регистрации;Не числится в розыске;Ограничений не обнаружено;Санкт-Петербурге;бензин, 1.6 л;150 л.с., налог;робот;передний;;красный;71 842 км;левый;1 поколение, рестайлинг;GLA 200 Особая серия;;;
Mercedes-Benz;E-Class;2018;2500000;https://auto.drom.ru/moscow/mercedes-benz/e-class/52717928.html;Характеристики совпадают с ПТС;1 запись о регистрации;Не числится в розыске;Ограничений не обнаружено;Москве;бензин, 2.0 л;184 л.с., налог;АКПП;задний;седан;черный;229 182 км;левый;5 поколение;;;;
Mercedes-Benz;E-Class;2018;2500000;https://auto.drom.ru/moscow/mercedes-benz/e-class/52717929.html;Характеристики совпадают с ПТС;1 запись о регистрации;Не числится в розыске;Ограничений не обнаружено;Москве;бензин, 2.0 л;184 л.с., налог;АКПП;задний;седан;черный;223 711 км;левый;5 поколение;;;;
Mercedes-Benz;S-Class;2018;9200000;https://auto.drom.ru/moscow/mercedes-benz/s-class/633780074.html;Характеристики совпадают с ПТС;2 записи о регистрации;Не числится в розыске;Ограничений не обнаружено;Москве;бензин, 3.0 л;367 л.с., налог;АКПП;4WD;седан;черный;80 000 км;левый;6 поколение, 2 рестайлинг;Mercedes-Maybach S 450 4MATIC;;;
Mercedes-Benz;GLC Coupe;2018;4250000;https://auto.drom.ru/minsk/mercedes-benz/glc_coupe/268832065.html;;;;;Минске;дизель, 2.1 л;204 л.с., налог;АКПП;4WD;;белый;102 000 км;левый;1 поколение;GLC 250d 4MATIC Sport;;;
Mercedes-Benz;E-Class;2018;3950000;https://auto.drom.ru/tver/mercedes-benz/e-class/910265459.html;Характеристики совпадают с ПТС;3 записи о регистрации;Не числится в розыске;Ограничений не обнаружено;Твери;бензин, 2.0 л;184 л.с., налог;АКПП;4WD;седан;черный;102 000 км;левый;5 поколение;E 200 4MATIC Sport;;;
Mercedes-Benz;E-Class;2018;3250000;https://auto.drom.ru/engels/mercedes-benz/e-class/54129011.html;Характеристики совпадают с ПТС;4 записи о регистрации;Не числится в розыске;Ограничений не обнаружено;Энгельсе;дизель, 2.0 л;150 л.с., налог;АКПП;задний;седан;черный;97 650 км;левый;5 поколение;E 200 d Premium;;;
Mercedes-Benz;GLC Coupe;2018;4099000;https://auto.drom.ru/moscow/mercedes-benz/glc_coupe/53562790.html;Характеристики совпадают с ПТС;2 записи о регистрации;Не числится в розыске;Ограничений не обнаружено;Москве;бензин, 2.0 л;211 л.с., налог;АКПП;4WD;;красный;76 856 км;левый;1 поколение;;;;
Mercedes-Benz;S-Class;2018;57000000;https://auto.drom.ru/moscow/mercedes-benz/s-class/53475711.html;Мощность двигателя не совпадает с ПТС;1 запись о регистрации;Не числится в розыске;Ограничений не обнаружено;Москве;бензин, 6.0 л;630 л.с., налог;автомат;задний;седан;черный;5 000 км;левый;6 поколение;;;;
Mercedes-Benz;B-Class;2018;2478000;https://auto.drom.ru/moscow/mercedes-benz/b-class/53926610.html;Характеристики совпадают с ПТС;1 запись о регистрации;Не числится в розыске;Ограничений не обнаружено;Москве;бензин, 1.3 л;150 л.с., налог;автомат;передний;;белый;67 888 км;левый;3 поколение;;;;
Mercedes-Benz;CLA-Class;2018;1889000;https://auto.drom.ru/spb/mercedes-benz/cla-class/53570265.html;Характеристики совпадают с ПТС;2 записи о регистрации;Не числится в розыске;Ограничений не обнаружено;Санкт-Петербурге;бензин, 1.6 л;150 л.с., налог;робот;передний;седан;синий;103 700 км;левый;1 поколение, рестайлинг;;;;
Mercedes-Benz;GLC;2018;3799000;https://auto.drom.ru/spb/mercedes-benz/glc-class/53568708.html;Характеристики совпадают с ПТС;1 запись о регистрации;Не числится в розыске;Ограничений не обнаружено;Санкт-Петербурге;дизель, 2.1 л;204 л.с., налог;АКПП;4WD;;коричневый;71 000 км;левый;1 поколение;;;;
Mercedes-Benz;E-Class;2018;2500000;https://auto.drom.ru/moscow/mercedes-benz/e-class/52702529.html;Характеристики совпадают с ПТС;1 запись о регистрации;Не числится в розыске;Ограничений не обнаружено;Москве;бензин, 2.0 л;184 л.с., налог;АКПП;задний;седан;черный;241 825 км;левый;5 поколение;;;;
Mercedes-Benz;GLC Coupe;2018;4300000;https://auto.drom.ru/moscow/mercedes-benz/glc_coupe/48956900.html;Характеристики совпадают с ПТС;3 записи о регистрации;Не числится в розыске;Ограничений не обнаружено;Москве;дизель, 2.1 л;204 л.с., налог;АКПП;4WD;;синий;106 000 км;левый;1 поколение;GLC 250d 4MATIC Sport;;;
Mercedes-Benz;GLC;2018;3450000;https://auto.drom.ru/moscow/mercedes-benz/glc-class/151055631.html;Характеристики совпадают с ПТС;1 запись о регистрации;Не числится в розыске;Ограничений не обнаружено;Москве;бензин, 2.0 л;211 л.с., налог;АКПП;4WD;;серебристый;83 706 км;левый;1 поколение;;;;
Mercedes-Benz;C-Class;2018;2350000;https://auto.drom.ru/moscow/mercedes-benz/c-class/288740404.html;Характеристики совпадают с ПТС;4 записи о регистрации;Не числится в розыске;Ограничений не обнаружено;Москве;бензин, 1.6 л;150 л.с., налог;АКПП;задний;седан;черный;94 300 км;левый;4 поколение, рестайлинг;C 180 Sport;;;
Mercedes-Benz;GLE;2018;4600000;https://auto.drom.ru/togliatti/mercedes-benz/gle-class/936429113.html;Характеристики совпадают с ПТС;1 запись о регистрации;Не числится в розыске;Ограничений не обнаружено;Тольятти;дизель, 3.0 л;258 л.с., налог;АКПП;4WD;;серый;175 384 км;левый;1 поколение;GLE 350d 4MATIC;;;
Mercedes-Benz;GLA-Class;2018;2565000;https://auto.drom.ru/moscow/mercedes-benz/gla-class/480916131.html;Характеристики совпадают с ПТС;1 запись о регистрации;Не числится в розыске;Ограничений не обнаружено;Москве;бензин, 1.6 л;150 л.с., налог;робот;передний;;красный;53 600 км;левый;1 поколение, рестайлинг;GLA 200 Особая серия;;;
Mercedes-Benz;GLS-Class;2018;5029000;https://auto.drom.ru/spb/mercedes-benz/gls-class/627403495.html;Характеристики совпадают с ПТС;2 записи о регистрации;Не числится в розыске;Ограничений не обнаружено;Санкт-Петербурге;бензин, 3.0 л;333 л.с., налог;АКПП;4WD;;белый;119 600 км;левый;1 поколение;400 4MATIC Особая серия;;;
Mercedes-Benz;GLE;2018;5700000;https://auto.drom.ru/moscow/mercedes-benz/gle-class/739323257.html;Характеристики совпадают с ПТС;3 записи о регистрации;Не числится в розыске;Ограничений не обнаружено;Москве;бензин, 3.0 л;390 л.с., налог;АКПП;4WD;;белый;103 553 км;левый;1 поколение;;;;
Mercedes-Benz;E-Class;2018;2500000;https://auto.drom.ru/moscow/mercedes-benz/e-class/53918381.html;Характеристики совпадают с ПТС;1 запись о регистрации;Не числится в розыске;Ограничений не обнаружено;Москве;бензин, 2.0 л;184 л.с., налог;АКПП;задний;седан;черный;256 064 км;левый;5 поколение;;;;
Mercedes-Benz;E-Class;2018;2500000;https://auto.drom.ru/moscow/mercedes-benz/e-class/53918383.html;Характеристики совпадают с ПТС;1 запись о регистрации;Не числится в розыске;Ограничений не обнаружено;Москве;бензин, 2.0 л;184 л.с., налог;АКПП;задний;седан;черный;204 550 км;левый;5 поколение;;;;
Mercedes-Benz;GLC;2018;4560000;https://auto.drom.ru/moscow/mercedes-benz/glc-class/53909513.html;Характеристики совпадают с ПТС;2 записи о регистрации;Не числится в розыске;Ограничений не обнаружено;Москве;бензин, 2.0 л;211 л.с., налог;АКПП;4WD;;синий;66 779 км;левый;1 поколение;;;;
Mercedes-Benz;E-Class;2018;3000000;https://auto.drom.ru/moscow/mercedes-benz/e-class/52249166.html;Характеристики совпадают с ПТС;1 запись о регистрации;Не числится в розыске;Ограничений не обнаружено;Москве;бензин, 2.0 л;184 л.с., налог;АКПП;задний;седан;черный;205 658 км;левый;5 поколение;;;;
Mercedes-Benz;E-Class;2018;2650000;https://auto.drom.ru/moscow/mercedes-benz/e-class/52249168.html;Характеристики совпадают с ПТС;1 запись о регистрации;Не числится в розыске;Ограничений не обнаружено;Москве;бензин, 2.0 л;184 л.с., налог;АКПП;задний;седан;черный;230 990 км;левый;5 поколение;;;;
Mercedes-Benz;E-Class;2018;2500000;https://auto.drom.ru/moscow/mercedes-benz/e-class/52249170.html;Характеристики совпадают с ПТС;1 запись о регистрации;Не числится в розыске;Ограничений не обнаружено;Москве;бензин, 2.0 л;184 л.с., налог;АКПП;задний;седан;черный;184 560 км;левый;5 поколение;;;;
Mercedes-Benz;E-Class;2018;2400000;https://auto.drom.ru/moscow/mercedes-benz/e-class/52674675.html;Характеристики совпадают с ПТС;1 запись о регистрации;Не числится в розыске;Ограничений не обнаружено;Москве;бензин, 2.0 л;184 л.с., налог;АКПП;задний;седан;черный;222 333 км;левый;5 поколение;;;;
Mercedes-Benz;E-Class;2018;2500000;https://auto.drom.ru/moscow/mercedes-benz/e-class/52674677.html;Характеристики совпадают с ПТС;1 запись о регистрации;Не числится в розыске;Ограничений не обнаружено;Москве;бензин, 2.0 л;184 л.с., налог;АКПП;задний;седан;черный;225 216 км;левый;5 поколение;;;;
Mercedes-Benz;E-Class;2018;2550000;https://auto.drom.ru/moscow/mercedes-benz/e-class/52674683.html;Характеристики совпадают с ПТС;1 запись о регистрации;Не числится в розыске;Ограничений не обнаружено;Москве;бензин, 2.0 л;184 л.с., налог;АКПП;задний;седан;черный;175 516 км;левый;5 поколение;;;;
Mercedes-Benz;E-Class;2018;2500000;https://auto.drom.ru/moscow/mercedes-benz/e-class/52674684.html;Характеристики совпадают с ПТС;1 запись о регистрации;Не числится в розыске;Ограничений не обнаружено;Москве;бензин, 2.0 л;184 л.с., налог;АКПП;задний;седан;черный;182 060 км;левый;5 поколение;;;;
Mercedes-Benz;E-Class;2018;2500000;https://auto.drom.ru/moscow/mercedes-benz/e-class/52674686.html;Характеристики совпадают с ПТС;1 запись о регистрации;Не числится в розыске;Ограничений не обнаружено;Москве;бензин, 2.0 л;184 л.с., налог;АКПП;задний;седан;черный;220 754 км;левый;5 поколение;;;;
Mercedes-Benz;E-Class;2018;2500000;https://auto.drom.ru/moscow/mercedes-benz/e-class/52674693.html;Характеристики совпадают с ПТС;1 запись о регистрации;Не числится в розыске;Ограничений не обнаружено;Москве;бензин, 2.0 л;184 л.с., налог;АКПП;задний;седан;черный;220 754 км;левый;5 поколение;;;;
Mercedes-Benz;E-Class;2018;2650000;https://auto.drom.ru/moscow/mercedes-benz/e-class/52674694.html;Характеристики совпадают с ПТС;1 запись о регистрации;Не числится в розыске;Ограничений не обнаружено;Москве;бензин, 2.0 л;184 л.с., налог;АКПП;задний;седан;черный;241 783 км;левый;5 поколение;;;;
Mercedes-Benz;GLA-Class;2018;2847000;https://auto.drom.ru/moscow/mercedes-benz/gla-class/743590151.html;Характеристики совпадают с ПТС;2 записи о регистрации;Не числится в розыске;Ограничений не обнаружено;Москве;бензин, 2.0 л;211 л.с., налог;робот;4WD;;белый;53 721 км;левый;1 поколение, рестайлинг;;;;
Mercedes-Benz;E-Class;2018;2250000;https://auto.drom.ru/moscow/mercedes-benz/e-class/52104019.html;Характеристики совпадают с ПТС;1 запись о регистрации;Не числится в розыске;Ограничений не обнаружено;Москве;бензин, 2.0 л;184 л.с., налог;АКПП;задний;седан;черный;200 592 км;левый;5 поколение;;;;
Mercedes-Benz;V-Class;2018;6420000;https://auto.drom.ru/cheboksary/mercedes-benz/v-class/53897220.html;Характеристики совпадают с ПТС;1 запись о регистрации;Не числится в розыске;Ограничений не обнаружено;Чебоксарах;дизель, 2.1 л;163 л.с., налог;АКПП;4WD;;белый;;левый;3 поколение;220 d AT 4MATIC Длинный;;;
Mercedes-Benz;E-Class;2018;2500000;https://auto.drom.ru/moscow/mercedes-benz/e-class/53110121.html;Характеристики совпадают с ПТС;1 запись о регистрации;Не числится в розыске;Ограничений не обнаружено;Москве;бензин, 2.0 л;184 л.с., налог;АКПП;задний;седан;черный;234 788 км;левый;5 поколение;;;;
Mercedes-Benz;E-Class;2018;2500000;https://auto.drom.ru/moscow/mercedes-benz/e-class/53110130.html;Характеристики совпадают с ПТС;1 запись о регистрации;Не числится в розыске;Ограничений не обнаружено;Москве;бензин, 2.0 л;184 л.с., налог;АКПП;задний;седан;черный;227 710 км;левый;5 поколение;;;;
Mercedes-Benz;E-Class;2018;2500000;https://auto.drom.ru/moscow/mercedes-benz/e-class/53110131.html;Характеристики совпадают с ПТС;1 запись о регистрации;Не числится в розыске;Ограничений не обнаружено;Москве;бензин, 2.0 л;184 л.с., налог;АКПП;задний;седан;черный;220 945 км;левый;5 поколение;;;;
Mercedes-Benz;E-Class;2018;3000000;https://auto.drom.ru/moscow/mercedes-benz/e-class/53110132.html;Характеристики совпадают с ПТС;1 запись о регистрации;Не числится в розыске;Ограничений не обнаружено;Москве;бензин, 2.0 л;184 л.с., налог;АКПП;задний;седан;черный;214 343 км;левый;5 поколение;;;;
Mercedes-Benz;GLA-Class;2018;2349000;https://auto.drom.ru/spb/mercedes-benz/gla-class/52795819.html;Характеристики совпадают с ПТС;3 записи о регистрации;Не числится в розыске;Ограничений не обнаружено;Санкт-Петербурге;бензин, 2.0 л;211 л.с., налог;робот;4WD;;черный;132 900 км;левый;1 поколение, рестайлинг;;;;
Mercedes-Benz;E-Class;2018;2400000;https://auto.drom.ru/moscow/mercedes-benz/e-class/52657492.html;Характеристики совпадают с ПТС;1 запись о регистрации;Не числится в розыске;Ограничений не обнаружено;Москве;бензин, 2.0 л;184 л.с., налог;АКПП;задний;седан;черный;255 955 км;левый;5 поколение;;;;
Mercedes-Benz;E-Class;2018;2500000;https://auto.drom.ru/moscow/mercedes-benz/e-class/52657496.html;Характеристики совпадают с ПТС;1 запись о регистрации;Не числится в розыске;Ограничений не обнаружено;Москве;бензин, 2.0 л;184 л.с., налог;АКПП;задний;седан;черный;236 999 км;левый;5 поколение;;;;
Mercedes-Benz;E-Class;2018;2500000;https://auto.drom.ru/moscow/mercedes-benz/e-class/52657499.html;Характеристики совпадают с ПТС;1 запись о регистрации;Не числится в розыске;Ограничений не обнаружено;Москве;бензин, 2.0 л;184 л.с., налог;АКПП;задний;седан;черный;234 084 км;левый;5 поколение;;;;
Mercedes-Benz;E-Class;2018;2500000;https://auto.drom.ru/moscow/mercedes-benz/e-class/52227344.html;Характеристики совпадают с ПТС;1 запись о регистрации;Не числится в розыске;Ограничений не обнаружено;Москве;бензин, 2.0 л;184 л.с., налог;АКПП;задний;седан;черный;262 956 км;левый;5 поколение;;;;
Mercedes-Benz;GLC;2018;3515000;https://auto.drom.ru/moscow/mercedes-benz/glc-class/53519317.html;Характеристики совпадают с ПТС;1 запись о регистрации;Не числится в розыске;Ограничений не обнаружено;Москве;дизель, 2.1 л;170 л.с., налог;АКПП;4WD;;синий;82 000 км;левый;1 поколение;;;;
Mercedes-Benz;GLA-Class;2018;2379000;https://auto.drom.ru/spb/mercedes-benz/gla-class/53104142.html;Характеристики совпадают с ПТС;5 записей о регистрации;Не числится в розыске;Ограничений не обнаружено;Санкт-Петербурге;бензин, 2.0 л;211 л.с., налог;робот;4WD;;серый;86 774 км;левый;1 поколение, рестайлинг;;;;
Mercedes-Benz;E-Class;2018;3550000;https://auto.drom.ru/moscow/mercedes-benz/e-class/643042821.html;Характеристики совпадают с ПТС;1 запись о регистрации;Не числится в розыске;Ограничений не обнаружено;Москве;дизель, 3.0 л;258 л.с., налог;АКПП;4WD;седан;черный;200 000 км, без пробега по РФ;левый;5 поколение;E 350 d AТ 4MATIC Exclusive;;;
Mercedes-Benz;E-Class;2018;3650000;https://auto.drom.ru/moscow/mercedes-benz/e-class/53874939.html;Характеристики совпадают с ПТС;3 записи о регистрации;Не числится в розыске;Ограничений не обнаружено;Москве;бензин, 2.0 л;184 л.с., налог;АКПП;4WD;седан;синий;99 000 км;левый;5 поколение;E 200 4MATIC Sport;;;
Mercedes-Benz;V-Class;2018;5099000;https://auto.drom.ru/volgograd/mercedes-benz/v-class/53506618.html;Характеристики совпадают с ПТС;3 записи о регистрации;Не числится в розыске;Ограничений не обнаружено;Волгограде;дизель, 2.1 л;190 л.с., налог;АКПП;4WD;;черный;119 591 км;левый;3 поколение;;;;
Mercedes-Benz;E-Class;2018;2500000;https://auto.drom.ru/moscow/mercedes-benz/e-class/52630294.html;Характеристики совпадают с ПТС;1 запись о регистрации;Не числится в розыске;Ограничений не обнаружено;Москве;бензин, 2.0 л;184 л.с., налог;АКПП;задний;седан;черный;265 609 км;левый;5 поколение;;;;
Mercedes-Benz;E-Class;2018;2500000;https://auto.drom.ru/moscow/mercedes-benz/e-class/52630303.html;Характеристики совпадают с ПТС;1 запись о регистрации;Не числится в розыске;Ограничений не обнаружено;Москве;бензин, 2.0 л;184 л.с., налог;АКПП;задний;седан;черный;258 809 км;левый;5 поколение;;;;
Mercedes-Benz;E-Class;2018;3000000;https://auto.drom.ru/moscow/mercedes-benz/e-class/52623563.html;Характеристики совпадают с ПТС;1 запись о регистрации;Не числится в розыске;Ограничений не обнаружено;Москве;бензин, 2.0 л;184 л.с., налог;АКПП;задний;седан;черный;231 894 км;левый;5 поколение;;;;
Mercedes-Benz;E-Class;2018;2500000;https://auto.drom.ru/moscow/mercedes-benz/e-class/52623682.html;Характеристики совпадают с ПТС;1 запись о регистрации;Не числится в розыске;Ограничений не обнаружено;Москве;бензин, 2.0 л;184 л.с., налог;АКПП;задний;седан;черный;231 954 км;левый;5 поколение;;;;
Mercedes-Benz;GLC;2019;3970000;https://auto.drom.ru/moscow/mercedes-benz/glc-class/53866440.html;Характеристики совпадают с ПТС;1 запись о регистрации;Не числится в розыске;Ограничений не обнаружено;Москве;бензин, 2.0 л;211 л.с., налог;АКПП;4WD;;черный;82 013 км;левый;1 поколение;;;;
Mercedes-Benz;GLC;2019;4340000;https://auto.drom.ru/spb/mercedes-benz/glc-class/53497442.html;Характеристики совпадают с ПТС;1 запись о регистрации;Не числится в розыске;Ограничений не обнаружено;Санкт-Петербурге;дизель, 2.0 л;194 л.с., налог;АКПП;4WD;;синий;24 394 км;левый;1 поколение, рестайлинг;;;;
