Бренд;Модель;Год;Цена;URL;ПТС;Владельцы;Розыск;Ограничения;Город;Двигатель;Мощность;Коробка передач;Привод;Тип кузова;Цвет;Пробег;Руль;
BMW;5-Series;1977;1100000;https://auto.drom.ru/moscow/bmw/5-series/52480980.html;;;;;Москве;бензин, 1.8 л;94 л.с., налог;механика;задний;седан;красный;200 000 км;левый;
BMW;5-Series;1978;130000;https://auto.drom.ru/nizhniy-novgorod/bmw/5-series/53404372.html;;;;;Нижнем Новгороде;бензин, 1.8 л;90 л.с., налог;механика;задний;седан;бордовый;216 000 км;левый;1 поколение, рестайлинг;518 MT;
BMW;5-Series;1979;150000;https://auto.drom.ru/ivanovo/bmw/5-series/53203036.html;;;;;Иваново;бензин, 1.8 л;90 л.с., налог;механика;задний;седан;зеленый;185 210 км;правый;;;требуется ремонт или не на ходу;
BMW;5-Series;1982;75000;https://auto.drom.ru/moscow/bmw/5-series/718413058.html;Характеристики совпадают с ПТС;4 записи о регистрации;Не числится в розыске;Ограничений не обнаружено;Москве;бензин, 1.8 л;90 л.с., налог;механика;задний;седан;зеленый;190 000 км;левый;2 поколение;518 MT;требуется ремонт или не на ходу;
BMW;5-Series;1982;340000;https://auto.drom.ru/moscow/bmw/5-series/51523787.html;Характеристики совпадают с ПТС;3 записи о регистрации;Не числится в розыске;Ограничений не обнаружено;Москве;бензин, 1.8 л;90 л.с., налог;механика;задний;седан;серый;318 000 км;левый;2 поколение;518 MT;;
BMW;3-Series;1982;180000;https://auto.drom.ru/kursk/bmw/3-series/53596536.html;Характеристики совпадают с ПТС;1 запись о регистрации;Не числится в розыске;Ограничений не обнаружено;Курске;бензин, 1.8 л;105 л.с., налог;механика;задний;купе;красный;1 000 км;левый;1 поколение;318i MT;требуется ремонт или не на ходу;
BMW;5-Series;1983;230000;https://auto.drom.ru/moscow/bmw/5-series/53850765.html;Мощность двигателя не совпадает с ПТС;5 записей о регистрации;Не числится в розыске;Ограничений не обнаружено;Москве;бензин, 2.0 л;125 л.с., налог;механика;задний;седан;голубой;265 000 км;левый;2 поколение;520i MT;;
BMW;6-Series;1983;4000000;https://auto.drom.ru/moscow/bmw/6-series/52519672.html;Характеристики совпадают с ПТС;7 записей о регистрации;Не числится в розыске;Ограничений не обнаружено;Москве;бензин, 3.4 л;218 л.с., налог;механика;задний;купе;синий;120 000 км;левый;1 поколение;635 CSi MT;;
BMW;3-Series;1983;2500000;https://auto.drom.ru/moscow/bmw/3-series/50387354.html;Характеристики совпадают с ПТС;6 записей о регистрации;Не числится в розыске;Ограничений не обнаружено;Москве;бензин, 2.0 л;125 л.с., налог;механика;задний;седан;красный;12 000 км;левый;2 поколение;320i MT;;
BMW;5-Series;1983;240000;https://auto.drom.ru/moscow/bmw/5-series/51533293.html;Характеристики совпадают с ПТС;4 записи о регистрации;Не числится в розыске;Есть ограничения;Москве;бензин, 2.8 л;184 л.с., налог;механика;задний;седан;синий;284 000 км;левый;2 поколение;528i MT;;
BMW;3-Series;1983;270000;https://auto.drom.ru/spb/bmw/3-series/53902951.html;Характеристики совпадают с ПТС;3 записи о регистрации;Не числится в розыске;Ограничений не обнаружено;Санкт-Петербурге;бензин, 2.0 л;125 л.с., налог;механика;задний;купе;серый;100 000 км;левый;2 поколение;320i MT;;
BMW;3-Series;1984;250000;https://auto.drom.ru/moscow/bmw/3-series/196467332.html;Мощность двигателя не совпадает с ПТС;4 записи о регистрации;Не числится в розыске;Ограничений не обнаружено;Москве;бензин, 1.8 л;90 л.с., налог;механика;задний;седан;серый;900 000 км;левый;2 поколение;316 MT;;
BMW;3-Series;1984;233500;https://auto.drom.ru/smolensk/bmw/3-series/53382612.html;Мощность двигателя не совпадает с ПТС;1 запись о регистрации;Не числится в розыске;Ограничений не обнаружено;Смоленске;бензин, 2.0 л;125 л.с., налог;механика;задний;купе;серебристый;320 000 км;левый;2 поколение;320i MT;;
BMW;6-Series;1984;2200000;https://auto.drom.ru/moscow/bmw/6-series/52929511.html;;;;;Москве;бензин, 3.4 л;218 л.с., налог;АКПП;задний;купе;красный;35 000 км;левый;1 поколение;635 CSi AT;;
BMW;3-Series;1984;325000;https://auto.drom.ru/saratov/bmw/3-series/53240197.html;Объем двигателя, мощность двигателя не совпадают с ПТС;2 записи о регистрации;Не числится в розыске;Ограничений не обнаружено;Саратове;бензин, 1.8 л;90 л.с., налог;механика;задний;седан;серебристый;285 000 км;левый;2 поколение;316 MT;;
BMW;3-Series;1984;200000;https://auto.drom.ru/yaroslavl/bmw/3-series/52961096.html;Объем двигателя не совпадает с ПТС;6 записей о регистрации;Не числится в розыске;Ограничений не обнаружено;Ярославле;бензин, 1.8 л;90 л.с., налог;механика;задний;седан;черный;290 451 км;левый;2 поколение;316 MT;требуется ремонт или не на ходу;
BMW;3-Series;1984;215000;https://auto.drom.ru/moscow/bmw/3-series/748348340.html;Мощность двигателя не совпадает с ПТС;4 записи о регистрации;Не числится в розыске;Есть ограничения;Москве;бензин, 1.8 л;105 л.с., налог;механика;задний;купе;белый;270 000 км;левый;2 поколение;318i MT;;
BMW;3-Series;1985;250000;https://auto.drom.ru/moscow/bmw/3-series/53819526.html;Объем двигателя, мощность двигателя не совпадают с ПТС;6 записей о регистрации;Не числится в розыске;Ограничений не обнаружено;Москве;бензин, 2.0 л;125 л.с., налог;механика;задний;седан;черный;290 000 км;левый;2 поколение;320i MT;;
BMW;3-Series;1985;370000;https://auto.drom.ru/donetsk/bmw/3-series/53312247.html;Характеристики совпадают с ПТС;1 запись о регистрации;Не числится в розыске;Ограничений не обнаружено;Донецке;бензин, 1.8 л, ГБО;90 л.с., налог;механика;задний;седан;красный;350 000 км;левый;2 поколение;316 MT;;
BMW;3-Series;1985;490000;https://auto.drom.ru/moscow/bmw/3-series/53774181.html;Объем двигателя, мощность двигателя не совпадают с ПТС;5 записей о регистрации;Не числится в розыске;Ограничений не обнаружено;Москве;бензин, 2.0 л;125 л.с., налог;механика;задний;седан;красный;30 000 км;левый;2 поколение;320i MT;;
BMW;3-Series;1986;200000;https://auto.drom.ru/moscow/bmw/3-series/303605458.html;;;;;Москве;дизель, 2.4 л;86 л.с., налог;механика;задний;седан;черный;170 000 км;левый;2 поколение;324d MT;;
BMW;3-Series;1986;270000;https://auto.drom.ru/vyksa/bmw/3-series/264517592.html;Характеристики совпадают с ПТС;2 записи о регистрации;Не числится в розыске;Ограничений не обнаружено;Выксе;бензин, 1.8 л;102 л.с., налог;механика;задний;купе;белый;290 000 км;левый;2 поколение;318i MT;;
BMW;3-Series;1986;400000;https://auto.drom.ru/spb/bmw/3-series/460121327.html;;;;;Санкт-Петербурге;бензин, 1.8 л;90 л.с., налог;механика;задний;седан;белый;100 000 км;левый;2 поколение;316 MT;;
BMW;3-Series;1986;770000;https://auto.drom.ru/moscow/bmw/3-series/184589997.html;Характеристики совпадают с ПТС;4 записи о регистрации;Не числится в розыске;Ограничений не обнаружено;Москве;бензин, 1.8 л;105 л.с., налог;механика;задний;седан;серый;243 000 км;левый;2 поколение;318i MT;;
BMW;3-Series;1986;160000;https://auto.drom.ru/moscow/bmw/3-series/640263868.html;;;;;Москве;дизель, 2.4 л;86 л.с., налог;механика;задний;седан;черный;388 000 км;левый;2 поколение;324d MT;;
BMW;3-Series;1987;5500000;https://auto.drom.ru/ramenskoe/bmw/3-series/485736437.html;;;;;Раменском;бензин, 2.0 л;129 л.с., налог;механика;задний;седан;серый;200 000 км, без пробега по РФ;левый;2 поколение;320i MT;;
BMW;5-Series;1987;180000;https://auto.drom.ru/kromy/bmw/5-series/551595691.html;;;;;Кромах;бензин, 2.0 л;129 л.с., налог;механика;задний;седан;;;левый;3 поколение;520i MT;;
BMW;3-Series;1987;470000;https://auto.drom.ru/spb/bmw/3-series/53322031.html;Мощность двигателя не совпадает с ПТС;4 записи о регистрации;Не числится в розыске;Ограничений не обнаружено;Санкт-Петербурге;дизель, 2.4 л;115 л.с., налог;механика;задний;седан;белый;280 000 км;левый;2 поколение;324td MT;;
BMW;7-Series;1987;380000;https://auto.drom.ru/velikiy-novgorod/bmw/7-series/491443572.html;Характеристики совпадают с ПТС;5 записей о регистрации;Не числится в розыске;Ограничений не обнаружено;Великом Новгороде;бензин, 3.4 л;211 л.с., налог;механика;задний;;синий;300 000 км;левый;2 поколение;735i MT Catalyst;;
BMW;3-Series;1987;470000;https://auto.drom.ru/vidnoe/bmw/3-series/208346905.html;Характеристики совпадают с ПТС;3 записи о регистрации;Не числится в розыске;Ограничений не обнаружено;Видном;бензин, 1.8 л;102 л.с., налог;механика;задний;седан;зеленый;245 000 км;левый;2 поколение;;;
BMW;7-Series;1988;440000;https://auto.drom.ru/yoshkar-ola/bmw/7-series/53927103.html;Характеристики совпадают с ПТС;3 записи о регистрации;Не числится в розыске;Ограничений не обнаружено;Йошкар-Оле;бензин, 3.4 л, ГБО;211 л.с., налог;механика;задний;;черный;280 000 км;левый;2 поколение;;;
BMW;5-Series;1988;245000;https://auto.drom.ru/moscow/bmw/5-series/506426504.html;Характеристики совпадают с ПТС;5 записей о регистрации;Не числится в розыске;Ограничений не обнаружено;Москве;бензин, 2.5 л;170 л.с., налог;механика;задний;седан;синий;405 000 км;левый;3 поколение;525i MT;;
BMW;3-Series;1989;375000;https://auto.drom.ru/pavlovskiy-posad/bmw/3-series/248887251.html;Характеристики совпадают с ПТС;12 записей о регистрации;Не числится в розыске;Ограничений не обнаружено;Павловском Посаде;бензин, 2.0 л;150 л.с., налог;механика;задний;седан;черный;;левый;2 поколение;;;
BMW;5-Series;1989;1000000;https://auto.drom.ru/donetsk/bmw/5-series/53783169.html;Характеристики совпадают с ПТС;1 запись о регистрации;Не числится в розыске;Ограничений не обнаружено;Донецке;бензин, 2.0 л, ГБО;129 л.с., налог;механика;задний;седан;серый;50 км;левый;3 поколение;520i MT;;
BMW;5-Series;1989;520000;https://auto.drom.ru/spb/bmw/5-series/53406844.html;;;;;Санкт-Петербурге;бензин, 2.0 л;129 л.с., налог;механика;задний;седан;серый;200 000 км;левый;3 поколение;520i MT;;
BMW;5-Series;1989;190000;https://auto.drom.ru/volgograd/bmw/5-series/143132815.html;Характеристики совпадают с ПТС;4 записи о регистрации;Не числится в розыске;Ограничений не обнаружено;Волгограде;бензин, 2.0 л;129 л.с., налог;механика;задний;седан;черный;500 000 км;левый;3 поколение;520i MT;;
BMW;3-Series;1989;249000;https://auto.drom.ru/nizhniy-novgorod/bmw/3-series/52413783.html;Цвет не совпадает с ПТС;8 записей о регистрации;Не числится в розыске;Есть ограничения;Нижнем Новгороде;бензин, 2.5 л;170 л.с., налог;механика;задний;седан;голубой;50 000 км;левый;2 поколение;325i MT;;
BMW;5-Series;1989;160000;https://auto.drom.ru/moscow/bmw/5-series/690982623.html;Характеристики совпадают с ПТС;7 записей о регистрации;Не числится в розыске;Есть ограничения;Москве;бензин, 2.0 л;129 л.с., налог;механика;задний;седан;черный;500 000 км;левый;3 поколение;520i MT;документы с проблемами, ограничения 20 000 рублей, оплачивается.;
BMW;5-Series;1989;200000;https://auto.drom.ru/moscow/bmw/5-series/164350019.html;Характеристики совпадают с ПТС;4 записи о регистрации;Не числится в розыске;Ограничений не обнаружено;Москве;бензин, 2.0 л;129 л.с., налог;механика;задний;седан;черный;309 000 км;левый;3 поколение;520i MT;требуется ремонт или не на ходу;
BMW;3-Series;1989;120000;https://auto.drom.ru/spb/bmw/3-series/291939657.html;;;Не числится в розыске;Ограничений не обнаружено;Санкт-Петербурге;бензин, 2.0 л;129 л.с., налог;механика;задний;седан;черный;33 800 км;левый;2 поколение;320i MT;требуется ремонт или не на ходу;
BMW;3-Series;1989;150000;https://auto.drom.ru/velikie-luki/bmw/3-series/116027604.html;;;;;Великих Луках;бензин, 1.6 л;99 л.с., налог;механика;задний;седан;красный;290 000 км;левый;2 поколение;316i MT;;
BMW;5-Series;1989;250000;https://auto.drom.ru/tula/bmw/5-series/248343913.html;Характеристики совпадают с ПТС;3 записи о регистрации;Не числится в розыске;Ограничений не обнаружено;Туле;бензин, 2.5 л;170 л.с., налог;механика;задний;седан;серебристый;200 000 км;левый;3 поколение;525i MT;;
BMW;7-Series;1989;411000;https://auto.drom.ru/spb/bmw/7-series/53903850.html;Характеристики совпадают с ПТС;6 записей о регистрации;Не числится в розыске;Ограничений не обнаружено;Санкт-Петербурге;бензин, 3.0 л;188 л.с., налог;АКПП;задний;;серый;350 000 км;левый;2 поколение;;;
BMW;5-Series;1989;290000;https://auto.drom.ru/kamyshin/bmw/5-series/53897543.html;Характеристики совпадают с ПТС;5 записей о регистрации;Не числится в розыске;Ограничений не обнаружено;Камышине;дизель, 2.4 л;115 л.с., налог;механика;задний;седан;белый;240 000 км;левый;3 поколение;524td MT;;
BMW;5-Series;1990;450000;https://auto.drom.ru/kursk/bmw/5-series/53403521.html;Характеристики совпадают с ПТС;13 записей о регистрации;Не числится в розыске;Ограничений не обнаружено;Курске;бензин, 2.5 л;192 л.с., налог;механика;задний;седан;синий;111 111 км;левый;3 поколение;525i MT;;
BMW;5-Series;1990;155000;https://auto.drom.ru/kirov/bmw/5-series/653878972.html;Характеристики совпадают с ПТС;7 записей о регистрации;Не числится в розыске;Ограничений не обнаружено;Кирове;бензин, 2.0 л;150 л.с., налог;механика;задний;седан;белый;;левый;3 поколение;520i MT;;
BMW;5-Series;1990;370000;https://auto.drom.ru/shchelkovo/bmw/5-series/520230616.html;Характеристики совпадают с ПТС;5 записей о регистрации;Не числится в розыске;Есть ограничения;Щёлкове;бензин, 2.0 л;150 л.с., налог;механика;задний;седан;черный;422 222 км;левый;3 поколение;520i MT;;
BMW;5-Series;1990;190000;https://auto.drom.ru/tula/bmw/5-series/148921330.html;;;;;Туле;бензин, 2.0 л;129 л.с., налог;механика;задний;седан;;;левый;3 поколение;520i MT;;
BMW;5-Series;1990;190000;https://auto.drom.ru/tula/bmw/5-series/779230015.html;Характеристики совпадают с ПТС;7 записей о регистрации;Не числится в розыске;Ограничений не обнаружено;Туле;бензин, 2.0 л;150 л.с., налог;механика;задний;седан;зеленый;200 000 км;левый;3 поколение;520i MT;;
BMW;5-Series;1990;270000;https://auto.drom.ru/spb/bmw/5-series/481863068.html;Объем двигателя, мощность двигателя не совпадают с ПТС;3 записи о регистрации;Не числится в розыске;Ограничений не обнаружено;Санкт-Петербурге;бензин, 2.5 л;192 л.с., налог;механика;задний;седан;синий;250 000 км;левый;3 поколение;525i MT;;
BMW;3-Series;1990;355000;https://auto.drom.ru/istra/bmw/3-series/54006338.html;Характеристики совпадают с ПТС;6 записей о регистрации;Не числится в розыске;Ограничений не обнаружено;Истре;бензин, 1.6 л;99 л.с., налог;механика;задний;седан;красный;327 000 км;левый;2 поколение;;;
BMW;5-Series;1990;240000;https://auto.drom.ru/bronnitsy/bmw/5-series/176805360.html;Характеристики совпадают с ПТС;10 записей о регистрации;Не числится в розыске;Ограничений не обнаружено;Бронницах;бензин, 2.0 л;150 л.с., налог;механика;задний;седан;синий;300 000 км;левый;3 поколение;520i MT;;
BMW;7-Series;1990;350000;https://auto.drom.ru/kazan/bmw/7-series/253048102.html;Характеристики совпадают с ПТС;8 записей о регистрации;Не числится в розыске;Ограничений не обнаружено;Казани;бензин, 3.0 л;188 л.с., налог;механика;задний;;серебристый;381 000 км;левый;2 поколение;730i MT Catalyst Special Equipment;;
BMW;5-Series;1990;325000;https://auto.drom.ru/moscow/bmw/5-series/53893856.html;Мощность двигателя не совпадает с ПТС;3 записи о регистрации;Не числится в розыске;Ограничений не обнаружено;Москве;бензин, 2.0 л;150 л.с., налог;механика;задний;седан;белый;200 000 км;левый;3 поколение;520i MT;;
BMW;5-Series;1991;450000;https://auto.drom.ru/moscow/bmw/5-series/54133645.html;Характеристики совпадают с ПТС;7 записей о регистрации;Не числится в розыске;Ограничений не обнаружено;Москве;бензин, 2.0 л;150 л.с., налог;механика;задний;седан;синий;280 000 км;левый;3 поколение;520i MT;;
BMW;5-Series;1991;400000;https://auto.drom.ru/kuznetsk/bmw/5-series/53523206.html;Характеристики совпадают с ПТС;4 записи о регистрации;Не числится в розыске;Ограничений не обнаружено;Кузнецке;бензин, 2.0 л;150 л.с., налог;АКПП;задний;седан;серебристый;420 000 км;левый;3 поколение;520i AT;;
BMW;5-Series;1991;160000;https://auto.drom.ru/orel/bmw/5-series/54102619.html;Характеристики совпадают с ПТС;10 записей о регистрации;Не числится в розыске;Ограничений не обнаружено;Орле;бензин, 2.0 л;150 л.с., налог;механика;задний;седан;синий;205 000 км;левый;3 поколение;520i MT;требуется ремонт или не на ходу;
BMW;5-Series;1991;650000;https://auto.drom.ru/moscow/bmw/5-series/53774398.html;Характеристики совпадают с ПТС;3 записи о регистрации;Не числится в розыске;Есть ограничения;Москве;бензин, 2.0 л;150 л.с., налог;механика;задний;седан;серый;300 000 км;левый;3 поколение;520i MT;;
BMW;5-Series;1991;280000;https://auto.drom.ru/mozhaisk/bmw/5-series/705271890.html;Характеристики совпадают с ПТС;3 записи о регистрации;Не числится в розыске;Ограничений не обнаружено;Можайске;бензин, 2.0 л;150 л.с., налог;механика;задний;седан;зеленый;200 000 км;левый;3 поколение;520i MT;;
BMW;5-Series;1991;565000;https://auto.drom.ru/moscow/bmw/5-series/53973202.html;Характеристики совпадают с ПТС;5 записей о регистрации;Не числится в розыске;Ограничений не обнаружено;Москве;бензин, 3.4 л;211 л.с., налог;механика;задний;седан;зеленый;211 000 км;левый;3 поколение;535i MT;;
BMW;7-Series;1991;299000;https://auto.drom.ru/spb/bmw/7-series/53969214.html;Характеристики совпадают с ПТС;8 записей о регистрации;Не числится в розыске;Ограничений не обнаружено;Санкт-Петербурге;бензин, 3.4 л;211 л.с., налог;АКПП;задний;;синий;280 000 км;левый;2 поколение;735i AT Catalyst Special Equipment;;
BMW;3-Series;1991;200000;https://auto.drom.ru/engels/bmw/3-series/285229229.html;Характеристики совпадают с ПТС;5 записей о регистрации;Не числится в розыске;Ограничений не обнаружено;Энгельсе;бензин, 1.8 л;113 л.с., налог;механика;задний;седан;белый;286 888 км;левый;3 поколение;318i MT;;
BMW;5-Series;1991;340000;https://auto.drom.ru/volgograd/bmw/5-series/935652204.html;Характеристики совпадают с ПТС;7 записей о регистрации;Не числится в розыске;Ограничений не обнаружено;Волгограде;бензин, 1.8 л;113 л.с., налог;механика;задний;седан;черный;390 000 км;левый;3 поколение;518i MT;;
BMW;3-Series;1991;330000;https://auto.drom.ru/mtsensk/bmw/3-series/53933224.html;Характеристики совпадают с ПТС;6 записей о регистрации;Не числится в розыске;Есть ограничения;Мценске;бензин, 1.8 л;113 л.с., налог;механика;задний;седан;черный;400 000 км;левый;3 поколение;318i MT;;
BMW;5-Series;1991;245000;https://auto.drom.ru/yaroslavl/bmw/5-series/53907455.html;Мощность двигателя не совпадает с ПТС;8 записей о регистрации;Не числится в розыске;Ограничений не обнаружено;Ярославле;бензин, 2.0 л;150 л.с., налог;механика;задний;седан;;;левый;3 поколение;520i MT;;
BMW;3-Series;1991;230000;https://auto.drom.ru/velikiy-novgorod/bmw/3-series/307447776.html;Характеристики совпадают с ПТС;8 записей о регистрации;Не числится в розыске;Ограничений не обнаружено;Великом Новгороде;бензин, 1.8 л;113 л.с., налог;механика;задний;седан;красный;350 000 км;левый;3 поколение;318i MT;;
BMW;5-Series;1991;1100000;https://auto.drom.ru/spb/bmw/5-series/53089893.html;Объем двигателя, цвет, мощность двигателя не совпадают с ПТС;5 записей о регистрации;Не числится в розыске;Ограничений не обнаружено;Санкт-Петербурге;бензин, 2.5 л;192 л.с., налог;механика;задний;седан;фиолетовый;270 000 км;левый;3 поколение;525i MT;;
BMW;3-Series;1992;400000;https://auto.drom.ru/volsk/bmw/3-series/531891405.html;Характеристики совпадают с ПТС;4 записи о регистрации;Не числится в розыске;Есть ограничения;Вольске;бензин, 1.6 л;99 л.с., налог;механика;задний;седан;зеленый;300 000 км;левый;3 поколение;316i MT;;
BMW;3-Series;1992;140000;https://auto.drom.ru/klimovo/bmw/3-series/674841524.html;Характеристики совпадают с ПТС;11 записей о регистрации;Не числится в розыске;Ограничений не обнаружено;Климове;бензин, 1.8 л;113 л.с., налог;механика;задний;седан;черный;489 000 км;левый;3 поколение;318i MT;;
BMW;3-Series;1992;185000;https://auto.drom.ru/moscow/bmw/3-series/54063889.html;Характеристики совпадают с ПТС;7 записей о регистрации;Не числится в розыске;Ограничений не обнаружено;Москве;бензин, 2.0 л;150 л.с., налог;механика;задний;седан;красный;235 000 км;левый;3 поколение;320i MT;;
BMW;5-Series;1992;359100;https://auto.drom.ru/penza/bmw/5-series/228627989.html;Год, мощность двигателя не совпадают с ПТС;5 записей о регистрации;Не числится в розыске;Есть ограничения;Пензе;бензин, 2.0 л;150 л.с., налог;механика;задний;седан;;;левый;3 поколение;;;
BMW;3-Series;1992;360000;https://auto.drom.ru/spb/bmw/3-series/53802523.html;Объем двигателя, мощность двигателя не совпадают с ПТС;11 записей о регистрации;Не числится в розыске;Ограничений не обнаружено;Санкт-Петербурге;бензин, 2.5 л;192 л.с., налог;механика;задний;седан;красный;230 450 км;левый;3 поколение;325i MT;;
BMW;3-Series;1992;450000;https://auto.drom.ru/spb/bmw/3-series/836470847.html;Характеристики совпадают с ПТС;1 запись о регистрации;Не числится в розыске;Ограничений не обнаружено;Санкт-Петербурге;бензин, 2.0 л;150 л.с., налог;механика;задний;седан;красный;170 000 км;левый;3 поколение;320i MT;;
BMW;3-Series;1992;295000;https://auto.drom.ru/ivanovo/bmw/3-series/53800297.html;Характеристики совпадают с ПТС;5 записей о регистрации;Не числится в розыске;Ограничений не обнаружено;Иваново;бензин, 1.8 л;113 л.с., налог;механика;задний;седан;серый;235 580 км;левый;3 поколение;318i MT;;
BMW;5-Series;1992;600000;https://auto.drom.ru/kirov/bmw/5-series/52986547.html;Цвет не совпадает с ПТС;9 записей о регистрации;Не числится в розыске;Ограничений не обнаружено;Кирове;бензин, 2.5 л;192 л.с., налог;механика;задний;седан;черный;390 000 км;левый;3 поколение;525i MT;;
BMW;5-Series;1992;150000;https://auto.drom.ru/smolensk/bmw/5-series/54071923.html;;;;;Смоленске;дизель, 2.5 л;143 л.с., налог;механика;задний;седан;черный;350 000 км;левый;3 поколение;525tds MT;требуется ремонт или не на ходу;
BMW;5-Series;1992;140000;https://auto.drom.ru/spb/bmw/5-series/541011908.html;Характеристики совпадают с ПТС;15 записей о регистрации;Не числится в розыске;Ограничений не обнаружено;Санкт-Петербурге;бензин, 2.0 л;150 л.с., налог;механика;задний;седан;черный;666 666 км;левый;3 поколение;;;
BMW;3-Series;1992;180000;https://auto.drom.ru/spb/bmw/3-series/692171178.html;Характеристики совпадают с ПТС;10 записей о регистрации;Не числится в розыске;Ограничений не обнаружено;Санкт-Петербурге;бензин, 1.8 л;113 л.с., налог;механика;задний;седан;черный;330 000 км;левый;3 поколение;318i MT;;
BMW;7-Series;1992;111111;https://auto.drom.ru/moscow/bmw/7-series/54019381.html;Характеристики совпадают с ПТС;3 записи о регистрации;Не числится в розыске;Есть ограничения;Москве;бензин, 3.0 л;188 л.с., налог;АКПП;задний;;черный;350 000 км;левый;2 поколение;730i AT Catalyst;требуется ремонт или не на ходу, документы с проблемами или отсутствуют;
BMW;3-Series;1992;290000;https://auto.drom.ru/nizhniy-novgorod/bmw/3-series/327525855.html;Характеристики совпадают с ПТС;6 записей о регистрации;Не числится в розыске;Ограничений не обнаружено;Нижнем Новгороде;бензин, 1.8 л;113 л.с., налог;механика;задний;седан;синий;420 000 км;левый;3 поколение;318i MT;требуется ремонт или не на ходу;
BMW;5-Series;1992;360000;https://auto.drom.ru/tver/bmw/5-series/159057186.html;Мощность двигателя не совпадает с ПТС;8 записей о регистрации;Не числится в розыске;Ограничений не обнаружено;Твери;бензин, 2.5 л;192 л.с., налог;механика;задний;седан;бордовый;444 444 км;левый;3 поколение;525i MT;;
BMW;5-Series;1992;600000;https://auto.drom.ru/moscow/bmw/5-series/489408617.html;;;;;Москве;бензин, 2.0 л;150 л.с., налог;механика;задний;седан;синий;260 000 км;левый;3 поколение;520i MT;;
BMW;3-Series;1992;390000;https://auto.drom.ru/moscow/bmw/3-series/908552544.html;Объем двигателя, мощность двигателя не совпадают с ПТС;11 записей о регистрации;Не числится в розыске;Ограничений не обнаружено;Москве;бензин, 2.5 л;192 л.с., налог;механика;задний;седан;зеленый;320 000 км;левый;3 поколение;325i MT;;
BMW;5-Series;1992;199999;https://auto.drom.ru/moscow/bmw/5-series/53964768.html;Мощность двигателя не совпадает с ПТС;10 записей о регистрации;Не числится в розыске;Ограничений не обнаружено;Москве;бензин, 2.0 л;150 л.с., налог;механика;задний;седан;черный;300 000 км;левый;3 поколение;520i MT;;
BMW;3-Series;1992;170000;https://auto.drom.ru/shatura/bmw/3-series/795148884.html;Характеристики совпадают с ПТС;8 записей о регистрации;Не числится в розыске;Ограничений не обнаружено;Шатуре;бензин, 1.8 л;113 л.с., налог;механика;задний;седан;красный;471 574 км;левый;3 поколение;318i MT;;
BMW;5-Series;1992;380000;https://auto.drom.ru/alexin/bmw/5-series/134695424.html;Характеристики совпадают с ПТС;6 записей о регистрации;Не числится в розыске;Ограничений не обнаружено;Алексине;бензин, 2.5 л;192 л.с., налог;механика;задний;седан;черный;400 000 км;левый;3 поколение;525i MT;документы с проблемами или отсутствуют;
BMW;3-Series;1992;300000;https://auto.drom.ru/moscow/bmw/3-series/53925001.html;Мощность двигателя не совпадает с ПТС;12 записей о регистрации;Не числится в розыске;Ограничений не обнаружено;Москве;бензин, 1.8 л;113 л.с., налог;механика;задний;седан;белый;500 000 км;левый;3 поколение;318i MT;;
BMW;7-Series;1992;1440000;https://auto.drom.ru/spb/bmw/7-series/50553272.html;Характеристики совпадают с ПТС;6 записей о регистрации;Не числится в розыске;Ограничений не обнаружено;Санкт-Петербурге;бензин, 3.0 л;218 л.с., налог;механика;задний;;черный;400 000 км;левый;2 поколение;730i MT;;
BMW;5-Series;1992;230000;https://auto.drom.ru/orel/bmw/5-series/534367709.html;;;;;Орле;бензин, 2.0 л;150 л.с., налог;механика;задний;седан;;;левый;3 поколение;;;
BMW;3-Series;1992;300000;https://auto.drom.ru/spb/bmw/3-series/817776394.html;Характеристики совпадают с ПТС;4 записи о регистрации;Не числится в розыске;Ограничений не обнаружено;Санкт-Петербурге;бензин, 1.8 л;113 л.с., налог;механика;задний;седан;серебристый;316 183 км;левый;3 поколение;318i MT;;
BMW;5-Series;1992;550000;https://auto.drom.ru/spb/bmw/5-series/696534721.html;Характеристики совпадают с ПТС;5 записей о регистрации;Не числится в розыске;Ограничений не обнаружено;Санкт-Петербурге;бензин, 2.5 л;192 л.с., налог;механика;задний;седан;фиолетовый;300 000 км;левый;3 поколение;525i MT;;
BMW;5-Series;1992;250000;https://auto.drom.ru/spb/bmw/5-series/53887845.html;;;;;Санкт-Петербурге;бензин, 2.0 л;150 л.с., налог;механика;задний;универсал;красный;500 000 км;левый;3 поколение;;;
BMW;5-Series;1993;2495000;https://auto.drom.ru/moscow/bmw/5-series/48894622.html;Характеристики совпадают с ПТС;2 записи о регистрации;Не числится в розыске;Ограничений не обнаружено;Москве;бензин, 3.0 л;218 л.с., налог;механика;задний;седан;серый;450 000 км;левый;3 поколение;530i MT;;
BMW;3-Series;1993;210000;https://auto.drom.ru/moscow/bmw/3-series/299863113.html;Характеристики совпадают с ПТС;9 записей о регистрации;Не числится в розыске;Ограничений не обнаружено;Москве;бензин, 1.8 л;113 л.с., налог;механика;задний;седан;черный;480 000 км;левый;3 поколение;318i MT;;
BMW;3-Series;1993;300000;https://auto.drom.ru/zelenograd/bmw/3-series/53756442.html;;;;;Зеленограде;бензин, 2.8 л;193 л.с., налог;механика;задний;седан;черный;200 000 км;левый;3 поколение;;документы с проблемами или отсутствуют;
BMW;5-Series;1993;250000;https://auto.drom.ru/vyazma/bmw/5-series/504607193.html;Характеристики совпадают с ПТС;2 записи о регистрации;Не числится в розыске;Ограничений не обнаружено;Вязьме;бензин, 2.0 л;150 л.с., налог;механика;задний;седан;серебристый;300 000 км;левый;3 поколение;520i MT;;
BMW;3-Series;1993;270000;https://auto.drom.ru/dobrinka/bmw/3-series/516330579.html;Характеристики совпадают с ПТС;11 записей о регистрации;Не числится в розыске;Ограничений не обнаружено;Добринке;бензин, 1.6 л;102 л.с., налог;автомат;задний;седан;серый;440 000 км;левый;3 поколение;;;
BMW;3-Series;1993;240000;https://auto.drom.ru/podolsk/bmw/3-series/507888852.html;Характеристики совпадают с ПТС;8 записей о регистрации;Не числится в розыске;Ограничений не обнаружено;Подольске;бензин, 2.0 л;150 л.с., налог;механика;задний;седан;синий;98 000 км;левый;3 поколение;320i MT;;
BMW;3-Series;1993;450000;https://auto.drom.ru/moscow/bmw/3-series/264274372.html;Объем двигателя, мощность двигателя не совпадают с ПТС;5 записей о регистрации;Не числится в розыске;Есть ограничения;Москве;бензин, 2.5 л;192 л.с., налог;механика;задний;седан;серый;62 583 км;левый;3 поколение;325i MT;;
BMW;7-Series;1993;180000;https://auto.drom.ru/moscow/bmw/7-series/661286161.html;Характеристики совпадают с ПТС;4 записи о регистрации;Не числится в розыске;Ограничений не обнаружено;Москве;бензин, 3.0 л, ГБО;188 л.с., налог;механика;задний;;серый;500 000 км;левый;2 поколение;730i MT Catalyst;;
BMW;3-Series;1993;300000;https://auto.drom.ru/stupino/bmw/3-series/942550357.html;Характеристики совпадают с ПТС;8 записей о регистрации;Не числится в розыске;Есть ограничения;Ступино;бензин, 2.5 л;192 л.с., налог;механика;задний;седан;серый;280 000 км;левый;3 поколение;325i MT;;
BMW;5-Series;1993;270000;https://auto.drom.ru/orel/bmw/5-series/645461242.html;Характеристики совпадают с ПТС;7 записей о регистрации;Не числится в розыске;Ограничений не обнаружено;Орле;бензин, 1.8 л;113 л.с., налог;механика;задний;седан;черный;215 000 км;левый;3 поколение;518i MT;;
BMW;5-Series;1993;400000;https://auto.drom.ru/spb/bmw/5-series/777582486.html;Год не совпадает с ПТС;10 записей о регистрации;Не числится в розыске;Ограничений не обнаружено;Санкт-Петербурге;бензин, 1.8 л;113 л.с., налог;механика;задний;седан;зеленый;400 000 км;левый;3 поколение;518i MT;;
BMW;3-Series;1993;150000;https://auto.drom.ru/volzhskiy/bmw/3-series/52280128.html;Характеристики совпадают с ПТС;8 записей о регистрации;Не числится в розыске;Ограничений не обнаружено;Волжском;бензин, 1.6 л;99 л.с., налог;механика;задний;седан;;500 000 км;левый;3 поколение;316i MT;требуется ремонт или не на ходу;
BMW;3-Series;1993;790000;https://auto.drom.ru/gomel/bmw/3-series/53511989.html;Объем двигателя, мощность двигателя не совпадают с ПТС;6 записей о регистрации;Не числится в розыске;Ограничений не обнаружено;Гомеле;бензин, 3.0 л;230 л.с., налог;механика;задний;седан;черный;430 000 км;левый;3 поколение;;;
BMW;3-Series;1993;425000;https://auto.drom.ru/spb/bmw/3-series/494567266.html;Год, объем двигателя, мощность двигателя не совпадают с ПТС;7 записей о регистрации;Не числится в розыске;Ограничений не обнаружено;Санкт-Петербурге;бензин, 2.0 л;150 л.с., налог;механика;задний;седан;серый;280 000 км;левый;3 поколение;320i MT;;
BMW;5-Series;1993;150000;https://auto.drom.ru/smolensk/bmw/5-series/439303470.html;;;;;Смоленске;дизель, 2.5 л;143 л.с., налог;механика;задний;седан;черный;198 000 км;левый;3 поколение;525tds MT;;
BMW;3-Series;1993;180000;https://auto.drom.ru/nizhniy-novgorod/bmw/3-series/53906932.html;Мощность двигателя не совпадает с ПТС;8 записей о регистрации;Не числится в розыске;Ограничений не обнаружено;Нижнем Новгороде;бензин, 2.0 л;150 л.с., налог;механика;задний;седан;зеленый;300 000 км;левый;3 поколение;320i MT;;
BMW;3-Series;1993;349000;https://auto.drom.ru/shchigry/bmw/3-series/505764579.html;Год, объем двигателя, мощность двигателя не совпадают с ПТС;17 записей о регистрации;Не числится в розыске;Ограничений не обнаружено;Щиграх;бензин, 2.0 л;150 л.с., налог;механика;задний;седан;серый;450 000 км;левый;3 поколение;320i MT;;
BMW;3-Series;1994;360000;https://auto.drom.ru/klin/bmw/3-series/53850077.html;Характеристики совпадают с ПТС;16 записей о регистрации;Не числится в розыске;Ограничений не обнаружено;Клину;бензин, 2.0 л;150 л.с., налог;механика;задний;седан;черный;256 000 км;левый;3 поколение;320i MT;;
BMW;7-Series;1994;560000;https://auto.drom.ru/moscow/bmw/7-series/729535215.html;Характеристики совпадают с ПТС;7 записей о регистрации;Не числится в розыске;Ограничений не обнаружено;Москве;бензин, 4.0 л;286 л.с., налог;АКПП;задний;;черный;399 000 км;левый;3 поколение;740i AT;;
BMW;3-Series;1994;1000000;https://auto.drom.ru/kraskovo/bmw/3-series/216573755.html;Характеристики совпадают с ПТС;8 записей о регистрации;Не числится в розыске;Ограничений не обнаружено;Краскове;бензин, 1.6 л;102 л.с., налог;механика;задний;купе;черный;111 111 км;левый;3 поколение;316i MT;;
BMW;5-Series;1994;190000;https://auto.drom.ru/moscow/bmw/5-series/101050715.html;Характеристики совпадают с ПТС;9 записей о регистрации;Не числится в розыске;Ограничений не обнаружено;Москве;бензин, 1.8 л;115 л.с., налог;механика;задний;седан;синий;347 000 км;левый;3 поколение, рестайлинг;518i MT;;
BMW;5-Series;1994;170000;https://auto.drom.ru/rybinsk/bmw/5-series/53670956.html;;;;;Рыбинске;бензин, 1.8 л;113 л.с., налог;механика;задний;седан;;;левый;3 поколение;518i MT;;
BMW;5-Series;1994;350000;https://auto.drom.ru/smolensk/bmw/5-series/787491606.html;Характеристики совпадают с ПТС;3 записи о регистрации;Не числится в розыске;Есть ограничения;Смоленске;дизель, 2.5 л;143 л.с., налог;механика;задний;седан;серый;310 000 км;левый;3 поколение;525tds MT;;
BMW;5-Series;1994;215000;https://auto.drom.ru/spb/bmw/5-series/53984200.html;Характеристики совпадают с ПТС;10 записей о регистрации;Не числится в розыске;Ограничений не обнаружено;Санкт-Петербурге;дизель, 2.5 л;115 л.с., налог;механика;задний;седан;серебристый;350 000 км;левый;3 поколение;525td MT;;
BMW;5-Series;1994;495000;https://auto.drom.ru/egorievsk/bmw/5-series/52839980.html;Характеристики совпадают с ПТС;4 записи о регистрации;Не числится в розыске;Ограничений не обнаружено;Егорьевске;бензин, 2.5 л;192 л.с., налог;механика;задний;седан;черный;390 000 км;левый;3 поколение;525i MT;;
BMW;5-Series;1994;170000;https://auto.drom.ru/moscow/bmw/5-series/53225664.html;Объем двигателя, мощность двигателя не совпадают с ПТС;9 записей о регистрации;Не числится в розыске;Ограничений не обнаружено;Москве;бензин, 2.0 л;150 л.с., налог;механика;задний;седан;синий;300 000 км;левый;3 поколение, рестайлинг;520i MT;;
BMW;5-Series;1994;175000;https://auto.drom.ru/rybinsk/bmw/5-series/53561690.html;Цвет не совпадает с ПТС;2 записи о регистрации;Не числится в розыске;Ограничений не обнаружено;Рыбинске;бензин, 1.8 л;115 л.с., налог;механика;задний;седан;черный;350 000 км;левый;3 поколение, рестайлинг;518i MT;требуется ремонт или не на ходу;
BMW;5-Series;1994;216000;https://auto.drom.ru/avsyunino/bmw/5-series/53945478.html;Характеристики совпадают с ПТС;5 записей о регистрации;Не числится в розыске;Ограничений не обнаружено;Авсюнино;бензин, 2.0 л;150 л.с., налог;механика;задний;седан;красный;246 000 км;левый;3 поколение;520i MT;;
BMW;5-Series;1994;500000;https://auto.drom.ru/moscow/bmw/5-series/841960355.html;;;;;Москве;бензин, 2.5 л;192 л.с., налог;механика;задний;седан;синий;285 000 км;левый;3 поколение;525i MT;требуется ремонт или не на ходу;
BMW;5-Series;1995;300000;https://auto.drom.ru/kursk/bmw/5-series/617897131.html;Характеристики совпадают с ПТС;6 записей о регистрации;Не числится в розыске;Ограничений не обнаружено;Курске;бензин, 2.0 л;150 л.с., налог;механика;задний;седан;черный;200 000 км;левый;3 поколение, рестайлинг;520i MT;;
BMW;3-Series;1995;207000;https://auto.drom.ru/ryazan/bmw/3-series/891098525.html;Мощность двигателя не совпадает с ПТС;11 записей о регистрации;Не числится в розыске;Ограничений не обнаружено;Рязани;бензин, 1.8 л;115 л.с., налог;механика;задний;седан;серый;255 000 км;левый;3 поколение;318i MT;;
BMW;3-Series;1995;250000;https://auto.drom.ru/yaroslavl/bmw/3-series/53265858.html;Характеристики совпадают с ПТС;12 записей о регистрации;Не числится в розыске;Ограничений не обнаружено;Ярославле;бензин, 2.0 л;150 л.с., налог;механика;задний;купе;синий;300 000 км;левый;3 поколение;320i MT;требуется ремонт или не на ходу;
BMW;3-Series;1995;380000;https://auto.drom.ru/spb/bmw/3-series/53965353.html;Характеристики совпадают с ПТС;6 записей о регистрации;Не числится в розыске;Ограничений не обнаружено;Санкт-Петербурге;бензин, 1.6 л;102 л.с., налог;автомат;задний;купе;фиолетовый;322 000 км;левый;3 поколение;;;
BMW;7-Series;1995;750000;https://auto.drom.ru/moscow/bmw/7-series/53595243.html;Характеристики совпадают с ПТС;8 записей о регистрации;Не числится в розыске;Ограничений не обнаружено;Москве;бензин, 5.4 л;326 л.с., налог;АКПП;задний;;черный;400 000 км;левый;3 поколение;750i AT;;
BMW;5-Series;1995;130000;https://auto.drom.ru/yaroslavl/bmw/5-series/53392222.html;Характеристики совпадают с ПТС;7 записей о регистрации;Не числится в розыске;Ограничений не обнаружено;Ярославле;бензин, 1.8 л;115 л.с., налог;автомат;задний;седан;синий;400 000 км;левый;3 поколение, рестайлинг;;требуется ремонт или не на ходу;
BMW;X6;1995;12300000;https://auto.drom.ru/moscow/bmw/x6/53549247.html;;;;;Москве;дизель, 3.0 л;286 л.с., налог;автомат;4WD;;черный;10 000 км;левый;3 поколение;;;
BMW;3-Series;1995;284999;https://auto.drom.ru/saransk/bmw/3-series/671534478.html;Характеристики совпадают с ПТС;5 записей о регистрации;Не числится в розыске;Есть ограничения;Саранске;бензин, 1.6 л;102 л.с., налог;механика;задний;седан;синий;470 000 км;левый;3 поколение;316i MT;;
BMW;5-Series;1996;449000;https://auto.drom.ru/moscow/bmw/5-series/52611106.html;Характеристики совпадают с ПТС;9 записей о регистрации;Не числится в розыске;Ограничений не обнаружено;Москве;бензин, 2.5 л;190 л.с., налог;механика;задний;седан;серый;600 000 км;левый;4 поколение;;;
BMW;3-Series;1996;650000;https://auto.drom.ru/moscow/bmw/3-series/53474441.html;Объем двигателя, мощность двигателя не совпадают с ПТС;7 записей о регистрации;Не числится в розыске;Ограничений не обнаружено;Москве;дизель, 3.0 л;280 л.с., налог;механика;задний;купе;белый;167 000 км;левый;3 поколение;;;
BMW;5-Series;1996;399000;https://auto.drom.ru/bologoe/bmw/5-series/315822344.html;Характеристики совпадают с ПТС;7 записей о регистрации;Не числится в розыске;Есть ограничения;Бологое;бензин, 2.0 л;150 л.с., налог;механика;задний;седан;черный;498 000 км;левый;4 поколение;520i MT;;
BMW;7-Series;1996;1700000;https://auto.drom.ru/moscow/bmw/7-series/47833134.html;Объем двигателя, мощность двигателя не совпадают с ПТС;5 записей о регистрации;Не числится в розыске;Ограничений не обнаружено;Москве;бензин, 5.4 л;326 л.с., налог;АКПП;задний;;черный;152 000 км;левый;3 поколение;;;
BMW;5-Series;1996;800000;https://auto.drom.ru/penza/bmw/5-series/53005230.html;Характеристики совпадают с ПТС;3 записи о регистрации;Не числится в розыске;Ограничений не обнаружено;Пензе;бензин, 2.0 л;150 л.с., налог;АКПП;задний;универсал;черный;300 000 км;левый;3 поколение, рестайлинг;520i AT;;
BMW;7-Series;1996;351159;https://auto.drom.ru/minsk/bmw/7-series/53751546.html;;;;;Минске;дизель, 2.5 л;143 л.с., налог;механика;задний;;синий;499 624 км;левый;3 поколение;;;
BMW;5-Series;1996;300000;https://auto.drom.ru/dmitrov/bmw/5-series/740778446.html;Характеристики совпадают с ПТС;10 записей о регистрации;Не числится в розыске;Ограничений не обнаружено;Дмитрове;бензин, 2.0 л;150 л.с., налог;АКПП;задний;седан;черный;494 003 км;левый;4 поколение;;;
BMW;5-Series;1996;320000;https://auto.drom.ru/volgograd/bmw/5-series/52925867.html;Характеристики совпадают с ПТС;16 записей о регистрации;Не числится в розыске;Есть ограничения;Волгограде;бензин, 2.0 л;150 л.с., налог;механика;задний;седан;серебристый;340 000 км;левый;4 поколение;520i MT;;
BMW;7-Series;1996;900000;https://auto.drom.ru/voronezh/bmw/7-series/332597971.html;Характеристики совпадают с ПТС;10 записей о регистрации;Не числится в розыске;Ограничений не обнаружено;Воронеже;бензин, 2.8 л;193 л.с., налог;АКПП;задний;;зеленый;150 000 км;левый;3 поколение;;;
BMW;3-Series;1996;549999;https://auto.drom.ru/spb/bmw/3-series/51552521.html;Характеристики совпадают с ПТС;3 записи о регистрации;Не числится в розыске;Ограничений не обнаружено;Санкт-Петербурге;бензин, 1.6 л;102 л.с., налог;механика;задний;седан;синий;172 000 км;левый;3 поколение;316i MT;;
BMW;5-Series;1996;320000;https://auto.drom.ru/volzhskiy/bmw/5-series/53968191.html;Мощность двигателя не совпадает с ПТС;4 записи о регистрации;Не числится в розыске;Ограничений не обнаружено;Волжском;бензин, 2.0 л;150 л.с., налог;механика;задний;седан;зеленый;718 000 км;левый;4 поколение;520i MT;;
BMW;3-Series;1996;280000;https://auto.drom.ru/sergiev-posad/bmw/3-series/407375268.html;Объем двигателя, мощность двигателя не совпадают с ПТС;5 записей о регистрации;Не числится в розыске;Ограничений не обнаружено;Сергиевом Посаде;бензин, 2.0 л;150 л.с., налог;механика;задний;седан;черный;240 000 км;левый;3 поколение;320i MT;;
BMW;5-Series;1996;270000;https://auto.drom.ru/mozhaisk/bmw/5-series/271386295.html;Характеристики совпадают с ПТС;9 записей о регистрации;Не числится в розыске;Ограничений не обнаружено;Можайске;бензин, 2.0 л;150 л.с., налог;механика;задний;седан;серый;320 000 км;левый;4 поколение;;;
BMW;3-Series;1996;205000;https://auto.drom.ru/spb/bmw/3-series/633311685.html;Характеристики совпадают с ПТС;8 записей о регистрации;Не числится в розыске;Ограничений не обнаружено;Санкт-Петербурге;бензин, 1.6 л;102 л.с., налог;механика;задний;купе;черный;455 000 км;левый;3 поколение;316i MT;;
BMW;5-Series;1996;1150000;https://auto.drom.ru/nizhniy-novgorod/bmw/5-series/52708249.html;Характеристики совпадают с ПТС;15 записей о регистрации;Не числится в розыске;Ограничений не обнаружено;Нижнем Новгороде;бензин, 4.4 л, ГБО;286 л.с., налог;АКПП;задний;седан;черный;348 000 км;левый;4 поколение;540i AT;;
BMW;5-Series;1996;499999;https://auto.drom.ru/zelenograd/bmw/5-series/213357205.html;Характеристики совпадают с ПТС;11 записей о регистрации;Не числится в розыске;Ограничений не обнаружено;Зеленограде;бензин, 2.5 л;170 л.с., налог;механика;задний;седан;фиолетовый;299 999 км;левый;4 поколение;;;
BMW;3-Series;1997;340000;https://auto.drom.ru/voronezh/bmw/3-series/54143507.html;Год не совпадает с ПТС;4 записи о регистрации;Не числится в розыске;Ограничений не обнаружено;Воронеже;бензин, 2.5 л;170 л.с., налог;механика;задний;седан;черный;371 000 км;левый;3 поколение;323i MT;;
BMW;5-Series;1997;330000;https://auto.drom.ru/moscow/bmw/5-series/53855364.html;Характеристики совпадают с ПТС;6 записей о регистрации;Не числится в розыске;Ограничений не обнаружено;Москве;бензин, 2.0 л;150 л.с., налог;АКПП;задний;седан;белый;536 782 км;левый;4 поколение;520i AT;;
BMW;5-Series;1997;620000;https://auto.drom.ru/spb/bmw/5-series/53855219.html;Характеристики совпадают с ПТС;9 записей о регистрации;Не числится в розыске;Ограничений не обнаружено;Санкт-Петербурге;бензин, 3.5 л;235 л.с., налог;АКПП;задний;седан;зеленый;280 000 км;левый;4 поколение;535i AT;;
BMW;3-Series;1997;276307;https://auto.drom.ru/lida/bmw/3-series/587318316.html;;;;;Лиде;бензин, 1.6 л;102 л.с., налог;механика;задний;лифтбек;красный;232 000 км;левый;3 поколение;316i MT;;
BMW;7-Series;1997;600000;https://auto.drom.ru/penza/bmw/7-series/494546224.html;Характеристики совпадают с ПТС;9 записей о регистрации;Не числится в розыске;Ограничений не обнаружено;Пензе;бензин, 2.8 л;193 л.с., налог;АКПП;задний;;черный;304 000 км;левый;3 поколение;728i AT;;
BMW;5-Series;1997;290000;https://auto.drom.ru/spb/bmw/5-series/54032398.html;Характеристики совпадают с ПТС;5 записей о регистрации;Не числится в розыске;Есть ограничения;Санкт-Петербурге;бензин, 2.5 л;170 л.с., налог;механика;задний;седан;зеленый;350 000 км;левый;4 поколение;;;
BMW;3-Series;1997;485000;https://auto.drom.ru/spb/bmw/3-series/53738634.html;;;;;Санкт-Петербурге;дизель, 1.7 л;90 л.с., налог;механика;задний;универсал;черный;330 000 км;левый;3 поколение;318tds MT;;
BMW;5-Series;1997;280000;https://auto.drom.ru/spb/bmw/5-series/453931225.html;Характеристики совпадают с ПТС;16 записей о регистрации;Не числится в розыске;Ограничений не обнаружено;Санкт-Петербурге;бензин, 2.8 л;193 л.с., налог;АКПП;задний;седан;черный;499 000 км;левый;4 поколение;528i AT;;
BMW;5-Series;1997;450000;https://auto.drom.ru/mytishchi/bmw/5-series/524766335.html;Характеристики совпадают с ПТС;9 записей о регистрации;Не числится в розыске;Ограничений не обнаружено;Мытищах;бензин, 2.5 л;170 л.с., налог;механика;задний;седан;серебристый;111 111 км;левый;4 поколение;;;
BMW;3-Series;1997;249000;https://auto.drom.ru/cheboksary/bmw/3-series/53245759.html;Характеристики совпадают с ПТС;7 записей о регистрации;Не числится в розыске;Ограничений не обнаружено;Чебоксарах;бензин, 1.8 л;115 л.с., налог;механика;задний;седан;черный;250 000 км;левый;3 поколение;318i MT;;
BMW;5-Series;1997;515000;https://auto.drom.ru/kazan/bmw/5-series/54033070.html;Характеристики совпадают с ПТС;2 записи о регистрации;Не числится в розыске;Ограничений не обнаружено;Казани;бензин, 2.5 л;170 л.с., налог;АКПП;задний;седан;серебристый;300 000 км;левый;4 поколение;;;
BMW;7-Series;1997;400000;https://auto.drom.ru/spb/bmw/7-series/162009003.html;Характеристики совпадают с ПТС;9 записей о регистрации;Не числится в розыске;Ограничений не обнаружено;Санкт-Петербурге;бензин, 3.5 л;235 л.с., налог;АКПП;задний;;черный;250 000 км;левый;3 поколение;;;
BMW;5-Series;1997;345000;https://auto.drom.ru/ulyanovsk/bmw/5-series/100917167.html;Характеристики совпадают с ПТС;4 записи о регистрации;Не числится в розыске;Ограничений не обнаружено;Ульяновске;бензин, 2.5 л;170 л.с., налог;механика;задний;седан;зеленый;300 000 км;левый;4 поколение;;;
BMW;5-Series;1997;600000;https://auto.drom.ru/moscow/bmw/5-series/53106443.html;Характеристики совпадают с ПТС;8 записей о регистрации;Не числится в розыске;Ограничений не обнаружено;Москве;бензин, 2.5 л;170 л.с., налог;АКПП;задний;седан;серебристый;497 000 км;левый;4 поколение;;;
BMW;5-Series;1998;300000;https://auto.drom.ru/moscow/bmw/5-series/54132966.html;Характеристики совпадают с ПТС;9 записей о регистрации;Не числится в розыске;Ограничений не обнаружено;Москве;бензин, 2.5 л;170 л.с., налог;АКПП;задний;универсал;серый;350 000 км;левый;4 поколение;523i AT;;
BMW;5-Series;1998;600000;https://auto.drom.ru/pytalovo/bmw/5-series/711786117.html;Характеристики совпадают с ПТС;8 записей о регистрации;Не числится в розыске;Ограничений не обнаружено;Пыталово;бензин, 2.5 л;170 л.с., налог;механика;задний;седан;;;левый;4 поколение;;;
BMW;5-Series;1998;350000;https://auto.drom.ru/moscow/bmw/5-series/52525270.html;Характеристики совпадают с ПТС;3 записи о регистрации;Не числится в розыске;Ограничений не обнаружено;Москве;дизель, 2.5 л;143 л.с., налог;АКПП;задний;универсал;серый;350 000 км;левый;4 поколение;525tds AT;;
BMW;7-Series;1998;500000;https://auto.drom.ru/moscow/bmw/7-series/484439534.html;Характеристики совпадают с ПТС;3 записи о регистрации;Не числится в розыске;Ограничений не обнаружено;Москве;бензин, 2.8 л;193 л.с., налог;механика;задний;;серебристый;250 000 км;левый;3 поколение;;;
BMW;3-Series;1998;400000;https://auto.drom.ru/spb/bmw/3-series/943563797.html;Характеристики совпадают с ПТС;12 записей о регистрации;Не числится в розыске;Ограничений не обнаружено;Санкт-Петербурге;бензин, 1.9 л;118 л.с., налог;механика;задний;седан;синий;300 000 км;левый;4 поколение;;;
BMW;5-Series;1998;420000;https://auto.drom.ru/volzhskiy/bmw/5-series/54080483.html;Характеристики совпадают с ПТС;17 записей о регистрации;Не числится в розыске;Ограничений не обнаружено;Волжском;бензин, 2.0 л;150 л.с., налог;механика;задний;седан;черный;340 000 км;левый;4 поколение;;;
BMW;7-Series;1998;1500000;https://auto.drom.ru/minsk/bmw/7-series/52531996.html;;;;;Минске;бензин, 5.4 л;326 л.с., налог;АКПП;задний;;черный;329 000 км;левый;3 поколение, рестайлинг;;;
BMW;5-Series;1998;500000;https://auto.drom.ru/voronezh/bmw/5-series/648247012.html;Цвет не совпадает с ПТС;7 записей о регистрации;Не числится в розыске;Ограничений не обнаружено;Воронеже;бензин, 2.0 л;150 л.с., налог;механика;задний;седан;черный;;левый;4 поколение;;;
BMW;3-Series;1998;450000;https://auto.drom.ru/spb/bmw/3-series/938823211.html;Характеристики совпадают с ПТС;10 записей о регистрации;Не числится в розыске;Ограничений не обнаружено;Санкт-Петербурге;бензин, 2.5 л;170 л.с., налог;механика;задний;седан;черный;380 000 км;левый;4 поколение;;;
BMW;5-Series;1998;400000;https://auto.drom.ru/lyubertsy/bmw/5-series/848518153.html;Объем двигателя, мощность двигателя не совпадают с ПТС;10 записей о регистрации;Не числится в розыске;Ограничений не обнаружено;Люберцах;бензин, 2.8 л;193 л.с., налог;механика;задний;седан;черный;330 000 км;левый;4 поколение;528i MT;;
BMW;3-Series;1998;595000;https://auto.drom.ru/nizhniy-novgorod/bmw/3-series/564057968.html;Характеристики совпадают с ПТС;7 записей о регистрации;Не числится в розыске;Ограничений не обнаружено;Нижнем Новгороде;бензин, 1.9 л;118 л.с., налог;механика;задний;седан;серый;301 000 км;левый;4 поколение;318i MT;;
BMW;5-Series;1998;380000;https://auto.drom.ru/ivanovo/bmw/5-series/54062815.html;Характеристики совпадают с ПТС;10 записей о регистрации;Не числится в розыске;Ограничений не обнаружено;Иваново;бензин, 2.5 л;170 л.с., налог;АКПП;задний;седан;зеленый;348 000 км;левый;4 поколение;523i AT;;
BMW;5-Series;1998;395000;https://auto.drom.ru/ulyanovsk/bmw/5-series/338649917.html;Характеристики совпадают с ПТС;6 записей о регистрации;Не числится в розыске;Ограничений не обнаружено;Ульяновске;бензин, 2.8 л;193 л.с., налог;АКПП;задний;седан;синий;300 000 км;левый;4 поколение;528i AT;;
BMW;5-Series;1998;400000;https://auto.drom.ru/moscow/bmw/5-series/52498012.html;Объем двигателя, мощность двигателя не совпадают с ПТС;6 записей о регистрации;Не числится в розыске;Есть ограничения;Москве;бензин, 2.8 л;193 л.с., налог;механика;задний;седан;черный;100 000 км;левый;4 поколение;;;
BMW;5-Series;1998;760000;https://auto.drom.ru/volgograd/bmw/5-series/53067800.html;Объем двигателя не совпадает с ПТС;10 записей о регистрации;Не числится в розыске;Ограничений не обнаружено;Волгограде;бензин, 2.5 л;170 л.с., налог;АКПП;задний;седан;серый;420 000 км;левый;4 поколение;;;
BMW;3-Series;1998;560000;https://auto.drom.ru/spb/bmw/3-series/53184296.html;Характеристики совпадают с ПТС;2 записи о регистрации;Не числится в розыске;Ограничений не обнаружено;Санкт-Петербурге;бензин, 2.0 л;150 л.с., налог;механика;задний;седан;черный;205 000 км;левый;4 поколение;320i MT;;
BMW;5-Series;1998;285000;https://auto.drom.ru/ryazan/bmw/5-series/821615706.html;Характеристики совпадают с ПТС;7 записей о регистрации;Не числится в розыске;Ограничений не обнаружено;Рязани;бензин, 2.0 л;150 л.с., налог;механика;задний;седан;черный;;левый;4 поколение;;;
BMW;5-Series;1998;700000;https://auto.drom.ru/volgograd/bmw/5-series/53706681.html;Характеристики совпадают с ПТС;9 записей о регистрации;Не числится в розыске;Ограничений не обнаружено;Волгограде;бензин, 2.5 л;170 л.с., налог;АКПП;задний;седан;черный;470 773 км;левый;4 поколение;;;
BMW;5-Series;1998;285000;https://auto.drom.ru/ryazan/bmw/5-series/889304634.html;Характеристики совпадают с ПТС;7 записей о регистрации;Не числится в розыске;Ограничений не обнаружено;Рязани;бензин, 2.0 л;150 л.с., налог;механика;задний;седан;;;левый;4 поколение;;;
BMW;5-Series;1998;450000;https://auto.drom.ru/shchelkovo/bmw/5-series/902053151.html;Характеристики совпадают с ПТС;7 записей о регистрации;Не числится в розыске;Ограничений не обнаружено;Щёлкове;бензин, 2.0 л;150 л.с., налог;механика;задний;седан;черный;415 000 км;левый;4 поколение;520i MT;;
BMW;3-Series;1998;445000;https://auto.drom.ru/kotelniki/bmw/3-series/931131141.html;Характеристики совпадают с ПТС;7 записей о регистрации;Не числится в розыске;Ограничений не обнаружено;Котельниках;бензин, 2.0 л;150 л.с., налог;АКПП;задний;седан;зеленый;228 000 км;левый;4 поколение;320i АT;;
BMW;3-Series;1998;430000;https://auto.drom.ru/voronezh/bmw/3-series/286235779.html;;;;;Воронеже;бензин, 2.0 л;150 л.с., налог;АКПП;задний;седан;;;левый;4 поколение;320i АT;;
BMW;5-Series;1998;530000;https://auto.drom.ru/moscow/bmw/5-series/49045745.html;Характеристики совпадают с ПТС;7 записей о регистрации;Не числится в розыске;Ограничений не обнаружено;Москве;бензин, 2.0 л;150 л.с., налог;механика;задний;седан;серый;290 000 км;левый;4 поколение;520i MT;;
BMW;5-Series;1998;270000;https://auto.drom.ru/moscow/bmw/5-series/447576981.html;Характеристики совпадают с ПТС;9 записей о регистрации;Не числится в розыске;Ограничений не обнаружено;Москве;бензин, 2.0 л;150 л.с., налог;механика;задний;седан;белый;320 000 км;левый;4 поколение;520i MT;;
BMW;5-Series;1998;620000;https://auto.drom.ru/yoshkar-ola/bmw/5-series/178750620.html;Характеристики совпадают с ПТС;9 записей о регистрации;Не числится в розыске;Ограничений не обнаружено;Йошкар-Оле;бензин, 2.8 л;193 л.с., налог;механика;задний;седан;синий;360 000 км;левый;4 поколение;528i MT;;
BMW;5-Series;1998;550000;https://auto.drom.ru/alexandrov/bmw/5-series/247442540.html;Характеристики совпадают с ПТС;3 записи о регистрации;Не числится в розыске;Ограничений не обнаружено;Александрове;бензин, 2.8 л;193 л.с., налог;АКПП;задний;универсал;серый;430 000 км;левый;4 поколение;528i AT;;
BMW;5-Series;1998;505000;https://auto.drom.ru/moscow/bmw/5-series/53962640.html;Характеристики совпадают с ПТС;12 записей о регистрации;Не числится в розыске;Ограничений не обнаружено;Москве;бензин, 2.5 л;170 л.с., налог;АКПП;задний;седан;синий;299 000 км;левый;4 поколение;523i AT;;
BMW;3-Series;1998;390000;https://auto.drom.ru/nizhniy-novgorod/bmw/3-series/52736475.html;Характеристики совпадают с ПТС;6 записей о регистрации;Не числится в розыске;Ограничений не обнаружено;Нижнем Новгороде;бензин, 1.9 л;118 л.с., налог;механика;задний;седан;;300 000 км;левый;4 поколение;;;
BMW;5-Series;1998;400000;https://auto.drom.ru/nizhniy-novgorod/bmw/5-series/53201680.html;;;;;Нижнем Новгороде;бензин, 2.0 л;150 л.с., налог;механика;задний;седан;;;левый;4 поколение;;;
BMW;5-Series;1998;1450000;https://auto.drom.ru/moscow/bmw/5-series/53599463.html;Объем двигателя, мощность двигателя не совпадают с ПТС;6 записей о регистрации;Не числится в розыске;Ограничений не обнаружено;Москве;бензин, 3.0 л;231 л.с., налог;механика;задний;седан;черный;100 000 км;левый;4 поколение;;;
BMW;5-Series;1998;385000;https://auto.drom.ru/spb/bmw/5-series/199015985.html;Характеристики совпадают с ПТС;11 записей о регистрации;Не числится в розыске;Ограничений не обнаружено;Санкт-Петербурге;бензин, 2.0 л;150 л.с., налог;механика;задний;седан;черный;325 000 км;левый;4 поколение;;;
BMW;3-Series;1998;450000;https://auto.drom.ru/belgorod/bmw/3-series/946511543.html;Характеристики совпадают с ПТС;8 записей о регистрации;Не числится в розыске;Ограничений не обнаружено;Белгороде;бензин, 2.0 л;150 л.с., налог;механика;задний;седан;серый;450 000 км;левый;4 поколение;320i MT;;
BMW;5-Series;1998;390000;https://auto.drom.ru/spb/bmw/5-series/187618966.html;Характеристики совпадают с ПТС;11 записей о регистрации;Не числится в розыске;Ограничений не обнаружено;Санкт-Петербурге;бензин, 2.0 л;150 л.с., налог;механика;задний;универсал;серебристый;320 000 км;левый;4 поколение;520i MT;;
BMW;3-Series;1998;482000;https://auto.drom.ru/rybinsk/bmw/3-series/168894727.html;Характеристики совпадают с ПТС;10 записей о регистрации;Не числится в розыске;Ограничений не обнаружено;Рыбинске;бензин, 2.0 л;150 л.с., налог;АКПП;задний;седан;белый;451 250 км;левый;4 поколение;320i АT;;
BMW;5-Series;1998;360000;https://auto.drom.ru/voronezh/bmw/5-series/483569579.html;Характеристики совпадают с ПТС;15 записей о регистрации;Не числится в розыске;Ограничений не обнаружено;Воронеже;бензин, 2.5 л;170 л.с., налог;механика;задний;седан;синий;250 000 км;левый;4 поколение;523i MT;;
BMW;3-Series;1998;300000;https://auto.drom.ru/spb/bmw/3-series/605339295.html;Характеристики совпадают с ПТС;10 записей о регистрации;Не числится в розыске;Ограничений не обнаружено;Санкт-Петербурге;бензин, 1.9 л;118 л.с., налог;механика;задний;седан;черный;290 000 км;левый;4 поколение;;требуется ремонт или не на ходу;
BMW;5-Series;1998;500000;https://auto.drom.ru/spb/bmw/5-series/817934566.html;Характеристики совпадают с ПТС;4 записи о регистрации;Не числится в розыске;Ограничений не обнаружено;Санкт-Петербурге;бензин, 2.0 л;150 л.с., налог;механика;задний;седан;синий;325 080 км;левый;4 поколение;520i MT;;
BMW;5-Series;1998;450000;https://auto.drom.ru/tula/bmw/5-series/639978152.html;;;;;Туле;бензин, 2.0 л;150 л.с., налог;механика;задний;седан;;;левый;4 поколение;;;
BMW;5-Series;1998;500000;https://auto.drom.ru/dzerzhinskiy/bmw/5-series/52642363.html;Характеристики совпадают с ПТС;6 записей о регистрации;Не числится в розыске;Есть ограничения;Дзержинском;бензин, 2.0 л;150 л.с., налог;механика;задний;седан;синий;320 817 км;левый;4 поколение;520i MT;;
BMW;5-Series;1998;220000;https://auto.drom.ru/nizhniy-novgorod/bmw/5-series/54154499.html;Характеристики совпадают с ПТС;;Не числится в розыске;Есть ограничения;Нижнем Новгороде;бензин, 2.5 л;170 л.с., налог;АКПП;задний;седан;черный;320 000 км;левый;4 поколение;523i AT;требуется ремонт или не на ходу;
BMW;5-Series;1998;520000;https://auto.drom.ru/stolbovaya/bmw/5-series/54148216.html;Характеристики совпадают с ПТС;11 записей о регистрации;Не числится в розыске;Ограничений не обнаружено;Столбовой;бензин, 2.5 л, ГБО;170 л.с., налог;АКПП;задний;седан;зеленый;420 000 км;левый;4 поколение;523i AT;;
