Бренд;Модель;Год;Цена;URL;ПТС;Владельцы;Розыск;Ограничения;Город;Двигатель;Мощность;Коробка передач;Привод;Пробег;Руль;Поколение;Цвет;Тип кузова;Комплектация;Особые отметки;
BMW;X3;2019;4300000;https://auto.drom.ru/moscow/bmw/x3/242525577.html;Характеристики совпадают с ПТС;1 запись о регистрации;Не числится в розыске;Ограничений не обнаружено;Москве;дизель, 2.0 л;190 л.с., налог;АКПП;4WD;86 000 км;левый;3 поколение;черный;;;;
BMW;6-Series Gran Turismo;2019;3760000;https://auto.drom.ru/moscow/bmw/6-series_gran_turismo/52809978.html;;;;;Москве;дизель, 2.0 л;190 л.с., налог;АКПП;4WD;141 000 км, без пробега по РФ;левый;1 поколение;черный;;620d AT xDrive M Sport;;
BMW;3-Series;2019;3600000;https://auto.drom.ru/moscow/bmw/3-series/54098821.html;;;;;Москве;бензин, 2.0 л;258 л.с., налог;АКПП;задний;36 000 км;левый;7 поколение;серый;седан;330i AT Luxury;;
BMW;X7;2019;9149000;https://auto.drom.ru/spb/bmw/x7/54097947.html;Характеристики совпадают с ПТС;3 записи о регистрации;Не числится в розыске;Ограничений не обнаружено;Санкт-Петербурге;дизель, 3.0 л;400 л.с., налог;АКПП;4WD;85 000 км;левый;1 поколение;черный;;;;
BMW;X4;2019;4189000;https://auto.drom.ru/spb/bmw/x4/54095430.html;Характеристики совпадают с ПТС;1 запись о регистрации;Не числится в розыске;Ограничений не обнаружено;Санкт-Петербурге;дизель, 2.0 л;190 л.с., налог;АКПП;4WD;82 000 км;левый;2 поколение;синий;;xDrive 20d AT M Sport;;
BMW;6-Series Gran Turismo;2019;6000000;https://auto.drom.ru/moscow/bmw/6-series_gran_turismo/949334321.html;;;;;Москве;бензин, 3.0 л;340 л.с., налог;АКПП;4WD;44 425 км, без пробега по РФ;левый;1 поколение;серый;;;;
BMW;X2;2019;2690000;https://auto.drom.ru/pavlovo/bmw/x2/53809992.html;;;;;Павлово;дизель, 2.0 л;150 л.с., налог;АКПП;передний;113 986 км;левый;1 поколение;синий;;sDrive 18d AT Base;;
BMW;5-Series;2019;3652000;https://auto.drom.ru/kazan/bmw/5-series/53436814.html;Характеристики совпадают с ПТС;3 записи о регистрации;Не числится в розыске;Ограничений не обнаружено;Казани;дизель, 2.0 л;190 л.с., налог;АКПП;задний;67 896 км;левый;7 поколение;серый;седан;;;
BMW;X4;2019;5120000;https://auto.drom.ru/moscow/bmw/x4/53425321.html;Характеристики совпадают с ПТС;3 записи о регистрации;Не числится в розыске;Ограничений не обнаружено;Москве;дизель, 2.0 л;190 л.с., налог;АКПП;4WD;17 692 км;левый;2 поколение;красный;;xDrive 20d AT M Sport;;
BMW;4-Series;2019;4270000;https://auto.drom.ru/moscow/bmw/4-series/53424718.html;Характеристики совпадают с ПТС;2 записи о регистрации;Не числится в розыске;Ограничений не обнаружено;Москве;дизель, 2.0 л;190 л.с., налог;АКПП;задний;23 019 км;левый;1 поколение, рестайлинг;черный;купе;420d AT;;
BMW;6-Series Gran Turismo;2019;6026000;https://auto.drom.ru/moscow/bmw/6-series_gran_turismo/53424719.html;Характеристики совпадают с ПТС;3 записи о регистрации;Не числится в розыске;Ограничений не обнаружено;Москве;дизель, 3.0 л;249 л.с., налог;АКПП;4WD;90 280 км;левый;1 поколение;черный;;;;
BMW;X5;2019;6670000;https://auto.drom.ru/moscow/bmw/x5/53108238.html;Электронный ПТС не выдавался;;;;Москве;дизель, 3.0 л;265 л.с., налог;АКПП;4WD;87 373 км, без пробега по РФ;левый;4 поколение;серый;;xDrive30d AT M Sport;документы с проблемами, данный авто пригнан из Германии и готов к постановке на учет. Проблем с документами нет!;
BMW;X3;2019;6850000;https://auto.drom.ru/odintsovo/bmw/x3/53609537.html;;;;;Одинцове;бензин, 3.0 л;510 л.с., налог;АКПП;4WD;37 000 км, без пробега по РФ;левый;3 поколение;серебристый;;M Competition;;
BMW;3-Series;2019;4189000;https://auto.drom.ru/voronezh/bmw/3-series/52549287.html;Электронный ПТС выдан;;Не числится в розыске;Ограничений не обнаружено;Воронеже;бензин, 2.0 л;258 л.с., налог;АКПП;задний;56 924 км, без пробега по РФ;левый;7 поколение;белый;седан;;;
BMW;8-Series;2019;8600000;https://auto.drom.ru/moscow/bmw/8-series/52544690.html;;;;;Москве;дизель, 3.0 л;320 л.с., налог;автомат;4WD;26 675 км;левый;;черный;открытый;;;
BMW;3-Series Gran Turismo;2019;2430000;https://auto.drom.ru/minsk/bmw/3-series_gran_turismo/51966221.html;;;;;Минске;дизель, 2.0 л;190 л.с., налог;автомат;4WD;169 000 км;левый;6 поколение, рестайлинг;синий;;;;
BMW;5-Series;2019;5000000;https://auto.drom.ru/ramenskoe/bmw/5-series/51304656.html;Характеристики совпадают с ПТС;4 записи о регистрации;Не числится в розыске;Ограничений не обнаружено;Раменском;бензин, 3.0 л;340 л.с., налог;АКПП;4WD;99 500 км;левый;7 поколение;синий;седан;540i AT xDrive Base;;
BMW;X5;2019;6879000;https://auto.drom.ru/spb/bmw/x5/319176401.html;Характеристики совпадают с ПТС;2 записи о регистрации;Не числится в розыске;Ограничений не обнаружено;Санкт-Петербурге;дизель, 3.0 л;249 л.с., налог;АКПП;4WD;71 712 км;левый;4 поколение;белый;;;;
BMW;X6;2019;5900000;https://auto.drom.ru/moscow/bmw/x6/762325553.html;Характеристики совпадают с ПТС;2 записи о регистрации;Не числится в розыске;Ограничений не обнаружено;Москве;дизель, 3.0 л;313 л.с., налог;АКПП;4WD;82 000 км;левый;2 поколение;белый;;;;
BMW;X2;2019;3140000;https://auto.drom.ru/kazan/bmw/x2/53801172.html;;;;;Казани;дизель, 2.0 л;190 л.с., налог;АКПП;4WD;101 000 км;левый;1 поколение;оранжевый;;;;
BMW;X4;2019;4700000;https://auto.drom.ru/moscow/bmw/x4/52471163.html;;;;;Москве;дизель, 2.0 л;190 л.с., налог;АКПП;4WD;110 000 км;левый;2 поколение;белый;;xDrive 20d AT M Sport;;
BMW;X2;2019;3150000;https://auto.drom.ru/spb/bmw/x2/54072297.html;;;;;Санкт-Петербурге;дизель, 2.0 л;192 л.с., налог;автомат;4WD;89 000 км;левый;1 поколение;серый;;;;
BMW;X5;2019;7259000;https://auto.drom.ru/spb/bmw/x5/535967302.html;Характеристики совпадают с ПТС;1 запись о регистрации;Не числится в розыске;Ограничений не обнаружено;Санкт-Петербурге;дизель, 3.0 л;400 л.с., налог;АКПП;4WD;91 800 км;левый;4 поколение;черный;;;;
BMW;X5;2019;8081272;https://auto.drom.ru/minsk/bmw/x5/53797803.html;;;;;Минске;дизель, 3.0 л;400 л.с., налог;АКПП;4WD;91 000 км;левый;4 поколение;черный;;;;
BMW;X5;2019;6750000;https://auto.drom.ru/moscow/bmw/x5/792882221.html;;;;;Москве;бензин, 3.0 л;340 л.с., налог;АКПП;4WD;75 900 км;левый;4 поколение;белый;;;;
BMW;X6;2019;4787000;https://auto.drom.ru/moscow/bmw/x6/113513700.html;Характеристики совпадают с ПТС;1 запись о регистрации;Не числится в розыске;Ограничений не обнаружено;Москве;дизель, 3.0 л;313 л.с., налог;АКПП;4WD;206 563 км;левый;2 поколение;черный;;;;
BMW;X3;2019;4199000;https://auto.drom.ru/nizhniy-novgorod/bmw/x3/52969206.html;Характеристики совпадают с ПТС;1 запись о регистрации;Не числится в розыске;Ограничений не обнаружено;Нижнем Новгороде;дизель, 2.0 л;190 л.с., налог;АКПП;4WD;89 527 км;левый;3 поколение;синий;;xDrive 20d AT M Sport;;
BMW;X3;2019;5950000;https://auto.drom.ru/moscow/bmw/x3/52504445.html;Характеристики совпадают с ПТС;1 запись о регистрации;Не числится в розыске;Ограничений не обнаружено;Москве;бензин, 3.0 л;480 л.с., налог;АКПП;4WD;83 000 км;левый;3 поколение;серый;;M Special Edition;;
BMW;X3;2019;5100000;https://auto.drom.ru/moscow/bmw/x3/54087373.html;;;;;Москве;дизель, 3.0 л;326 л.с., налог;АКПП;4WD;85 000 км, без пробега по РФ;левый;3 поколение;черный;;xDrive M40d AT Base;;
BMW;3-Series;2019;4199000;https://auto.drom.ru/himki/bmw/3-series/882050990.html;Характеристики совпадают с ПТС;3 записи о регистрации;Не числится в розыске;Ограничений не обнаружено;Химках;дизель, 2.0 л;190 л.с., налог;АКПП;4WD;33 650 км;левый;;синий;седан;;;
BMW;X1;2019;2880000;https://auto.drom.ru/smolensk/bmw/x1/54079957.html;;;;;Смоленске;дизель, 2.0 л;190 л.с., налог;АКПП;4WD;101 889 км;левый;2 поколение;белый;;;;
BMW;6-Series Gran Turismo;2019;5570000;https://auto.drom.ru/moscow/bmw/6-series_gran_turismo/395745325.html;Характеристики совпадают с ПТС;3 записи о регистрации;Не числится в розыске;Ограничений не обнаружено;Москве;дизель, 3.0 л;249 л.с., налог;АКПП;4WD;80 128 км;левый;1 поколение;черный;;;;
BMW;X7;2019;7249000;https://auto.drom.ru/spb/bmw/x7/53800158.html;Характеристики совпадают с ПТС;2 записи о регистрации;Не числится в розыске;Ограничений не обнаружено;Санкт-Петербурге;бензин, 3.0 л;340 л.с., налог;АКПП;4WD;149 927 км;левый;1 поколение;белый;;;;
BMW;5-Series;2019;3495000;https://auto.drom.ru/moscow/bmw/5-series/53793201.html;Характеристики совпадают с ПТС;1 запись о регистрации;Не числится в розыске;Ограничений не обнаружено;Москве;дизель, 3.0 л;265 л.с., налог;АКПП;4WD;101 826 км;левый;7 поколение;черный;универсал;530d AT xDrive;;
BMW;X5;2019;6199000;https://auto.drom.ru/moscow/bmw/x5/53792595.html;Характеристики совпадают с ПТС;1 запись о регистрации;Не числится в розыске;Ограничений не обнаружено;Москве;дизель, 3.0 л;249 л.с., налог;АКПП;4WD;99 155 км;левый;4 поколение;серый;;;;
BMW;X3;2019;3899000;https://auto.drom.ru/spb/bmw/x3/53417865.html;Характеристики совпадают с ПТС;2 записи о регистрации;Не числится в розыске;Ограничений не обнаружено;Санкт-Петербурге;бензин, 2.0 л;249 л.с., налог;АКПП;4WD;90 469 км;левый;3 поколение;черный;;xDrive 30i AT M Sport;;
BMW;5-Series;2019;3800000;https://auto.drom.ru/moscow/bmw/5-series/52985646.html;Характеристики совпадают с ПТС;2 записи о регистрации;Не числится в розыске;Ограничений не обнаружено;Москве;дизель, 2.0 л;190 л.с., налог;АКПП;4WD;93 000 км;левый;7 поколение;черный;седан;520d AT xDrive M Sport;;
BMW;X7;2019;9450000;https://auto.drom.ru/efremov/bmw/x7/468955007.html;Характеристики совпадают с ПТС;1 запись о регистрации;Не числится в розыске;Ограничений не обнаружено;Ефремове;дизель, 3.0 л;249 л.с., налог;АКПП;4WD;61 000 км;левый;1 поколение;белый;;xDrive30d AT M Sport Pro;;
BMW;X6;2019;8786600;https://auto.drom.ru/moscow/bmw/x6/292390903.html;Характеристики совпадают с ПТС;2 записи о регистрации;Не числится в розыске;Ограничений не обнаружено;Москве;дизель, 3.0 л;249 л.с., налог;АКПП;4WD;46 578 км;левый;;синий;;;;
BMW;X5;2019;6285000;https://auto.drom.ru/spb/bmw/x5/392218282.html;;;;;Санкт-Петербурге;дизель, 3.0 л;265 л.с., налог;АКПП;4WD;84 332 км;левый;4 поколение;серый;;;;
BMW;X7;2019;7753216;https://auto.drom.ru/minsk/bmw/x7/704876704.html;;;;;Минске;дизель, 3.0 л;265 л.с., налог;автомат;4WD;103 000 км;левый;1 поколение;серый;;;;
BMW;4-Series;2019;4590000;https://auto.drom.ru/moscow/bmw/4-series/314370257.html;Характеристики совпадают с ПТС;3 записи о регистрации;Не числится в розыске;Ограничений не обнаружено;Москве;дизель, 2.0 л;190 л.с., налог;АКПП;задний;49 200 км;левый;1 поколение, рестайлинг;синий;открытый;420d AT;;
BMW;4-Series;2019;3464000;https://auto.drom.ru/moscow/bmw/4-series/605053036.html;;;;;Москве;бензин, 1.5 л;136 л.с., налог;автомат;задний;82 301 км;левый;;синий;лифтбек;;;
BMW;3-Series;2019;3599000;https://auto.drom.ru/moscow/bmw/3-series/318399736.html;Характеристики совпадают с ПТС;1 запись о регистрации;Не числится в розыске;Ограничений не обнаружено;Москве;дизель, 3.0 л;258 л.с., налог;автомат;4WD;132 000 км;левый;;белый;лифтбек;;;
BMW;X3;2019;4979789;https://auto.drom.ru/spb/bmw/x3/545258422.html;Характеристики совпадают с ПТС;2 записи о регистрации;Не числится в розыске;Ограничений не обнаружено;Санкт-Петербурге;дизель, 3.0 л;249 л.с., налог;АКПП;4WD;76 151 км;левый;3 поколение;серебристый;;;;
BMW;3-Series;2019;650000;https://auto.drom.ru/moscow/bmw/3-series/333900608.html;;;;;Москве;дизель, 2.0 л;190 л.с., налог;АКПП;4WD;53 000 км, без пробега по РФ;правый;7 поколение;розовый;седан;320d xDrive M Sport;требуется ремонт или не на ходу;
BMW;5-Series;2019;2910921;https://auto.drom.ru/minsk/bmw/5-series/451018135.html;;;;;Минске;дизель, 2.0 л;190 л.с., налог;АКПП;4WD;160 000 км;левый;7 поколение;синий;универсал;520d AT xDrive;;
BMW;X5;2019;8960000;https://auto.drom.ru/moscow/bmw/x5/53406360.html;;;;;Москве;дизель, 3.0 л;400 л.с., налог;АКПП;4WD;61 300 км;левый;4 поколение;серый;;xDrive M50d AT M Special;;
BMW;5-Series;2019;3680000;https://auto.drom.ru/spb/bmw/5-series/860031161.html;Цвет не совпадает с ПТС;2 записи о регистрации;Не числится в розыске;Ограничений не обнаружено;Санкт-Петербурге;дизель, 2.0 л;190 л.с., налог;АКПП;4WD;94 473 км, без пробега по РФ;левый;7 поколение;черный;универсал;520d AT xDrive;;
BMW;2-Series Gran Tourer;2019;2194742;https://auto.drom.ru/minsk/bmw/2-series_gran_tourer/52526740.html;;;;;Минске;дизель, 2.0 л;150 л.с., налог;АКПП;передний;79 000 км;левый;1 поколение, рестайлинг;;;218d AT;;
BMW;X1;2019;2750000;https://auto.drom.ru/moscow/bmw/x1/322103234.html;Характеристики совпадают с ПТС;1 запись о регистрации;Не числится в розыске;Ограничений не обнаружено;Москве;дизель, 1.5 л;116 л.с., налог;робот;передний;118 660 км;левый;2 поколение, рестайлинг;серый;;sDrive16d DKG;;
BMW;X5;2019;6990000;https://auto.drom.ru/spb/bmw/x5/53974801.html;;;;;Санкт-Петербурге;бензин, 3.0 л;335 л.с., налог;АКПП;4WD;86 000 км;левый;4 поколение;;;xDrive40i AT;;
BMW;X3;2019;5199000;https://auto.drom.ru/voronezh/bmw/x3/379322769.html;Характеристики совпадают с ПТС;3 записи о регистрации;Не числится в розыске;Ограничений не обнаружено;Воронеже;дизель, 3.0 л;249 л.с., налог;АКПП;4WD;96 338 км;левый;3 поколение;синий;;;;
BMW;X4;2019;4985000;https://auto.drom.ru/moscow/bmw/x4/516359573.html;Характеристики совпадают с ПТС;2 записи о регистрации;Не числится в розыске;Ограничений не обнаружено;Москве;бензин, 2.0 л;249 л.с., налог;АКПП;4WD;65 359 км;левый;2 поколение;синий;;;;
BMW;1-Series;2019;2229000;https://auto.drom.ru/himki/bmw/1-series/53780172.html;Характеристики совпадают с ПТС;3 записи о регистрации;Не числится в розыске;Ограничений не обнаружено;Химках;бензин, 1.5 л;136 л.с., налог;АКПП;задний;44 253 км;левый;2 поколение;оранжевый;хэтчбек 5 дв.;;;
BMW;3-Series;2019;4500000;https://auto.drom.ru/cheboksary/bmw/3-series/714529573.html;Характеристики совпадают с ПТС;2 записи о регистрации;Не числится в розыске;Ограничений не обнаружено;Чебоксарах;дизель, 2.0 л;190 л.с., налог;АКПП;4WD;85 000 км;левый;7 поколение;серый;седан;320d AT xDrive M Sport Pro;;
BMW;X3;2019;3999000;https://auto.drom.ru/nizhniy-novgorod/bmw/x3/54076028.html;;;;;Нижнем Новгороде;дизель, 3.0 л;265 л.с., налог;автомат;4WD;136 777 км;левый;3 поколение;черный;;;;
BMW;6-Series Gran Turismo;2019;5100000;https://auto.drom.ru/moscow/bmw/6-series_gran_turismo/54068864.html;Цвет не совпадает с ПТС;3 записи о регистрации;Не числится в розыске;Ограничений не обнаружено;Москве;дизель, 3.0 л;249 л.с., налог;АКПП;4WD;79 000 км;левый;1 поколение;синий;;;;
BMW;X3;2019;4547000;https://auto.drom.ru/moscow/bmw/x3/638477012.html;Характеристики совпадают с ПТС;3 записи о регистрации;Не числится в розыске;Ограничений не обнаружено;Москве;дизель, 3.0 л;249 л.с., налог;АКПП;4WD;81 288 км;левый;3 поколение;белый;;xDrive 30d AT M Sport;;
BMW;3-Series;2019;2699000;https://auto.drom.ru/spb/bmw/3-series/54067751.html;Характеристики совпадают с ПТС;1 запись о регистрации;Не числится в розыске;Ограничений не обнаружено;Санкт-Петербурге;дизель, 2.0 л;190 л.с., налог;автомат;4WD;173 000 км;левый;;черный;лифтбек;;;
BMW;X5;2019;6749000;https://auto.drom.ru/voronezh/bmw/x5/54067729.html;;;;;Воронеже;дизель, 3.0 л;265 л.с., налог;АКПП;4WD;63 198 км;левый;4 поколение;черный;;;;
BMW;7-Series;2019;10500000;https://auto.drom.ru/spb/bmw/7-series/53790408.html;Характеристики совпадают с ПТС;3 записи о регистрации;Не числится в розыске;Ограничений не обнаружено;Санкт-Петербурге;бензин, 4.4 л;530 л.с., налог;АКПП;4WD;48 371 км;левый;6 поколение, рестайлинг;коричневый;;;;
BMW;X2;2019;3019000;https://auto.drom.ru/spb/bmw/x2/53404257.html;Характеристики совпадают с ПТС;1 запись о регистрации;Не числится в розыске;Ограничений не обнаружено;Санкт-Петербурге;дизель, 2.0 л;190 л.с., налог;АКПП;4WD;89 717 км;левый;1 поколение;черный;;;;
BMW;3-Series;2019;2469000;https://auto.drom.ru/yoshkar-ola/bmw/3-series/52525039.html;Характеристики совпадают с ПТС;1 запись о регистрации;Не числится в розыске;Ограничений не обнаружено;Йошкар-Оле;дизель, 2.0 л;190 л.с., налог;АКПП;4WD;88 329 км;левый;;белый;универсал;;;
BMW;7-Series;2019;6900000;https://auto.drom.ru/moscow/bmw/7-series/51456088.html;Характеристики совпадают с ПТС;2 записи о регистрации;Не числится в розыске;Ограничений не обнаружено;Москве;бензин, 3.0 л;340 л.с., налог;АКПП;задний;105 000 км;правый;6 поколение, рестайлинг;белый;;740i M Sport;;
BMW;3-Series;2019;3949000;https://auto.drom.ru/voronezh/bmw/3-series/211525210.html;Характеристики совпадают с ПТС;2 записи о регистрации;Не числится в розыске;Ограничений не обнаружено;Воронеже;бензин, 2.0 л;184 л.с., налог;АКПП;задний;66 614 км;левый;;серый;седан;;;
BMW;X3;2019;4103013;https://auto.drom.ru/minsk/bmw/x3/337573087.html;;;;;Минске;дизель, 3.0 л;265 л.с., налог;автомат;4WD;131 829 км;левый;3 поколение;;;;;
BMW;X5;2019;7500000;https://auto.drom.ru/moscow/bmw/x5/227029316.html;Характеристики совпадают с ПТС;1 запись о регистрации;Не числится в розыске;Ограничений не обнаружено;Москве;дизель, 3.0 л;265 л.с., налог;АКПП;4WD;83 105 км;левый;4 поколение;черный;;;;
BMW;6-Series Gran Turismo;2019;3650000;https://auto.drom.ru/moscow/bmw/6-series_gran_turismo/409392603.html;Характеристики совпадают с ПТС;3 записи о регистрации;Не числится в розыске;Ограничений не обнаружено;Москве;дизель, 2.0 л;190 л.с., налог;АКПП;4WD;153 000 км;левый;1 поколение;черный;;620d AT xDrive Sport Line;;
BMW;5-Series;2019;5000000;https://auto.drom.ru/moscow/bmw/5-series/406757979.html;Характеристики совпадают с ПТС;2 записи о регистрации;Не числится в розыске;Ограничений не обнаружено;Москве;дизель, 3.0 л;249 л.с., налог;АКПП;4WD;56 500 км;левый;7 поколение;серый;седан;530d AT xDrive M Sport;;
BMW;X5;2019;6250000;https://auto.drom.ru/moscow/bmw/x5/729398649.html;;;;;Москве;дизель, 3.0 л;265 л.с., налог;АКПП;4WD;98 200 км;левый;4 поколение;серый;;xDrive30d AT M Sport;;
BMW;3-Series;2019;3410000;https://auto.drom.ru/moscow/bmw/3-series/746140474.html;Характеристики совпадают с ПТС;2 записи о регистрации;Не числится в розыске;Ограничений не обнаружено;Москве;дизель, 2.0 л;190 л.с., налог;АКПП;задний;93 000 км;левый;;синий;седан;;;
BMW;X3;2019;3649279;https://auto.drom.ru/minsk/bmw/x3/522595969.html;;;;;Минске;бензин, 2.0 л;249 л.с., налог;АКПП;4WD;79 192 км;левый;3 поколение;;;;;
BMW;X3;2019;3419085;https://auto.drom.ru/minsk/bmw/x3/591345134.html;;;;;Минске;бензин, 2.0 л;184 л.с., налог;АКПП;4WD;80 000 км;левый;3 поколение;черный;;;;
BMW;5-Series;2019;3070000;https://auto.drom.ru/moscow/bmw/5-series/200638914.html;Характеристики совпадают с ПТС;4 записи о регистрации;Не числится в розыске;Ограничений не обнаружено;Москве;2.0 л;;автомат;;193 500 км;левый;7 поколение;черный;седан;;;
BMW;X5;2019;7500000;https://auto.drom.ru/moscow/bmw/x5/748828816.html;Характеристики совпадают с ПТС;4 записи о регистрации;Не числится в розыске;Ограничений не обнаружено;Москве;дизель, 3.0 л;249 л.с., налог;АКПП;4WD;80 000 км;левый;4 поколение;серый;;xDrive 30d AT M Sport Plus;;
BMW;3-Series;2019;4060000;https://auto.drom.ru/saratov/bmw/3-series/53388611.html;Характеристики совпадают с ПТС;1 запись о регистрации;Не числится в розыске;Ограничений не обнаружено;Саратове;дизель, 2.0 л;190 л.с., налог;АКПП;задний;47 000 км;левый;7 поколение;синий;седан;320d AT Sport Line;;
BMW;3-Series;2019;3560000;https://auto.drom.ru/moscow/bmw/3-series/698012350.html;Характеристики совпадают с ПТС;2 записи о регистрации;Не числится в розыске;Ограничений не обнаружено;Москве;дизель, 2.0 л;190 л.с., налог;АКПП;4WD;125 900 км;левый;;синий;седан;;;
BMW;X1;2019;2270000;https://auto.drom.ru/moscow/bmw/x1/52058458.html;;;;;Москве;бензин, 1.5 л;136 л.с., налог;АКПП;передний;99 000 км;левый;2 поколение;белый;;sDrive 18i AT;;
BMW;X4;2019;4690000;https://auto.drom.ru/kazan/bmw/x4/53777956.html;;;;;Казани;бензин, 2.0 л;184 л.с., налог;АКПП;4WD;76 253 км, без пробега по РФ;левый;2 поколение;бордовый;;;;
BMW;X3;2019;5150000;https://auto.drom.ru/kazan/bmw/x3/53773575.html;;;;;Казани;дизель, 2.0 л;190 л.с., налог;АКПП;4WD;75 000 км;левый;3 поколение;черный;;;;
BMW;X1;2019;2142000;https://auto.drom.ru/pskov/bmw/x1/54065821.html;;;;;Пскове;дизель, 1.5 л;116 л.с., налог;робот;передний;66 000 км;левый;2 поколение, рестайлинг;серый;;;;
BMW;X3;2019;4690000;https://auto.drom.ru/moscow/bmw/x3/54066533.html;;;;;Москве;дизель, 2.0 л;190 л.с., налог;АКПП;4WD;45 996 км;левый;3 поколение;серый;;;;
BMW;3-Series;2019;2695000;https://auto.drom.ru/moscow/bmw/3-series/54065531.html;Характеристики совпадают с ПТС;1 запись о регистрации;Не числится в розыске;Ограничений не обнаружено;Москве;дизель, 2.0 л;190 л.с., налог;АКПП;4WD;105 719 км;левый;;черный;универсал;;;
BMW;5-Series;2019;3795000;https://auto.drom.ru/moscow/bmw/5-series/54057039.html;Характеристики совпадают с ПТС;2 записи о регистрации;Не числится в розыске;Ограничений не обнаружено;Москве;дизель, 3.0 л;249 л.с., налог;АКПП;4WD;193 554 км;левый;7 поколение;серый;седан;;;
BMW;3-Series;2019;3750000;https://auto.drom.ru/moscow/bmw/3-series/53778757.html;Характеристики совпадают с ПТС;1 запись о регистрации;Не числится в розыске;Ограничений не обнаружено;Москве;дизель, 2.0 л;150 л.с., налог;АКПП;задний;142 000 км;левый;7 поколение;серый;седан;318d AT Luxury;;
BMW;1-Series;2019;2299000;https://auto.drom.ru/togliatti/bmw/1-series/53773937.html;Характеристики совпадают с ПТС;1 запись о регистрации;Не числится в розыске;Ограничений не обнаружено;Тольятти;бензин, 1.5 л;140 л.с., налог;робот;передний;141 000 км;левый;3 поколение;белый;хэтчбек 5 дв.;118i SAT M Sport;;
BMW;X5;2019;7100000;https://auto.drom.ru/moscow/bmw/x5/53773928.html;;;;;Москве;дизель, 3.0 л;400 л.с., налог;АКПП;4WD;70 000 км;левый;4 поколение;синий;;xDrive M50d AT M Special;;
BMW;5-Series;2019;3680000;https://auto.drom.ru/volgograd/bmw/5-series/53772176.html;Характеристики совпадают с ПТС;1 запись о регистрации;Не числится в розыске;Ограничений не обнаружено;Волгограде;бензин, 2.0 л;249 л.с., налог;АКПП;4WD;132 000 км;левый;7 поколение;белый;седан;;;
BMW;X5;2019;7590000;https://auto.drom.ru/moscow/bmw/x5/53770626.html;Характеристики совпадают с ПТС;2 записи о регистрации;Не числится в розыске;Ограничений не обнаружено;Москве;бензин, 4.4 л;462 л.с., налог;АКПП;4WD;66 000 км;левый;4 поколение;черный;;xDrive 50i AT;;
BMW;X7;2019;9000000;https://auto.drom.ru/zvenigorod/bmw/x7/51669242.html;;;;;Звенигороде;дизель, 3.0 л;249 л.с., налог;АКПП;4WD;53 000 км;левый;1 поколение;белый;;xDrive30d AT Exclusive;;
BMW;X3;2019;4995000;https://auto.drom.ru/moscow/bmw/x3/409565200.html;Характеристики совпадают с ПТС;2 записи о регистрации;Не числится в розыске;Ограничений не обнаружено;Москве;дизель, 3.0 л;249 л.с., налог;АКПП;4WD;118 350 км;левый;3 поколение;черный;;;;
BMW;5-Series;2019;4850000;https://auto.drom.ru/kazan/bmw/5-series/890829972.html;Характеристики совпадают с ПТС;4 записи о регистрации;Не числится в розыске;Ограничений не обнаружено;Казани;дизель, 3.0 л;249 л.с., налог;автомат;4WD;82 533 км;;;синий;седан;;;
BMW;X5;2019;6790000;https://auto.drom.ru/kazan/bmw/x5/888944139.html;Характеристики совпадают с ПТС;4 записи о регистрации;Не числится в розыске;Ограничений не обнаружено;Казани;бензин, 3.0 л;340 л.с., налог;АКПП;4WD;107 284 км;левый;4 поколение;черный;;;;
BMW;5-Series;2019;4400000;https://auto.drom.ru/moscow/bmw/5-series/222415466.html;;;;;Москве;дизель, 2.0 л;190 л.с., налог;АКПП;4WD;53 700 км, без пробега по РФ;левый;7 поколение;черный;седан;;;
BMW;4-Series;2019;2615209;https://auto.drom.ru/minsk/bmw/4-series/53767732.html;;;;;Минске;дизель, 2.0 л;190 л.с., налог;АКПП;задний;174 800 км;левый;1 поколение, рестайлинг;белый;купе;420d AT;;
BMW;X1;2019;2818700;https://auto.drom.ru/moscow/bmw/x1/414895520.html;Характеристики совпадают с ПТС;3 записи о регистрации;Не числится в розыске;Ограничений не обнаружено;Москве;бензин, 1.5 л;140 л.с., налог;робот;передний;46 788 км;левый;2 поколение;белый;;;;
BMW;X4;2019;3819000;https://auto.drom.ru/spb/bmw/x4/379726327.html;Характеристики совпадают с ПТС;3 записи о регистрации;Не числится в розыске;Ограничений не обнаружено;Санкт-Петербурге;дизель, 2.0 л;190 л.с., налог;АКПП;4WD;143 691 км;левый;2 поколение;черный;;;;
BMW;2-Series Gran Tourer;2019;2350000;https://auto.drom.ru/moscow/bmw/2-series_gran_tourer/347771840.html;Характеристики совпадают с ПТС;2 записи о регистрации;Не числится в розыске;Ограничений не обнаружено;Москве;дизель, 2.0 л;150 л.с., налог;АКПП;4WD;90 000 км;левый;1 поколение, рестайлинг;черный;;218d AT xDrive;;
BMW;8-Series;2019;7499000;https://auto.drom.ru/spb/bmw/8-series/499590442.html;Характеристики совпадают с ПТС;2 записи о регистрации;Не числится в розыске;Ограничений не обнаружено;Санкт-Петербурге;дизель, 3.0 л;320 л.с., налог;АКПП;4WD;61 000 км;левый;2 поколение;синий;купе;840d AT xDrive Base;;
BMW;X6;2019;4790000;https://auto.drom.ru/minsk/bmw/x6/126761271.html;;;;;Минске;дизель, 3.0 л;258 л.с., налог;АКПП;4WD;116 000 км, без пробега по РФ;левый;2 поколение;белый;;xDrive30d AT;;
BMW;X3;2019;3050000;https://auto.drom.ru/balashiha/bmw/x3/52947076.html;Характеристики совпадают с ПТС;1 запись о регистрации;Не числится в розыске;Ограничений не обнаружено;Балашихе;дизель, 2.0 л;150 л.с., налог;автомат;задний;120 000 км;левый;3 поколение;черный;;;;
BMW;5-Series;2019;5997000;https://auto.drom.ru/moscow/bmw/5-series/54047273.html;Характеристики совпадают с ПТС;1 запись о регистрации;Не числится в розыске;Ограничений не обнаружено;Москве;бензин, 2.0 л;249 л.с., налог;АКПП;4WD;8 820 км;левый;7 поколение;серый;седан;;;
BMW;X3;2019;4830000;https://auto.drom.ru/moscow/bmw/x3/53768586.html;;;;;Москве;дизель, 2.0 л;190 л.с., налог;АКПП;4WD;66 395 км;левый;3 поколение;черный;;;;
BMW;6-Series Gran Turismo;2019;5049000;https://auto.drom.ru/spb/bmw/6-series_gran_turismo/914610699.html;Характеристики совпадают с ПТС;1 запись о регистрации;Не числится в розыске;Ограничений не обнаружено;Санкт-Петербурге;дизель, 3.0 л;265 л.с., налог;автомат;4WD;105 688 км;левый;;белый;;;;
BMW;X3;2019;3950000;https://auto.drom.ru/kaluga/bmw/x3/53225463.html;;;;;Калуге;дизель, 2.0 л;190 л.с., налог;АКПП;4WD;47 000 км, без пробега по РФ;левый;3 поколение;белый;;xDrive 20d AT xLine;;
BMW;X3;2019;4540000;https://auto.drom.ru/kirov/bmw/x3/52923486.html;;;;;Кирове;дизель, 2.0 л;190 л.с., налог;АКПП;4WD;45 500 км;левый;3 поколение;белый;;xDrive 20d AT xLine;;
BMW;X7;2019;9250000;https://auto.drom.ru/moscow/bmw/x7/50454979.html;Цвет не совпадает с ПТС;2 записи о регистрации;Не числится в розыске;Ограничений не обнаружено;Москве;дизель, 3.0 л;400 л.с., налог;АКПП;4WD;72 719 км;левый;1 поколение;синий;;;;
BMW;7-Series;2019;5800000;https://auto.drom.ru/himki/bmw/7-series/635312318.html;Характеристики совпадают с ПТС;1 запись о регистрации;Не числится в розыске;Ограничений не обнаружено;Химках;дизель, 3.0 л;249 л.с., налог;АКПП;4WD;112 000 км;левый;6 поколение, рестайлинг;черный;;;;
BMW;X5;2019;6468622;https://auto.drom.ru/minsk/bmw/x5/363338933.html;;;;;Минске;дизель, 3.0 л;400 л.с., налог;АКПП;4WD;156 000 км;левый;4 поколение;черный;;xDrive M50d AT M Special;;
BMW;3-Series;2019;3800000;https://auto.drom.ru/moscow/bmw/3-series/452765359.html;Характеристики совпадают с ПТС;3 записи о регистрации;Не числится в розыске;Ограничений не обнаружено;Москве;дизель, 2.0 л;190 л.с., налог;АКПП;задний;62 000 км;левый;7 поколение;синий;седан;320d AT M Sport;;
BMW;X3;2019;4450000;https://auto.drom.ru/moscow/bmw/x3/649184998.html;;;;;Москве;дизель, 2.0 л;190 л.с., налог;АКПП;4WD;66 000 км, без пробега по РФ;левый;3 поколение;серебристый;;xDrive 20d AT M Sport;;
BMW;X2;2019;3630000;https://auto.drom.ru/moscow/bmw/x2/635582560.html;Характеристики совпадают с ПТС;1 запись о регистрации;Не числится в розыске;Ограничений не обнаружено;Москве;бензин, 2.0 л;192 л.с., налог;автомат;4WD;29 658 км;левый;1 поколение;синий;;;;
BMW;X7;2019;8900000;https://auto.drom.ru/moscow/bmw/x7/145631237.html;Характеристики совпадают с ПТС;2 записи о регистрации;Не числится в розыске;Ограничений не обнаружено;Москве;дизель, 3.0 л;249 л.с., налог;АКПП;4WD;66 838 км;левый;1 поколение;черный;;;;
BMW;X3;2019;4550000;https://auto.drom.ru/tver/bmw/x3/827207542.html;Характеристики совпадают с ПТС;2 записи о регистрации;Не числится в розыске;Ограничений не обнаружено;Твери;дизель, 2.0 л;190 л.с., налог;АКПП;4WD;77 245 км;левый;3 поколение;серый;;;;
BMW;5-Series;2019;2969000;https://auto.drom.ru/tula/bmw/5-series/182863352.html;Характеристики совпадают с ПТС;2 записи о регистрации;Не числится в розыске;Ограничений не обнаружено;Туле;бензин, 2.0 л;184 л.с., налог;АКПП;задний;128 686 км;левый;7 поколение;синий;седан;;;
BMW;X7;2019;8312298;https://auto.drom.ru/minsk/bmw/x7/54041277.html;;;;;Минске;дизель, 3.0 л;400 л.с., налог;АКПП;4WD;98 000 км;левый;1 поколение;синий;;;;
BMW;5-Series;2019;3985000;https://auto.drom.ru/moscow/bmw/5-series/129738467.html;;;;;Москве;бензин, 2.0 л;252 л.с., налог;АКПП;задний;68 000 км, без пробега по РФ;левый;7 поколение;белый;седан;530i AT;;
BMW;7-Series;2019;10236925;https://auto.drom.ru/minsk/bmw/7-series/54039986.html;;;;;Минске;бензин, 6.6 л;585 л.с., налог;АКПП;4WD;33 500 км;левый;6 поколение, рестайлинг;белый;;M760Li AT xDrive Base;;
BMW;X6;2019;6000000;https://auto.drom.ru/moscow/bmw/x6/553024366.html;Характеристики совпадают с ПТС;2 записи о регистрации;Не числится в розыске;Ограничений не обнаружено;Москве;дизель, 3.0 л;313 л.с., налог;АКПП;4WD;83 000 км;левый;2 поколение;серый;;xDrive 40d AT M Sport;;
BMW;X1;2019;3749000;https://auto.drom.ru/nizhniy-novgorod/bmw/x1/743545919.html;;;;;Нижнем Новгороде;;;;;87 044 км, без пробега по РФ;левый;2 поколение;синий;;;;
BMW;X5;2019;5899000;https://auto.drom.ru/moscow/bmw/x5/498130246.html;Характеристики совпадают с ПТС;2 записи о регистрации;Не числится в розыске;Ограничений не обнаружено;Москве;бензин, 3.0 л;340 л.с., налог;АКПП;4WD;169 513 км;левый;4 поколение;серый;;;;
BMW;X4;2019;5239000;https://auto.drom.ru/spb/bmw/x4/413962160.html;Характеристики совпадают с ПТС;2 записи о регистрации;Не числится в розыске;Ограничений не обнаружено;Санкт-Петербурге;бензин, 2.0 л;252 л.с., налог;автомат;4WD;50 558 км;левый;;черный;;;;
BMW;5-Series;2019;4624000;https://auto.drom.ru/moscow/bmw/5-series/605000832.html;Характеристики совпадают с ПТС;1 запись о регистрации;Не числится в розыске;Ограничений не обнаружено;Москве;дизель, 3.0 л;249 л.с., налог;АКПП;4WD;140 844 км;левый;7 поколение;серый;седан;;;
BMW;X6;2019;6350000;https://auto.drom.ru/moscow/bmw/x6/938824512.html;Характеристики совпадают с ПТС;1 запись о регистрации;Не числится в розыске;Ограничений не обнаружено;Москве;дизель, 3.0 л;313 л.с., налог;АКПП;4WD;71 666 км;левый;2 поколение;белый;;;;
BMW;3-Series;2019;3950000;https://auto.drom.ru/moscow/bmw/3-series/53511363.html;;;;;Москве;бензин, 2.0 л;258 л.с., налог;АКПП;4WD;72 000 км, без пробега по РФ;левый;7 поколение;белый;седан;330i AT xDrive M Sport;;
BMW;3-Series;2019;3390000;https://auto.drom.ru/moscow/bmw/3-series/53677388.html;;;;;Москве;бензин, 2.0 л;258 л.с., налог;АКПП;4WD;41 658 км;левый;7 поколение;белый;седан;;;
BMW;5-Series;2019;4950000;https://auto.drom.ru/moscow/bmw/5-series/151913592.html;Характеристики совпадают с ПТС;1 запись о регистрации;Не числится в розыске;Ограничений не обнаружено;Москве;дизель, 3.0 л;249 л.с., налог;АКПП;4WD;89 441 км;левый;7 поколение;белый;седан;;;
BMW;X4;2019;5200000;https://auto.drom.ru/himki/bmw/x4/666478955.html;Характеристики совпадают с ПТС;3 записи о регистрации;Не числится в розыске;Ограничений не обнаружено;Химках;дизель, 3.0 л;249 л.с., налог;АКПП;4WD;43 465 км;левый;2 поколение;черный;;;;
BMW;3-Series;2019;2520000;https://auto.drom.ru/moscow/bmw/3-series/54034881.html;Характеристики совпадают с ПТС;2 записи о регистрации;Не числится в розыске;Ограничений не обнаружено;Москве;дизель, 2.0 л;190 л.с., налог;АКПП;4WD;156 931 км;левый;;белый;универсал;;;
BMW;3-Series Gran Turismo;2019;3700000;https://auto.drom.ru/saransk/bmw/3-series_gran_turismo/53757345.html;Характеристики совпадают с ПТС;3 записи о регистрации;Не числится в розыске;Ограничений не обнаружено;Саранске;дизель, 2.0 л;184 л.с., налог;АКПП;4WD;90 000 км;левый;6 поколение, рестайлинг;черный;;320d AT xDrive Base;;
BMW;5-Series;2019;4450000;https://auto.drom.ru/moscow/bmw/5-series/53757070.html;Характеристики совпадают с ПТС;1 запись о регистрации;Не числится в розыске;Ограничений не обнаружено;Москве;бензин, 2.0 л;249 л.с., налог;АКПП;4WD;92 000 км;левый;7 поколение;белый;седан;530i AT xDrive M Sport;;
BMW;3-Series;2019;2850000;https://auto.drom.ru/pskov/bmw/3-series/53754812.html;;;;;Пскове;дизель, 2.0 л;190 л.с., налог;АКПП;4WD;189 000 км;левый;7 поколение;белый;универсал;;;
BMW;5-Series;2019;5395000;https://auto.drom.ru/moscow/bmw/5-series/53753416.html;Цвет не совпадает с ПТС;2 записи о регистрации;Не числится в розыске;Ограничений не обнаружено;Москве;дизель, 3.0 л;400 л.с., налог;АКПП;4WD;66 873 км;левый;7 поколение;черный;седан;;;
BMW;5-Series;2019;4000000;https://auto.drom.ru/moscow/bmw/5-series/53750646.html;Характеристики совпадают с ПТС;1 запись о регистрации;Не числится в розыске;Ограничений не обнаружено;Москве;дизель, 2.0 л;190 л.с., налог;АКПП;задний;64 500 км;левый;7 поколение;черный;седан;;;
BMW;X1;2019;2245000;https://auto.drom.ru/moscow/bmw/x1/53748704.html;Характеристики совпадают с ПТС;1 запись о регистрации;Не числится в розыске;Ограничений не обнаружено;Москве;бензин, 1.5 л;140 л.с., налог;робот;передний;95 582 км;левый;2 поколение;белый;;;;
BMW;X3;2019;5000000;https://auto.drom.ru/smolensk/bmw/x3/53120992.html;Характеристики совпадают с ПТС;1 запись о регистрации;Не числится в розыске;Ограничений не обнаружено;Смоленске;бензин, 3.0 л;360 л.с., налог;АКПП;4WD;124 000 км;левый;3 поколение;серый;;xDrive M40i AT Base;;
BMW;X6;2019;4830000;https://auto.drom.ru/spb/bmw/x6/52924525.html;Характеристики совпадают с ПТС;2 записи о регистрации;Не числится в розыске;Ограничений не обнаружено;Санкт-Петербурге;дизель, 3.0 л;249 л.с., налог;АКПП;4WD;55 000 км;левый;;белый;;;;
BMW;X1;2019;2500000;https://auto.drom.ru/moscow/bmw/x1/52923700.html;Характеристики совпадают с ПТС;1 запись о регистрации;Не числится в розыске;Ограничений не обнаружено;Москве;дизель, 1.6 л;116 л.с., налог;автомат;передний;158 000 км;левый;2 поколение, рестайлинг;черный;;;;
BMW;5-Series;2019;3600000;https://auto.drom.ru/moscow/bmw/5-series/52923048.html;;;;;Москве;дизель, 3.0 л;265 л.с., налог;АКПП;задний;120 000 км;левый;7 поколение;серый;универсал;530d AT;;
BMW;X5;2019;7499000;https://auto.drom.ru/moscow/bmw/x5/806639687.html;;;;;Москве;дизель, 3.0 л;265 л.с., налог;АКПП;4WD;67 900 км;левый;4 поколение;синий;;xDrive30d AT M Sport;;
BMW;5-Series;2019;4200000;https://auto.drom.ru/moscow/bmw/5-series/565145452.html;;;;;Москве;дизель, 3.0 л;265 л.с., налог;АКПП;4WD;131 000 км;левый;7 поколение;черный;универсал;530d AT xDrive;;
BMW;3-Series;2019;3550000;https://auto.drom.ru/minsk/bmw/3-series/52916222.html;;;;;Минске;бензин, 2.0 л;258 л.с., налог;АКПП;задний;64 000 км;левый;7 поколение;синий;седан;330i AT M Sport;;
BMW;X6;2019;4810000;https://auto.drom.ru/spb/bmw/x6/204599617.html;Характеристики совпадают с ПТС;3 записи о регистрации;Не числится в розыске;Ограничений не обнаружено;Санкт-Петербурге;дизель, 3.0 л;313 л.с., налог;АКПП;4WD;176 000 км;левый;2 поколение;черный;;;;
BMW;3-Series;2019;3690000;https://auto.drom.ru/moscow/bmw/3-series/54139658.html;Характеристики совпадают с ПТС;1 запись о регистрации;Не числится в розыске;Ограничений не обнаружено;Москве;дизель, 2.0 л;190 л.с., налог;АКПП;4WD;123 120 км;левый;7 поколение;черный;седан;320d AT xDrive Luxury;;
BMW;X3;2019;4500000;https://auto.drom.ru/yaroslavl/bmw/x3/52908577.html;;;;;Ярославле;дизель, 2.0 л;231 л.с., налог;автомат;4WD;90 000 км;левый;3 поколение;серебристый;;;;
BMW;X5;2019;6749000;https://auto.drom.ru/voronezh/bmw/x5/722345882.html;;;;;Воронеже;дизель, 3.0 л;265 л.с., налог;АКПП;4WD;101 551 км;левый;4 поколение;черный;;;;
BMW;X7;2019;7900000;https://auto.drom.ru/spb/bmw/x7/646831103.html;Характеристики совпадают с ПТС;2 записи о регистрации;Не числится в розыске;Ограничений не обнаружено;Санкт-Петербурге;дизель, 3.0 л;249 л.с., налог;АКПП;4WD;145 605 км;левый;1 поколение;серый;;;;
BMW;5-Series;2019;3749000;https://auto.drom.ru/moscow/bmw/5-series/373349574.html;Мощность двигателя не совпадает с ПТС;1 запись о регистрации;Не числится в розыске;Ограничений не обнаружено;Москве;дизель, 2.0 л;190 л.с., налог;АКПП;задний;93 052 км;левый;7 поколение;коричневый;седан;;;
BMW;X5;2019;4600000;https://auto.drom.ru/minsk/bmw/x5/54032461.html;;;;;Минске;бензин, 3.0 л;340 л.с., налог;АКПП;4WD;170 000 км;левый;4 поколение;золотистый;;xDrive40i AT;;
BMW;X1;2019;2869000;https://auto.drom.ru/spb/bmw/x1/54027687.html;Характеристики совпадают с ПТС;3 записи о регистрации;Не числится в розыске;Ограничений не обнаружено;Санкт-Петербурге;дизель, 2.0 л;150 л.с., налог;АКПП;4WD;60 000 км;левый;2 поколение;черный;;;;
BMW;X7;2019;7890000;https://auto.drom.ru/moscow/bmw/x7/52910781.html;Характеристики совпадают с ПТС;1 запись о регистрации;Не числится в розыске;Ограничений не обнаружено;Москве;дизель, 3.0 л;249 л.с., налог;АКПП;4WD;130 145 км;левый;1 поколение;черный;;xDrive30d AT M Sport Pro;;
BMW;X5;2019;6150000;https://auto.drom.ru/moscow/bmw/x5/54018771.html;;;;;Москве;дизель, 3.0 л;265 л.с., налог;АКПП;4WD;74 000 км, без пробега по РФ;левый;4 поколение;черный;;;;
BMW;5-Series;2019;4839000;https://auto.drom.ru/moscow/bmw/5-series/431214827.html;Характеристики совпадают с ПТС;1 запись о регистрации;Не числится в розыске;Ограничений не обнаружено;Москве;дизель, 3.0 л;249 л.с., налог;АКПП;4WD;98 566 км;левый;7 поколение;черный;седан;;;
BMW;5-Series;2019;3072639;https://auto.drom.ru/minsk/bmw/5-series/52883151.html;;;;;Минске;дизель, 2.0 л;190 л.с., налог;АКПП;задний;207 000 км;левый;7 поколение;белый;седан;520d AT Executive;;
BMW;7-Series;2019;6350000;https://auto.drom.ru/minsk/bmw/7-series/51585586.html;;;;;Минске;бензин, 3.0 л;340 л.с., налог;автомат;задний;33 000 км;левый;6 поколение, рестайлинг;черный;;;;
BMW;3-Series;2019;3500000;https://auto.drom.ru/zhukovskiy/bmw/3-series/583189753.html;;;;;Жуковском;дизель, 2.0 л;190 л.с., налог;АКПП;4WD;107 000 км, без пробега по РФ;левый;7 поколение;белый;седан;;;
BMW;X4;2019;3696316;https://auto.drom.ru/minsk/bmw/x4/52892482.html;;;;;Минске;бензин, 3.0 л;360 л.с., налог;АКПП;4WD;70 000 км;левый;2 поколение;красный;;xDrive M40i AT Base;;
BMW;X5;2019;6409999;https://auto.drom.ru/ulyanovsk/bmw/x5/52791102.html;;;;;Ульяновске;дизель, 3.0 л;265 л.с., налог;АКПП;4WD;88 000 км;левый;4 поколение;черный;;xDrive30d AT xLine;;
BMW;5-Series;2019;4300000;https://auto.drom.ru/stariy-oskol/bmw/5-series/349500131.html;;;;;Старом Осколе;дизель, 3.0 л;265 л.с., налог;АКПП;4WD;74 350 км;левый;7 поколение;серый;седан;530d AT xDrive;;
BMW;3-Series;2019;3907750;https://auto.drom.ru/spb/bmw/3-series/317677741.html;Характеристики совпадают с ПТС;1 запись о регистрации;Не числится в розыске;Ограничений не обнаружено;Санкт-Петербурге;бензин, 2.0 л;258 л.с., налог;АКПП;задний;92 343 км;левый;7 поколение;черный;седан;;;
BMW;X4;2019;4500000;https://auto.drom.ru/engels/bmw/x4/54021945.html;Характеристики совпадают с ПТС;2 записи о регистрации;Не числится в розыске;Ограничений не обнаружено;Энгельсе;дизель, 2.0 л;190 л.с., налог;АКПП;4WD;99 000 км;левый;2 поколение;серый;;;;
BMW;3-Series;2019;3715000;https://auto.drom.ru/moscow/bmw/3-series/53738990.html;Характеристики совпадают с ПТС;3 записи о регистрации;Не числится в розыске;Ограничений не обнаружено;Москве;дизель, 2.0 л;190 л.с., налог;АКПП;задний;56 686 км;левый;;синий;седан;;;
BMW;3-Series;2019;3500000;https://auto.drom.ru/spb/bmw/3-series/53736613.html;;;;;Санкт-Петербурге;дизель, 2.0 л;150 л.с., налог;АКПП;задний;31 000 км;левый;;синий;седан;;;
BMW;X7;2019;9999999;https://auto.drom.ru/kazan/bmw/x7/53343048.html;Характеристики совпадают с ПТС;2 записи о регистрации;Не числится в розыске;Ограничений не обнаружено;Казани;дизель, 3.0 л;249 л.с., налог;АКПП;4WD;66 000 км;левый;1 поколение;черный;;xDrive30d AT M Sport Pro;;
BMW;8-Series;2019;8790000;https://auto.drom.ru/moscow/bmw/8-series/53336064.html;Характеристики совпадают с ПТС;1 запись о регистрации;Не числится в розыске;Ограничений не обнаружено;Москве;бензин, 4.4 л;530 л.с., налог;АКПП;4WD;36 490 км;левый;2 поколение;белый;купе;M850i AT xDrive Base;;
BMW;X1;2019;2700000;https://auto.drom.ru/moscow/bmw/x1/51595061.html;;;;;Москве;дизель, 2.0 л;150 л.с., налог;АКПП;передний;155 800 км, без пробега по РФ;левый;2 поколение, рестайлинг;белый;;sDrive18d AT;;
BMW;X6;2019;7497000;https://auto.drom.ru/saratov/bmw/x6/53720119.html;;;;;Саратове;дизель, 3.0 л;313 л.с., налог;АКПП;4WD;;левый;2 поколение;;;;;
BMW;5-Series;2019;3809000;https://auto.drom.ru/moscow/bmw/5-series/839451798.html;Характеристики совпадают с ПТС;5 записей о регистрации;Не числится в розыске;Ограничений не обнаружено;Москве;бензин, 2.0 л;249 л.с., налог;АКПП;4WD;90 000 км;левый;7 поколение;белый;седан;;;
BMW;X4;2019;5600000;https://auto.drom.ru/moscow/bmw/x4/879035183.html;;;;;Москве;дизель, 3.0 л;326 л.с., налог;АКПП;4WD;66 000 км;левый;2 поколение;белый;;xDrive M40d AT Base;;
BMW;X3;2019;3600000;https://auto.drom.ru/moscow/bmw/x3/409975287.html;Характеристики совпадают с ПТС;1 запись о регистрации;Не числится в розыске;Ограничений не обнаружено;Москве;бензин, 2.0 л;249 л.с., налог;АКПП;4WD;125 000 км;левый;3 поколение;синий;;xDrive 30i AT M Sport;;
BMW;3-Series;2019;4056808;https://auto.drom.ru/minsk/bmw/3-series/52434895.html;;;;;Минске;дизель, 2.0 л;190 л.с., налог;АКПП;задний;58 400 км;левый;7 поколение;серый;седан;;;
BMW;X3;2019;4500000;https://auto.drom.ru/yaroslavl/bmw/x3/53708776.html;;;;;Ярославле;дизель, 2.0 л;190 л.с., налог;АКПП;4WD;112 000 км, без пробега по РФ;левый;3 поколение;синий;;xDrive 20d AT xLine;;
BMW;X4;2019;6150000;https://auto.drom.ru/moscow/bmw/x4/53714550.html;Характеристики совпадают с ПТС;1 запись о регистрации;Не числится в розыске;Ограничений не обнаружено;Москве;дизель, 3.0 л;249 л.с., налог;АКПП;4WD;19 500 км;левый;2 поколение;красный;;;;
BMW;X3;2019;4640000;https://auto.drom.ru/moscow/bmw/x3/53243855.html;Характеристики совпадают с ПТС;2 записи о регистрации;Не числится в розыске;Ограничений не обнаружено;Москве;дизель, 3.0 л;249 л.с., налог;АКПП;4WD;42 600 км;левый;3 поколение;черный;;;;
BMW;X4;2019;4100000;https://auto.drom.ru/moscow/bmw/x4/53729916.html;Характеристики совпадают с ПТС;2 записи о регистрации;Не числится в розыске;Ограничений не обнаружено;Москве;бензин, 2.0 л;184 л.с., налог;АКПП;4WD;88 991 км;левый;2 поколение;серый;;xDrive 20i AT Base;;
BMW;X3;2019;3890000;https://auto.drom.ru/kazan/bmw/x3/53728079.html;Характеристики совпадают с ПТС;3 записи о регистрации;Не числится в розыске;Ограничений не обнаружено;Казани;дизель, 2.0 л;190 л.с., налог;АКПП;4WD;81 003 км;левый;3 поколение;черный;;;;
BMW;i3;2019;2800000;https://auto.drom.ru/moscow/bmw/i3/53721058.html;;;;;Москве;электро;184 л.с., налог;АКПП;задний;37 000 км;левый;1 поколение, рестайлинг;коричневый;хэтчбек 5 дв.;i3s 120 Ah;;
BMW;X5;2019;7199999;https://auto.drom.ru/spb/bmw/x5/53317409.html;Характеристики совпадают с ПТС;1 запись о регистрации;Не числится в розыске;Ограничений не обнаружено;Санкт-Петербурге;дизель, 3.0 л;400 л.с., налог;АКПП;4WD;75 000 км;левый;4 поколение;белый;;xDrive M50d AT M Special;;
BMW;5-Series;2019;6100000;https://auto.drom.ru/moscow/bmw/5-series/49088366.html;Характеристики совпадают с ПТС;1 запись о регистрации;Не числится в розыске;Ограничений не обнаружено;Москве;бензин, 3.0 л;340 л.с., налог;АКПП;4WD;28 000 км;левый;7 поколение;белый;седан;;;
BMW;5-Series;2019;4599000;https://auto.drom.ru/moscow/bmw/5-series/888618074.html;Характеристики совпадают с ПТС;3 записи о регистрации;Не числится в розыске;Ограничений не обнаружено;Москве;дизель, 3.0 л;249 л.с., налог;АКПП;4WD;99 050 км;левый;7 поколение;белый;седан;;;
BMW;X3;2019;3977000;https://auto.drom.ru/moscow/bmw/x3/53299074.html;Характеристики совпадают с ПТС;2 записи о регистрации;Не числится в розыске;Ограничений не обнаружено;Москве;бензин, 2.0 л;184 л.с., налог;АКПП;4WD;60 672 км;левый;3 поколение;черный;;xDrive 20i AT Luxury;;
BMW;6-Series Gran Turismo;2019;5690000;https://auto.drom.ru/spb/bmw/6-series_gran_turismo/928339170.html;Характеристики совпадают с ПТС;1 запись о регистрации;Не числится в розыске;Ограничений не обнаружено;Санкт-Петербурге;дизель, 3.0 л;265 л.с., налог;автомат;4WD;59 383 км, без пробега по РФ;левый;;серый;;;;
BMW;X7;2019;10440000;https://auto.drom.ru/kazan/bmw/x7/929347126.html;Характеристики совпадают с ПТС;3 записи о регистрации;Не числится в розыске;Ограничений не обнаружено;Казани;дизель, 3.0 л;400 л.с., налог;АКПП;4WD;53 914 км;левый;1 поколение;белый;;;;
BMW;X7;2019;7390000;https://auto.drom.ru/moscow/bmw/x7/53708685.html;;;;;Москве;бензин, 3.0 л;340 л.с., налог;АКПП;4WD;95 000 км;левый;1 поколение;черный;;xDrive40i AT M Sport Pure;;
BMW;X3;2019;4099000;https://auto.drom.ru/spb/bmw/x3/853199799.html;Характеристики совпадают с ПТС;1 запись о регистрации;Не числится в розыске;Ограничений не обнаружено;Санкт-Петербурге;дизель, 2.0 л;190 л.с., налог;АКПП;4WD;108 656 км;левый;3 поколение;белый;;xDrive 20d AT M Sport;;
BMW;X5;2019;6300000;https://auto.drom.ru/moscow/bmw/x5/53302028.html;;;;;Москве;бензин, 3.0 л;340 л.с., налог;АКПП;4WD;45 000 км;левый;4 поколение;черный;;;;
BMW;3-Series;2019;5490000;https://auto.drom.ru/moscow/bmw/3-series/580638720.html;Характеристики совпадают с ПТС;2 записи о регистрации;Не числится в розыске;Ограничений не обнаружено;Москве;бензин, 3.0 л;387 л.с., налог;автомат;задний;57 285 км;левый;;черный;седан;;;
BMW;X3;2019;4450000;https://auto.drom.ru/moscow/bmw/x3/54001958.html;;;;;Москве;бензин, 2.0 л;184 л.с., налог;АКПП;4WD;59 200 км;левый;3 поколение;черный;;xDrive 20i AT M Sport;;
BMW;X2;2019;3249000;https://auto.drom.ru/tula/bmw/x2/53702647.html;Характеристики совпадают с ПТС;3 записи о регистрации;Не числится в розыске;Ограничений не обнаружено;Туле;дизель, 2.0 л;150 л.с., налог;АКПП;4WD;49 200 км;левый;1 поколение;синий;;;;
BMW;Z4;2019;5300000;https://auto.drom.ru/spb/bmw/z4/51989931.html;;;;;Санкт-Петербурге;бензин, 2.0 л;197 л.с., налог;автомат;задний;31 500 км;левый;;красный;купе;;;
BMW;X3;2019;4350000;https://auto.drom.ru/moscow/bmw/x3/667153607.html;Характеристики совпадают с ПТС;2 записи о регистрации;Не числится в розыске;Ограничений не обнаружено;Москве;бензин, 2.0 л;184 л.с., налог;АКПП;4WD;95 967 км;левый;3 поколение;белый;;;;
BMW;X6;2019;4699000;https://auto.drom.ru/spb/bmw/x6/765636373.html;Характеристики совпадают с ПТС;1 запись о регистрации;Не числится в розыске;Ограничений не обнаружено;Санкт-Петербурге;дизель, 3.0 л;249 л.с., налог;АКПП;4WD;113 720 км;левый;;белый;;;;
BMW;X3;2019;6980000;https://auto.drom.ru/moscow/bmw/x3/205113530.html;;;;;Москве;дизель, 3.0 л;326 л.с., налог;АКПП;4WD;69 970 км, без пробега по РФ;левый;3 поколение;синий;;xDrive M40d AT Base;;
BMW;X5;2019;6561032;https://auto.drom.ru/minsk/bmw/x5/102066451.html;;;;;Минске;бензин, 3.0 л;340 л.с., налог;АКПП;4WD;67 961 км;левый;4 поколение;белый;;;;
BMW;X5;2019;6640000;https://auto.drom.ru/moscow/bmw/x5/386828335.html;;;;;Москве;дизель, 3.0 л;265 л.с., налог;АКПП;4WD;69 100 км, без пробега по РФ;левый;4 поколение;коричневый;;;;
BMW;5-Series;2019;4390000;https://auto.drom.ru/elektrostal/bmw/5-series/53693957.html;;;;;Электростали;бензин, 2.0 л, гибрид;184 л.с., налог;АКПП;4WD;49 990 км;левый;7 поколение;серый;седан;530e AT xDrive iPerformance;;
BMW;3-Series;2019;2800000;https://auto.drom.ru/moscow/bmw/3-series/199294682.html;Характеристики совпадают с ПТС;2 записи о регистрации;Не числится в розыске;Ограничений не обнаружено;Москве;дизель, 2.0 л;190 л.с., налог;АКПП;4WD;99 300 км;левый;7 поколение;белый;седан;320d AT xDrive M Sport;;
BMW;X5;2019;5909632;https://auto.drom.ru/minsk/bmw/x5/52858787.html;;;;;Минске;бензин, 3.0 л;340 л.с., налог;АКПП;4WD;66 000 км;левый;4 поколение;черный;;xDrive40i AT M Sport;;
BMW;2-Series Gran Tourer;2019;1862000;https://auto.drom.ru/pskov/bmw/2-series_gran_tourer/105227921.html;;;;;Пскове;бензин, 1.5 л;109 л.с., налог;механика;передний;58 000 км, без пробега по РФ;левый;1 поколение, рестайлинг;черный;;216i MT;;
