Бренд;Модель;Год;Цена;URL;ПТС;Владельцы;Розыск;Ограничения;Город;Двигатель;Мощность;Коробка передач;Привод;Пробег;Руль;Поколение;Цвет;Тип кузова;Комплектация;Особые отметки;VIN;
Audi;A6;2000;420000;https://auto.drom.ru/moscow/audi/a6/52755922.html;Характеристики совпадают с ПТС;8 записей о регистрации;Не числится в розыске;Ограничений не обнаружено;Москве;бензин, 2.4 л;165 л.с., налог;АКПП;4WD;420 000 км;левый;2 поколение;фиолетовый;седан;2.4 quattro AT;;;
Audi;A4;2000;250000;https://auto.drom.ru/kashira/audi/a4/926391438.html;Характеристики совпадают с ПТС;5 записей о регистрации;Не числится в розыске;Ограничений не обнаружено;Кашире;бензин, 1.8 л;125 л.с., налог;механика;передний;363 000 км;левый;1 поколение, 2 рестайлинг;синий;седан;;;;
Audi;A6;2000;650000;https://auto.drom.ru/moscow/audi/a6/53438205.html;Год не совпадает с ПТС;;Не числится в розыске;Ограничений не обнаружено;Москве;дизель, 2.5 л;180 л.с., налог;АКПП;4WD;243 184 км;левый;2 поколение;серебристый;седан;;;;
Audi;A6 allroad quattro;2001;595000;https://auto.drom.ru/lesnoy-gorodok/audi/a6_allroad_quattro/416204835.html;Мощность двигателя не совпадает с ПТС;2 записи о регистрации;Не числится в розыске;Ограничений не обнаружено;Лесном Городке;бензин, 2.7 л;250 л.с., налог;механика;4WD;217 000 км;левый;1 поколение;серый;;2.7T MT quattro;;;
Audi;A6;2001;490000;https://auto.drom.ru/zheleznodorozhniy/audi/a6/369501612.html;Характеристики совпадают с ПТС;8 записей о регистрации;Не числится в розыске;Ограничений не обнаружено;Железнодорожном;бензин, 1.8 л;150 л.с., налог;механика;передний;310 000 км;левый;2 поколение;черный;седан;1.8T MT;;;
Audi;A4;2001;350000;https://auto.drom.ru/moscow/audi/a4/856522314.html;Характеристики совпадают с ПТС;6 записей о регистрации;Не числится в розыске;Ограничений не обнаружено;Москве;бензин, 2.0 л;130 л.с., налог;механика;передний;448 000 км;левый;2 поколение;серый;седан;;;;
Audi;A4;2001;400000;https://auto.drom.ru/kirov/audi/a4/52569094.html;Характеристики совпадают с ПТС;6 записей о регистрации;Не числится в розыске;Ограничений не обнаружено;Кирове;бензин, 2.0 л;130 л.с., налог;механика;передний;199 999 км;левый;2 поколение;черный;седан;;требуется ремонт или не на ходу;;
Audi;A6;2001;349000;https://auto.drom.ru/moscow/audi/a6/253636245.html;Мощность двигателя не совпадает с ПТС;6 записей о регистрации;Не числится в розыске;Ограничений не обнаружено;Москве;бензин, 2.7 л;230 л.с., налог;АКПП;4WD;415 579 км;левый;2 поколение;серебристый;седан;;;;
Audi;A6;2001;335000;https://auto.drom.ru/spb/audi/a6/53408601.html;Характеристики совпадают с ПТС;6 записей о регистрации;Не числится в розыске;Ограничений не обнаружено;Санкт-Петербурге;бензин, 1.8 л;150 л.с., налог;вариатор;передний;450 000 км;левый;2 поколение, рестайлинг;фиолетовый;седан;1.8T CVT;;;
Audi;A4;2001;540000;https://auto.drom.ru/moscow/audi/a4/52991578.html;Характеристики совпадают с ПТС;6 записей о регистрации;Не числится в розыске;Ограничений не обнаружено;Москве;бензин, 2.0 л;130 л.с., налог;вариатор;передний;271 820 км;левый;2 поколение;красный;седан;2.0 Multitronic;;;
Audi;A3;2001;375000;https://auto.drom.ru/ulyanovsk/audi/a3/54066407.html;Характеристики совпадают с ПТС;4 записи о регистрации;Не числится в розыске;Ограничений не обнаружено;Ульяновске;бензин, 1.6 л;101 л.с., налог;механика;передний;299 451 км;левый;;серебристый;хэтчбек 3 дв.;;;;
Audi;A3;2001;375000;https://auto.drom.ru/ulyanovsk/audi/a3/666777087.html;Характеристики совпадают с ПТС;4 записи о регистрации;Не числится в розыске;Ограничений не обнаружено;Ульяновске;бензин, 1.6 л;101 л.с., налог;механика;передний;299 451 км;левый;;серебристый;хэтчбек 3 дв.;;;;
Audi;A4;2001;490000;https://auto.drom.ru/spb/audi/a4/717834533.html;Характеристики совпадают с ПТС;4 записи о регистрации;Не числится в розыске;Ограничений не обнаружено;Санкт-Петербурге;бензин, 1.8 л;150 л.с., налог;механика;4WD;288 000 км;левый;2 поколение;серебристый;седан;1.8T MT quattro;;;
Audi;A6;2001;567000;https://auto.drom.ru/saratov/audi/a6/54030489.html;;;;;Саратове;бензин, 2.4 л;170 л.с., налог;механика;передний;307 000 км;левый;2 поколение, рестайлинг;;седан;;;;
Audi;A4;2001;430000;https://auto.drom.ru/pogar/audi/a4/53746940.html;Характеристики совпадают с ПТС;12 записей о регистрации;Не числится в розыске;Ограничений не обнаружено;Погаре;бензин, 2.0 л;130 л.с., налог;механика;передний;380 000 км;левый;2 поколение;;седан;;;;
Audi;TT;2001;850000;https://auto.drom.ru/donetsk/audi/tt/53336926.html;Характеристики совпадают с ПТС;10 записей о регистрации;Не числится в розыске;Ограничений не обнаружено;Донецке;бензин, 1.8 л;225 л.с., налог;механика;4WD;260 000 км;левый;1 поколение;серебристый;хэтчбек 3 дв.;;;;
Audi;A4;2001;500000;https://auto.drom.ru/dzerzhinskiy/audi/a4/173090192.html;Характеристики совпадают с ПТС;7 записей о регистрации;Не числится в розыске;Ограничений не обнаружено;Дзержинском;бензин, 1.8 л;150 л.с., налог;механика;4WD;250 000 км;левый;1 поколение, 2 рестайлинг;серый;седан;1.8T quattro MT;;;
Audi;A4;2001;680000;https://auto.drom.ru/stepnoe/audi/a4/522769754.html;Характеристики совпадают с ПТС;4 записи о регистрации;Не числится в розыске;Ограничений не обнаружено;Степном;бензин, 2.0 л;130 л.с., налог;вариатор;передний;293 476 км;левый;2 поколение;синий;седан;;;;
Audi;A4;2001;400000;https://auto.drom.ru/spb/audi/a4/612878567.html;Характеристики совпадают с ПТС;7 записей о регистрации;Не числится в розыске;Ограничений не обнаружено;Санкт-Петербурге;бензин, 2.0 л;130 л.с., налог;вариатор;передний;379 966 км;левый;2 поколение;серый;седан;2.0 Multitronic;;;
Audi;A6;2001;530000;https://auto.drom.ru/zelenodolsk/audi/a6/51941848.html;Цвет не совпадает с ПТС;6 записей о регистрации;Не числится в розыске;Ограничений не обнаружено;Зеленодольске;бензин, 2.7 л;250 л.с., налог;АКПП;4WD;400 000 км;левый;2 поколение;черный;седан;2.7T quattro AT;;;
Audi;A2;2001;350000;https://auto.drom.ru/vologda/audi/a2/211670831.html;Характеристики совпадают с ПТС;4 записи о регистрации;Не числится в розыске;Ограничений не обнаружено;Вологде;бензин, 1.4 л;74 л.с., налог;механика;передний;200 000 км;левый;1 поколение;синий;;;;;
Audi;A6;2001;820000;https://auto.drom.ru/velikie-luki/audi/a6/49055951.html;Мощность двигателя не совпадает с ПТС;2 записи о регистрации;Не числится в розыске;Ограничений не обнаружено;Великих Луках;бензин, 2.7 л;250 л.с., налог;АКПП;4WD;235 000 км;левый;2 поколение, рестайлинг;серый;седан;2.7T quattro AT;;;
Audi;A6;2001;380000;https://auto.drom.ru/bryansk/audi/a6/577153361.html;Характеристики совпадают с ПТС;6 записей о регистрации;Не числится в розыске;Ограничений не обнаружено;Брянске;бензин, 2.4 л;165 л.с., налог;АКПП;передний;;левый;2 поколение;серебристый;седан;;;;
Audi;A3;2001;250000;https://auto.drom.ru/moscow/audi/a3/51057737.html;Характеристики совпадают с ПТС;8 записей о регистрации;Не числится в розыске;Есть ограничения;Москве;бензин, 1.6 л;101 л.с., налог;механика;передний;200 000 км;левый;1 поколение, рестайлинг;серый;хэтчбек 5 дв.;1.6 MT;;;
Audi;A4;2001;620000;https://auto.drom.ru/pavlovskiy-posad/audi/a4/949947255.html;Характеристики совпадают с ПТС;4 записи о регистрации;Не числится в розыске;Ограничений не обнаружено;Павловском Посаде;бензин, 2.0 л;130 л.с., налог;вариатор;передний;225 000 км;левый;2 поколение;красный;седан;;;;
Audi;A4;2001;465000;https://auto.drom.ru/roslavl/audi/a4/53532445.html;Характеристики совпадают с ПТС;10 записей о регистрации;Не числится в розыске;Ограничений не обнаружено;Рославле;бензин, 2.0 л;130 л.с., налог;механика;передний;290 000 км;левый;2 поколение;синий;седан;;;;
Audi;A4;2001;399999;https://auto.drom.ru/liski/audi/a4/54154767.html;Характеристики совпадают с ПТС;;Не числится в розыске;Ограничений не обнаружено;Лисках;дизель, 1.9 л;100 л.с., налог;механика;передний;415 000 км;левый;2 поколение;синий;седан;1.9 TDI MT;требуется ремонт или не на ходу;;
Audi;A6;2002;550000;https://auto.drom.ru/ostrogozhsk/audi/a6/54134126.html;Характеристики совпадают с ПТС;7 записей о регистрации;Не числится в розыске;Ограничений не обнаружено;Острогожске;дизель, 2.5 л;163 л.с., налог;вариатор;передний;263 000 км;левый;2 поколение, рестайлинг;черный;универсал;2.5 TDI CVT;;;
Audi;A4;2002;550000;https://auto.drom.ru/panino/audi/a4/54145004.html;Характеристики совпадают с ПТС;6 записей о регистрации;Не числится в розыске;Ограничений не обнаружено;Панино;бензин, 1.8 л;170 л.с., налог;механика;передний;404 000 км;левый;2 поколение;синий;седан;1.8T MT;;;
Audi;A6;2002;670000;https://auto.drom.ru/spb/audi/a6/54129341.html;Объем двигателя, мощность двигателя не совпадают с ПТС;7 записей о регистрации;Не числится в розыске;Ограничений не обнаружено;Санкт-Петербурге;бензин, 2.7 л;250 л.с., налог;АКПП;4WD;20 000 км;левый;2 поколение, рестайлинг;черный;седан;2.7T quattro AT;;;
Audi;A4;2002;520000;https://auto.drom.ru/voronezh/audi/a4/590368024.html;Характеристики совпадают с ПТС;5 записей о регистрации;Не числится в розыске;Ограничений не обнаружено;Воронеже;бензин, 1.6 л;102 л.с., налог;механика;передний;460 000 км;левый;2 поколение;серебристый;седан;1.6 MT;;;
Audi;S6;2002;1140000;https://auto.drom.ru/moscow/audi/s6/52119287.html;Характеристики совпадают с ПТС;1 запись о регистрации;Не числится в розыске;Есть ограничения;Москве;бензин, 4.2 л;340 л.с., налог;АКПП;4WD;107 000 км;левый;2 поколение, рестайлинг;серебристый;седан;4.2 quattro tiptronic;;;
Audi;A6;2002;790000;https://auto.drom.ru/cheboksary/audi/a6/54062501.html;Год не совпадает с ПТС;7 записей о регистрации;Не числится в розыске;Ограничений не обнаружено;Чебоксарах;бензин, 3.0 л;220 л.с., налог;АКПП;4WD;247 000 км;левый;2 поколение, рестайлинг;серебристый;седан;3.0 quattro AT;;;
Audi;A6;2002;665000;https://auto.drom.ru/moscow/audi/a6/54043778.html;Характеристики совпадают с ПТС;1 запись о регистрации;Не числится в розыске;Есть ограничения;Москве;бензин, 2.4 л;170 л.с., налог;АКПП;4WD;235 522 км;левый;2 поколение, рестайлинг;серый;седан;;;;
Audi;A4;2002;455000;https://auto.drom.ru/nyandoma/audi/a4/54050201.html;Характеристики совпадают с ПТС;10 записей о регистрации;Не числится в розыске;Ограничений не обнаружено;Няндоме;бензин, 1.8 л;170 л.с., налог;вариатор;передний;320 000 км;левый;2 поколение;синий;седан;1.8T Multitronic;;;
Audi;TT;2002;700000;https://auto.drom.ru/moscow/audi/tt/936761780.html;Характеристики совпадают с ПТС;8 записей о регистрации;Не числится в розыске;Ограничений не обнаружено;Москве;бензин, 1.8 л;225 л.с., налог;механика;4WD;234 000 км;левый;1 поколение;серый;хэтчбек 3 дв.;;;;
Audi;A6;2002;555000;https://auto.drom.ru/ramenskoe/audi/a6/54032831.html;Характеристики совпадают с ПТС;12 записей о регистрации;Не числится в розыске;Ограничений не обнаружено;Раменском;бензин, 3.0 л;220 л.с., налог;АКПП;4WD;402 000 км;левый;2 поколение, рестайлинг;серый;седан;3.0 quattro AT;;;
Audi;A6;2002;330000;https://auto.drom.ru/ryazan/audi/a6/53743256.html;Мощность двигателя не совпадает с ПТС;5 записей о регистрации;Не числится в розыске;Ограничений не обнаружено;Рязани;бензин, 4.2 л;300 л.с., налог;АКПП;4WD;310 000 км;левый;2 поколение, рестайлинг;черный;седан;;требуется ремонт или не на ходу;;
Audi;A4;2002;480000;https://auto.drom.ru/kirov/audi/a4/773489287.html;Характеристики совпадают с ПТС;7 записей о регистрации;Не числится в розыске;Ограничений не обнаружено;Кирове;бензин, 2.0 л;130 л.с., налог;механика;передний;307 848 км;левый;2 поколение;черный;седан;2.0 MT;;;
Audi;A3;2002;350000;https://auto.drom.ru/povorino/audi/a3/53300384.html;Характеристики совпадают с ПТС;4 записи о регистрации;Не числится в розыске;Ограничений не обнаружено;Поворино;бензин, 1.6 л;102 л.с., налог;механика;передний;297 000 км;левый;1 поколение, рестайлинг;черный;хэтчбек 5 дв.;1.6 MT;требуется ремонт или не на ходу;;
Audi;A6;2002;674502;https://auto.drom.ru/minsk/audi/a6/188692142.html;Характеристики совпадают с ПТС;3 записи о регистрации;Не числится в розыске;Ограничений не обнаружено;Минске;дизель, 2.5 л;155 л.с., налог;вариатор;передний;354 071 км;левый;2 поколение, рестайлинг;синий;седан;;;;
Audi;A6;2002;400000;https://auto.drom.ru/bryansk/audi/a6/347586774.html;Характеристики совпадают с ПТС;9 записей о регистрации;Не числится в розыске;Ограничений не обнаружено;Брянске;бензин, 2.4 л;170 л.с., налог;АКПП;4WD;250 000 км;левый;2 поколение, рестайлинг;серебристый;седан;;;;
Audi;A4;2002;350000;https://auto.drom.ru/kardymovo/audi/a4/484341197.html;Характеристики совпадают с ПТС;10 записей о регистрации;Не числится в розыске;Ограничений не обнаружено;Кардымово;бензин, 1.8 л;150 л.с., налог;механика;передний;;левый;2 поколение;;седан;;;;
Audi;A4;2002;480000;https://auto.drom.ru/moscow/audi/a4/53469280.html;Характеристики совпадают с ПТС;6 записей о регистрации;Не числится в розыске;Ограничений не обнаружено;Москве;бензин, 1.8 л;170 л.с., налог;АКПП;передний;157 000 км;левый;2 поколение;черный;седан;1.8T Tiptronic;;;
Audi;A6;2002;619056;https://auto.drom.ru/minsk/audi/a6/53596113.html;;;;;Минске;бензин, 2.4 л;170 л.с., налог;вариатор;передний;408 091 км;левый;2 поколение, рестайлинг;серебристый;седан;;;;
Audi;A6 allroad quattro;2002;585000;https://auto.drom.ru/lesnoy-gorodok/audi/a6_allroad_quattro/129913478.html;Характеристики совпадают с ПТС;12 записей о регистрации;Не числится в розыске;Ограничений не обнаружено;Лесном Городке;бензин, 2.7 л;250 л.с., налог;АКПП;4WD;123 456 км;левый;1 поколение, рестайлинг;серый;;2.7T Tiptronic quattro;;;
Audi;A4;2002;400000;https://auto.drom.ru/ulyanovsk/audi/a4/389670652.html;Характеристики совпадают с ПТС;4 записи о регистрации;Не числится в розыске;Ограничений не обнаружено;Ульяновске;бензин, 1.8 л;150 л.с., налог;механика;передний;340 000 км;левый;2 поколение;черный;универсал;1.8T MT;;;
Audi;A4;2002;580000;https://auto.drom.ru/kostroma/audi/a4/898740084.html;Характеристики совпадают с ПТС;6 записей о регистрации;Не числится в розыске;Ограничений не обнаружено;Костроме;бензин, 1.8 л;170 л.с., налог;АКПП;4WD;270 000 км;левый;2 поколение;красный;седан;1.8T Tiptronic quattro;;;
Audi;A4;2002;500000;https://auto.drom.ru/velikiy-novgorod/audi/a4/53623109.html;Характеристики совпадают с ПТС;9 записей о регистрации;Не числится в розыске;Ограничений не обнаружено;Великом Новгороде;бензин, 2.0 л;130 л.с., налог;вариатор;передний;306 000 км;левый;2 поколение;серый;седан;;;;
Audi;A6;2002;460000;https://auto.drom.ru/moscow/audi/a6/843180534.html;Характеристики совпадают с ПТС;12 записей о регистрации;Не числится в розыске;Ограничений не обнаружено;Москве;бензин, 2.4 л;170 л.с., налог;вариатор;передний;426 000 км;левый;2 поколение, рестайлинг;черный;седан;2.4 CVT;;;
Audi;A3;2002;285000;https://auto.drom.ru/kaluga/audi/a3/724072740.html;Год не совпадает с ПТС;2 записи о регистрации;Не числится в розыске;Есть ограничения;Калуге;бензин, 1.8 л;125 л.с., налог;механика;передний;217 000 км;левый;1 поколение, рестайлинг;черный;хэтчбек 5 дв.;;документы с проблемами, запрет на регистрацию;;
Audi;A6;2002;544000;https://auto.drom.ru/moscow/audi/a6/663992297.html;Характеристики совпадают с ПТС;2 записи о регистрации;Не числится в розыске;Ограничений не обнаружено;Москве;бензин, 3.0 л;220 л.с., налог;вариатор;передний;315 410 км;левый;2 поколение, рестайлинг;серебристый;седан;;;;
Audi;A4;2002;489000;https://auto.drom.ru/tula/audi/a4/173615735.html;Год не совпадает с ПТС;3 записи о регистрации;Не числится в розыске;Ограничений не обнаружено;Туле;бензин, 1.8 л;163 л.с., налог;механика;4WD;340 000 км;левый;2 поколение;серый;седан;1.8T quattro MT;;;
Audi;A6;2002;680000;https://auto.drom.ru/nizhniy-novgorod/audi/a6/456567829.html;Характеристики совпадают с ПТС;9 записей о регистрации;Не числится в розыске;Ограничений не обнаружено;Нижнем Новгороде;бензин, 3.0 л;220 л.с., налог;АКПП;4WD;450 000 км;левый;2 поколение, рестайлинг;зеленый;седан;3.0 quattro AT;;;
Audi;A4;2002;420000;https://auto.drom.ru/spb/audi/a4/193590632.html;Характеристики совпадают с ПТС;6 записей о регистрации;Не числится в розыске;Ограничений не обнаружено;Санкт-Петербурге;бензин, 1.8 л;170 л.с., налог;вариатор;передний;330 000 км;левый;2 поколение;серебристый;седан;1.8T Multitronic;;;
Audi;A4;2002;450000;https://auto.drom.ru/kashin/audi/a4/53894277.html;Характеристики совпадают с ПТС;8 записей о регистрации;Не числится в розыске;Ограничений не обнаружено;Кашине;бензин, 1.8 л;163 л.с., налог;механика;передний;283 000 км;левый;2 поколение;бежевый;седан;1.8T MT;;;
Audi;A6 allroad quattro;2002;650000;https://auto.drom.ru/moscow/audi/a6_allroad_quattro/449640339.html;Характеристики совпадают с ПТС;7 записей о регистрации;Не числится в розыске;Ограничений не обнаружено;Москве;бензин, 2.7 л;250 л.с., налог;АКПП;4WD;290 000 км;левый;1 поколение, рестайлинг;;;2.7T Tiptronic quattro;;;
Audi;A4;2002;800000;https://auto.drom.ru/vladimir/audi/a4/458825780.html;Характеристики совпадают с ПТС;11 записей о регистрации;Не числится в розыске;Ограничений не обнаружено;Владимире;бензин, 1.8 л;170 л.с., налог;механика;4WD;320 000 км;левый;2 поколение;серый;седан;1.8T MT quattro;;;
Audi;A3;2002;380000;https://auto.drom.ru/staraya-kupavna/audi/a3/52189715.html;Характеристики совпадают с ПТС;7 записей о регистрации;Не числится в розыске;Ограничений не обнаружено;Старой Купавне;дизель, 1.9 л;130 л.с., налог;механика;передний;450 000 км;левый;1 поколение, рестайлинг;серебристый;хэтчбек 5 дв.;1.9 TDI MT;;;
Audi;A4;2002;800000;https://auto.drom.ru/vladimir/audi/a4/54151025.html;Характеристики совпадают с ПТС;;Не числится в розыске;Ограничений не обнаружено;Владимире;бензин, 1.8 л;170 л.с., налог;механика;передний;320 000 км;левый;2 поколение;серый;седан;1.8T MT;;;
Audi;A6;2002;598000;https://auto.drom.ru/moscow/audi/a6/53438123.html;Характеристики совпадают с ПТС;10 записей о регистрации;Не числится в розыске;Ограничений не обнаружено;Москве;бензин, 2.4 л;170 л.с., налог;АКПП;4WD;227 645 км;левый;2 поколение, рестайлинг;серебристый;седан;;;;
Audi;TT;2003;560000;https://auto.drom.ru/spb/audi/tt/699670240.html;Характеристики совпадают с ПТС;4 записи о регистрации;Не числится в розыске;Ограничений не обнаружено;Санкт-Петербурге;бензин, 1.8 л;180 л.с., налог;АКПП;передний;160 000 км;левый;1 поколение, рестайлинг;серый;хэтчбек 3 дв.;1.8T tiptronic;;;
Audi;A4;2003;550000;https://auto.drom.ru/bryansk/audi/a4/53830727.html;Характеристики совпадают с ПТС;7 записей о регистрации;Не числится в розыске;Ограничений не обнаружено;Брянске;бензин, 1.8 л;150 л.с., налог;автомат;передний;352 370 км;левый;2 поколение;серебристый;седан;;;;
Audi;A6;2003;590000;https://auto.drom.ru/moscow/audi/a6/893508636.html;Характеристики совпадают с ПТС;5 записей о регистрации;Не числится в розыске;Есть ограничения;Москве;бензин, 2.4 л;170 л.с., налог;вариатор;передний;381 000 км;левый;2 поколение, рестайлинг;серебристый;седан;2.4 CVT;;;
Audi;A4;2003;300000;https://auto.drom.ru/nizhniy-novgorod/audi/a4/695569001.html;Характеристики совпадают с ПТС;9 записей о регистрации;Не числится в розыске;Ограничений не обнаружено;Нижнем Новгороде;бензин, 2.0 л;130 л.с., налог;вариатор;передний;250 000 км;левый;2 поколение;серебристый;седан;2.0 Multitronic;требуется ремонт или не на ходу;;
Audi;A6;2003;650000;https://auto.drom.ru/moscow/audi/a6/54087617.html;Характеристики совпадают с ПТС;9 записей о регистрации;Не числится в розыске;Ограничений не обнаружено;Москве;бензин, 2.4 л;170 л.с., налог;механика;4WD;245 296 км;левый;2 поколение, рестайлинг;зеленый;седан;;;;
Audi;A6;2003;595000;https://auto.drom.ru/spb/audi/a6/854681505.html;Характеристики совпадают с ПТС;9 записей о регистрации;Не числится в розыске;Ограничений не обнаружено;Санкт-Петербурге;бензин, 3.0 л;220 л.с., налог;АКПП;4WD;235 000 км;левый;2 поколение, рестайлинг;черный;седан;;;;
Audi;A4;2003;420000;https://auto.drom.ru/kurovskoe/audi/a4/847548315.html;Характеристики совпадают с ПТС;6 записей о регистрации;Не числится в розыске;Ограничений не обнаружено;Куровском;бензин, 1.8 л;170 л.с., налог;вариатор;передний;274 272 км;левый;2 поколение;серый;седан;1.8T Multitronic;;;
Audi;A6;2003;450000;https://auto.drom.ru/bryansk/audi/a6/373909619.html;Характеристики совпадают с ПТС;11 записей о регистрации;Не числится в розыске;Ограничений не обнаружено;Брянске;бензин, 2.4 л;170 л.с., налог;механика;передний;259 000 км;левый;2 поколение, рестайлинг;черный;седан;2.4 MT;;;
Audi;A4;2003;450000;https://auto.drom.ru/noginsk/audi/a4/299794619.html;Характеристики совпадают с ПТС;6 записей о регистрации;Не числится в розыске;Ограничений не обнаружено;Ногинске;бензин, 1.8 л;170 л.с., налог;вариатор;передний;400 000 км;левый;2 поколение;голубой;седан;;;;
Audi;A8;2003;600000;https://auto.drom.ru/moscow/audi/a8/402130850.html;Характеристики совпадают с ПТС;6 записей о регистрации;Не числится в розыске;Ограничений не обнаружено;Москве;бензин, 4.2 л;335 л.с., налог;АКПП;4WD;323 000 км;левый;2 поколение;черный;;4.2 Tiptronic quattro;;;
Audi;A6;2003;738358;https://auto.drom.ru/lida/audi/a6/102014119.html;;;;;Лиде;дизель, 1.9 л;130 л.с., налог;механика;передний;270 000 км;левый;2 поколение, рестайлинг;серый;седан;1.9 TDI 6MT;;;
Audi;A4;2003;420000;https://auto.drom.ru/dmitrov/audi/a4/151311306.html;Характеристики совпадают с ПТС;5 записей о регистрации;Не числится в розыске;Ограничений не обнаружено;Дмитрове;бензин, 1.6 л;102 л.с., налог;механика;передний;397 000 км;левый;2 поколение;серый;седан;1.6 MT;;;
Audi;A3;2003;650000;https://auto.drom.ru/tula/audi/a3/53609281.html;Характеристики совпадают с ПТС;8 записей о регистрации;Не числится в розыске;Ограничений не обнаружено;Туле;бензин, 1.6 л;102 л.с., налог;механика;передний;;левый;1 поколение, рестайлинг;синий;хэтчбек 5 дв.;1.6 MT;;;
Audi;A6;2003;665000;https://auto.drom.ru/podolsk/audi/a6/249912907.html;Характеристики совпадают с ПТС;6 записей о регистрации;Не числится в розыске;Ограничений не обнаружено;Подольске;бензин, 3.0 л;220 л.с., налог;АКПП;4WD;255 000 км;левый;2 поколение, рестайлинг;серебристый;седан;3.0 quattro AT;;;
Audi;A6;2003;650000;https://auto.drom.ru/bryansk/audi/a6/693438936.html;Характеристики совпадают с ПТС;3 записи о регистрации;Не числится в розыске;Ограничений не обнаружено;Брянске;бензин, 2.4 л;170 л.с., налог;механика;передний;349 166 км;левый;2 поколение, рестайлинг;черный;седан;2.4 MT;;;
Audi;A6;2003;550000;https://auto.drom.ru/luhovitsy/audi/a6/52694130.html;Характеристики совпадают с ПТС;5 записей о регистрации;Не числится в розыске;Ограничений не обнаружено;Луховицах;бензин, 1.8 л;150 л.с., налог;вариатор;передний;310 000 км;левый;2 поколение, рестайлинг;синий;седан;1.8T CVT;;;
Audi;A4;2003;565000;https://auto.drom.ru/saransk/audi/a4/53907135.html;Характеристики совпадают с ПТС;8 записей о регистрации;Не числится в розыске;Ограничений не обнаружено;Саранске;бензин, 2.0 л;130 л.с., налог;вариатор;передний;294 000 км;левый;2 поколение;черный;седан;2.0 Multitronic;;;
Audi;A6 allroad quattro;2003;600000;https://auto.drom.ru/pskov/audi/a6_allroad_quattro/368682943.html;Характеристики совпадают с ПТС;6 записей о регистрации;Не числится в розыске;Ограничений не обнаружено;Пскове;бензин, 2.7 л;250 л.с., налог;АКПП;4WD;366 312 км;левый;1 поколение, рестайлинг;серебристый;;;;;
Audi;A6;2003;473000;https://auto.drom.ru/kazan/audi/a6/53887093.html;Характеристики совпадают с ПТС;11 записей о регистрации;Не числится в розыске;Ограничений не обнаружено;Казани;бензин, 3.0 л;220 л.с., налог;вариатор;передний;249 775 км;левый;2 поколение, рестайлинг;серебристый;седан;;;;
Audi;A6;2003;850000;https://auto.drom.ru/murom/audi/a6/496123851.html;Модель не совпадает с ПТС;6 записей о регистрации;Не числится в розыске;Ограничений не обнаружено;Муроме;дизель, 2.5 л;180 л.с., налог;механика;4WD;318 567 км;левый;2 поколение, рестайлинг;зеленый;универсал;2.5 TDI quattro MT;;;
Audi;A4;2003;625000;https://auto.drom.ru/moscow/audi/a4/53861157.html;Модель не совпадает с ПТС;;Не числится в розыске;Ограничений не обнаружено;Москве;бензин, 3.0 л;220 л.с., налог;АКПП;4WD;220 000 км;левый;2 поколение;синий;седан;;;;
Audi;A6;2004;740000;https://auto.drom.ru/kommunarka/audi/a6/53778234.html;Характеристики совпадают с ПТС;9 записей о регистрации;Не числится в розыске;Ограничений не обнаружено;Коммунарке;бензин, 3.0 л;218 л.с., налог;АКПП;4WD;315 000 км;левый;3 поколение;синий;седан;3.0 tiptronic quattro;;;
Audi;A3;2004;450000;https://auto.drom.ru/petushki/audi/a3/933337178.html;Характеристики совпадают с ПТС;8 записей о регистрации;Не числится в розыске;Ограничений не обнаружено;Петушках;бензин, 1.6 л;102 л.с., налог;АКПП;передний;242 000 км;левый;2 поколение;бордовый;хэтчбек 3 дв.;;;;
Audi;A4;2004;490000;https://auto.drom.ru/kirov/audi/a4/53790562.html;Год не совпадает с ПТС;6 записей о регистрации;Не числится в розыске;Ограничений не обнаружено;Кирове;бензин, 1.8 л;163 л.с., налог;вариатор;передний;100 000 км;левый;2 поколение;красный;универсал;1.8T Multitronic;;;
Audi;A6;2004;550000;https://auto.drom.ru/nizhniy-novgorod/audi/a6/53782935.html;;;;;Нижнем Новгороде;бензин, 3.0 л;218 л.с., налог;АКПП;4WD;99 999 км;левый;3 поколение;черный;седан;3.0 tiptronic quattro;;;
Audi;A4;2004;555000;https://auto.drom.ru/moscow/audi/a4/54064973.html;Характеристики совпадают с ПТС;1 запись о регистрации;Не числится в розыске;Ограничений не обнаружено;Москве;бензин, 2.0 л;130 л.с., налог;вариатор;передний;229 000 км;левый;2 поколение;красный;седан;2.0 Multitronic;;;
Audi;A4;2004;515000;https://auto.drom.ru/voronezh/audi/a4/53752137.html;Характеристики совпадают с ПТС;5 записей о регистрации;Не числится в розыске;Ограничений не обнаружено;Воронеже;бензин, 2.0 л;130 л.с., налог;вариатор;передний;340 000 км;левый;2 поколение;синий;седан;2.0 Multitronic;;;
Audi;A3;2004;450000;https://auto.drom.ru/moscow/audi/a3/890456733.html;Характеристики совпадают с ПТС;3 записи о регистрации;Не числится в розыске;Ограничений не обнаружено;Москве;бензин, 1.6 л;102 л.с., налог;АКПП;передний;315 000 км;левый;2 поколение;красный;хэтчбек 3 дв.;;;;
Audi;A4;2004;550000;https://auto.drom.ru/stupino/audi/a4/54012140.html;Характеристики совпадают с ПТС;8 записей о регистрации;Не числится в розыске;Ограничений не обнаружено;Ступино;дизель, 2.0 л;130 л.с., налог;автомат;передний;390 000 км;левый;2 поколение;синий;седан;;;;
Audi;A6;2004;740000;https://auto.drom.ru/kazan/audi/a6/54005883.html;Характеристики совпадают с ПТС;8 записей о регистрации;Не числится в розыске;Ограничений не обнаружено;Казани;бензин, 3.0 л;218 л.с., налог;АКПП;4WD;225 000 км;левый;3 поколение;серебристый;седан;3.0 tiptronic quattro;;;
Audi;A8;2004;600000;https://auto.drom.ru/obninsk/audi/a8/53729947.html;Характеристики совпадают с ПТС;10 записей о регистрации;Не числится в розыске;Ограничений не обнаружено;Обнинске;бензин, 4.2 л;335 л.с., налог;АКПП;4WD;250 000 км;левый;2 поколение;черный;;4.2 Tiptronic quattro L;;;
Audi;A4;2004;569000;https://auto.drom.ru/nizhniy-novgorod/audi/a4/53725983.html;Характеристики совпадают с ПТС;6 записей о регистрации;Не числится в розыске;Ограничений не обнаружено;Нижнем Новгороде;бензин, 2.0 л;130 л.с., налог;вариатор;передний;250 000 км;левый;2 поколение;бежевый;седан;2.0 Multitronic;;;
Audi;A4;2004;599000;https://auto.drom.ru/moscow/audi/a4/542926481.html;Характеристики совпадают с ПТС;5 записей о регистрации;Не числится в розыске;Ограничений не обнаружено;Москве;бензин, 2.0 л;130 л.с., налог;вариатор;передний;283 251 км;левый;;синий;универсал;;;;
Audi;A4;2004;650000;https://auto.drom.ru/volgograd/audi/a4/527918877.html;Характеристики совпадают с ПТС;5 записей о регистрации;Не числится в розыске;Ограничений не обнаружено;Волгограде;дизель, 2.5 л;163 л.с., налог;вариатор;передний;329 200 км;левый;2 поколение;серебристый;универсал;2.5 TDI Multitronic;;;
Audi;A6;2004;565000;https://auto.drom.ru/tver/audi/a6/518746303.html;;;;;Твери;бензин, 3.0 л;218 л.с., налог;АКПП;4WD;200 000 км;левый;3 поколение;черный;седан;3.0 tiptronic quattro;;;
Audi;A8;2004;450000;https://auto.drom.ru/moscow/audi/a8/445335580.html;;;;;Москве;дизель, 3.9 л;275 л.с., налог;АКПП;4WD;;левый;2 поколение;;;;документы с проблемами или отсутствуют;;
Audi;A6;2004;590000;https://auto.drom.ru/spb/audi/a6/53635534.html;Характеристики совпадают с ПТС;10 записей о регистрации;Не числится в розыске;Ограничений не обнаружено;Санкт-Петербурге;бензин, 2.4 л;177 л.с., налог;вариатор;передний;346 000 км;левый;3 поколение;черный;седан;2.4 multitronic;;;
Audi;A4;2004;750000;https://auto.drom.ru/dmitrov/audi/a4/53622488.html;Характеристики совпадают с ПТС;10 записей о регистрации;Не числится в розыске;Ограничений не обнаружено;Дмитрове;бензин, 2.0 л;130 л.с., налог;вариатор;передний;332 000 км;левый;3 поколение;синий;седан;2.0 Multitronic;;;
Audi;A6;2004;750000;https://auto.drom.ru/moscow/audi/a6/226396149.html;Характеристики совпадают с ПТС;6 записей о регистрации;Не числится в розыске;Ограничений не обнаружено;Москве;бензин, 4.2 л;335 л.с., налог;АКПП;4WD;312 000 км;левый;3 поколение;серый;седан;4.2 FSI tiptronic quattro;;;
Audi;A8;2004;600000;https://auto.drom.ru/moscow/audi/a8/650070505.html;Объем двигателя, мощность двигателя не совпадают с ПТС;6 записей о регистрации;Не числится в розыске;Есть ограничения;Москве;дизель, 3.9 л;275 л.с., налог;АКПП;4WD;271 000 км;левый;2 поколение;;;;;;
Audi;A4;2004;460000;https://auto.drom.ru/semenov/audi/a4/53202902.html;Характеристики совпадают с ПТС;5 записей о регистрации;Не числится в розыске;Ограничений не обнаружено;Семёнове;бензин, 1.6 л;102 л.с., налог;механика;передний;;левый;3 поколение;;седан;1.6 MT;;;
Audi;A6;2004;1080000;https://auto.drom.ru/dzerzhinskiy/audi/a6/698323515.html;Характеристики совпадают с ПТС;10 записей о регистрации;Не числится в розыске;Ограничений не обнаружено;Дзержинском;дизель, 3.0 л;225 л.с., налог;АКПП;4WD;272 565 км;левый;3 поколение;черный;седан;3.0 TDI tiptronic quattro;;;
Audi;A6;2004;850000;https://auto.drom.ru/moscow/audi/a6/53133817.html;Характеристики совпадают с ПТС;4 записи о регистрации;Не числится в розыске;Ограничений не обнаружено;Москве;бензин, 3.0 л;218 л.с., налог;АКПП;4WD;156 911 км;левый;3 поколение;черный;седан;3.0 tiptronic quattro;;;
Audi;A6;2004;420000;https://auto.drom.ru/moscow/audi/a6/611628931.html;Характеристики совпадают с ПТС;11 записей о регистрации;Не числится в розыске;Ограничений не обнаружено;Москве;бензин, 3.0 л;220 л.с., налог;АКПП;4WD;225 000 км;левый;2 поколение, рестайлинг;серый;седан;;требуется ремонт или не на ходу;;
Audi;A4;2004;620000;https://auto.drom.ru/moscow/audi/a4/832340803.html;Характеристики совпадают с ПТС;3 записи о регистрации;Не числится в розыске;Ограничений не обнаружено;Москве;бензин, 1.8 л;170 л.с., налог;АКПП;4WD;313 684 км;левый;2 поколение;зеленый;седан;1.8T Tiptronic quattro;;;
Audi;A6;2004;840000;https://auto.drom.ru/naro-fominsk/audi/a6/54154911.html;Характеристики совпадают с ПТС;6 записей о регистрации;Не числится в розыске;Ограничений не обнаружено;Наро-Фоминске;дизель, 3.0 л;225 л.с., налог;АКПП;4WD;412 498 км;левый;3 поколение;черный;седан;3.0 TDI tiptronic quattro;;;
Audi;A6;2005;800000;https://auto.drom.ru/chernogolovka/audi/a6/51762125.html;Характеристики совпадают с ПТС;9 записей о регистрации;Не числится в розыске;Ограничений не обнаружено;Черноголовке;бензин, 2.4 л;177 л.с., налог;вариатор;передний;241 000 км;левый;3 поколение;черный;седан;2.4 multitronic;;;
Audi;A6;2005;990000;https://auto.drom.ru/moscow/audi/a6/127522800.html;;;;;Москве;бензин, 3.0 л;218 л.с., налог;АКПП;4WD;279 599 км;левый;3 поколение;синий;седан;3.0 tiptronic quattro;;;
Audi;A4;2005;780000;https://auto.drom.ru/cheboksary/audi/a4/337069683.html;Характеристики совпадают с ПТС;10 записей о регистрации;Не числится в розыске;Ограничений не обнаружено;Чебоксарах;бензин, 2.0 л;130 л.с., налог;механика;передний;270 000 км;левый;3 поколение;черный;седан;2.0 MT;;;
Audi;A4;2005;700000;https://auto.drom.ru/moscow/audi/a4/53017303.html;Характеристики совпадают с ПТС;4 записи о регистрации;Не числится в розыске;Есть ограничения;Москве;бензин, 2.0 л;200 л.с., налог;АКПП;4WD;320 000 км;левый;3 поколение;черный;седан;2.0 TFSI quattro AT;документы с проблемами или отсутствуют;;
Audi;A6;2005;905000;https://auto.drom.ru/moscow/audi/a6/820228465.html;Характеристики совпадают с ПТС;3 записи о регистрации;Не числится в розыске;Ограничений не обнаружено;Москве;бензин, 3.0 л;218 л.с., налог;АКПП;4WD;420 000 км;левый;3 поколение;черный;седан;3.0 tiptronic quattro;;;
Audi;A4;2005;845000;https://auto.drom.ru/velikiy-novgorod/audi/a4/53769261.html;Характеристики совпадают с ПТС;3 записи о регистрации;Не числится в розыске;Ограничений не обнаружено;Великом Новгороде;бензин, 2.0 л;130 л.с., налог;механика;передний;190 000 км;левый;3 поколение;серый;седан;;;;
Audi;A4;2005;1000000;https://auto.drom.ru/svetlogorsk_rb/audi/a4/162642712.html;;;;;Светлогорске;бензин, 1.8 л;350 л.с., налог;механика;передний;235 000 км, без пробега по РФ;левый;3 поколение;красный;седан;;;;
Audi;A6;2005;800000;https://auto.drom.ru/moscow/audi/a6/54044853.html;Характеристики совпадают с ПТС;6 записей о регистрации;Не числится в розыске;Ограничений не обнаружено;Москве;бензин, 2.4 л;177 л.с., налог;вариатор;передний;240 000 км;левый;3 поколение;серый;седан;2.4 multitronic;;;
Audi;A4;2005;1250000;https://auto.drom.ru/spb/audi/a4/49723826.html;Характеристики совпадают с ПТС;7 записей о регистрации;Не числится в розыске;Ограничений не обнаружено;Санкт-Петербурге;дизель, 2.5 л;163 л.с., налог;механика;передний;253 000 км;левый;3 поколение;черный;седан;2.5 TDI MT;;;
Audi;S4;2005;1800000;https://auto.drom.ru/moscow/audi/s4/52915153.html;Характеристики совпадают с ПТС;9 записей о регистрации;Не числится в розыске;Ограничений не обнаружено;Москве;бензин, 4.2 л;344 л.с., налог;механика;4WD;180 000 км;левый;4 поколение;красный;седан;;;;
Audi;A6;2005;830000;https://auto.drom.ru/serpuhov/audi/a6/53104644.html;Характеристики совпадают с ПТС;9 записей о регистрации;Не числится в розыске;Ограничений не обнаружено;Серпухове;бензин, 2.4 л;177 л.с., налог;механика;передний;400 000 км;левый;3 поколение;синий;седан;2.4 MT;;;
Audi;A6;2005;1089331;https://auto.drom.ru/minsk/audi/a6/54011224.html;;;;;Минске;дизель, 2.7 л;180 л.с., налог;механика;передний;358 000 км;левый;3 поколение;черный;универсал;2.7 TDI MT;;;
Audi;A6;2005;600000;https://auto.drom.ru/tver/audi/a6/101391934.html;Характеристики совпадают с ПТС;6 записей о регистрации;Не числится в розыске;Ограничений не обнаружено;Твери;бензин, 3.0 л;218 л.с., налог;АКПП;4WD;325 000 км;левый;3 поколение;серый;седан;3.0 tiptronic quattro;требуется ремонт или не на ходу;;
Audi;A6;2005;600574;https://auto.drom.ru/minsk/audi/a6/53973893.html;Характеристики совпадают с ПТС;8 записей о регистрации;Не числится в розыске;Ограничений не обнаружено;Минске;бензин, 2.4 л;177 л.с., налог;вариатор;передний;297 500 км;левый;3 поколение;черный;седан;2.4 multitronic;;;
Audi;A3;2005;526646;https://auto.drom.ru/minsk/audi/a3/53649399.html;Характеристики совпадают с ПТС;5 записей о регистрации;Не числится в розыске;Ограничений не обнаружено;Минске;бензин, 1.6 л;102 л.с., налог;АКПП;передний;274 937 км;левый;2 поколение, рестайлинг;серый;хэтчбек 5 дв.;;;;
Audi;A6;2005;750000;https://auto.drom.ru/ivanovo/audi/a6/53231715.html;Характеристики совпадают с ПТС;4 записи о регистрации;Не числится в розыске;Ограничений не обнаружено;Иваново;бензин, 2.4 л;177 л.с., налог;вариатор;передний;435 670 км;левый;3 поколение;серый;седан;2.4 multitronic;;;
Audi;A6;2005;750000;https://auto.drom.ru/spb/audi/a6/372527083.html;Характеристики совпадают с ПТС;10 записей о регистрации;Не числится в розыске;Ограничений не обнаружено;Санкт-Петербурге;бензин, 2.4 л;177 л.с., налог;механика;4WD;264 186 км;левый;3 поколение;серебристый;седан;2.4 MT quattro;;;
Audi;A8;2005;690000;https://auto.drom.ru/kursk/audi/a8/175416730.html;Характеристики совпадают с ПТС;8 записей о регистрации;Не числится в розыске;Есть ограничения;Курске;бензин, 3.7 л, ГБО;280 л.с., налог;АКПП;4WD;232 000 км;левый;2 поколение, рестайлинг;серебристый;;;;;
Audi;A3;2005;700000;https://auto.drom.ru/donetsk/audi/a3/323004295.html;Характеристики совпадают с ПТС;1 запись о регистрации;Не числится в розыске;Ограничений не обнаружено;Донецке;бензин, 2.0 л;200 л.с., налог;робот;передний;169 000 км;левый;2 поколение, рестайлинг;красный;хэтчбек 5 дв.;;;;
Audi;A4;2005;870000;https://auto.drom.ru/arzamas/audi/a4/52724476.html;Характеристики совпадают с ПТС;3 записи о регистрации;Не числится в розыске;Ограничений не обнаружено;Арзамасе;бензин, 2.0 л;130 л.с., налог;вариатор;передний;124 294 км;левый;3 поколение;синий;седан;2.0 Multitronic;;;
Audi;A6;2005;700000;https://auto.drom.ru/spb/audi/a6/53902628.html;Характеристики совпадают с ПТС;7 записей о регистрации;Не числится в розыске;Ограничений не обнаружено;Санкт-Петербурге;бензин, 2.4 л;177 л.с., налог;вариатор;передний;290 000 км;левый;3 поколение;черный;седан;2.4 multitronic;требуется ремонт или не на ходу;;
Audi;A8;2005;680000;https://auto.drom.ru/kazan/audi/a8/53128816.html;Характеристики совпадают с ПТС;7 записей о регистрации;Не числится в розыске;Ограничений не обнаружено;Казани;бензин, 4.2 л;335 л.с., налог;АКПП;4WD;210 000 км;левый;2 поколение;черный;;;;;
Audi;A6;2005;500000;https://auto.drom.ru/moscow/audi/a6/720585960.html;Характеристики совпадают с ПТС;11 записей о регистрации;Не числится в розыске;Ограничений не обнаружено;Москве;бензин, 3.0 л;218 л.с., налог;вариатор;передний;340 000 км;левый;3 поколение;голубой;седан;3.0 multitronic;;;
Audi;A4;2005;739000;https://auto.drom.ru/spb/audi/a4/53888433.html;Характеристики совпадают с ПТС;3 записи о регистрации;Не числится в розыске;Ограничений не обнаружено;Санкт-Петербурге;бензин, 2.0 л;130 л.с., налог;механика;передний;200 000 км;левый;3 поколение;серый;седан;;;;
Audi;A4;2005;999000;https://auto.drom.ru/moscow/audi/a4/53811866.html;Характеристики совпадают с ПТС;7 записей о регистрации;Не числится в розыске;Ограничений не обнаружено;Москве;бензин, 2.0 л;200 л.с., налог;АКПП;4WD;303 500 км;левый;3 поколение;голубой;седан;;;;
Audi;A4;2005;1000000;https://auto.drom.ru/spb/audi/a4/54148998.html;Характеристики совпадают с ПТС;;Не числится в розыске;Ограничений не обнаружено;Санкт-Петербурге;бензин, 1.8 л;163 л.с., налог;механика;4WD;323 000 км;левый;3 поколение;бежевый;седан;1.8T quattro MT;;;
Audi;A4;2006;930000;https://auto.drom.ru/spb/audi/a4/747720236.html;Характеристики совпадают с ПТС;5 записей о регистрации;Не числится в розыске;Ограничений не обнаружено;Санкт-Петербурге;бензин, 2.0 л;200 л.с., налог;АКПП;4WD;225 400 км;левый;3 поколение;черный;седан;2.0 TFSI quattro AT;;;
Audi;A4;2006;750000;https://auto.drom.ru/penza/audi/a4/49972157.html;Характеристики совпадают с ПТС;8 записей о регистрации;Не числится в розыске;Ограничений не обнаружено;Пензе;бензин, 2.0 л;200 л.с., налог;АКПП;4WD;170 000 км;левый;3 поколение;голубой;седан;2.0 TFSI quattro AT;;;
Audi;A6;2006;570000;https://auto.drom.ru/cheboksary/audi/a6/53838382.html;;;;;Чебоксарах;бензин, 3.0 л;218 л.с., налог;АКПП;4WD;200 000 км;левый;3 поколение;;седан;3.0 tiptronic quattro;;;
Audi;Q7;2006;1550000;https://auto.drom.ru/moscow/audi/q7/53842970.html;Характеристики совпадают с ПТС;6 записей о регистрации;Не числится в розыске;Ограничений не обнаружено;Москве;бензин, 4.2 л;350 л.с., налог;АКПП;4WD;180 000 км;левый;1 поколение;черный;;;;;
Audi;A4;2006;749000;https://auto.drom.ru/moscow/audi/a4/170469440.html;Характеристики совпадают с ПТС;3 записи о регистрации;Не числится в розыске;Ограничений не обнаружено;Москве;бензин, 1.8 л;163 л.с., налог;вариатор;передний;216 747 км;левый;3 поколение;синий;седан;1.8T Multitronic;;;
Audi;A8;2006;504000;https://auto.drom.ru/spb/audi/a8/872691831.html;Характеристики совпадают с ПТС;7 записей о регистрации;Не числится в розыске;Ограничений не обнаружено;Санкт-Петербурге;бензин, 3.1 л;260 л.с., налог;вариатор;передний;;левый;2 поколение, рестайлинг;зеленый;;;документы с проблемами или отсутствуют;;
Audi;A4;2006;700000;https://auto.drom.ru/kursk/audi/a4/53017219.html;Характеристики совпадают с ПТС;6 записей о регистрации;Не числится в розыске;Ограничений не обнаружено;Курске;бензин, 1.8 л;163 л.с., налог;вариатор;передний;230 000 км;левый;3 поколение;серый;седан;1.8T Multitronic;;;
Audi;Q7;2006;1550000;https://auto.drom.ru/velikie-luki/audi/q7/661843765.html;Характеристики совпадают с ПТС;8 записей о регистрации;Не числится в розыске;Ограничений не обнаружено;Великих Луках;дизель, 3.0 л;233 л.с., налог;АКПП;4WD;321 000 км;левый;1 поколение;черный;;;;;
Audi;A4;2006;639000;https://auto.drom.ru/moscow/audi/a4/135785073.html;Характеристики совпадают с ПТС;5 записей о регистрации;Не числится в розыске;Ограничений не обнаружено;Москве;бензин, 2.0 л;130 л.с., налог;вариатор;передний;254 000 км;левый;3 поколение;серый;седан;2.0 Multitronic;;;
Audi;A4;2006;850000;https://auto.drom.ru/moscow/audi/a4/54088172.html;;;;;Москве;бензин, 1.8 л;163 л.с., налог;вариатор;передний;237 000 км;левый;3 поколение;черный;седан;1.8T Multitronic;;;
Audi;A6 allroad quattro;2006;950000;https://auto.drom.ru/moscow/audi/a6_allroad_quattro/792416762.html;Характеристики совпадают с ПТС;4 записи о регистрации;Не числится в розыске;Ограничений не обнаружено;Москве;бензин, 3.1 л;255 л.с., налог;АКПП;4WD;349 000 км;левый;2 поколение;серый;;3.2 FSI Tiptronic quattro;;;
Audi;A4;2006;700000;https://auto.drom.ru/domodedovo/audi/a4/734865928.html;Характеристики совпадают с ПТС;6 записей о регистрации;Не числится в розыске;Ограничений не обнаружено;Домодедово;бензин, 1.8 л;163 л.с., налог;вариатор;передний;185 000 км;левый;3 поколение;черный;седан;1.8T Multitronic;;;
Audi;A4;2006;650000;https://auto.drom.ru/kirov/audi/a4/694504177.html;Характеристики совпадают с ПТС;10 записей о регистрации;Не числится в розыске;Ограничений не обнаружено;Кирове;бензин, 2.0 л;130 л.с., налог;вариатор;передний;;левый;3 поколение;синий;седан;2.0 Multitronic;;;
Audi;A8;2006;846477;https://auto.drom.ru/minsk/audi/a8/53701331.html;Характеристики совпадают с ПТС;2 записи о регистрации;Не числится в розыске;Ограничений не обнаружено;Минске;бензин, 3.1 л;260 л.с., налог;вариатор;передний;292 000 км;левый;2 поколение, рестайлинг;черный;;3.2 FSI Multitronic;;;
Audi;A6;2006;990000;https://auto.drom.ru/vologda/audi/a6/843739904.html;Характеристики совпадают с ПТС;4 записи о регистрации;Не числится в розыске;Ограничений не обнаружено;Вологде;бензин, 2.4 л;177 л.с., налог;механика;передний;207 000 км;левый;3 поколение;синий;седан;2.4 MT;;;
Audi;A6;2006;875000;https://auto.drom.ru/volzhskiy/audi/a6/739482398.html;Характеристики совпадают с ПТС;8 записей о регистрации;Не числится в розыске;Ограничений не обнаружено;Волжском;бензин, 2.4 л;177 л.с., налог;вариатор;передний;255 000 км;левый;3 поколение;серебристый;седан;2.4 multitronic;;;
Audi;A3;2006;655000;https://auto.drom.ru/moscow/audi/a3/53762972.html;Характеристики совпадают с ПТС;5 записей о регистрации;Не числится в розыске;Ограничений не обнаружено;Москве;бензин, 1.6 л;102 л.с., налог;АКПП;передний;273 700 км;левый;2 поколение, рестайлинг;серый;хэтчбек 5 дв.;;;;
Audi;A8;2006;890000;https://auto.drom.ru/nizhniy-novgorod/audi/a8/54030274.html;Характеристики совпадают с ПТС;9 записей о регистрации;Не числится в розыске;Ограничений не обнаружено;Нижнем Новгороде;бензин, 3.0 л;220 л.с., налог;автомат;передний;210 000 км;левый;2 поколение, рестайлинг;черный;;;;;
Audi;A6 allroad quattro;2006;1250000;https://auto.drom.ru/spb/audi/a6_allroad_quattro/331080898.html;Цвет не совпадает с ПТС;4 записи о регистрации;Не числится в розыске;Ограничений не обнаружено;Санкт-Петербурге;бензин, 3.1 л;255 л.с., налог;АКПП;4WD;193 000 км;левый;2 поколение;коричневый;;3.2 FSI Tiptronic quattro;;;
Audi;A8;2006;630000;https://auto.drom.ru/spb/audi/a8/396841005.html;;;;;Санкт-Петербурге;бензин, 3.1 л;260 л.с., налог;АКПП;4WD;;левый;2 поколение, рестайлинг;зеленый;;;;;
Audi;A6;2006;992301;https://auto.drom.ru/minsk/audi/a6/416806373.html;Характеристики совпадают с ПТС;4 записи о регистрации;Не числится в розыске;Ограничений не обнаружено;Минске;дизель, 2.0 л;140 л.с., налог;вариатор;передний;309 000 км;левый;3 поколение;синий;седан;2.0 TDI multitronic;;;
Audi;A6;2006;1175000;https://auto.drom.ru/moscow/audi/a6/253710652.html;;;;;Москве;дизель, 3.0 л;225 л.с., налог;АКПП;4WD;258 567 км;левый;3 поколение;коричневый;седан;;;;
Audi;A6;2006;689000;https://auto.drom.ru/spb/audi/a6/629248709.html;Характеристики совпадают с ПТС;5 записей о регистрации;Не числится в розыске;Ограничений не обнаружено;Санкт-Петербурге;бензин, 3.1 л;255 л.с., налог;АКПП;4WD;312 032 км;левый;3 поколение;черный;седан;3.2 FSI tiptronic quattro;;;
Audi;A8;2006;700000;https://auto.drom.ru/tambov/audi/a8/51972694.html;Характеристики совпадают с ПТС;12 записей о регистрации;Не числится в розыске;Ограничений не обнаружено;Тамбове;бензин, 4.2 л;350 л.с., налог;АКПП;4WD;350 000 км;левый;2 поколение, рестайлинг;черный;;4.2 FSI Tiptronic quattro;;;
Audi;A6;2006;659990;https://auto.drom.ru/moscow/audi/a6/53694939.html;Характеристики совпадают с ПТС;6 записей о регистрации;Не числится в розыске;Ограничений не обнаружено;Москве;бензин, 2.4 л;177 л.с., налог;вариатор;передний;499 999 км;левый;3 поколение;черный;седан;2.4 multitronic;;;
Audi;Q7;2006;1690000;https://auto.drom.ru/kursk/audi/q7/299266100.html;Характеристики совпадают с ПТС;3 записи о регистрации;Не числится в розыске;Ограничений не обнаружено;Курске;дизель, 3.0 л;233 л.с., налог;АКПП;4WD;272 000 км;левый;1 поколение;серый;;;;;
Audi;A4;2006;698000;https://auto.drom.ru/kirov/audi/a4/361563115.html;Год не совпадает с ПТС;8 записей о регистрации;Не числится в розыске;Ограничений не обнаружено;Кирове;бензин, 2.0 л;130 л.с., налог;вариатор;передний;243 000 км;левый;3 поколение;синий;седан;2.0 Multitronic;;;
Audi;A8;2006;3500000;https://auto.drom.ru/kirov/audi/a8/53981104.html;Объем двигателя, мощность двигателя не совпадают с ПТС;3 записи о регистрации;Не числится в розыске;Ограничений не обнаружено;Кирове;бензин, 4.2 л;335 л.с., налог;АКПП;4WD;100 000 км;левый;2 поколение, рестайлинг;черный;;;;;
Audi;A4;2006;640000;https://auto.drom.ru/moscow/audi/a4/942588872.html;Характеристики совпадают с ПТС;8 записей о регистрации;Не числится в розыске;Ограничений не обнаружено;Москве;бензин, 2.0 л;130 л.с., налог;вариатор;передний;350 000 км;левый;3 поколение;черный;седан;2.0 Multitronic;;;
Audi;A6;2006;800000;https://auto.drom.ru/vologda/audi/a6/760494125.html;;;;;Вологде;бензин, 2.4 л;177 л.с., налог;вариатор;передний;288 000 км;левый;3 поколение;;седан;2.4 multitronic;;;
Audi;A3;2006;950000;https://auto.drom.ru/tver/audi/a3/52989937.html;Характеристики совпадают с ПТС;5 записей о регистрации;Не числится в розыске;Ограничений не обнаружено;Твери;бензин, 2.0 л;150 л.с., налог;АКПП;передний;191 500 км;левый;2 поколение, рестайлинг;серый;хэтчбек 5 дв.;2.0 FSI Tiptronic Ambiente;;;
Audi;A4;2006;710000;https://auto.drom.ru/pushkino/audi/a4/53622598.html;;;;;Пушкино;бензин, 1.8 л;163 л.с., налог;вариатор;передний;178 000 км;левый;3 поколение;красный;седан;1.8T Multitronic;;;
Audi;A6;2006;950000;https://auto.drom.ru/dmitrov/audi/a6/54045864.html;Характеристики совпадают с ПТС;7 записей о регистрации;Не числится в розыске;Есть ограничения;Дмитрове;бензин, 2.4 л;177 л.с., налог;вариатор;передний;279 000 км;левый;3 поколение;черный;седан;2.4 multitronic;;;
Audi;A4;2006;795000;https://auto.drom.ru/moscow/audi/a4/497624464.html;Характеристики совпадают с ПТС;2 записи о регистрации;Не числится в розыске;Ограничений не обнаружено;Москве;бензин, 2.0 л;200 л.с., налог;вариатор;передний;152 000 км;левый;3 поколение;синий;седан;2.0 TFSI Multitronic;;;
Audi;A4;2006;800000;https://auto.drom.ru/tver/audi/a4/47632606.html;;;;;Твери;бензин, 3.1 л;255 л.с., налог;механика;4WD;170 000 км;левый;3 поколение;черный;седан;3.1 FSI quattro MT;документы с проблемами, беларусь;;
Audi;Q7;2006;800000;https://auto.drom.ru/petushki/audi/q7/936352784.html;Характеристики совпадают с ПТС;6 записей о регистрации;Не числится в розыске;Ограничений не обнаружено;Петушках;бензин, 4.2 л;350 л.с., налог;АКПП;4WD;210 000 км;левый;1 поколение;зеленый;;4.2 FSI quattro tiptronic;;;
Audi;A6;2006;800000;https://auto.drom.ru/borovichi/audi/a6/925151172.html;;;;;Боровичах;бензин, 2.4 л;177 л.с., налог;вариатор;передний;288 000 км;левый;3 поколение;;седан;2.4 multitronic;;;
Audi;A4;2006;825000;https://auto.drom.ru/kazan/audi/a4/472848765.html;Характеристики совпадают с ПТС;5 записей о регистрации;Не числится в розыске;Ограничений не обнаружено;Казани;бензин, 2.0 л;130 л.с., налог;вариатор;передний;225 141 км;левый;3 поколение;;седан;;;;
Audi;Q7;2006;1500000;https://auto.drom.ru/noginsk/audi/q7/52683630.html;Характеристики совпадают с ПТС;3 записи о регистрации;Не числится в розыске;Ограничений не обнаружено;Ногинске;дизель, 3.0 л;233 л.с., налог;АКПП;4WD;251 000 км;левый;1 поколение;синий;;3.0 TDI quattro tiptronic;;;
Audi;S6;2006;850000;https://auto.drom.ru/saransk/audi/s6/53887441.html;;;;;Саранске;бензин, 5.2 л;435 л.с., налог;АКПП;4WD;;левый;3 поколение;;седан;5.2 FSI quattro tiptronic;;;
Audi;A8;2006;850000;https://auto.drom.ru/vologda/audi/a8/190095857.html;;;;;Вологде;дизель, 3.0 л;233 л.с., налог;АКПП;4WD;300 000 км;левый;2 поколение, рестайлинг;синий;;;;;
Audi;A6;2006;700000;https://auto.drom.ru/kimry/audi/a6/53888228.html;Характеристики совпадают с ПТС;6 записей о регистрации;Не числится в розыске;Ограничений не обнаружено;Кимрах;бензин, 3.1 л;255 л.с., налог;АКПП;4WD;100 000 км;левый;3 поколение;серебристый;седан;3.2 FSI tiptronic quattro;;;
Audi;A6;2006;500000;https://auto.drom.ru/vidnoe/audi/a6/54154531.html;Характеристики совпадают с ПТС;;Не числится в розыске;Ограничений не обнаружено;Видном;бензин, 3.1 л;256 л.с., налог;АКПП;4WD;233 000 км;левый;3 поколение;черный;седан;3.2 FSI tiptronic quattro;;;
Audi;A4;2006;620000;https://auto.drom.ru/bryansk/audi/a4/54154212.html;Характеристики совпадают с ПТС;;Не числится в розыске;Ограничений не обнаружено;Брянске;бензин, 1.8 л;163 л.с., налог;механика;4WD;;левый;3 поколение;серебристый;седан;;;;
Audi;A6;2006;1300000;https://auto.drom.ru/roslavl/audi/a6/54153697.html;Характеристики совпадают с ПТС;;Не числится в розыске;Ограничений не обнаружено;Рославле;дизель, 2.7 л;180 л.с., налог;АКПП;4WD;277 000 км;левый;3 поколение;черный;седан;2.7 TDI tiptronic quattro;;;
Audi;A6;2006;850000;https://auto.drom.ru/moscow/audi/a6/54153602.html;;;;;Москве;бензин, 3.0 л;218 л.с., налог;АКПП;4WD;213 805 км;левый;3 поколение;серебристый;седан;3.0 tiptronic quattro;;;
Audi;A3;2007;920000;https://auto.drom.ru/kursk/audi/a3/53496010.html;Характеристики совпадают с ПТС;6 записей о регистрации;Не числится в розыске;Ограничений не обнаружено;Курске;бензин, 2.0 л;200 л.с., налог;робот;передний;86 000 км;левый;2 поколение, рестайлинг;черный;хэтчбек 5 дв.;;;;
Audi;A4;2007;1000000;https://auto.drom.ru/spb/audi/a4/369399139.html;Характеристики совпадают с ПТС;2 записи о регистрации;Не числится в розыске;Ограничений не обнаружено;Санкт-Петербурге;бензин, 2.0 л;130 л.с., налог;вариатор;передний;182 000 км;левый;3 поколение;синий;седан;2.0 Multitronic;;;
Audi;A4;2007;780000;https://auto.drom.ru/saratov/audi/a4/265562975.html;Характеристики совпадают с ПТС;2 записи о регистрации;Не числится в розыске;Ограничений не обнаружено;Саратове;дизель, 2.0 л;140 л.с., налог;вариатор;передний;218 000 км;левый;3 поколение;черный;седан;2.0 TDI Multitronic;;;
Audi;A4;2007;899000;https://auto.drom.ru/moscow/audi/a4/116598739.html;Характеристики совпадают с ПТС;3 записи о регистрации;Не числится в розыске;Ограничений не обнаружено;Москве;бензин, 2.0 л;200 л.с., налог;вариатор;передний;138 737 км;левый;3 поколение;черный;седан;;;;
Audi;A5;2007;895270;https://auto.drom.ru/minsk/audi/a5/53826278.html;Характеристики совпадают с ПТС;13 записей о регистрации;Не числится в розыске;Ограничений не обнаружено;Минске;бензин, 3.2 л;265 л.с., налог;робот;4WD;175 000 км;левый;1 поколение;черный;купе;3.2 FSI quattro S tronic;;;
Audi;A6;2007;734661;https://auto.drom.ru/minsk/audi/a6/861292763.html;;;;;Минске;бензин, 3.1 л;255 л.с., налог;АКПП;4WD;331 000 км;левый;3 поколение;черный;седан;3.2 FSI tiptronic quattro;;;
Audi;A4;2007;693900;https://auto.drom.ru/moscow/audi/a4/435923393.html;Характеристики совпадают с ПТС;3 записи о регистрации;Не числится в розыске;Ограничений не обнаружено;Москве;бензин, 2.0 л;130 л.с., налог;вариатор;передний;311 800 км;левый;3 поколение;бежевый;седан;;;;
Audi;A6;2007;1260000;https://auto.drom.ru/mozhaisk/audi/a6/52995370.html;Характеристики совпадают с ПТС;9 записей о регистрации;Не числится в розыске;Ограничений не обнаружено;Можайске;бензин, 3.1 л;249 л.с., налог;АКПП;4WD;164 000 км;левый;3 поколение;черный;седан;3.2 FSI tiptronic quattro;;;
Audi;A3;2007;838000;https://auto.drom.ru/moscow/audi/a3/607670262.html;Характеристики совпадают с ПТС;3 записи о регистрации;Не числится в розыске;Ограничений не обнаружено;Москве;бензин, 2.0 л;150 л.с., налог;АКПП;передний;183 587 км;левый;2 поколение, рестайлинг;красный;хэтчбек 5 дв.;;;;
Audi;A6;2007;650000;https://auto.drom.ru/korolev/audi/a6/54064911.html;Характеристики совпадают с ПТС;7 записей о регистрации;Не числится в розыске;Ограничений не обнаружено;Королёве;бензин, 3.1 л;255 л.с., налог;АКПП;4WD;245 000 км;левый;3 поколение;бежевый;седан;3.2 FSI tiptronic quattro;;;
Audi;Q7;2007;1950000;https://auto.drom.ru/spb/audi/q7/261680673.html;Характеристики совпадают с ПТС;10 записей о регистрации;Не числится в розыске;Ограничений не обнаружено;Санкт-Петербурге;дизель, 3.0 л;233 л.с., налог;АКПП;4WD;272 000 км;левый;1 поколение;черный;;3.0 TDI quattro tiptronic;;;
Audi;A6;2007;870000;https://auto.drom.ru/kursk/audi/a6/53750964.html;;;;;Курске;бензин, 2.4 л;177 л.с., налог;вариатор;передний;;левый;3 поколение;;седан;2.4 multitronic;;;
Audi;Q7;2007;1398000;https://auto.drom.ru/voronezh/audi/q7/54042467.html;Характеристики совпадают с ПТС;12 записей о регистрации;Не числится в розыске;Ограничений не обнаружено;Воронеже;дизель, 3.0 л;233 л.с., налог;АКПП;4WD;284 147 км;левый;1 поколение;бежевый;;;;;
Audi;A5;2007;950000;https://auto.drom.ru/zelenograd/audi/a5/325252337.html;Характеристики совпадают с ПТС;6 записей о регистрации;Не числится в розыске;Ограничений не обнаружено;Зеленограде;бензин, 3.2 л;265 л.с., налог;вариатор;передний;231 390 км;левый;1 поколение;черный;купе;3.2 FSI Multitronic;;;
Audi;A6;2007;899999;https://auto.drom.ru/moscow/audi/a6/54021301.html;Характеристики совпадают с ПТС;5 записей о регистрации;Не числится в розыске;Ограничений не обнаружено;Москве;бензин, 3.1 л;255 л.с., налог;АКПП;4WD;293 483 км;левый;3 поколение;черный;седан;3.2 FSI tiptronic quattro;;;
Audi;A4;2007;800000;https://auto.drom.ru/moscow/audi/a4/53735717.html;;;;;Москве;бензин, 2.0 л;130 л.с., налог;вариатор;передний;240 000 км;правый;3 поколение;серый;седан;2.0 Attraction;;;
Audi;A6;2007;798000;https://auto.drom.ru/spb/audi/a6/53325503.html;Характеристики совпадают с ПТС;2 записи о регистрации;Не числится в розыске;Ограничений не обнаружено;Санкт-Петербурге;бензин, 2.0 л;170 л.с., налог;вариатор;передний;215 000 км;левый;3 поколение;черный;седан;2.0 TFSI multitronic;;;
Audi;A6;2007;930000;https://auto.drom.ru/saratov/audi/a6/698245331.html;Характеристики совпадают с ПТС;9 записей о регистрации;Не числится в розыске;Ограничений не обнаружено;Саратове;бензин, 2.4 л;177 л.с., налог;вариатор;передний;90 000 км;левый;3 поколение;серебристый;седан;2.4 multitronic;;;
Audi;A6;2007;790000;https://auto.drom.ru/saransk/audi/a6/286387642.html;;;;;Саранске;бензин, 2.0 л;170 л.с., налог;вариатор;передний;;левый;3 поколение;черный;седан;2.0 TFSI multitronic;;;
Audi;A6;2007;970000;https://auto.drom.ru/moscow/audi/a6/384098640.html;Характеристики совпадают с ПТС;6 записей о регистрации;Не числится в розыске;Ограничений не обнаружено;Москве;бензин, 2.4 л;177 л.с., налог;вариатор;передний;168 000 км;левый;3 поколение;серый;седан;2.4 multitronic;;;
Audi;A6;2007;790000;https://auto.drom.ru/novomoskovsk/audi/a6/308924926.html;Характеристики совпадают с ПТС;5 записей о регистрации;Не числится в розыске;Ограничений не обнаружено;Новомосковске;бензин, 2.8 л;210 л.с., налог;АКПП;4WD;300 000 км;левый;3 поколение;черный;седан;2.8 FSI tiptronic quattro;;;
