Бренд;Модель;Год;Цена;URL;ПТС;Владельцы;Розыск;Ограничения;Город;Двигатель;Мощность;Коробка передач;Привод;Пробег;Руль;Поколение;Цвет;Тип кузова;Комплектация;Особые отметки;
BMW;7-Series;2021;8900000;https://auto.drom.ru/himki/bmw/7-series/933223766.html;Характеристики совпадают с ПТС;1 запись о регистрации;Не числится в розыске;Ограничений не обнаружено;Химках;дизель, 3.0 л;320 л.с., налог;АКПП;4WD;37 854 км;левый;6 поколение, рестайлинг;серый;;;;
BMW;7-Series;2021;8290000;https://auto.drom.ru/moscow/bmw/7-series/53747629.html;Характеристики совпадают с ПТС;2 записи о регистрации;Не числится в розыске;Ограничений не обнаружено;Москве;дизель, 3.0 л;286 л.с., налог;автомат;задний;10 545 км;левый;;белый;;;;
BMW;X4;2021;7450000;https://auto.drom.ru/moscow/bmw/x4/54036181.html;Характеристики совпадают с ПТС;1 запись о регистрации;Не числится в розыске;Ограничений не обнаружено;Москве;дизель, 3.0 л;249 л.с., налог;АКПП;4WD;22 067 км;левый;2 поколение, рестайлинг;черный;;xDrive 30d AT Base;;
BMW;5-Series;2021;7995000;https://auto.drom.ru/moscow/bmw/5-series/54034315.html;Характеристики совпадают с ПТС;1 запись о регистрации;Не числится в розыске;Ограничений не обнаружено;Москве;дизель, 3.0 л;249 л.с., налог;АКПП;4WD;28 945 км;левый;7 поколение, рестайлинг;черный;седан;;;
BMW;5-Series;2021;5990000;https://auto.drom.ru/tver/bmw/5-series/54034299.html;Характеристики совпадают с ПТС;2 записи о регистрации;Не числится в розыске;Ограничений не обнаружено;Твери;дизель, 2.0 л;190 л.с., налог;АКПП;4WD;62 417 км;левый;7 поколение, рестайлинг;серый;седан;520d AT xDrive;;
BMW;X4;2021;6650000;https://auto.drom.ru/moscow/bmw/x4/54034304.html;Характеристики совпадают с ПТС;1 запись о регистрации;Не числится в розыске;Ограничений не обнаружено;Москве;дизель, 2.0 л;190 л.с., налог;АКПП;4WD;21 890 км;левый;2 поколение;серый;;;;
BMW;2-Series;2021;3279700;https://auto.drom.ru/moscow/bmw/2-series/53754228.html;Характеристики совпадают с ПТС;2 записи о регистрации;Не числится в розыске;Ограничений не обнаружено;Москве;бензин, 1.5 л;140 л.с., налог;робот;передний;36 568 км;левый;1 поколение, рестайлинг;синий;седан;218i DCT M Sport Pro;;
BMW;X4;2021;6050000;https://auto.drom.ru/moscow/bmw/x4/53753396.html;Характеристики совпадают с ПТС;1 запись о регистрации;Не числится в розыске;Ограничений не обнаружено;Москве;дизель, 2.0 л;190 л.с., налог;АКПП;4WD;55 921 км;левый;2 поколение;черный;;xDrive 20d AT M Sport;;
BMW;X5;2021;9490000;https://auto.drom.ru/moscow/bmw/x5/53753368.html;Характеристики совпадают с ПТС;2 записи о регистрации;Не числится в розыске;Ограничений не обнаружено;Москве;дизель, 3.0 л;249 л.с., налог;АКПП;4WD;24 816 км;левый;4 поколение;зеленый;;;;
BMW;5-Series;2021;5100000;https://auto.drom.ru/moscow/bmw/5-series/53751513.html;;;;;Москве;бензин, 2.0 л;184 л.с., налог;АКПП;задний;52 000 км;левый;7 поколение, рестайлинг;синий;седан;520i AT Business;;
BMW;X3;2021;5250000;https://auto.drom.ru/moscow/bmw/x3/52928698.html;Характеристики совпадают с ПТС;1 запись о регистрации;Не числится в розыске;Ограничений не обнаружено;Москве;дизель, 2.0 л;190 л.с., налог;АКПП;4WD;36 850 км;левый;3 поколение;серый;;;;
BMW;X7;2021;9050000;https://auto.drom.ru/moscow/bmw/x7/52920558.html;Характеристики совпадают с ПТС;3 записи о регистрации;Не числится в розыске;Ограничений не обнаружено;Москве;бензин, 3.0 л;340 л.с., налог;АКПП;4WD;82 534 км;левый;1 поколение;белый;;xDrive40i AT M Sport Edition 21;;
BMW;3-Series;2021;4350000;https://auto.drom.ru/moscow/bmw/3-series/52042656.html;Характеристики совпадают с ПТС;1 запись о регистрации;Не числится в розыске;Ограничений не обнаружено;Москве;бензин, 2.0 л;184 л.с., налог;АКПП;задний;44 600 км;левый;7 поколение;синий;седан;;;
BMW;X3;2021;4650000;https://auto.drom.ru/moscow/bmw/x3/134568618.html;;;;;Москве;дизель, 2.0 л;190 л.с., налог;АКПП;4WD;52 000 км, без пробега по РФ;левый;3 поколение;серебристый;;;;
BMW;X7;2021;11995000;https://auto.drom.ru/voronezh/bmw/x7/299147150.html;Характеристики совпадают с ПТС;2 записи о регистрации;Не числится в розыске;Ограничений не обнаружено;Воронеже;дизель, 3.0 л;249 л.с., налог;АКПП;4WD;30 000 км;левый;1 поколение;белый;;xDrive30d AT M Sport Pro;;
BMW;7-Series;2021;12481880;https://auto.drom.ru/moscow/bmw/7-series/54033708.html;Характеристики совпадают с ПТС;3 записи о регистрации;Не числится в розыске;Есть ограничения;Москве;дизель, 3.0 л;249 л.с., налог;АКПП;4WD;99 000 км;левый;6 поколение, рестайлинг;серый;;;;
BMW;X1;2021;3900000;https://auto.drom.ru/moscow/bmw/x1/54032635.html;Характеристики совпадают с ПТС;2 записи о регистрации;Не числится в розыске;Ограничений не обнаружено;Москве;бензин, 1.5 л;140 л.с., налог;робот;передний;10 000 км;левый;2 поколение, рестайлинг;черный;;sDrive 18i SAT Advantage;;
BMW;X1;2021;2800000;https://auto.drom.ru/gomel/bmw/x1/54030005.html;;;;;Гомеле;бензин, 2.0 л;231 л.с., налог;робот;4WD;78 000 км;левый;2 поколение, рестайлинг;белый;;xDrive25i AT Sport Line;;
BMW;6-Series Gran Turismo;2021;6880000;https://auto.drom.ru/moscow/bmw/6-series_gran_turismo/432765744.html;Характеристики совпадают с ПТС;3 записи о регистрации;Не числится в розыске;Ограничений не обнаружено;Москве;дизель, 2.0 л;190 л.с., налог;АКПП;4WD;67 531 км;левый;1 поколение, рестайлинг;серый;;;;
BMW;X5;2021;8490000;https://auto.drom.ru/moscow/bmw/x5/52914953.html;Характеристики совпадают с ПТС;2 записи о регистрации;Не числится в розыске;Ограничений не обнаружено;Москве;дизель, 3.0 л;249 л.с., налог;АКПП;4WD;59 355 км;левый;4 поколение;синий;;xDrive 30d AT M Sport Plus;;
BMW;X6;2021;9250000;https://auto.drom.ru/moscow/bmw/x6/52911089.html;Характеристики совпадают с ПТС;1 запись о регистрации;Не числится в розыске;Ограничений не обнаружено;Москве;бензин, 3.0 л;340 л.с., налог;АКПП;4WD;96 083 км;левый;3 поколение;черный;;xDrive 40i AT M Sport Pure;;
BMW;X3;2021;5350000;https://auto.drom.ru/moscow/bmw/x3/52903971.html;Характеристики совпадают с ПТС;1 запись о регистрации;Не числится в розыске;Ограничений не обнаружено;Москве;бензин, 2.0 л;184 л.с., налог;АКПП;4WD;10 687 км;левый;3 поколение;белый;;;;
BMW;X6;2021;10450000;https://auto.drom.ru/moscow/bmw/x6/52903973.html;Характеристики совпадают с ПТС;2 записи о регистрации;Не числится в розыске;Ограничений не обнаружено;Москве;дизель, 3.0 л;249 л.с., налог;АКПП;4WD;11 692 км;левый;3 поколение;черный;;;;
BMW;X6;2021;14300000;https://auto.drom.ru/moscow/bmw/x6/327172153.html;Характеристики совпадают с ПТС;1 запись о регистрации;Не числится в розыске;Ограничений не обнаружено;Москве;бензин, 4.4 л;625 л.с., налог;АКПП;4WD;35 193 км;левый;3 поколение;черный;;M Competition;;
BMW;4-Series;2021;5420000;https://auto.drom.ru/spb/bmw/4-series/698477000.html;;;;;Санкт-Петербурге;дизель, 2.0 л;190 л.с., налог;АКПП;4WD;45 728 км;левый;2 поколение;белый;купе;;;
BMW;iX;2021;7260000;https://auto.drom.ru/moscow/bmw/ix/53686521.html;Характеристики совпадают с ПТС;3 записи о регистрации;Не числится в розыске;Ограничений не обнаружено;Москве;электро;523 л.с., налог;АКПП;4WD;28 172 км;левый;1 поколение;черный;;;;
BMW;6-Series Gran Turismo;2021;6599000;https://auto.drom.ru/moscow/bmw/6-series_gran_turismo/304689839.html;Характеристики совпадают с ПТС;5 записей о регистрации;Не числится в розыске;Ограничений не обнаружено;Москве;дизель, 3.0 л;249 л.с., налог;АКПП;4WD;50 100 км;левый;1 поколение, рестайлинг;белый;;;;
BMW;X5;2021;12790000;https://auto.drom.ru/moscow/bmw/x5/531260413.html;;;;;Москве;бензин, 4.4 л;600 л.с., налог;АКПП;4WD;43 520 км;левый;4 поколение;синий;;;;
BMW;5-Series;2021;4250000;https://auto.drom.ru/balashiha/bmw/5-series/52455233.html;Характеристики совпадают с ПТС;2 записи о регистрации;Не числится в розыске;Ограничений не обнаружено;Балашихе;бензин, 2.0 л;184 л.с., налог;АКПП;задний;57 261 км;левый;7 поколение, рестайлинг;черный;седан;;;
BMW;X5;2021;7898000;https://auto.drom.ru/moscow/bmw/x5/564596957.html;Характеристики совпадают с ПТС;1 запись о регистрации;Не числится в розыске;Ограничений не обнаружено;Москве;бензин, 3.0 л;340 л.с., налог;АКПП;4WD;86 105 км;левый;4 поколение;серый;;;;
BMW;X3;2021;5890000;https://auto.drom.ru/moscow/bmw/x3/54019378.html;Характеристики совпадают с ПТС;1 запись о регистрации;Не числится в розыске;Ограничений не обнаружено;Москве;дизель, 2.0 л;190 л.с., налог;АКПП;4WD;24 706 км;левый;3 поколение, рестайлинг;белый;;xDrive 20d AT Lifestyle;;
BMW;X3;2021;5999000;https://auto.drom.ru/moscow/bmw/x3/53337218.html;;;;;Москве;бензин, 3.0 л;387 л.с., налог;АКПП;4WD;46 594 км;левый;3 поколение;черный;;;;
BMW;5-Series;2021;4750000;https://auto.drom.ru/kazan/bmw/5-series/53336715.html;Характеристики совпадают с ПТС;1 запись о регистрации;Не числится в розыске;Ограничений не обнаружено;Казани;дизель, 2.0 л;190 л.с., налог;АКПП;задний;40 866 км;левый;7 поколение, рестайлинг;серый;седан;520d AT;;
BMW;X3;2021;4900000;https://auto.drom.ru/gomel/bmw/x3/53336112.html;;;;;Гомеле;бензин, 2.0 л;249 л.с., налог;АКПП;4WD;14 900 км;левый;3 поколение, рестайлинг;серый;;xDrive 30i AT Base;;
BMW;5-Series;2021;5380000;https://auto.drom.ru/moscow/bmw/5-series/53329246.html;Характеристики совпадают с ПТС;2 записи о регистрации;Не числится в розыске;Ограничений не обнаружено;Москве;дизель, 2.0 л;190 л.с., налог;АКПП;4WD;70 119 км;левый;7 поколение, рестайлинг;серый;седан;520d AT xDrive;;
BMW;X3;2021;5299000;https://auto.drom.ru/spb/bmw/x3/716105199.html;Характеристики совпадают с ПТС;2 записи о регистрации;Не числится в розыске;Ограничений не обнаружено;Санкт-Петербурге;дизель, 2.0 л;190 л.с., налог;АКПП;4WD;47 117 км;левый;3 поколение;черный;;xDrive 20d AT M Sport;;
BMW;X5;2021;9349000;https://auto.drom.ru/spb/bmw/x5/52892194.html;Характеристики совпадают с ПТС;2 записи о регистрации;Не числится в розыске;Ограничений не обнаружено;Санкт-Петербурге;дизель, 3.0 л;400 л.с., налог;АКПП;4WD;53 500 км;левый;4 поколение;синий;;;;
BMW;5-Series;2021;4747000;https://auto.drom.ru/moscow/bmw/5-series/307816463.html;Характеристики совпадают с ПТС;3 записи о регистрации;Не числится в розыске;Ограничений не обнаружено;Москве;дизель, 2.0 л;190 л.с., налог;АКПП;задний;35 705 км;левый;7 поколение, рестайлинг;черный;седан;520d AT;;
BMW;3-Series;2021;4699500;https://auto.drom.ru/moscow/bmw/3-series/53631629.html;Характеристики совпадают с ПТС;1 запись о регистрации;Не числится в розыске;Есть ограничения;Москве;бензин, 2.0 л;184 л.с., налог;АКПП;задний;9 959 км;левый;7 поколение;черный;седан;;;
BMW;3-Series;2021;4590000;https://auto.drom.ru/spb/bmw/3-series/222757299.html;Характеристики совпадают с ПТС;4 записи о регистрации;Не числится в розыске;Ограничений не обнаружено;Санкт-Петербурге;дизель, 2.0 л;190 л.с., налог;АКПП;4WD;33 686 км;левый;7 поколение;черный;седан;320d AT xDrive M Sport Pure;;
BMW;X1;2021;3928000;https://auto.drom.ru/moscow/bmw/x1/849511371.html;Характеристики совпадают с ПТС;1 запись о регистрации;Не числится в розыске;Ограничений не обнаружено;Москве;дизель, 2.0 л;150 л.с., налог;АКПП;4WD;33 861 км;левый;2 поколение, рестайлинг;серый;;xDrive 18d AT M Sport;;
BMW;X3;2021;4153000;https://auto.drom.ru/moscow/bmw/x3/231138212.html;Характеристики совпадают с ПТС;1 запись о регистрации;Не числится в розыске;Ограничений не обнаружено;Москве;бензин, 2.0 л;184 л.с., налог;АКПП;4WD;74 891 км;левый;3 поколение;черный;;;;
BMW;X3;2021;5905012;https://auto.drom.ru/minsk/bmw/x3/53726682.html;;;;;Минске;бензин, 3.0 л;387 л.с., налог;АКПП;4WD;8 830 км;левый;3 поколение, рестайлинг;синий;;;;
BMW;X5;2021;7700000;https://auto.drom.ru/kirov/bmw/x5/54061916.html;;;;;Кирове;дизель, 3.0 л;286 л.с., налог;АКПП;4WD;108 000 км, без пробега по РФ;левый;4 поколение;серый;;xDrive30d AT M Sport;;
BMW;X7;2021;8945000;https://auto.drom.ru/moscow/bmw/x7/610831950.html;Характеристики совпадают с ПТС;1 запись о регистрации;Не числится в розыске;Ограничений не обнаружено;Москве;дизель, 3.0 л;249 л.с., налог;АКПП;4WD;102 924 км;левый;1 поколение;черный;;xDrive30d AT M Sport Pro;;
BMW;X1;2021;2969000;https://auto.drom.ru/moscow/bmw/x1/54011171.html;Характеристики совпадают с ПТС;1 запись о регистрации;Не числится в розыске;Ограничений не обнаружено;Москве;бензин, 1.5 л;140 л.с., налог;робот;передний;29 842 км;левый;2 поколение, рестайлинг;синий;;;;
BMW;5-Series;2021;7020000;https://auto.drom.ru/moscow/bmw/5-series/53326049.html;Характеристики совпадают с ПТС;1 запись о регистрации;Не числится в розыске;Ограничений не обнаружено;Москве;дизель, 3.0 л;249 л.с., налог;АКПП;4WD;93 206 км;левый;7 поколение, рестайлинг;черный;седан;;;
BMW;4-Series;2021;6050000;https://auto.drom.ru/moscow/bmw/4-series/52882596.html;Характеристики совпадают с ПТС;1 запись о регистрации;Не числится в розыске;Ограничений не обнаружено;Москве;дизель, 2.0 л;190 л.с., налог;АКПП;задний;63 791 км;левый;2 поколение;черный;купе;;;
BMW;iX;2021;6990000;https://auto.drom.ru/spb/bmw/ix/52839473.html;;;;;Санкт-Петербурге;электро;523 л.с., налог;АКПП;4WD;25 000 км;левый;1 поколение;черный;;;;
BMW;5-Series;2021;6285000;https://auto.drom.ru/spb/bmw/5-series/52428716.html;Характеристики совпадают с ПТС;2 записи о регистрации;Не числится в розыске;Ограничений не обнаружено;Санкт-Петербурге;дизель, 3.0 л;249 л.с., налог;АКПП;4WD;70 000 км;левый;7 поколение, рестайлинг;черный;седан;;;
BMW;X4;2021;6190000;https://auto.drom.ru/moscow/bmw/x4/51972729.html;Характеристики совпадают с ПТС;1 запись о регистрации;Не числится в розыске;Ограничений не обнаружено;Москве;дизель, 2.0 л;190 л.с., налог;АКПП;4WD;46 656 км;левый;2 поколение;белый;;xDrive 20d AT M Sport;;
BMW;X3;2021;4785000;https://auto.drom.ru/moscow/bmw/x3/51613424.html;Характеристики совпадают с ПТС;1 запись о регистрации;Не числится в розыске;Ограничений не обнаружено;Москве;бензин, 2.0 л;184 л.с., налог;АКПП;4WD;17 760 км;левый;3 поколение;черный;;;;
BMW;X3;2021;5650000;https://auto.drom.ru/moscow/bmw/x3/308395850.html;Цвет не совпадает с ПТС;1 запись о регистрации;Не числится в розыске;Ограничений не обнаружено;Москве;бензин, 2.0 л;184 л.с., налог;АКПП;4WD;9 700 км;левый;3 поколение;черный;;xDrive 20i AT Luxury;;
BMW;X7;2021;10200000;https://auto.drom.ru/moscow/bmw/x7/653778418.html;;;;;Москве;дизель, 3.0 л;340 л.с., налог;АКПП;4WD;48 440 км, без пробега по РФ;левый;1 поколение;серый;;;;
BMW;X5;2021;7748000;https://auto.drom.ru/moscow/bmw/x5/891799685.html;Характеристики совпадают с ПТС;1 запись о регистрации;Не числится в розыске;Ограничений не обнаружено;Москве;бензин, 3.0 л;340 л.с., налог;АКПП;4WD;79 599 км;левый;4 поколение;черный;;;;
BMW;3-Series;2021;4173000;https://auto.drom.ru/kazan/bmw/3-series/465861437.html;Характеристики совпадают с ПТС;2 записи о регистрации;Не числится в розыске;Ограничений не обнаружено;Казани;дизель, 2.0 л;150 л.с., налог;АКПП;задний;31 502 км;левый;7 поколение;синий;седан;318d AT Sport Line;;
BMW;2-Series;2021;3545000;https://auto.drom.ru/spb/bmw/2-series/155938263.html;Характеристики совпадают с ПТС;1 запись о регистрации;Не числится в розыске;Ограничений не обнаружено;Санкт-Петербурге;бензин, 1.5 л;140 л.с., налог;робот;передний;9 300 км;левый;1 поколение, рестайлинг;серый;седан;;;
BMW;X7;2021;8778969;https://auto.drom.ru/minsk/bmw/x7/54003504.html;;;;;Минске;дизель, 3.0 л;249 л.с., налог;АКПП;4WD;46 000 км;левый;1 поколение;синий;;xDrive30d AT Exclusive;;
BMW;3-Series;2021;3317526;https://auto.drom.ru/minsk/bmw/3-series/52843325.html;;;;;Минске;бензин, 2.0 л;258 л.с., налог;АКПП;задний;29 000 км;левый;7 поколение;белый;седан;330i AT Luxury;;
BMW;X5;2021;10900000;https://auto.drom.ru/moscow/bmw/x5/480104032.html;Характеристики совпадают с ПТС;2 записи о регистрации;Не числится в розыске;Есть ограничения;Москве;бензин, 4.4 л;600 л.с., налог;АКПП;4WD;64 088 км;левый;4 поколение;черный;;M SE;;
BMW;3-Series;2021;4270000;https://auto.drom.ru/moscow/bmw/3-series/589452761.html;Характеристики совпадают с ПТС;1 запись о регистрации;Не числится в розыске;Ограничений не обнаружено;Москве;бензин, 2.0 л;258 л.с., налог;АКПП;4WD;34 200 км;левый;7 поколение;серый;седан;;;
BMW;X4;2021;5790000;https://auto.drom.ru/spb/bmw/x4/515742407.html;Характеристики совпадают с ПТС;1 запись о регистрации;Не числится в розыске;Ограничений не обнаружено;Санкт-Петербурге;дизель, 2.0 л;190 л.с., налог;АКПП;4WD;37 035 км;левый;2 поколение;черный;;xDrive 20d AT M Sport;;
BMW;5-Series;2021;5699789;https://auto.drom.ru/spb/bmw/5-series/135197260.html;Характеристики совпадают с ПТС;3 записи о регистрации;Не числится в розыске;Ограничений не обнаружено;Санкт-Петербурге;дизель, 2.0 л;190 л.с., налог;АКПП;4WD;30 337 км;левый;7 поколение, рестайлинг;черный;седан;520d AT xDrive;;
BMW;M5;2021;16800000;https://auto.drom.ru/moscow/bmw/m5/345919923.html;Характеристики совпадают с ПТС;1 запись о регистрации;Не числится в розыске;Ограничений не обнаружено;Москве;бензин, 4.4 л;635 л.с., налог;АКПП;4WD;14 420 км;левый;6 поколение, рестайлинг;зеленый;седан;;;
BMW;X7;2021;11299000;https://auto.drom.ru/spb/bmw/x7/734927189.html;Характеристики совпадают с ПТС;2 записи о регистрации;Не числится в розыске;Ограничений не обнаружено;Санкт-Петербурге;дизель, 3.0 л;249 л.с., налог;АКПП;4WD;56 696 км;левый;1 поколение;серый;;xDrive30d AT M Sport Pro;;
BMW;X7;2021;12475000;https://auto.drom.ru/moscow/bmw/x7/742249745.html;Характеристики совпадают с ПТС;2 записи о регистрации;Не числится в розыске;Ограничений не обнаружено;Москве;дизель, 3.0 л;400 л.с., налог;АКПП;4WD;34 393 км;левый;1 поколение;черный;;;;
BMW;3-Series;2021;3799000;https://auto.drom.ru/ivanovo/bmw/3-series/874513373.html;Характеристики совпадают с ПТС;1 запись о регистрации;Не числится в розыске;Ограничений не обнаружено;Иваново;дизель, 2.0 л;150 л.с., налог;АКПП;задний;32 390 км;левый;7 поколение;красный;седан;;;
BMW;5-Series;2021;4635000;https://auto.drom.ru/moscow/bmw/5-series/53996973.html;Характеристики совпадают с ПТС;3 записи о регистрации;Не числится в розыске;Ограничений не обнаружено;Москве;дизель, 2.0 л;190 л.с., налог;АКПП;задний;82 875 км;левый;7 поколение, рестайлинг;черный;седан;520d AT;;
BMW;X5;2021;8700000;https://auto.drom.ru/ulyanovsk/bmw/x5/53710325.html;Характеристики совпадают с ПТС;1 запись о регистрации;Не числится в розыске;Ограничений не обнаружено;Ульяновске;дизель, 3.0 л;249 л.с., налог;АКПП;4WD;80 000 км;левый;4 поколение;черный;;xDrive 30d AT M Sport Pro;;
BMW;5-Series;2021;4800000;https://auto.drom.ru/moscow/bmw/5-series/944753640.html;Характеристики совпадают с ПТС;1 запись о регистрации;Не числится в розыске;Ограничений не обнаружено;Москве;дизель, 2.0 л;190 л.с., налог;АКПП;задний;126 666 км;левый;7 поколение, рестайлинг;черный;седан;520d AT;;
BMW;7-Series;2021;7750000;https://auto.drom.ru/moscow/bmw/7-series/53707774.html;;;;;Москве;дизель, 3.0 л;249 л.с., налог;АКПП;4WD;8 000 км;левый;6 поколение, рестайлинг;черный;;;;
BMW;X6;2021;13399000;https://auto.drom.ru/spb/bmw/x6/53704412.html;Цвет не совпадает с ПТС;3 записи о регистрации;Не числится в розыске;Ограничений не обнаружено;Санкт-Петербурге;бензин, 4.4 л;600 л.с., налог;АКПП;4WD;28 223 км;левый;3 поколение;синий;;;;
BMW;X3;2021;6200000;https://auto.drom.ru/molodechno/bmw/x3/52877298.html;;;;;Молодечно;бензин, 3.0 л;387 л.с., налог;АКПП;4WD;27 000 км;левый;3 поколение, рестайлинг;белый;;xDrive M40i AT M Special;;
BMW;6-Series Gran Turismo;2021;6150000;https://auto.drom.ru/moscow/bmw/6-series_gran_turismo/52866337.html;Характеристики совпадают с ПТС;1 запись о регистрации;Не числится в розыске;Ограничений не обнаружено;Москве;дизель, 2.0 л;190 л.с., налог;АКПП;4WD;56 500 км;левый;1 поколение, рестайлинг;серый;;;;
BMW;X4;2021;6359000;https://auto.drom.ru/nizhniy-novgorod/bmw/x4/52863536.html;Характеристики совпадают с ПТС;1 запись о регистрации;Не числится в розыске;Ограничений не обнаружено;Нижнем Новгороде;дизель, 2.0 л;190 л.с., налог;АКПП;4WD;65 500 км;левый;2 поколение;красный;;;;
BMW;3-Series;2021;3950000;https://auto.drom.ru/kostroma/bmw/3-series/317391954.html;Характеристики совпадают с ПТС;1 запись о регистрации;Не числится в розыске;Ограничений не обнаружено;Костроме;бензин, 2.0 л;184 л.с., налог;АКПП;4WD;121 000 км;левый;7 поколение;черный;седан;320i AT xDrive Sport Line;;
BMW;3-Series;2021;4750000;https://auto.drom.ru/moscow/bmw/3-series/53230262.html;;;;;Москве;бензин, 2.0 л;258 л.с., налог;АКПП;4WD;21 000 км;левый;7 поколение;белый;седан;330i AT xDrive M Sport;;
BMW;3-Series;2021;4084000;https://auto.drom.ru/kazan/bmw/3-series/685274681.html;Характеристики совпадают с ПТС;2 записи о регистрации;Не числится в розыске;Ограничений не обнаружено;Казани;бензин, 2.0 л;156 л.с., налог;АКПП;задний;42 104 км;левый;7 поколение;белый;седан;318i AT SE;;
BMW;X4;2021;5595000;https://auto.drom.ru/yaroslavl/bmw/x4/349874036.html;Характеристики совпадают с ПТС;1 запись о регистрации;Не числится в розыске;Ограничений не обнаружено;Ярославле;дизель, 2.0 л;190 л.с., налог;АКПП;4WD;24 600 км;левый;2 поколение;красный;;;;
BMW;5-Series;2021;5250000;https://auto.drom.ru/spb/bmw/5-series/702228094.html;Характеристики совпадают с ПТС;1 запись о регистрации;Не числится в розыске;Ограничений не обнаружено;Санкт-Петербурге;дизель, 2.0 л;195 л.с., налог;АКПП;задний;53 000 км;левый;7 поколение, рестайлинг;серый;седан;520d AT Base;;
BMW;X3;2021;8224508;https://auto.drom.ru/minsk/bmw/x3/206974655.html;;;;;Минске;бензин, 3.0 л;510 л.с., налог;АКПП;4WD;27 000 км;левый;3 поколение, рестайлинг;черный;;M Competition;;
BMW;5-Series;2021;5900000;https://auto.drom.ru/moscow/bmw/5-series/163239394.html;Характеристики совпадают с ПТС;2 записи о регистрации;Не числится в розыске;Ограничений не обнаружено;Москве;дизель, 2.0 л;195 л.с., налог;АКПП;4WD;57 000 км;левый;7 поколение, рестайлинг;черный;седан;520d AT xDrive M Sport Pure;;
BMW;5-Series;2021;7550000;https://auto.drom.ru/moscow/bmw/5-series/53552835.html;Характеристики совпадают с ПТС;2 записи о регистрации;Не числится в розыске;Ограничений не обнаружено;Москве;дизель, 3.0 л;249 л.с., налог;АКПП;4WD;46 000 км;левый;7 поколение, рестайлинг;серый;седан;;;
BMW;5-Series;2021;4480700;https://auto.drom.ru/moscow/bmw/5-series/438087905.html;Характеристики совпадают с ПТС;1 запись о регистрации;Не числится в розыске;Ограничений не обнаружено;Москве;дизель, 2.0 л;190 л.с., налог;АКПП;4WD;102 823 км;левый;7 поколение, рестайлинг;черный;седан;520d AT xDrive;;
BMW;3-Series;2021;5490000;https://auto.drom.ru/moscow/bmw/3-series/53995997.html;Характеристики совпадают с ПТС;1 запись о регистрации;Не числится в розыске;Ограничений не обнаружено;Москве;дизель, 2.0 л;190 л.с., налог;АКПП;4WD;12 767 км;левый;7 поколение;черный;седан;320d AT xDrive M Sport Pro;;
BMW;8-Series;2021;11200000;https://auto.drom.ru/moscow/bmw/8-series/53696196.html;Характеристики совпадают с ПТС;1 запись о регистрации;Не числится в розыске;Ограничений не обнаружено;Москве;дизель, 3.0 л;320 л.с., налог;АКПП;4WD;57 877 км;левый;2 поколение;зеленый;седан;840d AT xDrive Venezia Edition;;
BMW;5-Series;2021;7555000;https://auto.drom.ru/moscow/bmw/5-series/53297959.html;Характеристики совпадают с ПТС;2 записи о регистрации;Не числится в розыске;Ограничений не обнаружено;Москве;дизель, 3.0 л;249 л.с., налог;АКПП;4WD;57 707 км;левый;7 поколение, рестайлинг;серый;седан;;;
BMW;X6;2021;9949700;https://auto.drom.ru/moscow/bmw/x6/52795063.html;Характеристики совпадают с ПТС;2 записи о регистрации;Не числится в розыске;Ограничений не обнаружено;Москве;дизель, 3.0 л;340 л.с., налог;АКПП;4WD;33 965 км;левый;3 поколение;белый;;xDrive 40d AT M Sport Pro;;
BMW;5-Series;2021;4990000;https://auto.drom.ru/moscow/bmw/5-series/630961363.html;Характеристики совпадают с ПТС;1 запись о регистрации;Не числится в розыске;Ограничений не обнаружено;Москве;дизель, 2.0 л;190 л.с., налог;АКПП;4WD;89 105 км;левый;7 поколение, рестайлинг;черный;седан;520d AT xDrive;;
BMW;X5;2021;7490000;https://auto.drom.ru/saratov/bmw/x5/936410324.html;Характеристики совпадают с ПТС;1 запись о регистрации;Не числится в розыске;Ограничений не обнаружено;Саратове;дизель, 2.0 л;231 л.с., налог;АКПП;4WD;83 810 км;левый;4 поколение;серый;;;;
BMW;5-Series;2021;4600000;https://auto.drom.ru/moscow/bmw/5-series/598549707.html;Характеристики совпадают с ПТС;1 запись о регистрации;Не числится в розыске;Ограничений не обнаружено;Москве;дизель, 2.0 л;190 л.с., налог;АКПП;задний;12 668 км;левый;7 поколение, рестайлинг;черный;седан;520d AT;;
BMW;X5;2021;6459473;https://auto.drom.ru/minsk/bmw/x5/53676190.html;;;;;Минске;дизель, 2.0 л;231 л.с., налог;АКПП;4WD;52 000 км;левый;4 поколение;черный;;xDrive25d AT xLine;;
BMW;X4;2021;6399000;https://auto.drom.ru/spb/bmw/x4/663344715.html;Характеристики совпадают с ПТС;1 запись о регистрации;Не числится в розыске;Ограничений не обнаружено;Санкт-Петербурге;дизель, 2.0 л;190 л.с., налог;АКПП;4WD;34 824 км;левый;2 поколение;красный;;;;
BMW;X3;2021;3645582;https://auto.drom.ru/minsk/bmw/x3/52837176.html;;;;;Минске;бензин, 2.0 л;249 л.с., налог;АКПП;4WD;12 500 км;левый;3 поколение;черный;;;;
BMW;X7;2021;10480000;https://auto.drom.ru/moscow/bmw/x7/212856765.html;Характеристики совпадают с ПТС;1 запись о регистрации;Не числится в розыске;Ограничений не обнаружено;Москве;дизель, 3.0 л;249 л.с., налог;АКПП;4WD;67 147 км;левый;1 поколение;серый;;;;
BMW;X3;2021;5750000;https://auto.drom.ru/moscow/bmw/x3/53677282.html;Характеристики совпадают с ПТС;1 запись о регистрации;Не числится в розыске;Ограничений не обнаружено;Москве;дизель, 2.0 л;190 л.с., налог;АКПП;4WD;13 838 км;левый;3 поколение;серый;;;;
BMW;X3;2021;5490000;https://auto.drom.ru/moscow/bmw/x3/53677236.html;;;;;Москве;бензин, 2.0 л;249 л.с., налог;АКПП;4WD;13 807 км;левый;3 поколение;серый;;;;
BMW;X6;2021;10950000;https://auto.drom.ru/moscow/bmw/x6/53986004.html;Характеристики совпадают с ПТС;2 записи о регистрации;Не числится в розыске;Ограничений не обнаружено;Москве;дизель, 3.0 л;249 л.с., налог;АКПП;4WD;64 000 км;левый;3 поколение;черный;;xDrive 30d AT M Sport Pro;;
BMW;X5;2021;8590000;https://auto.drom.ru/moscow/bmw/x5/53212611.html;Характеристики совпадают с ПТС;1 запись о регистрации;Не числится в розыске;Ограничений не обнаружено;Москве;дизель, 3.0 л;286 л.с., налог;АКПП;4WD;40 723 км;левый;4 поколение;черный;;xDrive30d AT M Sport;;
BMW;X5;2021;8390000;https://auto.drom.ru/kazan/bmw/x5/858502375.html;Характеристики совпадают с ПТС;1 запись о регистрации;Не числится в розыске;Ограничений не обнаружено;Казани;бензин, 3.0 л;340 л.с., налог;АКПП;4WD;71 184 км;левый;4 поколение;синий;;;;
BMW;7-Series;2021;12845018;https://auto.drom.ru/minsk/bmw/7-series/52310288.html;;;;;Минске;дизель, 3.0 л;249 л.с., налог;АКПП;4WD;44 000 км;левый;6 поколение, рестайлинг;серый;;730Ld AT xDrive Executive;;
BMW;X7;2021;6900000;https://auto.drom.ru/moscow/bmw/x7/464802628.html;Характеристики совпадают с ПТС;1 запись о регистрации;Не числится в розыске;Ограничений не обнаружено;Москве;дизель, 3.0 л;249 л.с., налог;АКПП;4WD;42 591 км;левый;1 поколение;белый;;xDrive30d AT M Sport Plus;требуется ремонт или не на ходу;
BMW;5-Series;2021;5848000;https://auto.drom.ru/kazan/bmw/5-series/465674382.html;Характеристики совпадают с ПТС;1 запись о регистрации;Не числится в розыске;Ограничений не обнаружено;Казани;дизель, 2.0 л;190 л.с., налог;АКПП;4WD;44 947 км;левый;7 поколение, рестайлинг;черный;седан;520d AT xDrive;;
BMW;2-Series;2021;3099000;https://auto.drom.ru/moscow/bmw/2-series/834598417.html;Характеристики совпадают с ПТС;2 записи о регистрации;Не числится в розыске;Ограничений не обнаружено;Москве;бензин, 1.5 л;140 л.с., налог;робот;передний;52 243 км;левый;1 поколение, рестайлинг;красный;седан;;;
BMW;X3;2021;5700000;https://auto.drom.ru/moscow/bmw/x3/53975319.html;Характеристики совпадают с ПТС;1 запись о регистрации;Не числится в розыске;Ограничений не обнаружено;Москве;бензин, 2.0 л;249 л.с., налог;АКПП;4WD;8 755 км;левый;3 поколение;синий;;;;
BMW;X6;2021;10330000;https://auto.drom.ru/moscow/bmw/x6/53975054.html;Характеристики совпадают с ПТС;3 записи о регистрации;Не числится в розыске;Ограничений не обнаружено;Москве;дизель, 3.0 л;249 л.с., налог;АКПП;4WD;42 456 км;левый;3 поколение;черный;;;;
BMW;iX;2021;6490000;https://auto.drom.ru/balashiha/bmw/ix/52820943.html;;;;;Балашихе;электро;523 л.с., налог;АКПП;4WD;6 571 км;левый;1 поколение;белый;;;;
BMW;X3;2021;5150000;https://auto.drom.ru/voronezh/bmw/x3/51954545.html;Характеристики совпадают с ПТС;1 запись о регистрации;Не числится в розыске;Ограничений не обнаружено;Воронеже;дизель, 2.0 л;190 л.с., налог;АКПП;4WD;52 000 км;левый;3 поколение;черный;;;;
BMW;5-Series;2021;9100000;https://auto.drom.ru/moscow/bmw/5-series/51114819.html;;;;;Москве;дизель, 3.0 л;286 л.с., налог;АКПП;4WD;30 900 км;левый;7 поколение, рестайлинг;серый;универсал;530d AT xDrive;;
BMW;X6;2021;9240928;https://auto.drom.ru/minsk/bmw/x6/53917201.html;;;;;Минске;бензин, 4.4 л;530 л.с., налог;АКПП;4WD;24 000 км;левый;3 поколение;серый;;xDrive M50i AT M Special;;
BMW;X5;2021;8499000;https://auto.drom.ru/moscow/bmw/x5/551357268.html;;;;;Москве;дизель, 3.0 л;286 л.с., налог;АКПП;4WD;17 000 км, без пробега по РФ;левый;4 поколение;черный;;xDrive30d AT M Sport;;
BMW;iX;2021;7390000;https://auto.drom.ru/moscow/bmw/ix/367245743.html;;;;;Москве;электро;523 л.с., налог;АКПП;4WD;;левый;1 поколение;синий;;;;
BMW;iX;2021;7390000;https://auto.drom.ru/moscow/bmw/ix/420451585.html;;;;;Москве;электро;523 л.с., налог;АКПП;4WD;;левый;1 поколение;синий;;;;
BMW;X4;2021;5100000;https://auto.drom.ru/moscow/bmw/x4/735039005.html;Характеристики совпадают с ПТС;3 записи о регистрации;Не числится в розыске;Ограничений не обнаружено;Москве;дизель, 2.0 л;190 л.с., налог;АКПП;4WD;90 170 км;левый;2 поколение;серый;;xDrive 20d AT M Sport;;
BMW;X4;2021;5490000;https://auto.drom.ru/moscow/bmw/x4/701973532.html;Характеристики совпадают с ПТС;1 запись о регистрации;Не числится в розыске;Ограничений не обнаружено;Москве;дизель, 2.0 л;190 л.с., налог;АКПП;4WD;98 000 км;левый;2 поколение;серый;;;;
BMW;X7;2021;8600000;https://auto.drom.ru/moscow/bmw/x7/748588330.html;Характеристики совпадают с ПТС;2 записи о регистрации;Не числится в розыске;Ограничений не обнаружено;Москве;дизель, 3.0 л;249 л.с., налог;АКПП;4WD;69 900 км;левый;1 поколение;черный;;xDrive30d AT Exclusive;;
BMW;X1;2021;3445000;https://auto.drom.ru/moscow/bmw/x1/841518369.html;Характеристики совпадают с ПТС;1 запись о регистрации;Не числится в розыске;Ограничений не обнаружено;Москве;бензин, 1.5 л;140 л.с., налог;робот;передний;49 232 км;левый;2 поколение, рестайлинг;черный;;;;
BMW;X4;2021;6150000;https://auto.drom.ru/moscow/bmw/x4/901967939.html;Цвет не совпадает с ПТС;1 запись о регистрации;Не числится в розыске;Ограничений не обнаружено;Москве;дизель, 2.0 л;190 л.с., налог;АКПП;4WD;42 921 км;левый;2 поколение;черный;;;;
BMW;X1;2021;2490455;https://auto.drom.ru/minsk/bmw/x1/52781457.html;;;;;Минске;бензин, 2.0 л;192 л.с., налог;робот;передний;21 000 км;левый;2 поколение, рестайлинг;черный;;sDrive 25Li SAT Leading;;
BMW;X7;2021;9610000;https://auto.drom.ru/moscow/bmw/x7/53972794.html;Характеристики совпадают с ПТС;2 записи о регистрации;Не числится в розыске;Ограничений не обнаружено;Москве;дизель, 3.0 л;249 л.с., налог;АКПП;4WD;48 875 км;левый;1 поколение;черный;;;;
BMW;X4;2021;6025000;https://auto.drom.ru/moscow/bmw/x4/53656989.html;Характеристики совпадают с ПТС;1 запись о регистрации;Не числится в розыске;Ограничений не обнаружено;Москве;дизель, 2.0 л;190 л.с., налог;АКПП;4WD;57 465 км;левый;2 поколение;черный;;xDrive 20d AT M Sport;;
BMW;X7;2021;10250000;https://auto.drom.ru/moscow/bmw/x7/53656964.html;Характеристики совпадают с ПТС;1 запись о регистрации;Не числится в розыске;Ограничений не обнаружено;Москве;дизель, 3.0 л;340 л.с., налог;АКПП;4WD;99 000 км;левый;1 поколение;черный;;;;
BMW;X1;2021;3485000;https://auto.drom.ru/spb/bmw/x1/52377964.html;Характеристики совпадают с ПТС;1 запись о регистрации;Не числится в розыске;Ограничений не обнаружено;Санкт-Петербурге;дизель, 2.0 л;150 л.с., налог;АКПП;4WD;45 891 км;левый;2 поколение, рестайлинг;черный;;xDrive 18d AT Sport Line;;
BMW;X6;2021;8835000;https://auto.drom.ru/spb/bmw/x6/450619136.html;Характеристики совпадают с ПТС;2 записи о регистрации;Не числится в розыске;Есть ограничения;Санкт-Петербурге;дизель, 3.0 л;249 л.с., налог;АКПП;4WD;42 333 км;левый;3 поколение;черный;;;;
BMW;X3;2021;5149700;https://auto.drom.ru/moscow/bmw/x3/949427155.html;Характеристики совпадают с ПТС;2 записи о регистрации;Не числится в розыске;Ограничений не обнаружено;Москве;дизель, 2.0 л;190 л.с., налог;АКПП;4WD;38 907 км;левый;3 поколение;белый;;xDrive 20d AT M Sport;;
BMW;X5;2021;6990000;https://auto.drom.ru/moscow/bmw/x5/479495407.html;;;;;Москве;дизель, 3.0 л;340 л.с., налог;АКПП;4WD;99 300 км, без пробега по РФ;левый;4 поколение;черный;;xDrive40d AT M Sport;;
BMW;5-Series;2021;5319700;https://auto.drom.ru/moscow/bmw/5-series/755671922.html;Характеристики совпадают с ПТС;2 записи о регистрации;Не числится в розыске;Ограничений не обнаружено;Москве;дизель, 2.0 л;190 л.с., налог;АКПП;4WD;29 288 км;левый;7 поколение, рестайлинг;серый;седан;520d AT xDrive;;
BMW;3-Series;2021;4210000;https://auto.drom.ru/moscow/bmw/3-series/454003416.html;Характеристики совпадают с ПТС;1 запись о регистрации;Не числится в розыске;Ограничений не обнаружено;Москве;дизель, 2.0 л;190 л.с., налог;АКПП;4WD;69 528 км;левый;7 поколение;белый;седан;;;
BMW;X5;2021;10848000;https://auto.drom.ru/moscow/bmw/x5/458430492.html;Характеристики совпадают с ПТС;2 записи о регистрации;Не числится в розыске;Ограничений не обнаружено;Москве;дизель, 3.0 л;400 л.с., налог;АКПП;4WD;33 435 км;левый;4 поколение;черный;;;;
BMW;4-Series;2021;7050000;https://auto.drom.ru/togliatti/bmw/4-series/52943873.html;Характеристики совпадают с ПТС;3 записи о регистрации;Не числится в розыске;Ограничений не обнаружено;Тольятти;бензин, 2.0 л;184 л.с., налог;АКПП;4WD;6 558 км;левый;2 поколение;зеленый;купе;;;
BMW;X3;2021;6350000;https://auto.drom.ru/moscow/bmw/x3/579518035.html;Характеристики совпадают с ПТС;1 запись о регистрации;Не числится в розыске;Ограничений не обнаружено;Москве;бензин, 2.0 л;252 л.с., налог;автомат;4WD;4 005 км;левый;;серый;;;;
BMW;X5;2021;11800000;https://auto.drom.ru/moscow/bmw/x5/499377368.html;Характеристики совпадают с ПТС;1 запись о регистрации;Не числится в розыске;Ограничений не обнаружено;Москве;дизель, 3.0 л;249 л.с., налог;АКПП;4WD;37 988 км;левый;4 поколение;синий;;;;
BMW;5-Series;2021;5700000;https://auto.drom.ru/spb/bmw/5-series/177396757.html;Характеристики совпадают с ПТС;1 запись о регистрации;Не числится в розыске;Ограничений не обнаружено;Санкт-Петербурге;бензин, 2.0 л;249 л.с., налог;АКПП;4WD;62 823 км;левый;7 поколение, рестайлинг;черный;седан;;;
BMW;X5;2021;7450000;https://auto.drom.ru/spb/bmw/x5/916966539.html;Характеристики совпадают с ПТС;1 запись о регистрации;Не числится в розыске;Ограничений не обнаружено;Санкт-Петербурге;дизель, 2.0 л;231 л.с., налог;АКПП;4WD;89 514 км;левый;4 поколение;черный;;xDrive 25d AT Business;;
BMW;X1;2021;4360000;https://auto.drom.ru/moscow/bmw/x1/53969479.html;Характеристики совпадают с ПТС;2 записи о регистрации;Не числится в розыске;Ограничений не обнаружено;Москве;бензин, 2.0 л;192 л.с., налог;АКПП;4WD;20 614 км;левый;2 поколение, рестайлинг;белый;;xDrive 20i AT M Sport;;
BMW;X3;2021;5900000;https://auto.drom.ru/gomel/bmw/x3/53648050.html;;;;;Гомеле;дизель, 2.0 л;190 л.с., налог;АКПП;4WD;13 000 км;левый;3 поколение, рестайлинг;черный;;xDrive 20d AT Base;;
BMW;4-Series;2021;5510000;https://auto.drom.ru/spb/bmw/4-series/53236907.html;Характеристики совпадают с ПТС;2 записи о регистрации;Не числится в розыске;Ограничений не обнаружено;Санкт-Петербурге;дизель, 2.0 л;190 л.с., налог;АКПП;4WD;83 000 км;левый;2 поколение;синий;купе;;;
BMW;4-Series;2021;6195000;https://auto.drom.ru/moscow/bmw/4-series/52786075.html;Характеристики совпадают с ПТС;1 запись о регистрации;Не числится в розыске;Ограничений не обнаружено;Москве;дизель, 2.0 л;190 л.с., налог;АКПП;4WD;73 595 км;левый;2 поколение;зеленый;купе;;;
BMW;X5;2021;7247000;https://auto.drom.ru/moscow/bmw/x5/52359766.html;Характеристики совпадают с ПТС;2 записи о регистрации;Не числится в розыске;Ограничений не обнаружено;Москве;дизель, 3.0 л;249 л.с., налог;АКПП;4WD;63 331 км;левый;4 поколение;черный;;;;
BMW;X3;2021;4990000;https://auto.drom.ru/moscow/bmw/x3/52349084.html;Характеристики совпадают с ПТС;1 запись о регистрации;Не числится в розыске;Ограничений не обнаружено;Москве;дизель, 2.0 л;190 л.с., налог;АКПП;4WD;41 384 км;левый;3 поколение;серый;;;;
BMW;X4;2021;6650000;https://auto.drom.ru/moscow/bmw/x4/264164885.html;Характеристики совпадают с ПТС;1 запись о регистрации;Не числится в розыске;Ограничений не обнаружено;Москве;бензин, 2.0 л;249 л.с., налог;АКПП;4WD;21 729 км;левый;2 поколение;красный;;xDrive 30i AT M Sport;;
BMW;X6;2021;9980000;https://auto.drom.ru/yaroslavl/bmw/x6/633402688.html;Характеристики совпадают с ПТС;1 запись о регистрации;Не числится в розыске;Есть ограничения;Ярославле;дизель, 3.0 л;286 л.с., налог;АКПП;4WD;28 697 км;левый;3 поколение;серый;;xDrive30d M Sport;;
BMW;X5;2021;13980000;https://auto.drom.ru/moscow/bmw/x5/590100607.html;Характеристики совпадают с ПТС;2 записи о регистрации;Не числится в розыске;Ограничений не обнаружено;Москве;дизель, 3.0 л;400 л.с., налог;АКПП;4WD;27 000 км;левый;4 поколение;серый;;xDrive M50d AT M Special;;
BMW;3-Series;2021;3390000;https://auto.drom.ru/moscow/bmw/3-series/338420118.html;;;;;Москве;бензин, 2.0 л;258 л.с., налог;АКПП;задний;95 000 км;левый;7 поколение;белый;седан;330i AT M Sport;документы с проблемами, пРОБЛЕМ НЕТ С ДОКУМЕНТАМИ;
BMW;5-Series;2021;5499000;https://auto.drom.ru/moscow/bmw/5-series/53630088.html;Характеристики совпадают с ПТС;2 записи о регистрации;Не числится в розыске;Ограничений не обнаружено;Москве;дизель, 3.0 л;249 л.с., налог;АКПП;4WD;98 253 км;левый;7 поколение, рестайлинг;черный;седан;;;
BMW;X5;2021;9800000;https://auto.drom.ru/moscow/bmw/x5/53963216.html;;;;;Москве;дизель, 3.0 л;340 л.с., налог;АКПП;4WD;28 000 км;левый;4 поколение;серый;;;;
BMW;X2;2021;3495000;https://auto.drom.ru/moscow/bmw/x2/53633363.html;Характеристики совпадают с ПТС;1 запись о регистрации;Не числится в розыске;Ограничений не обнаружено;Москве;бензин, 1.5 л;140 л.с., налог;робот;передний;37 558 км;левый;1 поколение;синий;;;;
BMW;X6;2021;10490000;https://auto.drom.ru/moscow/bmw/x6/53335932.html;Характеристики совпадают с ПТС;2 записи о регистрации;Не числится в розыске;Ограничений не обнаружено;Москве;бензин, 3.0 л;340 л.с., налог;АКПП;4WD;50 300 км;левый;3 поколение;черный;;;;
BMW;X7;2021;8795000;https://auto.drom.ru/moscow/bmw/x7/53226862.html;Характеристики совпадают с ПТС;1 запись о регистрации;Не числится в розыске;Ограничений не обнаружено;Москве;бензин, 3.0 л;340 л.с., налог;АКПП;4WD;105 823 км;левый;1 поколение;черный;;;;
BMW;5-Series;2021;5990000;https://auto.drom.ru/moscow/bmw/5-series/53223027.html;Характеристики совпадают с ПТС;2 записи о регистрации;Не числится в розыске;Ограничений не обнаружено;Москве;дизель, 2.0 л;190 л.с., налог;АКПП;4WD;53 149 км;левый;7 поколение, рестайлинг;серый;седан;520d AT xDrive;;
BMW;6-Series Gran Turismo;2021;7425000;https://auto.drom.ru/moscow/bmw/6-series_gran_turismo/53220249.html;Характеристики совпадают с ПТС;3 записи о регистрации;Не числится в розыске;Ограничений не обнаружено;Москве;дизель, 3.0 л;249 л.с., налог;АКПП;4WD;65 215 км;левый;1 поколение, рестайлинг;серый;;;;
BMW;4-Series;2021;6599000;https://auto.drom.ru/spb/bmw/4-series/52774593.html;Характеристики совпадают с ПТС;1 запись о регистрации;Не числится в розыске;Ограничений не обнаружено;Санкт-Петербурге;бензин, 2.0 л;258 л.с., налог;автомат;задний;29 504 км;левый;;черный;купе;;;
BMW;X3;2021;6040000;https://auto.drom.ru/moscow/bmw/x3/52711555.html;Характеристики совпадают с ПТС;1 запись о регистрации;Не числится в розыске;Ограничений не обнаружено;Москве;дизель, 3.0 л;249 л.с., налог;АКПП;4WD;87 642 км;левый;3 поколение;черный;;xDrive 30d AT M Sport;;
BMW;X6;2021;10290000;https://auto.drom.ru/moscow/bmw/x6/52037306.html;Характеристики совпадают с ПТС;2 записи о регистрации;Не числится в розыске;Ограничений не обнаружено;Москве;дизель, 3.0 л;340 л.с., налог;АКПП;4WD;73 174 км;левый;3 поколение;синий;;;;
BMW;5-Series;2021;7450000;https://auto.drom.ru/moscow/bmw/5-series/51512961.html;Характеристики совпадают с ПТС;1 запись о регистрации;Не числится в розыске;Ограничений не обнаружено;Москве;дизель, 3.0 л;249 л.с., налог;АКПП;4WD;29 990 км;левый;7 поколение, рестайлинг;черный;седан;;;
BMW;5-Series;2021;4990000;https://auto.drom.ru/moscow/bmw/5-series/564624074.html;Характеристики совпадают с ПТС;2 записи о регистрации;Не числится в розыске;Ограничений не обнаружено;Москве;дизель, 2.0 л;190 л.с., налог;АКПП;4WD;59 827 км;левый;7 поколение, рестайлинг;белый;седан;520d AT xDrive;;
BMW;5-Series;2021;7699999;https://auto.drom.ru/moscow/bmw/5-series/478049650.html;Характеристики совпадают с ПТС;2 записи о регистрации;Не числится в розыске;Ограничений не обнаружено;Москве;дизель, 3.0 л;249 л.с., налог;АКПП;4WD;32 550 км;левый;7 поколение, рестайлинг;серый;седан;530d AT xDrive M Sport Pro;;
BMW;X7;2021;9659000;https://auto.drom.ru/spb/bmw/x7/123738530.html;Характеристики совпадают с ПТС;3 записи о регистрации;Не числится в розыске;Ограничений не обнаружено;Санкт-Петербурге;дизель, 3.0 л;340 л.с., налог;АКПП;4WD;85 500 км;левый;1 поколение;серый;;xDrive40d AT M Sport Pro;;
BMW;X5;2021;8288000;https://auto.drom.ru/moscow/bmw/x5/350161197.html;Характеристики совпадают с ПТС;1 запись о регистрации;Не числится в розыске;Ограничений не обнаружено;Москве;бензин, 3.0 л;340 л.с., налог;АКПП;4WD;17 145 км;левый;4 поколение;черный;;;;
BMW;5-Series;2021;5190000;https://auto.drom.ru/spb/bmw/5-series/675974900.html;Характеристики совпадают с ПТС;2 записи о регистрации;Не числится в розыске;Ограничений не обнаружено;Санкт-Петербурге;дизель, 2.0 л;190 л.с., налог;АКПП;4WD;168 100 км;левый;7 поколение, рестайлинг;черный;седан;520d AT xDrive;;
BMW;X6;2021;10595000;https://auto.drom.ru/moscow/bmw/x6/656714625.html;Характеристики совпадают с ПТС;1 запись о регистрации;Не числится в розыске;Ограничений не обнаружено;Москве;дизель, 3.0 л;249 л.с., налог;АКПП;4WD;43 863 км;левый;3 поколение;синий;;xDrive 30d AT M Sport Edition 21;;
BMW;X6;2021;10680000;https://auto.drom.ru/moscow/bmw/x6/655947187.html;Характеристики совпадают с ПТС;2 записи о регистрации;Не числится в розыске;Ограничений не обнаружено;Москве;дизель, 3.0 л;249 л.с., налог;АКПП;4WD;57 773 км;левый;3 поколение;белый;;;;
BMW;X3;2021;6350000;https://auto.drom.ru/spb/bmw/x3/53958680.html;Цвет не совпадает с ПТС;2 записи о регистрации;Не числится в розыске;Ограничений не обнаружено;Санкт-Петербурге;дизель, 3.0 л;249 л.с., налог;АКПП;4WD;64 775 км;левый;3 поколение;синий;;;;
BMW;X3;2021;6480000;https://auto.drom.ru/spb/bmw/x3/50702468.html;Характеристики совпадают с ПТС;1 запись о регистрации;Не числится в розыске;Ограничений не обнаружено;Санкт-Петербурге;дизель, 2.0 л;190 л.с., налог;АКПП;4WD;20 997 км;левый;3 поколение;белый;;;;
BMW;X5;2021;10100000;https://auto.drom.ru/moscow/bmw/x5/744606680.html;Цвет не совпадает с ПТС;2 записи о регистрации;Не числится в розыске;Ограничений не обнаружено;Москве;дизель, 3.0 л;400 л.с., налог;АКПП;4WD;75 000 км;левый;4 поколение;синий;;;;
BMW;5-Series;2021;4800000;https://auto.drom.ru/moscow/bmw/5-series/715376559.html;;;;;Москве;бензин, 2.0 л;184 л.с., налог;АКПП;задний;31 800 км, без пробега по РФ;левый;7 поколение, рестайлинг;синий;седан;520i AT Business;;
BMW;X3;2021;7049000;https://auto.drom.ru/moscow/bmw/x3/751365298.html;Характеристики совпадают с ПТС;1 запись о регистрации;Не числится в розыске;Ограничений не обнаружено;Москве;дизель, 3.0 л;249 л.с., налог;АКПП;4WD;25 900 км;левый;3 поколение;серый;;xDrive 30d AT M Sport;;
BMW;X3;2021;7190000;https://auto.drom.ru/moscow/bmw/x3/248780012.html;Характеристики совпадают с ПТС;1 запись о регистрации;Не числится в розыске;Ограничений не обнаружено;Москве;дизель, 3.0 л;249 л.с., налог;АКПП;4WD;25 900 км;левый;3 поколение;серый;;xDrive 30d AT M Sport;;
BMW;3-Series;2021;3879700;https://auto.drom.ru/moscow/bmw/3-series/122448140.html;Характеристики совпадают с ПТС;2 записи о регистрации;Не числится в розыске;Ограничений не обнаружено;Москве;дизель, 2.0 л;190 л.с., налог;АКПП;4WD;98 200 км;левый;7 поколение;синий;седан;320d AT xDrive M Sport Pro;;
BMW;X3;2021;5269000;https://auto.drom.ru/spb/bmw/x3/801187016.html;Цвет не совпадает с ПТС;2 записи о регистрации;Не числится в розыске;Ограничений не обнаружено;Санкт-Петербурге;бензин, 2.0 л;184 л.с., налог;АКПП;4WD;31 035 км;левый;3 поколение;черный;;;;
BMW;X4;2021;5539992;https://auto.drom.ru/minsk/bmw/x4/53925946.html;;;;;Минске;бензин, 2.0 л;252 л.с., налог;автомат;4WD;5 000 км;левый;2 поколение;белый;;;;
BMW;X5;2021;8220000;https://auto.drom.ru/moscow/bmw/x5/54009335.html;;;;;Москве;бензин, 3.0 л;333 л.с., налог;АКПП;4WD;23 335 км;левый;4 поколение;черный;;xDrive40i AT M Sport;;
BMW;X5;2021;7650000;https://auto.drom.ru/moscow/bmw/x5/306467963.html;Характеристики совпадают с ПТС;1 запись о регистрации;Не числится в розыске;Ограничений не обнаружено;Москве;дизель, 3.0 л;249 л.с., налог;АКПП;4WD;97 050 км;левый;4 поколение;черный;;xDrive 30d AT M Sport Plus;;
BMW;X3;2021;6505000;https://auto.drom.ru/moscow/bmw/x3/53951169.html;Характеристики совпадают с ПТС;3 записи о регистрации;Не числится в розыске;Ограничений не обнаружено;Москве;дизель, 3.0 л;249 л.с., налог;АКПП;4WD;41 880 км;левый;3 поколение;белый;;;;
BMW;X6;2021;8890000;https://auto.drom.ru/moscow/bmw/x6/53203291.html;;;;;Москве;дизель, 3.0 л;249 л.с., налог;АКПП;4WD;89 900 км;левый;3 поколение;белый;;xDrive 30d AT M Sport Pro;;
BMW;X1;2021;3900000;https://auto.drom.ru/vologda/bmw/x1/53201200.html;Характеристики совпадают с ПТС;1 запись о регистрации;Не числится в розыске;Ограничений не обнаружено;Вологде;бензин, 1.5 л;136 л.с., налог;робот;передний;39 500 км;левый;2 поколение, рестайлинг;серый;;;;
BMW;X5;2021;7090000;https://auto.drom.ru/kazan/bmw/x5/52753673.html;Характеристики совпадают с ПТС;2 записи о регистрации;Не числится в розыске;Ограничений не обнаружено;Казани;бензин, 3.0 л;340 л.с., налог;автомат;4WD;130 988 км;;;черный;;;;
BMW;2-Series;2021;3000000;https://auto.drom.ru/minsk/bmw/2-series/940357788.html;;;;;Минске;бензин, 2.0 л;238 л.с., налог;автомат;передний;25 000 км;левый;1 поколение, рестайлинг;;седан;;;
BMW;2-Series;2021;3900000;https://auto.drom.ru/moscow/bmw/2-series/628582023.html;;;;;Москве;дизель, 2.0 л;190 л.с., налог;автомат;4WD;37 909 км, без пробега по РФ;левый;1 поколение, рестайлинг;черный;седан;;;
BMW;X5;2021;11500000;https://auto.drom.ru/tver/bmw/x5/945405459.html;Характеристики совпадают с ПТС;2 записи о регистрации;Не числится в розыске;Ограничений не обнаружено;Твери;дизель, 3.0 л;400 л.с., налог;АКПП;4WD;42 455 км;левый;4 поколение;черный;;xDrive M50d AT M Special;;
BMW;X1;2021;3429000;https://auto.drom.ru/volgograd/bmw/x1/207217124.html;Характеристики совпадают с ПТС;2 записи о регистрации;Не числится в розыске;Ограничений не обнаружено;Волгограде;бензин, 1.5 л;140 л.с., налог;робот;передний;13 900 км;левый;2 поколение, рестайлинг;черный;;sDrive 18i SAT Base;;
BMW;5-Series;2021;5100000;https://auto.drom.ru/moscow/bmw/5-series/451004870.html;;;;;Москве;дизель, 2.0 л;195 л.с., налог;АКПП;4WD;43 500 км, без пробега по РФ;левый;7 поколение, рестайлинг;серый;седан;;;
BMW;5-Series;2021;4400000;https://auto.drom.ru/moscow/bmw/5-series/605323071.html;;;;;Москве;дизель, 2.0 л;190 л.с., налог;АКПП;4WD;63 525 км;левый;7 поколение, рестайлинг;черный;универсал;;;
BMW;X5;2021;10510000;https://auto.drom.ru/moscow/bmw/x5/732144713.html;Характеристики совпадают с ПТС;1 запись о регистрации;Не числится в розыске;Ограничений не обнаружено;Москве;дизель, 3.0 л;249 л.с., налог;АКПП;4WD;13 214 км;левый;4 поколение;белый;;xDrive 30d AT M Sport Plus;;
BMW;X3;2021;4970000;https://auto.drom.ru/moscow/bmw/x3/53941710.html;Характеристики совпадают с ПТС;2 записи о регистрации;Не числится в розыске;Ограничений не обнаружено;Москве;дизель, 2.0 л;190 л.с., налог;АКПП;4WD;75 754 км;левый;3 поколение, рестайлинг;черный;;xDrive 20d AT M Sport Pure;;
BMW;X7;2021;10850000;https://auto.drom.ru/moscow/bmw/x7/53941711.html;Характеристики совпадают с ПТС;2 записи о регистрации;Не числится в розыске;Ограничений не обнаружено;Москве;дизель, 3.0 л;249 л.с., налог;АКПП;4WD;41 177 км;левый;1 поколение;черный;;xDrive30d AT M Sport Edition 21;;
BMW;X7;2021;10250000;https://auto.drom.ru/moscow/bmw/x7/53941712.html;Характеристики совпадают с ПТС;1 запись о регистрации;Не числится в розыске;Ограничений не обнаружено;Москве;дизель, 3.0 л;249 л.с., налог;АКПП;4WD;92 455 км;левый;1 поколение;черный;;xDrive30d AT M Sport Pro;;
BMW;X3;2021;4850000;https://auto.drom.ru/moscow/bmw/x3/53597568.html;Характеристики совпадают с ПТС;1 запись о регистрации;Не числится в розыске;Ограничений не обнаружено;Москве;бензин, 2.0 л;252 л.с., налог;автомат;4WD;15 090 км;левый;;синий;;;;
BMW;3-Series;2021;4899000;https://auto.drom.ru/nizhniy-novgorod/bmw/3-series/53192278.html;Характеристики совпадают с ПТС;1 запись о регистрации;Не числится в розыске;Ограничений не обнаружено;Нижнем Новгороде;дизель, 2.0 л;190 л.с., налог;автомат;4WD;;левый;;белый;купе;;;
BMW;4-Series;2021;6499000;https://auto.drom.ru/moscow/bmw/4-series/51882829.html;Характеристики совпадают с ПТС;1 запись о регистрации;Не числится в розыске;Ограничений не обнаружено;Москве;бензин, 2.0 л;245 л.с., налог;автомат;задний;11 200 км;левый;;синий;открытый;;;
BMW;4-Series;2021;5760000;https://auto.drom.ru/moscow/bmw/4-series/51870721.html;Характеристики совпадают с ПТС;2 записи о регистрации;Не числится в розыске;Ограничений не обнаружено;Москве;бензин, 2.0 л;184 л.с., налог;АКПП;задний;24 060 км;левый;2 поколение;зеленый;купе;;;
BMW;3-Series;2021;5688000;https://auto.drom.ru/spb/bmw/3-series/46965689.html;;;;;Санкт-Петербурге;дизель, 2.0 л;190 л.с., налог;АКПП;4WD;7 км;левый;7 поколение;белый;седан;;;
BMW;5-Series;2021;5690000;https://auto.drom.ru/moscow/bmw/5-series/337313411.html;Характеристики совпадают с ПТС;1 запись о регистрации;Не числится в розыске;Ограничений не обнаружено;Москве;дизель, 2.0 л;190 л.с., налог;АКПП;4WD;46 669 км;левый;7 поколение, рестайлинг;черный;седан;520d AT xDrive;;
BMW;X3;2021;4700000;https://auto.drom.ru/minsk/bmw/x3/53917968.html;;;;;Минске;бензин, 2.0 л;249 л.с., налог;АКПП;4WD;17 000 км, без пробега по РФ;левый;3 поколение, рестайлинг;черный;;;;
BMW;M5;2021;13250000;https://auto.drom.ru/spb/bmw/m5/53938249.html;Характеристики совпадают с ПТС;3 записи о регистрации;Не числится в розыске;Ограничений не обнаружено;Санкт-Петербурге;бензин, 4.4 л;625 л.с., налог;АКПП;4WD;21 655 км;левый;6 поколение, рестайлинг;синий;седан;;;
BMW;X6;2021;9490000;https://auto.drom.ru/moscow/bmw/x6/53938135.html;Характеристики совпадают с ПТС;1 запись о регистрации;Не числится в розыске;Ограничений не обнаружено;Москве;дизель, 3.0 л;249 л.с., налог;АКПП;4WD;50 000 км;левый;3 поколение;черный;;;;
BMW;7-Series;2021;8149000;https://auto.drom.ru/spb/bmw/7-series/53930778.html;Характеристики совпадают с ПТС;2 записи о регистрации;Не числится в розыске;Ограничений не обнаружено;Санкт-Петербурге;дизель, 3.0 л;249 л.с., налог;АКПП;4WD;52 000 км;левый;6 поколение, рестайлинг;серый;;;;
BMW;X4;2021;6915000;https://auto.drom.ru/moscow/bmw/x4/52711553.html;Характеристики совпадают с ПТС;2 записи о регистрации;Не числится в розыске;Ограничений не обнаружено;Москве;бензин, 2.0 л;249 л.с., налог;АКПП;4WD;37 232 км;левый;2 поколение, рестайлинг;черный;;xDrive 30i AT Base;;
BMW;X5;2021;8999999;https://auto.drom.ru/spb/bmw/x5/51855403.html;Характеристики совпадают с ПТС;2 записи о регистрации;Не числится в розыске;Ограничений не обнаружено;Санкт-Петербурге;дизель, 3.0 л;249 л.с., налог;АКПП;4WD;83 529 км;левый;4 поколение;белый;;;;
BMW;X5;2021;9999999;https://auto.drom.ru/moscow/bmw/x5/305317932.html;Характеристики совпадают с ПТС;2 записи о регистрации;Не числится в розыске;Ограничений не обнаружено;Москве;дизель, 3.0 л;400 л.с., налог;АКПП;4WD;34 000 км;левый;4 поколение;серый;;;;
