Бренд;Модель;Год;Цена;URL;ПТС;Владельцы;Розыск;Ограничения;Город;Двигатель;Мощность;Коробка передач;Привод;Тип кузова;Цвет;Пробег;Руль;Поколение;Комплектация;Особые отметки;
BMW;5-Series;2012;1980000;https://auto.drom.ru/lipetsk/bmw/5-series/54110236.html;Характеристики совпадают с ПТС;5 записей о регистрации;Не числится в розыске;Ограничений не обнаружено;Липецке;дизель, 3.0 л;258 л.с., налог;АКПП;4WD;седан;черный;298 500 км;левый;6 поколение;530d AT xDrive Business;;
BMW;6-Series;2012;2650000;https://auto.drom.ru/moscow/bmw/6-series/54109928.html;Характеристики совпадают с ПТС;6 записей о регистрации;Не числится в розыске;Ограничений не обнаружено;Москве;бензин, 3.0 л;320 л.с., налог;АКПП;задний;седан;черный;159 240 км;левый;3 поколение;640i AT;;
BMW;7-Series;2012;2249000;https://auto.drom.ru/spb/bmw/7-series/731135643.html;Характеристики совпадают с ПТС;5 записей о регистрации;Не числится в розыске;Ограничений не обнаружено;Санкт-Петербурге;дизель, 3.0 л;258 л.с., налог;АКПП;задний;;синий;251 056 км;левый;5 поколение, рестайлинг;;;
BMW;X3;2012;2150000;https://auto.drom.ru/spb/bmw/x3/53815439.html;Характеристики совпадают с ПТС;6 записей о регистрации;Не числится в розыске;Ограничений не обнаружено;Санкт-Петербурге;дизель, 3.0 л;249 л.с., налог;АКПП;4WD;;белый;217 000 км;левый;2 поколение;xDrive 30d AT Lifestyle;;
BMW;X6;2012;2100000;https://auto.drom.ru/moscow/bmw/x6/131932274.html;Характеристики совпадают с ПТС;4 записи о регистрации;Не числится в розыске;Ограничений не обнаружено;Москве;бензин, 4.4 л;407 л.с., налог;АКПП;4WD;;черный;207 980 км;левый;1 поколение;xDrive 50i AT;;
BMW;X3;2012;1723000;https://auto.drom.ru/moscow/bmw/x3/54088214.html;Характеристики совпадают с ПТС;4 записи о регистрации;Не числится в розыске;Ограничений не обнаружено;Москве;бензин, 2.0 л;245 л.с., налог;АКПП;4WD;;коричневый;138 215 км;левый;2 поколение;;;
BMW;1-Series;2012;1358000;https://auto.drom.ru/himki/bmw/1-series/473165719.html;Характеристики совпадают с ПТС;1 запись о регистрации;Не числится в розыске;Ограничений не обнаружено;Химках;бензин, 1.6 л;136 л.с., налог;АКПП;задний;хэтчбек 5 дв.;голубой;79 000 км;левый;2 поколение;;;
BMW;X3;2012;1939000;https://auto.drom.ru/spb/bmw/x3/54093463.html;Характеристики совпадают с ПТС;5 записей о регистрации;Не числится в розыске;Ограничений не обнаружено;Санкт-Петербурге;дизель, 2.0 л;184 л.с., налог;АКПП;4WD;;голубой;168 800 км;левый;2 поколение;;;
BMW;5-Series;2012;1850000;https://auto.drom.ru/cheboksary/bmw/5-series/54091215.html;Характеристики совпадают с ПТС;4 записи о регистрации;Не числится в розыске;Ограничений не обнаружено;Чебоксарах;дизель, 2.0 л;184 л.с., налог;АКПП;задний;седан;белый;208 900 км;левый;6 поколение;520d AT;;
BMW;X1;2012;1084990;https://auto.drom.ru/spb/bmw/x1/53425450.html;Характеристики совпадают с ПТС;7 записей о регистрации;Не числится в розыске;Ограничений не обнаружено;Санкт-Петербурге;бензин, 2.0 л;150 л.с., налог;АКПП;задний;;черный;163 000 км;левый;1 поколение;;;
BMW;X5;2012;1617000;https://auto.drom.ru/moscow/bmw/x5/52113459.html;Характеристики совпадают с ПТС;3 записи о регистрации;Не числится в розыске;Ограничений не обнаружено;Москве;бензин, 3.0 л;306 л.с., налог;АКПП;4WD;;белый;158 000 км;левый;2 поколение, рестайлинг;;;
BMW;1-Series;2012;1450000;https://auto.drom.ru/zheleznodorozhniy/bmw/1-series/233594845.html;Характеристики совпадают с ПТС;2 записи о регистрации;Не числится в розыске;Ограничений не обнаружено;Железнодорожном;бензин, 1.6 л;170 л.с., налог;АКПП;задний;хэтчбек 5 дв.;белый;190 000 км;левый;2 поколение;118i AT Urban;;
BMW;1-Series;2012;1225000;https://auto.drom.ru/tula/bmw/1-series/160670125.html;Характеристики совпадают с ПТС;4 записи о регистрации;Не числится в розыске;Ограничений не обнаружено;Туле;бензин, 1.6 л;170 л.с., налог;АКПП;задний;хэтчбек 5 дв.;белый;150 000 км;левый;2 поколение;118i AT Urban;;
BMW;1-Series;2012;1080000;https://auto.drom.ru/kazan/bmw/1-series/53433457.html;Характеристики совпадают с ПТС;10 записей о регистрации;Не числится в розыске;Ограничений не обнаружено;Казани;бензин, 1.6 л;136 л.с., налог;АКПП;задний;хэтчбек 5 дв.;черный;200 282 км;правый;2 поколение;116i;;
BMW;1-Series;2012;1395000;https://auto.drom.ru/moscow/bmw/1-series/212218484.html;Характеристики совпадают с ПТС;6 записей о регистрации;Не числится в розыске;Ограничений не обнаружено;Москве;бензин, 1.6 л;170 л.с., налог;АКПП;задний;хэтчбек 5 дв.;белый;242 000 км;левый;2 поколение;;;
BMW;3-Series;2012;1519789;https://auto.drom.ru/spb/bmw/3-series/54086793.html;Характеристики совпадают с ПТС;6 записей о регистрации;Не числится в розыске;Ограничений не обнаружено;Санкт-Петербурге;дизель, 2.0 л;184 л.с., налог;АКПП;задний;седан;синий;243 533 км;левый;;;;
BMW;3-Series;2012;1500000;https://auto.drom.ru/moscow/bmw/3-series/54081108.html;Характеристики совпадают с ПТС;5 записей о регистрации;Не числится в розыске;Ограничений не обнаружено;Москве;бензин, 2.0 л;184 л.с., налог;АКПП;задний;седан;серый;178 000 км;левый;6 поколение;320i AT;;
BMW;X5;2012;2095000;https://auto.drom.ru/moscow/bmw/x5/54076816.html;Характеристики совпадают с ПТС;2 записи о регистрации;Не числится в розыске;Ограничений не обнаружено;Москве;бензин, 3.0 л;306 л.с., налог;АКПП;4WD;;коричневый;111 712 км;левый;2 поколение, рестайлинг;;;
BMW;3-Series;2012;1529000;https://auto.drom.ru/moscow/bmw/3-series/53797262.html;Характеристики совпадают с ПТС;2 записи о регистрации;Не числится в розыске;Ограничений не обнаружено;Москве;бензин, 2.0 л;184 л.с., налог;АКПП;4WD;седан;бежевый;204 421 км;левый;6 поколение;;;
BMW;5-Series;2012;1475000;https://auto.drom.ru/spb/bmw/5-series/53413997.html;Характеристики совпадают с ПТС;4 записи о регистрации;Не числится в розыске;Ограничений не обнаружено;Санкт-Петербурге;бензин, 2.0 л;245 л.с., налог;АКПП;задний;седан;синий;239 557 км;левый;6 поколение;;;
BMW;3-Series;2012;1670000;https://auto.drom.ru/tosno/bmw/3-series/52867972.html;Характеристики совпадают с ПТС;5 записей о регистрации;Не числится в розыске;Ограничений не обнаружено;Тосно;бензин, 2.0 л;184 л.с., налог;АКПП;задний;седан;черный;140 000 км;левый;6 поколение;;;
BMW;5-Series;2012;2300000;https://auto.drom.ru/smolensk/bmw/5-series/578111481.html;Характеристики совпадают с ПТС;5 записей о регистрации;Не числится в розыске;Ограничений не обнаружено;Смоленске;дизель, 3.0 л;258 л.с., налог;АКПП;4WD;седан;черный;249 500 км;левый;6 поколение;;;
BMW;1-Series;2012;1170000;https://auto.drom.ru/krasnogorsk/bmw/1-series/718573181.html;Характеристики совпадают с ПТС;4 записи о регистрации;Не числится в розыске;Есть ограничения;Красногорске;бензин, 1.6 л;136 л.с., налог;АКПП;задний;хэтчбек 5 дв.;красный;128 000 км;левый;2 поколение;;;
BMW;3-Series;2012;1870000;https://auto.drom.ru/moscow/bmw/3-series/112297936.html;Характеристики совпадают с ПТС;5 записей о регистрации;Не числится в розыске;Ограничений не обнаружено;Москве;бензин, 2.0 л;184 л.с., налог;АКПП;задний;седан;коричневый;141 900 км;левый;6 поколение;;;
BMW;5-Series;2012;1750000;https://auto.drom.ru/volokolamsk/bmw/5-series/937202669.html;Характеристики совпадают с ПТС;4 записи о регистрации;Не числится в розыске;Ограничений не обнаружено;Волоколамске;бензин, 2.0 л;184 л.с., налог;АКПП;задний;седан;синий;80 000 км;левый;6 поколение;520i AT;;
BMW;X1;2012;1630000;https://auto.drom.ru/spb/bmw/x1/612309435.html;Характеристики совпадают с ПТС;2 записи о регистрации;Не числится в розыске;Ограничений не обнаружено;Санкт-Петербурге;бензин, 2.0 л;184 л.с., налог;АКПП;4WD;;бежевый;91 000 км;левый;1 поколение, рестайлинг;xDrive20i AT;;
BMW;X6;2012;2117000;https://auto.drom.ru/moscow/bmw/x6/273485369.html;Характеристики совпадают с ПТС;4 записи о регистрации;Не числится в розыске;Ограничений не обнаружено;Москве;бензин, 4.4 л;407 л.с., налог;АКПП;4WD;;белый;110 970 км;левый;1 поколение;;;
BMW;5-Series;2012;1698000;https://auto.drom.ru/moscow/bmw/5-series/465465992.html;Характеристики совпадают с ПТС;3 записи о регистрации;Не числится в розыске;Ограничений не обнаружено;Москве;бензин, 2.0 л;184 л.с., налог;АКПП;задний;седан;черный;140 029 км;левый;6 поколение;;;
BMW;5-Series;2012;1850000;https://auto.drom.ru/moscow/bmw/5-series/697094308.html;Характеристики совпадают с ПТС;3 записи о регистрации;Не числится в розыске;Ограничений не обнаружено;Москве;бензин, 2.0 л;245 л.с., налог;АКПП;задний;седан;серый;141 657 км;левый;6 поколение;;;
BMW;3-Series;2012;1750000;https://auto.drom.ru/nizhniy-novgorod/bmw/3-series/917309087.html;Характеристики совпадают с ПТС;4 записи о регистрации;Не числится в розыске;Ограничений не обнаружено;Нижнем Новгороде;дизель, 2.0 л;184 л.с., налог;АКПП;задний;седан;черный;216 400 км;левый;6 поколение;320d AT;;
BMW;3-Series;2012;1739000;https://auto.drom.ru/spb/bmw/3-series/331635567.html;Характеристики совпадают с ПТС;2 записи о регистрации;Не числится в розыске;Ограничений не обнаружено;Санкт-Петербурге;дизель, 2.0 л;184 л.с., налог;АКПП;задний;седан;красный;209 490 км;левый;;;;
BMW;5-Series;2012;1900000;https://auto.drom.ru/engels/bmw/5-series/220440573.html;Характеристики совпадают с ПТС;8 записей о регистрации;Не числится в розыске;Есть ограничения;Энгельсе;дизель, 2.0 л;218 л.с., налог;АКПП;4WD;седан;белый;220 000 км;левый;6 поколение;525d AT xDrive Business;;
BMW;3-Series;2012;1870000;https://auto.drom.ru/vyazma/bmw/3-series/54075544.html;Характеристики совпадают с ПТС;3 записи о регистрации;Не числится в розыске;Ограничений не обнаружено;Вязьме;бензин, 2.0 л;184 л.с., налог;АКПП;задний;седан;белый;121 000 км;левый;6 поколение;320i AT;;
BMW;1-Series;2012;1360000;https://auto.drom.ru/moscow/bmw/1-series/53405040.html;Характеристики совпадают с ПТС;2 записи о регистрации;Не числится в розыске;Ограничений не обнаружено;Москве;бензин, 1.6 л;136 л.с., налог;АКПП;задний;хэтчбек 5 дв.;красный;107 827 км;левый;2 поколение;;;
BMW;X5;2012;1739000;https://auto.drom.ru/kolomna/bmw/x5/53404767.html;Характеристики совпадают с ПТС;3 записи о регистрации;Не числится в розыске;Ограничений не обнаружено;Коломне;бензин, 3.0 л;306 л.с., налог;АКПП;4WD;;бежевый;183 743 км;левый;2 поколение, рестайлинг;;;
BMW;X5;2012;1979000;https://auto.drom.ru/kolomna/bmw/x5/52974421.html;Характеристики совпадают с ПТС;4 записи о регистрации;Не числится в розыске;Ограничений не обнаружено;Коломне;бензин, 4.4 л;555 л.с., налог;АКПП;4WD;;синий;123 804 км;левый;2 поколение, рестайлинг;;;
BMW;5-Series;2012;1995000;https://auto.drom.ru/tver/bmw/5-series/52513541.html;Характеристики совпадают с ПТС;3 записи о регистрации;Не числится в розыске;Ограничений не обнаружено;Твери;бензин, 2.0 л;184 л.с., налог;АКПП;задний;седан;черный;119 184 км;левый;6 поколение;;;
BMW;5-Series;2012;1859000;https://auto.drom.ru/spb/bmw/5-series/929091714.html;Характеристики совпадают с ПТС;6 записей о регистрации;Не числится в розыске;Ограничений не обнаружено;Санкт-Петербурге;бензин, 2.0 л;245 л.с., налог;АКПП;4WD;седан;синий;174 000 км;левый;6 поколение;;;
BMW;X1;2012;1100000;https://auto.drom.ru/moscow/bmw/x1/316640342.html;Характеристики совпадают с ПТС;5 записей о регистрации;Не числится в розыске;Ограничений не обнаружено;Москве;дизель, 2.0 л;184 л.с., налог;АКПП;4WD;;коричневый;209 300 км;левый;1 поколение, рестайлинг;xDrive 20d AT xLine;;
BMW;5-Series Gran Turismo;2012;1875000;https://auto.drom.ru/moscow/bmw/5-series_gran_turismo/284818023.html;Характеристики совпадают с ПТС;2 записи о регистрации;Не числится в розыске;Ограничений не обнаружено;Москве;бензин, 3.0 л;306 л.с., налог;АКПП;4WD;;черный;219 945 км;левый;6 поколение;;;
BMW;X5;2012;2395000;https://auto.drom.ru/belgorod/bmw/x5/54038488.html;Характеристики совпадают с ПТС;2 записи о регистрации;Не числится в розыске;Есть ограничения;Белгороде;бензин, 3.0 л;306 л.с., налог;АКПП;4WD;;черный;250 000 км;левый;2 поколение, рестайлинг;;;
BMW;X3;2012;2200000;https://auto.drom.ru/moscow/bmw/x3/474240542.html;Характеристики совпадают с ПТС;2 записи о регистрации;Не числится в розыске;Ограничений не обнаружено;Москве;бензин, 2.0 л, ГБО;245 л.с., налог;АКПП;4WD;;черный;298 000 км;левый;2 поколение;xDrive 28i AT Lifestyle;;
BMW;X1;2012;1280000;https://auto.drom.ru/moscow/bmw/x1/54067476.html;Характеристики совпадают с ПТС;2 записи о регистрации;Не числится в розыске;Ограничений не обнаружено;Москве;бензин, 2.0 л;150 л.с., налог;АКПП;задний;;синий;191 695 км;левый;1 поколение;sDrive 18i AT Urban;;
BMW;X6;2012;1739000;https://auto.drom.ru/moscow/bmw/x6/54067191.html;Характеристики совпадают с ПТС;6 записей о регистрации;Не числится в розыске;Ограничений не обнаружено;Москве;бензин, 3.0 л;306 л.с., налог;АКПП;4WD;;белый;195 335 км;левый;1 поколение;;;
BMW;X3;2012;2220000;https://auto.drom.ru/moscow/bmw/x3/54066339.html;Характеристики совпадают с ПТС;1 запись о регистрации;Не числится в розыске;Ограничений не обнаружено;Москве;бензин, 2.0 л;245 л.с., налог;АКПП;4WD;;белый;92 485 км;левый;2 поколение;;;
BMW;1-Series;2012;895000;https://auto.drom.ru/spb/bmw/1-series/54062319.html;Характеристики совпадают с ПТС;9 записей о регистрации;Не числится в розыске;Ограничений не обнаружено;Санкт-Петербурге;бензин, 1.6 л;136 л.с., налог;АКПП;задний;хэтчбек 5 дв.;черный;151 135 км;левый;2 поколение;;;
BMW;X5;2012;2890000;https://auto.drom.ru/kirov/bmw/x5/53389588.html;Характеристики совпадают с ПТС;4 записи о регистрации;Не числится в розыске;Ограничений не обнаружено;Кирове;дизель, 3.0 л;245 л.с., налог;АКПП;4WD;;синий;243 000 км;левый;2 поколение, рестайлинг;xDrive 30d AT Luxury;;
BMW;3-Series;2012;1599789;https://auto.drom.ru/spb/bmw/3-series/623485808.html;Цвет не совпадает с ПТС;4 записи о регистрации;Не числится в розыске;Ограничений не обнаружено;Санкт-Петербурге;дизель, 2.0 л;184 л.с., налог;АКПП;задний;седан;черный;212 686 км;левый;;;;
BMW;X1;2012;1315000;https://auto.drom.ru/moscow/bmw/x1/53927528.html;Характеристики совпадают с ПТС;2 записи о регистрации;Не числится в розыске;Ограничений не обнаружено;Москве;дизель, 2.0 л;177 л.с., налог;АКПП;4WD;;синий;231 515 км;левый;1 поколение;;;
BMW;3-Series;2012;1590000;https://auto.drom.ru/safonovo/bmw/3-series/53975861.html;Характеристики совпадают с ПТС;6 записей о регистрации;Не числится в розыске;Ограничений не обнаружено;Сафоновe;бензин, 2.0 л;245 л.с., налог;АКПП;задний;седан;серебристый;228 936 км;левый;6 поколение;328i AT;;
BMW;X1;2012;1320000;https://auto.drom.ru/ulyanovsk/bmw/x1/903462087.html;Характеристики совпадают с ПТС;5 записей о регистрации;Не числится в розыске;Ограничений не обнаружено;Ульяновске;бензин, 2.0 л;150 л.с., налог;АКПП;задний;;синий;182 248 км;левый;1 поколение;;;
BMW;X5;2012;1800000;https://auto.drom.ru/moscow/bmw/x5/596674027.html;Мощность двигателя не совпадает с ПТС;;Не числится в розыске;Ограничений не обнаружено;Москве;бензин, 3.0 л;306 л.с., налог;АКПП;4WD;;коричневый;206 000 км, без пробега по РФ;левый;2 поколение, рестайлинг;;;
BMW;X3;2012;2400000;https://auto.drom.ru/kazan/bmw/x3/683894351.html;Характеристики совпадают с ПТС;4 записи о регистрации;Не числится в розыске;Ограничений не обнаружено;Казани;бензин, 2.0 л;245 л.с., налог;АКПП;4WD;;белый;128 000 км;левый;2 поколение;xDrive 28i AT Exclusive;;
BMW;1-Series;2012;1300000;https://auto.drom.ru/saratov/bmw/1-series/466660274.html;Характеристики совпадают с ПТС;2 записи о регистрации;Не числится в розыске;Ограничений не обнаружено;Саратове;бензин, 1.6 л;136 л.с., налог;АКПП;задний;хэтчбек 5 дв.;белый;144 538 км;левый;2 поколение;;;
BMW;3-Series;2012;1290000;https://auto.drom.ru/moscow/bmw/3-series/54055440.html;Характеристики совпадают с ПТС;4 записи о регистрации;Не числится в розыске;Ограничений не обнаружено;Москве;бензин, 2.0 л;184 л.с., налог;АКПП;задний;седан;черный;206 701 км;правый;6 поколение;320i SE;;
BMW;5-Series;2012;1850000;https://auto.drom.ru/moscow/bmw/5-series/53763802.html;Характеристики совпадают с ПТС;1 запись о регистрации;Не числится в розыске;Ограничений не обнаружено;Москве;бензин, 2.0 л;184 л.с., налог;АКПП;задний;седан;черный;123 000 км;левый;6 поколение;520i AT Business;;
BMW;1-Series;2012;1080000;https://auto.drom.ru/spb/bmw/1-series/53761524.html;Характеристики совпадают с ПТС;3 записи о регистрации;Не числится в розыске;Ограничений не обнаружено;Санкт-Петербурге;бензин, 1.6 л;136 л.с., налог;механика;задний;хэтчбек 5 дв.;черный;147 000 км;левый;2 поколение;116i MT Базовая;;
BMW;X1;2012;1299000;https://auto.drom.ru/kolomna/bmw/x1/52945670.html;Характеристики совпадают с ПТС;6 записей о регистрации;Не числится в розыске;Ограничений не обнаружено;Коломне;дизель, 2.0 л;184 л.с., налог;АКПП;4WD;;черный;128 000 км;левый;1 поколение, рестайлинг;;;
BMW;X3;2012;1950000;https://auto.drom.ru/podolsk/bmw/x3/49427134.html;Характеристики совпадают с ПТС;3 записи о регистрации;Не числится в розыске;Ограничений не обнаружено;Подольске;бензин, 3.0 л;258 л.с., налог;АКПП;4WD;;черный;135 000 км;левый;2 поколение;xDrive 28i AT;;
BMW;3-Series;2012;2300000;https://auto.drom.ru/pushkino/bmw/3-series/184703895.html;Характеристики совпадают с ПТС;8 записей о регистрации;Не числится в розыске;Ограничений не обнаружено;Пушкино;дизель, 2.0 л;184 л.с., налог;АКПП;задний;седан;красный;187 000 км;левый;6 поколение;320d AT;;
BMW;X1;2012;1099000;https://auto.drom.ru/spb/bmw/x1/641759486.html;Характеристики совпадают с ПТС;3 записи о регистрации;Не числится в розыске;Ограничений не обнаружено;Санкт-Петербурге;бензин, 2.0 л;150 л.с., налог;АКПП;задний;;коричневый;153 000 км;левый;1 поколение;;;
BMW;X6;2012;2000000;https://auto.drom.ru/moscow/bmw/x6/53311957.html;Характеристики совпадают с ПТС;5 записей о регистрации;Не числится в розыске;Ограничений не обнаружено;Москве;бензин, 3.0 л;306 л.с., налог;АКПП;4WD;;черный;169 000 км;левый;1 поколение, рестайлинг;;;
BMW;3-Series;2012;800000;https://auto.drom.ru/vidnoe/bmw/3-series/383709373.html;Характеристики совпадают с ПТС;6 записей о регистрации;Не числится в розыске;Ограничений не обнаружено;Видном;дизель, 2.0 л;184 л.с., налог;АКПП;задний;седан;красный;300 000 км;левый;6 поколение;;требуется ремонт или не на ходу;
BMW;X6;2012;2367000;https://auto.drom.ru/moscow/bmw/x6/53372137.html;Характеристики совпадают с ПТС;4 записи о регистрации;Не числится в розыске;Ограничений не обнаружено;Москве;дизель, 3.0 л;245 л.с., налог;АКПП;4WD;;белый;206 693 км;левый;1 поколение;;;
BMW;1-Series;2012;1079000;https://auto.drom.ru/spb/bmw/1-series/54044822.html;Характеристики совпадают с ПТС;2 записи о регистрации;Не числится в розыске;Ограничений не обнаружено;Санкт-Петербурге;бензин, 1.6 л;170 л.с., налог;АКПП;задний;хэтчбек 5 дв.;белый;181 000 км;левый;2 поколение;;;
BMW;5-Series;2012;1559000;https://auto.drom.ru/moscow/bmw/5-series/53365391.html;Характеристики совпадают с ПТС;3 записи о регистрации;Не числится в розыске;Ограничений не обнаружено;Москве;дизель, 2.0 л;184 л.с., налог;АКПП;задний;седан;черный;189 105 км;левый;6 поколение;;;
BMW;5-Series;2012;1700000;https://auto.drom.ru/kazan/bmw/5-series/48913979.html;Характеристики совпадают с ПТС;7 записей о регистрации;Не числится в розыске;Ограничений не обнаружено;Казани;бензин, 2.0 л;184 л.с., налог;АКПП;задний;седан;черный;195 997 км;левый;6 поколение;520i AT;;
BMW;5-Series;2012;1880000;https://auto.drom.ru/spb/bmw/5-series/145425761.html;Характеристики совпадают с ПТС;7 записей о регистрации;Не числится в розыске;Ограничений не обнаружено;Санкт-Петербурге;дизель, 3.0 л;258 л.с., налог;АКПП;4WD;седан;синий;239 366 км;левый;6 поколение;;;
BMW;5-Series;2012;1750000;https://auto.drom.ru/kazan/bmw/5-series/845995815.html;Характеристики совпадают с ПТС;11 записей о регистрации;Не числится в розыске;Ограничений не обнаружено;Казани;дизель, 2.0 л;184 л.с., налог;АКПП;задний;седан;черный;300 000 км;левый;6 поколение;520d AT;;
BMW;X3;2012;1770000;https://auto.drom.ru/voronezh/bmw/x3/54027939.html;Характеристики совпадают с ПТС;2 записи о регистрации;Не числится в розыске;Ограничений не обнаружено;Воронеже;дизель, 2.0 л;184 л.с., налог;АКПП;4WD;;белый;245 000 км;левый;2 поколение;;;
BMW;3-Series;2012;1505000;https://auto.drom.ru/moscow/bmw/3-series/53356516.html;Характеристики совпадают с ПТС;10 записей о регистрации;Не числится в розыске;Ограничений не обнаружено;Москве;бензин, 2.0 л;184 л.с., налог;АКПП;задний;седан;;175 000 км;левый;6 поколение;;;
BMW;1-Series;2012;1200000;https://auto.drom.ru/engels/bmw/1-series/53136129.html;Характеристики совпадают с ПТС;5 записей о регистрации;Не числится в розыске;Ограничений не обнаружено;Энгельсе;бензин, 1.6 л;136 л.с., налог;АКПП;задний;хэтчбек 5 дв.;черный;180 000 км;левый;2 поколение;116i AT Базовая;;
BMW;5-Series;2012;2099000;https://auto.drom.ru/luhovitsy/bmw/5-series/140549932.html;Характеристики совпадают с ПТС;2 записи о регистрации;Не числится в розыске;Ограничений не обнаружено;Луховицах;бензин, 2.0 л;245 л.с., налог;АКПП;4WD;седан;серый;198 000 км;левый;6 поколение;528i AT xDrive Luxury;;
BMW;5-Series;2012;1710000;https://auto.drom.ru/odintsovo/bmw/5-series/54015778.html;Характеристики совпадают с ПТС;4 записи о регистрации;Не числится в розыске;Ограничений не обнаружено;Одинцове;бензин, 2.0 л;184 л.с., налог;АКПП;задний;седан;синий;200 000 км;левый;6 поколение;520i AT Business;;
BMW;X1;2012;1430000;https://auto.drom.ru/penza/bmw/x1/53738076.html;Характеристики совпадают с ПТС;5 записей о регистрации;Не числится в розыске;Ограничений не обнаружено;Пензе;бензин, 2.0 л;150 л.с., налог;АКПП;задний;;коричневый;170 000 км;левый;1 поколение, рестайлинг;sDrive 18i AT;;
BMW;1-Series;2012;1021000;https://auto.drom.ru/moscow/bmw/1-series/53737802.html;Характеристики совпадают с ПТС;4 записи о регистрации;Не числится в розыске;Ограничений не обнаружено;Москве;бензин, 1.6 л;136 л.с., налог;АКПП;задний;хэтчбек 5 дв.;белый;179 719 км;левый;2 поколение;;;
BMW;X3;2012;1980000;https://auto.drom.ru/moscow/bmw/x3/53737704.html;Характеристики совпадают с ПТС;2 записи о регистрации;Не числится в розыске;Ограничений не обнаружено;Москве;дизель, 2.0 л;184 л.с., налог;АКПП;4WD;;коричневый;137 800 км;левый;2 поколение;;;
BMW;5-Series;2012;1689000;https://auto.drom.ru/kolomna/bmw/5-series/53736322.html;Характеристики совпадают с ПТС;4 записи о регистрации;Не числится в розыске;Ограничений не обнаружено;Коломне;дизель, 2.0 л;184 л.с., налог;АКПП;задний;седан;черный;237 359 км;левый;6 поколение;;;
BMW;X1;2012;1320000;https://auto.drom.ru/ulyanovsk/bmw/x1/53736129.html;Характеристики совпадают с ПТС;5 записей о регистрации;Не числится в розыске;Ограничений не обнаружено;Ульяновске;бензин, 2.0 л;150 л.с., налог;АКПП;задний;;синий;182 248 км;левый;1 поколение;;;
BMW;1-Series;2012;1284000;https://auto.drom.ru/voronezh/bmw/1-series/52892225.html;Характеристики совпадают с ПТС;2 записи о регистрации;Не числится в розыске;Ограничений не обнаружено;Воронеже;бензин, 1.6 л;136 л.с., налог;АКПП;задний;хэтчбек 5 дв.;черный;125 032 км;левый;2 поколение;;;
BMW;5-Series;2012;1750000;https://auto.drom.ru/moscow/bmw/5-series/53327435.html;Характеристики совпадают с ПТС;3 записи о регистрации;Не числится в розыске;Ограничений не обнаружено;Москве;бензин, 2.0 л;184 л.с., налог;АКПП;задний;седан;бежевый;214 000 км;левый;6 поколение;;;
BMW;5-Series;2012;1945000;https://auto.drom.ru/moscow/bmw/5-series/204137331.html;Характеристики совпадают с ПТС;6 записей о регистрации;Не числится в розыске;Ограничений не обнаружено;Москве;дизель, 2.0 л;184 л.с., налог;АКПП;задний;седан;белый;138 000 км;левый;6 поколение;;;
BMW;X1;2012;1400000;https://auto.drom.ru/balashov/bmw/x1/54011215.html;Характеристики совпадают с ПТС;5 записей о регистрации;Не числится в розыске;Ограничений не обнаружено;Балашове;бензин, 2.0 л;150 л.с., налог;АКПП;задний;;черный;180 000 км;левый;1 поколение;;;
BMW;X5;2012;2180000;https://auto.drom.ru/kazan/bmw/x5/54004075.html;Характеристики совпадают с ПТС;1 запись о регистрации;Не числится в розыске;Ограничений не обнаружено;Казани;дизель, 3.0 л;245 л.с., налог;АКПП;4WD;;черный;198 000 км;левый;2 поколение, рестайлинг;;;
BMW;X6;2012;3190000;https://auto.drom.ru/vyazniki/bmw/x6/52890074.html;Характеристики совпадают с ПТС;4 записи о регистрации;Не числится в розыске;Ограничений не обнаружено;Вязниках;дизель, 3.0 л;245 л.с., налог;АКПП;4WD;;коричневый;191 000 км;левый;1 поколение, рестайлинг;xDrive 30d AT;;
BMW;X1;2012;1475000;https://auto.drom.ru/voronezh/bmw/x1/497467451.html;Характеристики совпадают с ПТС;3 записи о регистрации;Не числится в розыске;Ограничений не обнаружено;Воронеже;дизель, 2.0 л;177 л.с., налог;АКПП;4WD;;коричневый;198 800 км;левый;1 поколение;xDrive20d AT;;
BMW;X3;2012;1595000;https://auto.drom.ru/moscow/bmw/x3/53713616.html;Характеристики совпадают с ПТС;2 записи о регистрации;Не числится в розыске;Ограничений не обнаружено;Москве;бензин, 3.0 л;258 л.с., налог;АКПП;4WD;;коричневый;255 200 км;левый;2 поколение;xDrive 28i AT Lifestyle;;
BMW;X3;2012;2300000;https://auto.drom.ru/moscow/bmw/x3/170133057.html;Характеристики совпадают с ПТС;4 записи о регистрации;Не числится в розыске;Ограничений не обнаружено;Москве;бензин, 3.0 л;258 л.с., налог;АКПП;4WD;;красный;163 500 км;левый;2 поколение;xDrive 28i AT Exclusive;;
BMW;X1;2012;1600000;https://auto.drom.ru/moscow/bmw/x1/785190310.html;Характеристики совпадают с ПТС;6 записей о регистрации;Не числится в розыске;Ограничений не обнаружено;Москве;бензин, 2.0 л;184 л.с., налог;АКПП;4WD;;синий;145 500 км;левый;1 поколение;xDrive 20i AT Базовая;;
BMW;1-Series;2012;1175000;https://auto.drom.ru/nizhniy-novgorod/bmw/1-series/880633902.html;Характеристики совпадают с ПТС;4 записи о регистрации;Не числится в розыске;Ограничений не обнаружено;Нижнем Новгороде;бензин, 1.6 л;136 л.с., налог;АКПП;задний;хэтчбек 5 дв.;белый;190 000 км;левый;2 поколение;;;
BMW;5-Series;2012;1850000;https://auto.drom.ru/ozery/bmw/5-series/54002087.html;Характеристики совпадают с ПТС;7 записей о регистрации;Не числится в розыске;Ограничений не обнаружено;Озёрах;дизель, 2.0 л;184 л.с., налог;АКПП;задний;седан;черный;230 000 км;левый;6 поколение;520d AT;;
BMW;3-Series;2012;1820000;https://auto.drom.ru/moscow/bmw/3-series/640840879.html;Характеристики совпадают с ПТС;5 записей о регистрации;Не числится в розыске;Ограничений не обнаружено;Москве;дизель, 2.0 л;184 л.с., налог;АКПП;задний;седан;бежевый;155 000 км;левый;6 поколение;320d AT;;
BMW;X1;2012;1349000;https://auto.drom.ru/spb/bmw/x1/616996784.html;Характеристики совпадают с ПТС;3 записи о регистрации;Не числится в розыске;Ограничений не обнаружено;Санкт-Петербурге;бензин, 2.0 л;184 л.с., налог;АКПП;4WD;;белый;202 000 км;левый;1 поколение;;;
BMW;X1;2012;1330000;https://auto.drom.ru/gorki-10/bmw/x1/645837225.html;Характеристики совпадают с ПТС;3 записи о регистрации;Не числится в розыске;Ограничений не обнаружено;Горки-10;дизель, 2.0 л;177 л.с., налог;АКПП;4WD;;белый;227 000 км;левый;1 поколение;;;
BMW;3-Series;2012;1579000;https://auto.drom.ru/moscow/bmw/3-series/53989328.html;Характеристики совпадают с ПТС;3 записи о регистрации;Не числится в розыске;Ограничений не обнаружено;Москве;2.0 л;;автомат;;седан;синий;158 557 км;левый;;;;
BMW;5-Series;2012;1820000;https://auto.drom.ru/moscow/bmw/5-series/53699084.html;Характеристики совпадают с ПТС;2 записи о регистрации;Не числится в розыске;Ограничений не обнаружено;Москве;бензин, 2.0 л;245 л.с., налог;АКПП;задний;седан;синий;113 306 км;левый;6 поколение;;;
BMW;7-Series;2012;2598000;https://auto.drom.ru/lipetsk/bmw/7-series/53275633.html;Характеристики совпадают с ПТС;2 записи о регистрации;Не числится в розыске;Ограничений не обнаружено;Липецке;бензин, 3.0 л;320 л.с., налог;АКПП;4WD;;белый;104 218 км;левый;5 поколение, рестайлинг;740Li AT xDrive;;
BMW;X3;2012;1720000;https://auto.drom.ru/moscow/bmw/x3/362203467.html;Характеристики совпадают с ПТС;5 записей о регистрации;Не числится в розыске;Ограничений не обнаружено;Москве;бензин, 2.0 л;245 л.с., налог;АКПП;4WD;;белый;183 414 км;левый;2 поколение;;;
BMW;X5;2012;2350000;https://auto.drom.ru/syzran/bmw/x5/920901276.html;Характеристики совпадают с ПТС;4 записи о регистрации;Не числится в розыске;Ограничений не обнаружено;Сызрани;бензин, 3.0 л;306 л.с., налог;АКПП;4WD;;белый;153 000 км;левый;2 поколение, рестайлинг;;;
BMW;3-Series;2012;1768000;https://auto.drom.ru/kazan/bmw/3-series/857091435.html;Характеристики совпадают с ПТС;8 записей о регистрации;Не числится в розыске;Ограничений не обнаружено;Казани;бензин;;автомат;;седан;белый;94 414 км;левый;;;;
BMW;5-Series;2012;1870000;https://auto.drom.ru/moscow/bmw/5-series/856027291.html;Характеристики совпадают с ПТС;2 записи о регистрации;Не числится в розыске;Ограничений не обнаружено;Москве;бензин, 2.0 л;245 л.с., налог;АКПП;4WD;седан;черный;347 000 км;левый;6 поколение;528i AT xDrive;;
BMW;3-Series;2012;1474000;https://auto.drom.ru/spb/bmw/3-series/799864617.html;Характеристики совпадают с ПТС;2 записи о регистрации;Не числится в розыске;Ограничений не обнаружено;Санкт-Петербурге;дизель, 2.0 л;184 л.с., налог;АКПП;задний;седан;синий;256 500 км;левый;;;;
BMW;X5;2012;1990000;https://auto.drom.ru/kazan/bmw/x5/53659529.html;Характеристики совпадают с ПТС;4 записи о регистрации;Не числится в розыске;Ограничений не обнаружено;Казани;бензин, 4.4 л;555 л.с., налог;АКПП;4WD;;белый;260 625 км;левый;2 поколение, рестайлинг;;;
BMW;3-Series;2012;1939000;https://auto.drom.ru/moscow/bmw/3-series/53981969.html;Характеристики совпадают с ПТС;3 записи о регистрации;Не числится в розыске;Ограничений не обнаружено;Москве;бензин, 2.0 л;184 л.с., налог;АКПП;задний;седан;голубой;105 020 км;левый;6 поколение;;;
BMW;5-Series;2012;1409256;https://auto.drom.ru/lepel/bmw/5-series/53983190.html;Характеристики совпадают с ПТС;4 записи о регистрации;Не числится в розыске;Ограничений не обнаружено;Лепели;бензин, 2.0 л;184 л.с., налог;АКПП;задний;седан;белый;230 000 км;левый;6 поколение;;;
BMW;3-Series;2012;1680000;https://auto.drom.ru/ramenskoe/bmw/3-series/53664439.html;Характеристики совпадают с ПТС;2 записи о регистрации;Не числится в розыске;Ограничений не обнаружено;Раменском;бензин, 2.0 л;184 л.с., налог;АКПП;задний;седан;коричневый;115 000 км;левый;6 поколение;320i AT Special Edition;;
BMW;3-Series;2012;1550000;https://auto.drom.ru/vladimir/bmw/3-series/53672308.html;Характеристики совпадают с ПТС;6 записей о регистрации;Не числится в розыске;Ограничений не обнаружено;Владимире;бензин, 2.0 л;184 л.с., налог;АКПП;задний;седан;синий;166 000 км;левый;6 поколение;320i AT;;
BMW;1-Series;2012;1600000;https://auto.drom.ru/moscow/bmw/1-series/53254435.html;Характеристики совпадают с ПТС;2 записи о регистрации;Не числится в розыске;Ограничений не обнаружено;Москве;бензин, 1.6 л;136 л.с., налог;АКПП;задний;хэтчбек 5 дв.;голубой;37 500 км;левый;2 поколение;116i AT Базовая;;
BMW;1-Series;2012;899999;https://auto.drom.ru/cherepovets/bmw/1-series/53273059.html;Характеристики совпадают с ПТС;4 записи о регистрации;Не числится в розыске;Ограничений не обнаружено;Череповце;бензин, 1.6 л;136 л.с., налог;АКПП;задний;хэтчбек 5 дв.;белый;171 530 км;левый;2 поколение;116i AT Базовая;;
BMW;3-Series;2012;1641000;https://auto.drom.ru/moscow/bmw/3-series/52827364.html;Цвет не совпадает с ПТС;3 записи о регистрации;Не числится в розыске;Ограничений не обнаружено;Москве;бензин, 2.0 л;245 л.с., налог;АКПП;задний;седан;серый;122 500 км;левый;6 поколение;;;
BMW;3-Series;2012;2000000;https://auto.drom.ru/donetsk/bmw/3-series/53980497.html;;;;;Донецке;бензин, 2.0 л;245 л.с., налог;АКПП;задний;седан;белый;233 000 км;левый;6 поколение;328i AT Luxury Line;;
BMW;1-Series;2012;899000;https://auto.drom.ru/moscow/bmw/1-series/53665467.html;Характеристики совпадают с ПТС;3 записи о регистрации;Не числится в розыске;Ограничений не обнаружено;Москве;1.6 л;;автомат;;хэтчбек 5 дв.;черный;131 000 км;левый;2 поколение;;;
BMW;1-Series;2012;988900;https://auto.drom.ru/velikiy-novgorod/bmw/1-series/52824460.html;Характеристики совпадают с ПТС;5 записей о регистрации;Не числится в розыске;Ограничений не обнаружено;Великом Новгороде;бензин, 1.6 л;136 л.с., налог;АКПП;задний;хэтчбек 5 дв.;черный;180 000 км;правый;2 поколение;116i;;
BMW;5-Series;2012;1690000;https://auto.drom.ru/moscow/bmw/5-series/49990542.html;Характеристики совпадают с ПТС;4 записи о регистрации;Не числится в розыске;Ограничений не обнаружено;Москве;дизель, 2.0 л;218 л.с., налог;АКПП;4WD;седан;белый;160 000 км;левый;6 поколение;525d AT xDrive;;
BMW;X1;2012;1590000;https://auto.drom.ru/moscow/bmw/x1/362818778.html;Характеристики совпадают с ПТС;5 записей о регистрации;Не числится в розыске;Ограничений не обнаружено;Москве;дизель, 2.0 л;177 л.с., налог;АКПП;4WD;;коричневый;120 081 км;левый;1 поколение;;;
BMW;Z4;2012;2643000;https://auto.drom.ru/spb/bmw/z4/410726255.html;Характеристики совпадают с ПТС;6 записей о регистрации;Не числится в розыске;Ограничений не обнаружено;Санкт-Петербурге;бензин, 2.0 л;184 л.с., налог;автомат;задний;открытый;черный;127 000 км;левый;2 поколение;;;
BMW;X5;2012;2200000;https://auto.drom.ru/shchekyno/bmw/x5/195801831.html;Характеристики совпадают с ПТС;3 записи о регистрации;Не числится в розыске;Ограничений не обнаружено;Щёкино;дизель, 3.0 л;245 л.с., налог;АКПП;4WD;;серебристый;330 000 км;левый;2 поколение, рестайлинг;xDrive 30d AT Базовая;;
BMW;X3;2012;1570000;https://auto.drom.ru/kazan/bmw/x3/120901233.html;Цвет не совпадает с ПТС;4 записи о регистрации;Не числится в розыске;Ограничений не обнаружено;Казани;бензин, 2.0 л;184 л.с., налог;АКПП;4WD;;золотистый;219 000 км;левый;2 поколение;xDrive 20i AT Urban;;
BMW;3-Series;2012;1999999;https://auto.drom.ru/moscow/bmw/3-series/702182646.html;Характеристики совпадают с ПТС;4 записи о регистрации;Не числится в розыске;Ограничений не обнаружено;Москве;бензин, 2.0 л;184 л.с., налог;АКПП;задний;седан;зеленый;355 000 км;левый;6 поколение;320i AT Special Edition;;
BMW;X3;2012;1730000;https://auto.drom.ru/yaroslavl/bmw/x3/402077887.html;Цвет не совпадает с ПТС;5 записей о регистрации;Не числится в розыске;Ограничений не обнаружено;Ярославле;дизель, 3.0 л;258 л.с., налог;АКПП;4WD;;голубой;211 000 км;левый;2 поколение;xDrive30d AT;;
BMW;3-Series;2012;1650000;https://auto.drom.ru/minsk/bmw/3-series/50638512.html;Характеристики совпадают с ПТС;6 записей о регистрации;Не числится в розыске;Ограничений не обнаружено;Минске;дизель, 2.0 л;184 л.с., налог;АКПП;задний;седан;белый;180 000 км;левый;6 поколение;;;
BMW;X5;2012;2074609;https://auto.drom.ru/minsk/bmw/x5/144614152.html;;;;;Минске;дизель, 3.0 л;381 л.с., налог;АКПП;4WD;;серый;353 000 км;левый;2 поколение, рестайлинг;xDrive M50d AT Базовая;;
BMW;5-Series;2012;1725000;https://auto.drom.ru/spb/bmw/5-series/136718388.html;Характеристики совпадают с ПТС;5 записей о регистрации;Не числится в розыске;Ограничений не обнаружено;Санкт-Петербурге;бензин, 2.0 л;245 л.с., налог;АКПП;4WD;седан;синий;173 000 км;левый;6 поколение;528i AT xDrive Luxury;;
BMW;X3;2012;2319000;https://auto.drom.ru/voronezh/bmw/x3/783469020.html;Характеристики совпадают с ПТС;1 запись о регистрации;Не числится в розыске;Ограничений не обнаружено;Воронеже;бензин, 2.0 л;184 л.с., налог;АКПП;4WD;;белый;251 540 км;левый;2 поколение;;;
BMW;X1;2012;1715000;https://auto.drom.ru/moscow/bmw/x1/193495454.html;Характеристики совпадают с ПТС;3 записи о регистрации;Не числится в розыске;Ограничений не обнаружено;Москве;дизель, 2.0 л;184 л.с., налог;АКПП;4WD;;синий;97 282 км;левый;1 поколение, рестайлинг;;;
BMW;X1;2012;1149000;https://auto.drom.ru/moscow/bmw/x1/587113241.html;Характеристики совпадают с ПТС;6 записей о регистрации;Не числится в розыске;Ограничений не обнаружено;Москве;дизель, 2.0 л;177 л.с., налог;АКПП;4WD;;белый;253 421 км;левый;1 поколение;;;
BMW;X1;2012;1314000;https://auto.drom.ru/moscow/bmw/x1/685764560.html;Характеристики совпадают с ПТС;2 записи о регистрации;Не числится в розыске;Ограничений не обнаружено;Москве;бензин, 2.0 л;150 л.с., налог;АКПП;задний;;белый;154 309 км;левый;1 поколение;;;
BMW;1-Series;2012;1499000;https://auto.drom.ru/moscow/bmw/1-series/53634353.html;Характеристики совпадают с ПТС;2 записи о регистрации;Не числится в розыске;Ограничений не обнаружено;Москве;бензин, 1.6 л;136 л.с., налог;АКПП;задний;хэтчбек 5 дв.;белый;91 500 км;левый;2 поколение;;;
BMW;X5;2012;2299000;https://auto.drom.ru/moscow/bmw/x5/53963490.html;Характеристики совпадают с ПТС;6 записей о регистрации;Не числится в розыске;Ограничений не обнаружено;Москве;бензин, 4.4 л;555 л.с., налог;АКПП;4WD;;синий;246 191 км;левый;2 поколение, рестайлинг;;;
BMW;1-Series;2012;960000;https://auto.drom.ru/ryazan/bmw/1-series/53636658.html;Характеристики совпадают с ПТС;5 записей о регистрации;Не числится в розыске;Ограничений не обнаружено;Рязани;бензин, 1.6 л;136 л.с., налог;АКПП;задний;хэтчбек 5 дв.;черный;242 713 км;левый;2 поколение;;;
BMW;1-Series;2012;1260000;https://auto.drom.ru/moscow/bmw/1-series/53636455.html;Характеристики совпадают с ПТС;2 записи о регистрации;Не числится в розыске;Ограничений не обнаружено;Москве;бензин, 1.6 л;136 л.с., налог;АКПП;задний;хэтчбек 5 дв.;белый;126 250 км;левый;2 поколение;;;
BMW;X1;2012;1450000;https://auto.drom.ru/tula/bmw/x1/53624791.html;Характеристики совпадают с ПТС;3 записи о регистрации;Не числится в розыске;Ограничений не обнаружено;Туле;бензин, 2.0 л;150 л.с., налог;АКПП;задний;;белый;77 638 км;левый;1 поколение;;;
BMW;1-Series;2012;1250000;https://auto.drom.ru/kirov/bmw/1-series/53231211.html;Характеристики совпадают с ПТС;5 записей о регистрации;Не числится в розыске;Ограничений не обнаружено;Кирове;бензин, 1.6 л;170 л.с., налог;АКПП;задний;хэтчбек 5 дв.;черный;120 000 км;левый;2 поколение;118i AT Urban;;
BMW;X3;2012;1750000;https://auto.drom.ru/himki/bmw/x3/53220824.html;Характеристики совпадают с ПТС;4 записи о регистрации;Не числится в розыске;Ограничений не обнаружено;Химках;дизель, 3.0 л;249 л.с., налог;АКПП;4WD;;белый;209 253 км;левый;2 поколение;xDrive 30d AT;;
BMW;5-Series;2012;2100000;https://auto.drom.ru/smolensk/bmw/5-series/357697147.html;Характеристики совпадают с ПТС;6 записей о регистрации;Не числится в розыске;Ограничений не обнаружено;Смоленске;дизель, 3.0 л;258 л.с., налог;АКПП;4WD;седан;синий;230 000 км;левый;6 поколение;530d AT xDrive Luxury;;
BMW;3-Series;2012;1890000;https://auto.drom.ru/voronezh/bmw/3-series/299121919.html;Характеристики совпадают с ПТС;5 записей о регистрации;Не числится в розыске;Ограничений не обнаружено;Воронеже;бензин, 2.0 л;245 л.с., налог;АКПП;задний;седан;коричневый;193 000 км;левый;6 поколение;328i AT Luxury Line;;
BMW;5-Series;2012;1749000;https://auto.drom.ru/spb/bmw/5-series/594437762.html;Характеристики совпадают с ПТС;6 записей о регистрации;Не числится в розыске;Ограничений не обнаружено;Санкт-Петербурге;бензин, 2.0 л;245 л.с., налог;АКПП;4WD;седан;черный;161 156 км;левый;6 поколение;;;
BMW;X5;2012;1750000;https://auto.drom.ru/belgorod/bmw/x5/52739305.html;Характеристики совпадают с ПТС;6 записей о регистрации;Не числится в розыске;Ограничений не обнаружено;Белгороде;бензин, 4.4 л;407 л.с., налог;АКПП;4WD;;черный;178 000 км;левый;2 поколение, рестайлинг;xDrive 50i AT M Sports Edition;;
BMW;X1;2012;1550000;https://auto.drom.ru/togliatti/bmw/x1/52764024.html;Характеристики совпадают с ПТС;3 записи о регистрации;Не числится в розыске;Ограничений не обнаружено;Тольятти;дизель, 2.0 л;177 л.с., налог;АКПП;4WD;;белый;146 400 км;левый;1 поколение;xDrive 20d AT Базовая;;
BMW;3-Series;2012;1679000;https://auto.drom.ru/spb/bmw/3-series/613450126.html;Характеристики совпадают с ПТС;3 записи о регистрации;Не числится в розыске;Ограничений не обнаружено;Санкт-Петербурге;дизель, 2.0 л;184 л.с., налог;АКПП;задний;седан;черный;232 522 км;левый;;;;
BMW;X5;2012;2100000;https://auto.drom.ru/moscow/bmw/x5/52748837.html;Характеристики совпадают с ПТС;3 записи о регистрации;Не числится в розыске;Ограничений не обнаружено;Москве;дизель, 3.0 л;245 л.с., налог;АКПП;4WD;;серый;258 000 км;левый;2 поколение, рестайлинг;xDrive 30d AT Luxury;;
BMW;X5;2012;2609789;https://auto.drom.ru/spb/bmw/x5/824514689.html;Характеристики совпадают с ПТС;4 записи о регистрации;Не числится в розыске;Ограничений не обнаружено;Санкт-Петербурге;дизель, 3.0 л;245 л.с., налог;АКПП;4WD;;белый;141 816 км;левый;2 поколение, рестайлинг;;;
BMW;5-Series;2012;2270000;https://auto.drom.ru/spb/bmw/5-series/364707420.html;Характеристики совпадают с ПТС;3 записи о регистрации;Не числится в розыске;Ограничений не обнаружено;Санкт-Петербурге;дизель, 3.0 л;258 л.с., налог;АКПП;4WD;седан;черный;206 421 км;левый;6 поколение;;;
BMW;5-Series;2012;1850000;https://auto.drom.ru/nizhniy-novgorod/bmw/5-series/543594483.html;Характеристики совпадают с ПТС;3 записи о регистрации;Не числится в розыске;Есть ограничения;Нижнем Новгороде;бензин, 2.0 л;184 л.с., налог;АКПП;задний;седан;черный;250 000 км;левый;6 поколение;;;
BMW;1-Series;2012;1260000;https://auto.drom.ru/spb/bmw/1-series/515635824.html;Характеристики совпадают с ПТС;3 записи о регистрации;Не числится в розыске;Ограничений не обнаружено;Санкт-Петербурге;бензин, 1.6 л;170 л.с., налог;АКПП;задний;хэтчбек 5 дв.;красный;178 000 км;левый;2 поколение;;;
BMW;X1;2012;1029000;https://auto.drom.ru/spb/bmw/x1/825142947.html;Характеристики совпадают с ПТС;3 записи о регистрации;Не числится в розыске;Ограничений не обнаружено;Санкт-Петербурге;бензин, 2.0 л;184 л.с., налог;АКПП;4WD;;коричневый;203 062 км;левый;1 поколение;;;
BMW;3-Series;2012;1399990;https://auto.drom.ru/moscow/bmw/3-series/527259165.html;Характеристики совпадают с ПТС;3 записи о регистрации;Не числится в розыске;Ограничений не обнаружено;Москве;бензин, 2.0 л;184 л.с., налог;АКПП;4WD;седан;синий;140 000 км;левый;6 поколение;320i AT xDrive;;
BMW;5-Series;2012;1838963;https://auto.drom.ru/vitebsk/bmw/5-series/413717388.html;Характеристики совпадают с ПТС;2 записи о регистрации;Не числится в розыске;Ограничений не обнаружено;Витебске;дизель, 3.0 л;258 л.с., налог;АКПП;4WD;седан;черный;212 000 км;левый;6 поколение;;;
BMW;X3;2012;1850000;https://auto.drom.ru/moscow/bmw/x3/546647110.html;Характеристики совпадают с ПТС;3 записи о регистрации;Не числится в розыске;Ограничений не обнаружено;Москве;дизель, 2.0 л;184 л.с., налог;АКПП;4WD;;белый;238 000 км;левый;2 поколение;xDrive 20d AT;;
BMW;X1;2012;1529000;https://auto.drom.ru/kolomna/bmw/x1/53954443.html;Характеристики совпадают с ПТС;3 записи о регистрации;Не числится в розыске;Ограничений не обнаружено;Коломне;дизель, 2.0 л;184 л.с., налог;АКПП;4WD;;коричневый;170 004 км;левый;1 поколение, рестайлинг;;;
BMW;X3;2012;2210000;https://auto.drom.ru/moscow/bmw/x3/53200447.html;Характеристики совпадают с ПТС;4 записи о регистрации;Не числится в розыске;Ограничений не обнаружено;Москве;бензин, 3.0 л;258 л.с., налог;АКПП;4WD;;серый;99 000 км;левый;2 поколение;xDrive 28i AT Exclusive;;
BMW;3-Series;2012;1640000;https://auto.drom.ru/minsk/bmw/3-series/52749354.html;Характеристики совпадают с ПТС;2 записи о регистрации;Не числится в розыске;Ограничений не обнаружено;Минске;бензин, 2.0 л;245 л.с., налог;АКПП;задний;седан;черный;218 000 км;левый;6 поколение;328i AT Luxury Line;;
BMW;5-Series Gran Turismo;2012;1910000;https://auto.drom.ru/moscow/bmw/5-series_gran_turismo/805330204.html;Характеристики совпадают с ПТС;5 записей о регистрации;Не числится в розыске;Ограничений не обнаружено;Москве;дизель, 3.0 л;245 л.с., налог;АКПП;4WD;;черный;239 223 км;левый;6 поколение;;;
BMW;1-Series;2012;1559000;https://auto.drom.ru/moscow/bmw/1-series/603785519.html;Характеристики совпадают с ПТС;1 запись о регистрации;Не числится в розыске;Ограничений не обнаружено;Москве;бензин, 1.6 л;170 л.с., налог;АКПП;задний;хэтчбек 5 дв.;синий;82 133 км;левый;2 поколение;;;
BMW;X5;2012;2550000;https://auto.drom.ru/gubkin/bmw/x5/53647852.html;Характеристики совпадают с ПТС;4 записи о регистрации;Не числится в розыске;Ограничений не обнаружено;Губкине;дизель, 3.0 л;245 л.с., налог;АКПП;4WD;;черный;314 000 км;левый;2 поколение, рестайлинг;xDrive 30d AT Базовая;;
BMW;1-Series;2012;1334789;https://auto.drom.ru/spb/bmw/1-series/53167866.html;Характеристики совпадают с ПТС;3 записи о регистрации;Не числится в розыске;Ограничений не обнаружено;Санкт-Петербурге;бензин, 1.6 л;170 л.с., налог;АКПП;задний;хэтчбек 5 дв.;красный;151 573 км;левый;2 поколение;;;
BMW;3-Series;2012;1697000;https://auto.drom.ru/spb/bmw/3-series/714343986.html;Характеристики совпадают с ПТС;6 записей о регистрации;Не числится в розыске;Ограничений не обнаружено;Санкт-Петербурге;дизель, 2.0 л;184 л.с., налог;АКПП;задний;седан;красный;172 807 км;левый;;;;
BMW;6-Series;2012;2099000;https://auto.drom.ru/moscow/bmw/6-series/237057345.html;Характеристики совпадают с ПТС;5 записей о регистрации;Не числится в розыске;Ограничений не обнаружено;Москве;бензин, 4.4 л;407 л.с., налог;АКПП;4WD;купе;красный;97 402 км;левый;3 поколение;650i AT xDrive;;
BMW;3-Series;2012;1790000;https://auto.drom.ru/moscow/bmw/3-series/53580833.html;Характеристики совпадают с ПТС;2 записи о регистрации;Не числится в розыске;Ограничений не обнаружено;Москве;бензин, 2.0 л;184 л.с., налог;АКПП;4WD;седан;коричневый;106 000 км;левый;6 поколение;;;
BMW;1-Series;2012;989000;https://auto.drom.ru/spb/bmw/1-series/53166699.html;Характеристики совпадают с ПТС;3 записи о регистрации;Не числится в розыске;Ограничений не обнаружено;Санкт-Петербурге;бензин, 1.6 л;136 л.с., налог;АКПП;задний;хэтчбек 5 дв.;белый;175 000 км;правый;2 поколение;116i;;
BMW;X6;2012;2950000;https://auto.drom.ru/moscow/bmw/x6/708393498.html;Характеристики совпадают с ПТС;3 записи о регистрации;Не числится в розыске;Ограничений не обнаружено;Москве;бензин, 4.4 л;555 л.с., налог;АКПП;4WD;;синий;180 000 км;левый;1 поколение, рестайлинг;M;;
BMW;7-Series;2012;1900000;https://auto.drom.ru/moscow/bmw/7-series/181854163.html;Характеристики совпадают с ПТС;2 записи о регистрации;Не числится в розыске;Ограничений не обнаружено;Москве;бензин, 4.4 л;407 л.с., налог;АКПП;задний;;черный;159 000 км;левый;5 поколение;750Li AT Базовая;;
BMW;X1;2012;1540000;https://auto.drom.ru/lyubertsy/bmw/x1/53163002.html;Характеристики совпадают с ПТС;1 запись о регистрации;Не числится в розыске;Ограничений не обнаружено;Люберцах;бензин, 2.0 л;184 л.с., налог;АКПП;4WD;;синий;74 267 км;левый;1 поколение;;;
BMW;3-Series;2012;1620000;https://auto.drom.ru/moscow/bmw/3-series/53928322.html;Характеристики совпадают с ПТС;4 записи о регистрации;Не числится в розыске;Ограничений не обнаружено;Москве;бензин, 2.0 л;184 л.с., налог;АКПП;задний;седан;коричневый;138 000 км;левый;6 поколение;320i AT;;
BMW;5-Series;2012;1950000;https://auto.drom.ru/spb/bmw/5-series/53572413.html;Характеристики совпадают с ПТС;1 запись о регистрации;Не числится в розыске;Ограничений не обнаружено;Санкт-Петербурге;бензин, 2.0 л;184 л.с., налог;АКПП;задний;седан;белый;270 000 км;левый;6 поколение;;;
BMW;5-Series;2012;2000000;https://auto.drom.ru/cheboksary/bmw/5-series/53162914.html;Характеристики совпадают с ПТС;5 записей о регистрации;Не числится в розыске;Ограничений не обнаружено;Чебоксарах;бензин, 2.0 л;245 л.с., налог;АКПП;4WD;седан;серый;234 000 км;левый;6 поколение;528i AT xDrive Luxury;;
BMW;6-Series;2012;3500000;https://auto.drom.ru/moscow/bmw/6-series/50218964.html;;;;;Москве;бензин, 3.0 л;320 л.с., налог;АКПП;задний;купе;коричневый;43 000 км;левый;3 поколение;640i AT;;
BMW;X1;2012;1399000;https://auto.drom.ru/smolensk/bmw/x1/643770343.html;Характеристики совпадают с ПТС;3 записи о регистрации;Не числится в розыске;Ограничений не обнаружено;Смоленске;дизель, 2.0 л;177 л.с., налог;АКПП;4WD;;коричневый;155 560 км;левый;1 поколение;xDrive20d AT;;
BMW;1-Series;2012;1098000;https://auto.drom.ru/spb/bmw/1-series/53909659.html;Характеристики совпадают с ПТС;4 записи о регистрации;Не числится в розыске;Ограничений не обнаружено;Санкт-Петербурге;бензин, 1.6 л;136 л.с., налог;АКПП;задний;хэтчбек 5 дв.;черный;143 739 км;левый;2 поколение;;;
BMW;X1;2012;1120000;https://auto.drom.ru/spb/bmw/x1/53552443.html;Характеристики совпадают с ПТС;6 записей о регистрации;Не числится в розыске;Ограничений не обнаружено;Санкт-Петербурге;бензин, 2.0 л;150 л.с., налог;АКПП;задний;;красный;141 546 км;левый;1 поколение;;;
BMW;X6;2012;1699000;https://auto.drom.ru/spb/bmw/x6/53149316.html;Характеристики совпадают с ПТС;4 записи о регистрации;Не числится в розыске;Ограничений не обнаружено;Санкт-Петербурге;бензин, 3.0 л;306 л.с., налог;АКПП;4WD;;красный;154 311 км;левый;1 поколение;;;
BMW;1-Series;2012;1240000;https://auto.drom.ru/moscow/bmw/1-series/450423777.html;;;;;Москве;бензин, 1.6 л;136 л.с., налог;АКПП;задний;хэтчбек 5 дв.;белый;124 200 км;левый;2 поколение;116i AT Base;;
BMW;X1;2012;1300000;https://auto.drom.ru/ruza/bmw/x1/800926360.html;Характеристики совпадают с ПТС;5 записей о регистрации;Не числится в розыске;Ограничений не обнаружено;Рузе;бензин, 2.0 л;150 л.с., налог;АКПП;задний;;серебристый;280 000 км;левый;1 поколение;sDrive 18i AT Базовая;;
BMW;X1;2012;1427000;https://auto.drom.ru/kazan/bmw/x1/107536410.html;Характеристики совпадают с ПТС;3 записи о регистрации;Не числится в розыске;Ограничений не обнаружено;Казани;бензин, 2.0 л;184 л.с., налог;АКПП;4WD;;белый;194 755 км;левый;1 поколение;;;
BMW;X3;2012;2250000;https://auto.drom.ru/moscow/bmw/x3/198183936.html;Характеристики совпадают с ПТС;1 запись о регистрации;Не числится в розыске;Ограничений не обнаружено;Москве;бензин, 2.0 л;184 л.с., налог;АКПП;4WD;;синий;106 000 км;левый;2 поколение;xDrive 20i AT;;
BMW;3-Series;2012;1706000;https://auto.drom.ru/himki/bmw/3-series/53525254.html;Характеристики совпадают с ПТС;2 записи о регистрации;Не числится в розыске;Ограничений не обнаружено;Химках;бензин, 2.0 л;184 л.с., налог;АКПП;задний;седан;черный;146 800 км;левый;6 поколение;;;
BMW;3-Series;2012;1806000;https://auto.drom.ru/himki/bmw/3-series/53525257.html;Характеристики совпадают с ПТС;1 запись о регистрации;Не числится в розыске;Ограничений не обнаружено;Химках;бензин, 2.0 л;245 л.с., налог;АКПП;задний;седан;черный;129 876 км;левый;6 поколение;;;
BMW;X3;2012;1950000;https://auto.drom.ru/kaluga/bmw/x3/53893507.html;Характеристики совпадают с ПТС;6 записей о регистрации;Не числится в розыске;Ограничений не обнаружено;Калуге;дизель, 3.0 л;249 л.с., налог;АКПП;4WD;;серебристый;171 149 км;левый;2 поколение;;;
BMW;X1;2012;1115400;https://auto.drom.ru/moscow/bmw/x1/53538100.html;Характеристики совпадают с ПТС;2 записи о регистрации;Не числится в розыске;Ограничений не обнаружено;Москве;бензин, 2.0 л;150 л.с., налог;АКПП;задний;;коричневый;145 927 км;левый;1 поколение;;;
BMW;X1;2012;1790000;https://auto.drom.ru/nizhniy-novgorod/bmw/x1/464200163.html;Характеристики совпадают с ПТС;3 записи о регистрации;Не числится в розыске;Ограничений не обнаружено;Нижнем Новгороде;бензин, 2.0 л;184 л.с., налог;АКПП;4WD;;белый;99 500 км;левый;1 поколение, рестайлинг;xDrive 20i AT;;
BMW;X3;2012;2449000;https://auto.drom.ru/kolomna/bmw/x3/53522222.html;Цвет не совпадает с ПТС;3 записи о регистрации;Не числится в розыске;Ограничений не обнаружено;Коломне;бензин, 3.0 л;258 л.с., налог;АКПП;4WD;;коричневый;51 234 км;левый;2 поколение;;;
BMW;6-Series;2012;2429000;https://auto.drom.ru/spb/bmw/6-series/53521387.html;Характеристики совпадают с ПТС;7 записей о регистрации;Не числится в розыске;Ограничений не обнаружено;Санкт-Петербурге;бензин, 3.0 л;320 л.с., налог;АКПП;задний;седан;черный;171 600 км;левый;3 поколение;640i AT;;
BMW;X3;2012;2070000;https://auto.drom.ru/moscow/bmw/x3/53102378.html;Характеристики совпадают с ПТС;3 записи о регистрации;Не числится в розыске;Ограничений не обнаружено;Москве;дизель, 3.0 л;249 л.с., налог;АКПП;4WD;;серый;219 000 км;левый;2 поколение;;;
BMW;X5;2012;1745000;https://auto.drom.ru/razvilka/bmw/x5/403665713.html;;;;;Развилке;бензин, 4.4 л;407 л.с., налог;АКПП;4WD;;белый;176 000 км;левый;2 поколение, рестайлинг;xDrive 50i AT M Sports Edition;;
BMW;1-Series;2012;1098000;https://auto.drom.ru/kazan/bmw/1-series/411448360.html;Характеристики совпадают с ПТС;3 записи о регистрации;Не числится в розыске;Ограничений не обнаружено;Казани;бензин, 1.6 л;136 л.с., налог;АКПП;задний;хэтчбек 5 дв.;белый;215 249 км;правый;2 поколение;116i;;
BMW;X1;2012;1200000;https://auto.drom.ru/spb/bmw/x1/53507996.html;Характеристики совпадают с ПТС;9 записей о регистрации;Не числится в розыске;Ограничений не обнаружено;Санкт-Петербурге;бензин, 2.0 л;184 л.с., налог;АКПП;4WD;;белый;226 000 км;левый;1 поколение, рестайлинг;xDrive 20i AT;;
BMW;X6;2012;245000;https://auto.drom.ru/penza/bmw/x6/53503364.html;Характеристики совпадают с ПТС;2 записи о регистрации;Не числится в розыске;Есть ограничения;Пензе;дизель, 3.0 л;306 л.с., налог;АКПП;4WD;;черный;96 000 км;левый;1 поколение, рестайлинг;;требуется ремонт или не на ходу;
BMW;X3;2012;1730000;https://auto.drom.ru/moscow/bmw/x3/54152142.html;Характеристики совпадают с ПТС;6 записей о регистрации;Не числится в розыске;Ограничений не обнаружено;Москве;дизель, 2.0 л;184 л.с., налог;АКПП;4WD;;синий;212 000 км;левый;2 поколение;xDrive20d AT;;
BMW;3-Series;2012;1525000;https://auto.drom.ru/ulyanovsk/bmw/3-series/54150806.html;Характеристики совпадают с ПТС;6 записей о регистрации;Не числится в розыске;Ограничений не обнаружено;Ульяновске;бензин, 2.0 л;184 л.с., налог;АКПП;задний;седан;коричневый;153 000 км;правый;6 поколение;320i SE;;
BMW;X1;2012;1450000;https://auto.drom.ru/ivanteevka/bmw/x1/54148468.html;Характеристики совпадают с ПТС;5 записей о регистрации;Не числится в розыске;Ограничений не обнаружено;Ивантеевке;бензин, 2.0 л;150 л.с., налог;АКПП;задний;;белый;128 000 км;левый;1 поколение;sDrive18i AT;;
BMW;3-Series;2013;1399789;https://auto.drom.ru/spb/bmw/3-series/887502967.html;Характеристики совпадают с ПТС;3 записи о регистрации;Не числится в розыске;Ограничений не обнаружено;Санкт-Петербурге;бензин, 2.0 л;184 л.с., налог;АКПП;задний;седан;черный;200 686 км;левый;6 поколение;;;
BMW;5-Series;2013;2499000;https://auto.drom.ru/moscow/bmw/5-series/54144453.html;Характеристики совпадают с ПТС;1 запись о регистрации;Не числится в розыске;Ограничений не обнаружено;Москве;бензин, 2.0 л;184 л.с., налог;АКПП;задний;седан;черный;122 533 км;левый;6 поколение;;;
BMW;3-Series;2013;1870000;https://auto.drom.ru/moscow/bmw/3-series/54138342.html;Характеристики совпадают с ПТС;4 записи о регистрации;Не числится в розыске;Ограничений не обнаружено;Москве;дизель, 2.0 л;184 л.с., налог;АКПП;4WD;седан;белый;290 000 км;левый;6 поколение;320d AT xDrive Luxury Line;;
BMW;X5;2013;3700000;https://auto.drom.ru/spb/bmw/x5/54137792.html;Характеристики совпадают с ПТС;7 записей о регистрации;Не числится в розыске;Ограничений не обнаружено;Санкт-Петербурге;дизель, 3.0 л;381 л.с., налог;АКПП;4WD;;белый;206 000 км;левый;3 поколение;xDrive M50d AT;;
BMW;5-Series;2013;1850000;https://auto.drom.ru/kazan/bmw/5-series/53853707.html;Характеристики совпадают с ПТС;3 записи о регистрации;Не числится в розыске;Есть ограничения;Казани;бензин, 2.0 л;184 л.с., налог;АКПП;задний;седан;черный;210 000 км;левый;6 поколение;;;
BMW;3-Series;2013;1830000;https://auto.drom.ru/moscow/bmw/3-series/53481168.html;Характеристики совпадают с ПТС;6 записей о регистрации;Не числится в розыске;Ограничений не обнаружено;Москве;бензин, 2.0 л;184 л.с., налог;АКПП;задний;седан;черный;135 000 км;левый;6 поколение;320i AT;;
BMW;X5;2013;2290000;https://auto.drom.ru/moscow/bmw/x5/53066588.html;Характеристики совпадают с ПТС;4 записи о регистрации;Не числится в розыске;Ограничений не обнаружено;Москве;бензин, 3.0 л;306 л.с., налог;АКПП;4WD;;черный;180 000 км;левый;2 поколение, рестайлинг;;;
BMW;5-Series;2013;1899000;https://auto.drom.ru/spb/bmw/5-series/53054774.html;Характеристики совпадают с ПТС;5 записей о регистрации;Не числится в розыске;Ограничений не обнаружено;Санкт-Петербурге;бензин, 2.0 л;245 л.с., налог;АКПП;4WD;седан;черный;192 000 км;левый;6 поколение;;;
BMW;3-Series;2013;2200000;https://auto.drom.ru/moscow/bmw/3-series/52599779.html;Характеристики совпадают с ПТС;1 запись о регистрации;Не числится в розыске;Ограничений не обнаружено;Москве;дизель, 2.0 л;184 л.с., налог;АКПП;4WD;седан;коричневый;159 436 км;левый;6 поколение;;;
BMW;5-Series;2013;2250000;https://auto.drom.ru/moscow/bmw/5-series/52597861.html;Характеристики совпадают с ПТС;8 записей о регистрации;Не числится в розыске;Ограничений не обнаружено;Москве;бензин, 2.0 л;245 л.с., налог;АКПП;4WD;седан;черный;235 000 км;левый;6 поколение, рестайлинг;528i AT xDrive Luxury;;
