Бренд;Модель;Год;Цена;URL;ПТС;Владельцы;Розыск;Ограничения;Город;Двигатель;Мощность;Коробка передач;Привод;Пробег;Руль;Поколение;Цвет;Тип кузова;Комплектация;Особые отметки;VIN;
Mercedes-Benz;C-Class;2013;1589000;https://auto.drom.ru/volgograd/mercedes-benz/c-class/251754768.html;Характеристики совпадают с ПТС;6 записей о регистрации;Не числится в розыске;Ограничений не обнаружено;Волгограде;бензин, 1.6 л;156 л.с., налог;АКПП;задний;132 085 км;левый;;белый;седан;;;;
Mercedes-Benz;E-Class;2013;2459000;https://auto.drom.ru/moscow/mercedes-benz/e-class/877847789.html;Характеристики совпадают с ПТС;3 записи о регистрации;Не числится в розыске;Ограничений не обнаружено;Москве;бензин, 2.0 л;184 л.с., налог;АКПП;задний;71 167 км;левый;4 поколение, рестайлинг;синий;седан;;;;
Mercedes-Benz;A-Class;2013;1257000;https://auto.drom.ru/kazan/mercedes-benz/a-class/53986014.html;Характеристики совпадают с ПТС;3 записи о регистрации;Не числится в розыске;Ограничений не обнаружено;Казани;бензин, 1.6 л;122 л.с., налог;робот;передний;198 301 км;правый;3 поколение;серый;хэтчбек 5 дв.;A 180;;;
Mercedes-Benz;B-Class;2013;1049000;https://auto.drom.ru/spb/mercedes-benz/b-class/53984912.html;Характеристики совпадают с ПТС;4 записи о регистрации;Не числится в розыске;Ограничений не обнаружено;Санкт-Петербурге;бензин, 1.6 л;156 л.с., налог;робот;передний;201 000 км;левый;2 поколение;черный;;;;;
Mercedes-Benz;CLS-Class;2013;4650000;https://auto.drom.ru/moscow/mercedes-benz/cls-class/53679532.html;Характеристики совпадают с ПТС;4 записи о регистрации;Не числится в розыске;Ограничений не обнаружено;Москве;бензин, 5.5 л;585 л.с., налог;АКПП;4WD;121 500 км;левый;2 поколение;синий;универсал;CLS 63 AMG S 4MATIC;;;
Mercedes-Benz;C-Class;2013;1610000;https://auto.drom.ru/moscow/mercedes-benz/c-class/53659994.html;Характеристики совпадают с ПТС;8 записей о регистрации;Не числится в розыске;Ограничений не обнаружено;Москве;бензин, 1.8 л;204 л.с., налог;АКПП;задний;177 000 км;левый;3 поколение, рестайлинг;черный;седан;C 250 AT Avantgarde;;;
Mercedes-Benz;E-Class;2013;2200000;https://auto.drom.ru/engels/mercedes-benz/e-class/590655427.html;Характеристики совпадают с ПТС;4 записи о регистрации;Не числится в розыске;Ограничений не обнаружено;Энгельсе;бензин, 1.8 л;184 л.с., налог;автомат;задний;99 999 км;левый;4 поколение;черный;седан;;;;
Mercedes-Benz;CLS-Class;2013;2300000;https://auto.drom.ru/moscow/mercedes-benz/cls-class/937299899.html;Характеристики совпадают с ПТС;5 записей о регистрации;Не числится в розыске;Ограничений не обнаружено;Москве;бензин, 3.5 л;306 л.с., налог;АКПП;задний;145 500 км;левый;2 поколение;черный;седан;CLS 350 AT;;;
Mercedes-Benz;Vito;2013;1790000;https://auto.drom.ru/volgograd/mercedes-benz/vito/52331647.html;Характеристики совпадают с ПТС;5 записей о регистрации;Не числится в розыске;Ограничений не обнаружено;Волгограде;дизель, 2.1 л;136 л.с., налог;АКПП;задний;340 507 км;левый;2 поколение, рестайлинг;серебристый;;;;;
Mercedes-Benz;E-Class;2013;2189648;https://auto.drom.ru/spb/mercedes-benz/e-class/336822118.html;Характеристики совпадают с ПТС;3 записи о регистрации;Не числится в розыске;Ограничений не обнаружено;Санкт-Петербурге;бензин, 2.0 л;211 л.с., налог;АКПП;задний;123 516 км;левый;4 поколение, рестайлинг;синий;купе;;;;
Mercedes-Benz;M-Class;2013;2749000;https://auto.drom.ru/himki/mercedes-benz/m-class/409547568.html;Характеристики совпадают с ПТС;5 записей о регистрации;Не числится в розыске;Ограничений не обнаружено;Химках;дизель, 3.0 л;258 л.с., налог;АКПП;4WD;123 000 км;левый;3 поколение;белый;;ML 350 BlueTEC AT 4MATIC;;;
Mercedes-Benz;M-Class;2013;2497000;https://auto.drom.ru/moscow/mercedes-benz/m-class/53660527.html;Характеристики совпадают с ПТС;1 запись о регистрации;Не числится в розыске;Ограничений не обнаружено;Москве;бензин, 3.5 л;306 л.с., налог;АКПП;4WD;223 000 км;левый;3 поколение;белый;;;;;
Mercedes-Benz;C-Class;2013;1366000;https://auto.drom.ru/volgograd/mercedes-benz/c-class/305159173.html;Характеристики совпадают с ПТС;4 записи о регистрации;Не числится в розыске;Ограничений не обнаружено;Волгограде;бензин, 1.8 л;204 л.с., налог;АКПП;задний;154 849 км;левый;3 поколение, рестайлинг;серый;седан;;;;
Mercedes-Benz;E-Class;2013;2650000;https://auto.drom.ru/kazan/mercedes-benz/e-class/328656346.html;Характеристики совпадают с ПТС;2 записи о регистрации;Не числится в розыске;Ограничений не обнаружено;Казани;бензин, 3.5 л;249 л.с., налог;АКПП;4WD;168 000 км;левый;4 поколение, рестайлинг;белый;седан;E 300 4MATIC AT Особая серия;;;
Mercedes-Benz;C-Class;2013;1480000;https://auto.drom.ru/moscow/mercedes-benz/c-class/53237186.html;Характеристики совпадают с ПТС;4 записи о регистрации;Не числится в розыске;Ограничений не обнаружено;Москве;бензин, 1.6 л;156 л.с., налог;АКПП;задний;227 000 км;левый;3 поколение, рестайлинг;коричневый;седан;C 180 CGI AT Особая серия;;;
Mercedes-Benz;G-Class;2013;7500000;https://auto.drom.ru/kazan/mercedes-benz/g-class/51524159.html;Характеристики совпадают с ПТС;1 запись о регистрации;Не числится в розыске;Есть ограничения;Казани;бензин, 5.5 л;544 л.с., налог;АКПП;4WD;72 177 км;левый;2 поколение, 6 рестайлинг;черный;джип/suv 5 дв.;G 63 AMG;;;
Mercedes-Benz;GLK-Class;2013;2000000;https://auto.drom.ru/moscow/mercedes-benz/glk-class/341288703.html;Характеристики совпадают с ПТС;4 записи о регистрации;Не числится в розыске;Ограничений не обнаружено;Москве;бензин, 3.5 л;249 л.с., налог;АКПП;4WD;141 000 км;левый;1 поколение, рестайлинг;белый;;GLK 300 4MATIC AT Особая серия;;;
Mercedes-Benz;GL-Class;2013;2880000;https://auto.drom.ru/spb/mercedes-benz/gl-class/554996346.html;Характеристики совпадают с ПТС;2 записи о регистрации;Не числится в розыске;Ограничений не обнаружено;Санкт-Петербурге;дизель, 3.0 л;249 л.с., налог;АКПП;4WD;282 000 км;левый;2 поколение;коричневый;;GL 350 BlueTEC 4MATIC AT Особая серия;;;
Mercedes-Benz;C-Class;2013;1555832;https://auto.drom.ru/kazan/mercedes-benz/c-class/53963090.html;Характеристики совпадают с ПТС;3 записи о регистрации;Не числится в розыске;Ограничений не обнаружено;Казани;бензин, 1.6 л;156 л.с., налог;АКПП;задний;241 898 км;левый;;серебристый;седан;;;;
Mercedes-Benz;B-Class;2013;1170000;https://auto.drom.ru/serpuhov/mercedes-benz/b-class/526208164.html;Характеристики совпадают с ПТС;4 записи о регистрации;Не числится в розыске;Ограничений не обнаружено;Серпухове;бензин, 1.6 л;122 л.с., налог;робот;передний;129 000 км;левый;2 поколение;белый;;B 180 DCT;;;
Mercedes-Benz;E-Class;2013;1680777;https://auto.drom.ru/spb/mercedes-benz/e-class/413620901.html;Характеристики совпадают с ПТС;5 записей о регистрации;Не числится в розыске;Ограничений не обнаружено;Санкт-Петербурге;бензин, 2.0 л;184 л.с., налог;АКПП;задний;197 563 км;левый;4 поколение, рестайлинг;черный;седан;;;;
Mercedes-Benz;GL-Class;2013;2825000;https://auto.drom.ru/volgograd/mercedes-benz/gl-class/52768389.html;Характеристики совпадают с ПТС;2 записи о регистрации;Не числится в розыске;Ограничений не обнаружено;Волгограде;дизель, 3.0 л;258 л.с., налог;АКПП;4WD;204 000 км;левый;2 поколение;белый;;;;;
Mercedes-Benz;GLK-Class;2013;2200000;https://auto.drom.ru/pskov/mercedes-benz/glk-class/321786626.html;Характеристики совпадают с ПТС;4 записи о регистрации;Не числится в розыске;Ограничений не обнаружено;Пскове;дизель, 2.1 л;170 л.с., налог;АКПП;4WD;146 000 км;левый;1 поколение, рестайлинг;белый;;GLK 220 CDI 4MATIC AT Особая серия;;;
Mercedes-Benz;C-Class;2013;1600000;https://auto.drom.ru/penza/mercedes-benz/c-class/857532072.html;Год не совпадает с ПТС;5 записей о регистрации;Не числится в розыске;Ограничений не обнаружено;Пензе;бензин, 1.6 л;156 л.с., налог;АКПП;задний;190 000 км;левый;3 поколение, рестайлинг;черный;седан;C 180 AT Avantgarde;;;
Mercedes-Benz;G-Class;2013;7700000;https://auto.drom.ru/moscow/mercedes-benz/g-class/53604605.html;Характеристики совпадают с ПТС;2 записи о регистрации;Не числится в розыске;Ограничений не обнаружено;Москве;бензин, 5.5 л;544 л.с., налог;АКПП;4WD;79 000 км;левый;2 поколение, 6 рестайлинг;черный;джип/suv 5 дв.;G 63 AMG;;;
Mercedes-Benz;GL-Class;2013;3434000;https://auto.drom.ru/moscow/mercedes-benz/gl-class/215965951.html;Характеристики совпадают с ПТС;3 записи о регистрации;Не числится в розыске;Ограничений не обнаружено;Москве;бензин, 5.5 л;557 л.с., налог;АКПП;4WD;155 342 км;левый;2 поколение;коричневый;;;;;
Mercedes-Benz;C-Class;2013;1145000;https://auto.drom.ru/spb/mercedes-benz/c-class/53950011.html;Характеристики совпадают с ПТС;3 записи о регистрации;Не числится в розыске;Ограничений не обнаружено;Санкт-Петербурге;бензин, 1.6 л;156 л.с., налог;АКПП;задний;209 043 км;левый;;коричневый;седан;;;;
Mercedes-Benz;A-Class;2013;1089000;https://auto.drom.ru/spb/mercedes-benz/a-class/52748612.html;Характеристики совпадают с ПТС;2 записи о регистрации;Не числится в розыске;Ограничений не обнаружено;Санкт-Петербурге;бензин;;автомат;;245 152 км;левый;3 поколение;белый;хэтчбек 5 дв.;;;;
Mercedes-Benz;E-Class;2013;2360000;https://auto.drom.ru/moscow/mercedes-benz/e-class/53948414.html;Характеристики совпадают с ПТС;2 записи о регистрации;Не числится в розыске;Ограничений не обнаружено;Москве;бензин, 2.0 л;211 л.с., налог;АКПП;задний;69 806 км;левый;4 поколение, рестайлинг;белый;купе;;;;
Mercedes-Benz;GLK-Class;2013;1660000;https://auto.drom.ru/spb/mercedes-benz/glk-class/53947379.html;Характеристики совпадают с ПТС;4 записи о регистрации;Не числится в розыске;Ограничений не обнаружено;Санкт-Петербурге;бензин, 2.0 л;211 л.с., налог;АКПП;4WD;190 000 км;левый;1 поколение, рестайлинг;черный;;GLK 250 4MATIC AT Особая серия;;;
Mercedes-Benz;A-Class;2013;1159000;https://auto.drom.ru/spb/mercedes-benz/a-class/627230976.html;Характеристики совпадают с ПТС;4 записи о регистрации;Не числится в розыске;Ограничений не обнаружено;Санкт-Петербурге;бензин, 1.6 л;122 л.с., налог;робот;передний;145 000 км;левый;3 поколение;белый;хэтчбек 5 дв.;;;;
Mercedes-Benz;E-Class;2013;1759789;https://auto.drom.ru/spb/mercedes-benz/e-class/53581763.html;Характеристики совпадают с ПТС;5 записей о регистрации;Не числится в розыске;Ограничений не обнаружено;Санкт-Петербурге;бензин, 2.0 л;184 л.с., налог;АКПП;задний;214 345 км;левый;4 поколение, рестайлинг;черный;седан;;;;
Mercedes-Benz;CLS-Class;2013;2020000;https://auto.drom.ru/moscow/mercedes-benz/cls-class/53581732.html;Характеристики совпадают с ПТС;4 записи о регистрации;Не числится в розыске;Ограничений не обнаружено;Москве;дизель, 3.0 л;265 л.с., налог;АКПП;4WD;158 969 км;левый;2 поколение;белый;седан;;;;
Mercedes-Benz;A-Class;2013;1620000;https://auto.drom.ru/moscow/mercedes-benz/a-class/53176140.html;Характеристики совпадают с ПТС;2 записи о регистрации;Не числится в розыске;Ограничений не обнаружено;Москве;бензин, 1.6 л;122 л.с., налог;робот;передний;126 994 км;левый;3 поколение;красный;хэтчбек 5 дв.;;;;
Mercedes-Benz;SL-Class;2013;7300000;https://auto.drom.ru/moscow/mercedes-benz/sl-class/52953925.html;Характеристики совпадают с ПТС;3 записи о регистрации;Не числится в розыске;Ограничений не обнаружено;Москве;бензин, 5.5 л;537 л.с., налог;робот;задний;30 942 км;левый;6 поколение;белый;открытый;SL 63 AMG DSG;;;
Mercedes-Benz;CLA-Class;2013;1790000;https://auto.drom.ru/spb/mercedes-benz/cla-class/627072250.html;Характеристики совпадают с ПТС;4 записи о регистрации;Не числится в розыске;Ограничений не обнаружено;Санкт-Петербурге;бензин, 1.6 л;156 л.с., налог;робот;передний;143 410 км;левый;1 поколение;белый;седан;;;;
Mercedes-Benz;C-Class;2013;1480000;https://auto.drom.ru/spb/mercedes-benz/c-class/52274019.html;Характеристики совпадают с ПТС;8 записей о регистрации;Не числится в розыске;Ограничений не обнаружено;Санкт-Петербурге;бензин, 1.6 л;156 л.с., налог;АКПП;задний;163 000 км, без пробега по РФ;левый;3 поколение, рестайлинг;белый;седан;C 180 AT Elegance;;;
Mercedes-Benz;CLA-Class;2013;3100000;https://auto.drom.ru/spb/mercedes-benz/cla-class/205038586.html;Модель не совпадает с ПТС;4 записи о регистрации;Не числится в розыске;Ограничений не обнаружено;Санкт-Петербурге;бензин, 2.0 л;360 л.с., налог;робот;4WD;75 000 км;левый;1 поколение;белый;седан;CLA 45 AMG 4MATIC DCT Особая серия;;;
Mercedes-Benz;B-Class;2013;1565200;https://auto.drom.ru/kazan/mercedes-benz/b-class/52771249.html;Характеристики совпадают с ПТС;2 записи о регистрации;Не числится в розыске;Ограничений не обнаружено;Казани;бензин, 1.6 л;156 л.с., налог;робот;передний;123 493 км;левый;2 поколение;серый;;;;;
Mercedes-Benz;GLK-Class;2013;2269000;https://auto.drom.ru/nizhniy-novgorod/mercedes-benz/glk-class/53909162.html;Характеристики совпадают с ПТС;1 запись о регистрации;Не числится в розыске;Ограничений не обнаружено;Нижнем Новгороде;бензин, 2.0 л;211 л.с., налог;АКПП;4WD;156 276 км;левый;1 поколение, рестайлинг;синий;;GLK 250 4MATIC AT Особая серия;;;
Mercedes-Benz;Viano;2013;3250000;https://auto.drom.ru/moscow/mercedes-benz/viano/53908020.html;Характеристики совпадают с ПТС;3 записи о регистрации;Не числится в розыске;Ограничений не обнаружено;Москве;бензин, 3.5 л;258 л.с., налог;АКПП;задний;68 000 км;левый;2 поколение, рестайлинг;черный;;3.5 Ambiente Длинный;;;
Mercedes-Benz;E-Class;2013;1840000;https://auto.drom.ru/spb/mercedes-benz/e-class/53562001.html;Характеристики совпадают с ПТС;1 запись о регистрации;Не числится в розыске;Ограничений не обнаружено;Санкт-Петербурге;бензин, 2.0 л;184 л.с., налог;АКПП;задний;172 800 км;левый;4 поколение, рестайлинг;коричневый;седан;;;;
Mercedes-Benz;E-Class;2013;2210000;https://auto.drom.ru/ryazan/mercedes-benz/e-class/628050257.html;Характеристики совпадают с ПТС;6 записей о регистрации;Не числится в розыске;Ограничений не обнаружено;Рязани;бензин, 3.5 л;249 л.с., налог;АКПП;4WD;203 000 км;левый;4 поколение, рестайлинг;коричневый;седан;E 300 4MATIC AT Особая серия;;;
Mercedes-Benz;A-Class;2013;1495000;https://auto.drom.ru/moscow/mercedes-benz/a-class/830976378.html;Характеристики совпадают с ПТС;1 запись о регистрации;Не числится в розыске;Ограничений не обнаружено;Москве;бензин, 1.6 л;122 л.с., налог;робот;передний;169 123 км;правый;3 поколение;черный;хэтчбек 5 дв.;A 180;;;
Mercedes-Benz;S-Class;2013;5669000;https://auto.drom.ru/moscow/mercedes-benz/s-class/53551712.html;Характеристики совпадают с ПТС;3 записи о регистрации;Не числится в розыске;Ограничений не обнаружено;Москве;бензин, 5.5 л;585 л.с., налог;робот;4WD;67 618 км;левый;6 поколение;черный;седан;;;;
Mercedes-Benz;M-Class;2013;2450000;https://auto.drom.ru/spb/mercedes-benz/m-class/53546517.html;Характеристики совпадают с ПТС;6 записей о регистрации;Не числится в розыске;Ограничений не обнаружено;Санкт-Петербурге;дизель, 3.0 л;249 л.с., налог;АКПП;4WD;250 000 км;левый;3 поколение;белый;;ML 350 BlueTEC 4MATIC Особая серия;;;
Mercedes-Benz;S-Class;2013;3500000;https://auto.drom.ru/moscow/mercedes-benz/s-class/375113125.html;Характеристики совпадают с ПТС;2 записи о регистрации;Не числится в розыске;Ограничений не обнаружено;Москве;бензин, 4.7 л;455 л.с., налог;АКПП;задний;220 000 км;левый;6 поколение;белый;седан;;;;
Mercedes-Benz;G-Class;2013;5499000;https://auto.drom.ru/moscow/mercedes-benz/g-class/258534206.html;Характеристики совпадают с ПТС;9 записей о регистрации;Не числится в розыске;Ограничений не обнаружено;Москве;бензин, 5.5 л;544 л.с., налог;АКПП;4WD;105 000 км;левый;2 поколение, 6 рестайлинг;черный;джип/suv 5 дв.;G 63 AMG;;;
Mercedes-Benz;E-Class;2013;2000000;https://auto.drom.ru/tula/mercedes-benz/e-class/53451460.html;Характеристики совпадают с ПТС;6 записей о регистрации;Не числится в розыске;Ограничений не обнаружено;Туле;бензин, 2.0 л;184 л.с., налог;АКПП;задний;110 000 км;левый;4 поколение, рестайлинг;белый;седан;;;;
Mercedes-Benz;B-Class;2013;1195950;https://auto.drom.ru/moscow/mercedes-benz/b-class/280859786.html;Характеристики совпадают с ПТС;2 записи о регистрации;Не числится в розыске;Ограничений не обнаружено;Москве;бензин, 1.6 л;156 л.с., налог;робот;передний;154 850 км;левый;2 поколение;черный;;;;;
Mercedes-Benz;CL-Class;2013;2950000;https://auto.drom.ru/moscow/mercedes-benz/cl-class/486517392.html;Характеристики совпадают с ПТС;4 записи о регистрации;Не числится в розыске;Ограничений не обнаружено;Москве;бензин, 4.7 л;435 л.с., налог;АКПП;4WD;106 000 км;левый;3 поколение, рестайлинг;белый;;CL 500 4MATIC BlueEFFICIENCY AT;;;
Mercedes-Benz;B-Class;2013;1100000;https://auto.drom.ru/moscow/mercedes-benz/b-class/53875982.html;Характеристики совпадают с ПТС;2 записи о регистрации;Не числится в розыске;Ограничений не обнаружено;Москве;1.6 л;;автомат;;176 000 км;левый;2 поколение;черный;;;;;
Mercedes-Benz;GL-Class;2013;3999999;https://auto.drom.ru/moscow/mercedes-benz/gl-class/53498060.html;Характеристики совпадают с ПТС;4 записи о регистрации;Не числится в розыске;Ограничений не обнаружено;Москве;бензин, 5.5 л;557 л.с., налог;АКПП;4WD;161 000 км;левый;2 поколение;черный;;GL 63 AMG Особая серия;;;
Mercedes-Benz;C-Class;2013;1900000;https://auto.drom.ru/donetsk/mercedes-benz/c-class/52629896.html;;;;;Донецке;бензин, 3.5 л;250 л.с., налог;АКПП;4WD;220 000 км;левый;3 поколение, рестайлинг;белый;седан;C 300 4MATIC AT Особая серия;;;
Mercedes-Benz;Vito;2013;2200000;https://auto.drom.ru/spb/mercedes-benz/vito/54153417.html;Характеристики совпадают с ПТС;;Не числится в розыске;Ограничений не обнаружено;Санкт-Петербурге;дизель, 2.1 л;136 л.с., налог;АКПП;задний;264 000 км;левый;2 поколение, рестайлинг;черный;;113 CDI AT L2;;;
Mercedes-Benz;E-Class;2013;1550000;https://auto.drom.ru/moscow/mercedes-benz/e-class/52554737.html;Характеристики совпадают с ПТС;;Не числится в розыске;Ограничений не обнаружено;Москве;бензин, 2.0 л;211 л.с., налог;АКПП;задний;;левый;4 поколение, рестайлинг;белый;купе;;;;
Mercedes-Benz;E-Class;2013;2449999;https://auto.drom.ru/shuya/mercedes-benz/e-class/53866465.html;Характеристики совпадают с ПТС;;Не числится в розыске;Ограничений не обнаружено;Шуе;бензин, 2.0 л;184 л.с., налог;АКПП;задний;89 000 км;левый;4 поколение, рестайлинг;черный;седан;;;;
Mercedes-Benz;GLA-Class;2014;2117423;https://auto.drom.ru/spb/mercedes-benz/gla-class/54146262.html;Характеристики совпадают с ПТС;4 записи о регистрации;Не числится в розыске;Ограничений не обнаружено;Санкт-Петербурге;бензин, 2.0 л;211 л.с., налог;робот;4WD;77 492 км;левый;1 поколение;черный;;;;;
Mercedes-Benz;C-Class;2014;1900000;https://auto.drom.ru/moscow/mercedes-benz/c-class/53864379.html;Характеристики совпадают с ПТС;2 записи о регистрации;Не числится в розыске;Ограничений не обнаружено;Москве;бензин, 1.8 л;156 л.с., налог;АКПП;задний;56 000 км;правый;3 поколение, рестайлинг;белый;седан;C 180;;;
Mercedes-Benz;B-Class;2014;1109000;https://auto.drom.ru/moscow/mercedes-benz/b-class/53863092.html;Характеристики совпадают с ПТС;5 записей о регистрации;Не числится в розыске;Ограничений не обнаружено;Москве;бензин, 1.6 л;122 л.с., налог;робот;передний;180 796 км;левый;2 поколение;серый;;;;;
Mercedes-Benz;S-Class;2014;3549000;https://auto.drom.ru/moscow/mercedes-benz/s-class/53496712.html;Характеристики совпадают с ПТС;3 записи о регистрации;Не числится в розыске;Ограничений не обнаружено;Москве;бензин;;автомат;;152 987 км;левый;6 поколение;черный;седан;;;;
Mercedes-Benz;A-Class;2014;1320001;https://auto.drom.ru/spb/mercedes-benz/a-class/53495777.html;Характеристики совпадают с ПТС;7 записей о регистрации;Не числится в розыске;Ограничений не обнаружено;Санкт-Петербурге;бензин, 1.6 л;122 л.с., налог;робот;передний;145 000 км;левый;3 поколение;белый;хэтчбек 5 дв.;;;;
Mercedes-Benz;E-Class;2014;2080000;https://auto.drom.ru/kursk/mercedes-benz/e-class/529364020.html;Характеристики совпадают с ПТС;4 записи о регистрации;Не числится в розыске;Ограничений не обнаружено;Курске;бензин, 2.0 л;184 л.с., налог;АКПП;задний;196 248 км;левый;4 поколение, рестайлинг;черный;седан;;;;
Mercedes-Benz;GLA-Class;2014;2450000;https://auto.drom.ru/moscow/mercedes-benz/gla-class/239961539.html;Характеристики совпадают с ПТС;1 запись о регистрации;Не числится в розыске;Ограничений не обнаружено;Москве;бензин, 2.0 л;211 л.с., налог;робот;4WD;50 600 км;левый;1 поколение;коричневый;;GLA 250 4MATIC Особая серия;;;
Mercedes-Benz;GL-Class;2014;3300000;https://auto.drom.ru/moscow/mercedes-benz/gl-class/142000941.html;Характеристики совпадают с ПТС;4 записи о регистрации;Не числится в розыске;Ограничений не обнаружено;Москве;бензин, 5.5 л;557 л.с., налог;АКПП;4WD;224 000 км;левый;2 поколение;черный;;;;;
Mercedes-Benz;GLA-Class;2014;1550000;https://auto.drom.ru/himki/mercedes-benz/gla-class/716771801.html;Характеристики совпадают с ПТС;3 записи о регистрации;Не числится в розыске;Ограничений не обнаружено;Химках;бензин, 2.0 л;211 л.с., налог;робот;4WD;121 584 км;левый;1 поколение;красный;;;;;
Mercedes-Benz;A-Class;2014;1430000;https://auto.drom.ru/moscow/mercedes-benz/a-class/53854375.html;Характеристики совпадают с ПТС;2 записи о регистрации;Не числится в розыске;Ограничений не обнаружено;Москве;бензин, 1.6 л;122 л.с., налог;робот;передний;122 000 км;левый;3 поколение;серый;хэтчбек 5 дв.;;;;
Mercedes-Benz;CLA-Class;2014;1593020;https://auto.drom.ru/minsk/mercedes-benz/cla-class/53825397.html;Характеристики совпадают с ПТС;2 записи о регистрации;Не числится в розыске;Ограничений не обнаружено;Минске;бензин, 1.6 л;156 л.с., налог;робот;передний;157 000 км;левый;1 поколение;красный;седан;CLA 200 DCT;;;
Mercedes-Benz;GL-Class;2014;2600000;https://auto.drom.ru/moscow/mercedes-benz/gl-class/54145551.html;Характеристики совпадают с ПТС;3 записи о регистрации;Не числится в розыске;Ограничений не обнаружено;Москве;бензин, 3.0 л;333 л.с., налог;АКПП;4WD;210 000 км;левый;2 поколение;коричневый;;;;;
Mercedes-Benz;C-Class;2014;1850000;https://auto.drom.ru/zhukovskiy/mercedes-benz/c-class/702641584.html;Характеристики совпадают с ПТС;4 записи о регистрации;Не числится в розыске;Ограничений не обнаружено;Жуковском;бензин, 1.6 л;156 л.с., налог;АКПП;задний;120 000 км;левый;3 поколение, рестайлинг;черный;купе;C 180 CGI AT Особая серия;;;
Mercedes-Benz;S-Class;2014;3189000;https://auto.drom.ru/spb/mercedes-benz/s-class/53047360.html;Характеристики совпадают с ПТС;5 записей о регистрации;Не числится в розыске;Ограничений не обнаружено;Санкт-Петербурге;бензин, 3.0 л;333 л.с., налог;АКПП;4WD;166 278 км;левый;6 поколение;черный;седан;S 400 4MATIC L;;;
Mercedes-Benz;GLK-Class;2014;1875000;https://auto.drom.ru/engels/mercedes-benz/glk-class/54131737.html;Характеристики совпадают с ПТС;5 записей о регистрации;Не числится в розыске;Ограничений не обнаружено;Энгельсе;бензин, 2.0 л;211 л.с., налог;АКПП;4WD;122 295 км;левый;1 поколение, рестайлинг;черный;;;;;
Mercedes-Benz;C-Class;2014;2899999;https://auto.drom.ru/moscow/mercedes-benz/c-class/53475595.html;Характеристики совпадают с ПТС;3 записи о регистрации;Не числится в розыске;Ограничений не обнаружено;Москве;бензин, 1.6 л;156 л.с., налог;АКПП;задний;159 000 км;левый;4 поколение;синий;седан;C 180 Особая серия;;;
Mercedes-Benz;CLA-Class;2014;1590000;https://auto.drom.ru/moscow/mercedes-benz/cla-class/53037098.html;Характеристики совпадают с ПТС;3 записи о регистрации;Не числится в розыске;Ограничений не обнаружено;Москве;бензин, 1.6 л;156 л.с., налог;робот;передний;119 232 км;левый;1 поколение;красный;седан;;;;
Mercedes-Benz;C-Class;2014;2359000;https://auto.drom.ru/moscow/mercedes-benz/c-class/561788068.html;Характеристики совпадают с ПТС;2 записи о регистрации;Не числится в розыске;Ограничений не обнаружено;Москве;бензин, 1.6 л;156 л.с., налог;АКПП;задний;112 358 км;левый;;синий;седан;;;;
Mercedes-Benz;M-Class;2014;2890000;https://auto.drom.ru/moscow/mercedes-benz/m-class/687861987.html;Характеристики совпадают с ПТС;4 записи о регистрации;Не числится в розыске;Ограничений не обнаружено;Москве;бензин, 3.5 л;249 л.с., налог;АКПП;4WD;149 500 км;левый;3 поколение;коричневый;;ML 300 4MATIC AT Особая серия;;;
Mercedes-Benz;E-Class;2014;1590000;https://auto.drom.ru/moscow/mercedes-benz/e-class/505976498.html;Характеристики совпадают с ПТС;15 записей о регистрации;Не числится в розыске;Ограничений не обнаружено;Москве;бензин, 2.0 л;184 л.с., налог;АКПП;задний;196 000 км;левый;4 поколение, рестайлинг;белый;седан;E 200 AТ Elegance;;;
Mercedes-Benz;SLK-Class;2014;3190000;https://auto.drom.ru/spb/mercedes-benz/slk-class/637017441.html;Характеристики совпадают с ПТС;5 записей о регистрации;Не числится в розыске;Ограничений не обнаружено;Санкт-Петербурге;бензин, 1.8 л;204 л.с., налог;АКПП;задний;25 518 км;левый;3 поколение;синий;;;;;
Mercedes-Benz;E-Class;2014;1894789;https://auto.drom.ru/spb/mercedes-benz/e-class/53461539.html;Характеристики совпадают с ПТС;7 записей о регистрации;Не числится в розыске;Ограничений не обнаружено;Санкт-Петербурге;бензин, 2.0 л;184 л.с., налог;АКПП;задний;139 633 км;левый;4 поколение, рестайлинг;белый;седан;;;;
Mercedes-Benz;S-Class;2014;3270000;https://auto.drom.ru/spb/mercedes-benz/s-class/53002932.html;Характеристики совпадают с ПТС;2 записи о регистрации;Не числится в розыске;Ограничений не обнаружено;Санкт-Петербурге;бензин, 3.0 л;333 л.с., налог;АКПП;4WD;280 000 км;левый;6 поколение;черный;седан;S 400 4MATIC L;;;
Mercedes-Benz;GLK-Class;2014;2099999;https://auto.drom.ru/moscow/mercedes-benz/glk-class/54108531.html;Характеристики совпадают с ПТС;4 записи о регистрации;Не числится в розыске;Ограничений не обнаружено;Москве;дизель, 2.1 л;170 л.с., налог;АКПП;4WD;181 000 км;левый;1 поколение, рестайлинг;серый;;GLK 220 CDI 4MATIC AT Особая серия;;;
Mercedes-Benz;M-Class;2014;2287200;https://auto.drom.ru/spb/mercedes-benz/m-class/53817679.html;Характеристики совпадают с ПТС;6 записей о регистрации;Не числится в розыске;Ограничений не обнаружено;Санкт-Петербурге;бензин, 3.5 л;249 л.с., налог;АКПП;4WD;219 296 км;левый;3 поколение;черный;;;;;
Mercedes-Benz;GLA-Class;2014;1848000;https://auto.drom.ru/spb/mercedes-benz/gla-class/53444635.html;Характеристики совпадают с ПТС;1 запись о регистрации;Не числится в розыске;Ограничений не обнаружено;Санкт-Петербурге;бензин, 1.6 л;156 л.с., налог;робот;передний;181 000 км;левый;1 поколение;синий;;;;;
Mercedes-Benz;CLA-Class;2014;1631612;https://auto.drom.ru/moscow/mercedes-benz/cla-class/368996901.html;Характеристики совпадают с ПТС;7 записей о регистрации;Не числится в розыске;Ограничений не обнаружено;Москве;1.6 л;;автомат;;168 812 км;левый;1 поколение;красный;седан;;;;
Mercedes-Benz;C-Class;2014;2440000;https://auto.drom.ru/moscow/mercedes-benz/c-class/901490954.html;Характеристики совпадают с ПТС;4 записи о регистрации;Не числится в розыске;Ограничений не обнаружено;Москве;бензин, 1.6 л;156 л.с., налог;АКПП;задний;98 000 км;левый;;белый;седан;;;;
Mercedes-Benz;C-Class;2014;2900000;https://auto.drom.ru/bryansk/mercedes-benz/c-class/375380304.html;Характеристики совпадают с ПТС;2 записи о регистрации;Не числится в розыске;Ограничений не обнаружено;Брянске;дизель, 2.1 л;204 л.с., налог;АКПП;4WD;82 000 км;левый;4 поколение;серебристый;седан;C 250 BlueTEC 4MATIC Особая серия;;;
Mercedes-Benz;C-Class;2014;2149550;https://auto.drom.ru/spb/mercedes-benz/c-class/54097038.html;Характеристики совпадают с ПТС;1 запись о регистрации;Не числится в розыске;Ограничений не обнаружено;Санкт-Петербурге;бензин, 2.0 л;211 л.с., налог;АКПП;задний;130 000 км;левый;4 поколение;серый;седан;;;;
Mercedes-Benz;B-Class;2014;1569000;https://auto.drom.ru/moscow/mercedes-benz/b-class/54094715.html;Объем двигателя не совпадает с ПТС;3 записи о регистрации;Не числится в розыске;Ограничений не обнаружено;Москве;бензин, 1.6 л;156 л.с., налог;робот;передний;106 574 км;левый;2 поколение;черный;;;;;
Mercedes-Benz;A-Class;2014;1615000;https://auto.drom.ru/lipetsk/mercedes-benz/a-class/54091691.html;Характеристики совпадают с ПТС;3 записи о регистрации;Не числится в розыске;Ограничений не обнаружено;Липецке;бензин, 1.6 л;122 л.с., налог;робот;передний;159 000 км;левый;3 поколение;белый;хэтчбек 5 дв.;;;;
Mercedes-Benz;C-Class;2014;1800000;https://auto.drom.ru/moscow/mercedes-benz/c-class/53438015.html;Характеристики совпадают с ПТС;2 записи о регистрации;Не числится в розыске;Ограничений не обнаружено;Москве;бензин, 1.6 л;156 л.с., налог;АКПП;задний;114 000 км;левый;4 поколение;белый;седан;;;;
Mercedes-Benz;Mercedes;2014;4950000;https://auto.drom.ru/spb/mercedes-benz/mercedes/53002261.html;Характеристики совпадают с ПТС;4 записи о регистрации;Не числится в розыске;Ограничений не обнаружено;Санкт-Петербурге;дизель, 2.2 л;109 л.с., налог;механика;задний;210 000 км;левый;;белый;;;;;
Mercedes-Benz;E-Class;2014;2300000;https://auto.drom.ru/tula/mercedes-benz/e-class/632820990.html;Характеристики совпадают с ПТС;2 записи о регистрации;Не числится в розыске;Ограничений не обнаружено;Туле;бензин, 2.0 л;184 л.с., налог;АКПП;задний;195 000 км;левый;4 поколение, рестайлинг;белый;седан;;;;
Mercedes-Benz;GLA-Class;2014;1690000;https://auto.drom.ru/moscow/mercedes-benz/gla-class/115630874.html;Характеристики совпадают с ПТС;5 записей о регистрации;Не числится в розыске;Ограничений не обнаружено;Москве;бензин, 1.6 л;156 л.с., налог;робот;передний;175 101 км;левый;1 поколение;серый;;;;;
Mercedes-Benz;CLA-Class;2014;2245700;https://auto.drom.ru/moscow/mercedes-benz/cla-class/549683296.html;Характеристики совпадают с ПТС;2 записи о регистрации;Не числится в розыске;Ограничений не обнаружено;Москве;бензин, 1.6 л;156 л.с., налог;робот;передний;80 238 км;левый;1 поколение;белый;седан;;;;
Mercedes-Benz;M-Class;2014;2690000;https://auto.drom.ru/moscow/mercedes-benz/m-class/492941817.html;Характеристики совпадают с ПТС;6 записей о регистрации;Не числится в розыске;Ограничений не обнаружено;Москве;дизель, 2.1 л;204 л.с., налог;АКПП;4WD;124 967 км;левый;3 поколение;черный;;;;;
Mercedes-Benz;E-Class;2014;1710000;https://auto.drom.ru/moscow/mercedes-benz/e-class/53408337.html;Характеристики совпадают с ПТС;5 записей о регистрации;Не числится в розыске;Ограничений не обнаружено;Москве;бензин, 2.0 л;184 л.с., налог;АКПП;задний;137 000 км;левый;4 поколение, рестайлинг;черный;седан;;;;
Mercedes-Benz;GLK-Class;2014;1830000;https://auto.drom.ru/moscow/mercedes-benz/glk-class/53323919.html;Характеристики совпадают с ПТС;2 записи о регистрации;Не числится в розыске;Ограничений не обнаружено;Москве;дизель, 2.1 л;170 л.с., налог;АКПП;4WD;181 321 км;левый;1 поколение, рестайлинг;черный;;GLK 220 CDI 4MATIC AT Особая серия;;;
Mercedes-Benz;CLS-Class;2014;3649000;https://auto.drom.ru/moscow/mercedes-benz/cls-class/101767589.html;Характеристики совпадают с ПТС;4 записи о регистрации;Не числится в розыске;Ограничений не обнаружено;Москве;дизель, 3.0 л;249 л.с., налог;АКПП;4WD;125 935 км;левый;2 поколение, рестайлинг;синий;седан;CLS 350 BlueTEC 4MATIC;;;
Mercedes-Benz;V-Class;2014;3735000;https://auto.drom.ru/himki/mercedes-benz/v-class/53408935.html;Характеристики совпадают с ПТС;3 записи о регистрации;Не числится в розыске;Ограничений не обнаружено;Химках;дизель, 2.1 л;190 л.с., налог;АКПП;4WD;173 369 км;левый;3 поколение;черный;;;;;
Mercedes-Benz;E-Class;2014;2314521;https://auto.drom.ru/spb/mercedes-benz/e-class/223762002.html;Характеристики совпадают с ПТС;2 записи о регистрации;Не числится в розыске;Ограничений не обнаружено;Санкт-Петербурге;бензин, 2.0 л;184 л.с., налог;АКПП;задний;83 000 км;левый;4 поколение, рестайлинг;коричневый;купе;;;;
Mercedes-Benz;CLA-Class;2014;1734000;https://auto.drom.ru/moscow/mercedes-benz/cla-class/54087684.html;Характеристики совпадают с ПТС;2 записи о регистрации;Не числится в розыске;Ограничений не обнаружено;Москве;бензин, 1.6 л;156 л.с., налог;робот;передний;147 339 км;левый;1 поколение;белый;седан;;;;
Mercedes-Benz;E-Class;2014;2069000;https://auto.drom.ru/spb/mercedes-benz/e-class/54086208.html;Характеристики совпадают с ПТС;4 записи о регистрации;Не числится в розыске;Ограничений не обнаружено;Санкт-Петербурге;бензин, 3.0 л;333 л.с., налог;АКПП;4WD;219 694 км;левый;4 поколение, рестайлинг;черный;седан;;;;
Mercedes-Benz;GL-Class;2014;3555000;https://auto.drom.ru/yaroslavl/mercedes-benz/gl-class/53796306.html;Характеристики совпадают с ПТС;2 записи о регистрации;Не числится в розыске;Ограничений не обнаружено;Ярославле;бензин, 4.7 л;435 л.с., налог;АКПП;4WD;121 990 км;левый;2 поколение;черный;;;;;
Mercedes-Benz;M-Class;2014;3350000;https://auto.drom.ru/moscow/mercedes-benz/m-class/54045121.html;Характеристики совпадают с ПТС;1 запись о регистрации;Не числится в розыске;Ограничений не обнаружено;Москве;дизель, 3.0 л;249 л.с., налог;АКПП;4WD;99 000 км;левый;3 поколение;черный;;ML 350 BlueTEC 4MATIC Особая серия;;;
Mercedes-Benz;C-Class;2014;2265000;https://auto.drom.ru/moscow/mercedes-benz/c-class/696914153.html;Характеристики совпадают с ПТС;3 записи о регистрации;Не числится в розыске;Ограничений не обнаружено;Москве;бензин, 1.6 л;156 л.с., налог;АКПП;задний;93 621 км;левый;;синий;седан;;;;
Mercedes-Benz;GLK-Class;2014;2269789;https://auto.drom.ru/spb/mercedes-benz/glk-class/525085871.html;Характеристики совпадают с ПТС;1 запись о регистрации;Не числится в розыске;Ограничений не обнаружено;Санкт-Петербурге;дизель, 2.1 л;170 л.с., налог;АКПП;4WD;162 302 км;левый;1 поколение, рестайлинг;черный;;GLK 220 CDI 4MATIC AT Особая серия;;;
Mercedes-Benz;B-Class;2014;1203000;https://auto.drom.ru/himki/mercedes-benz/b-class/54068116.html;Характеристики совпадают с ПТС;3 записи о регистрации;Не числится в розыске;Ограничений не обнаружено;Химках;бензин, 1.6 л;122 л.с., налог;робот;передний;117 572 км;левый;2 поколение;фиолетовый;;;;;
Mercedes-Benz;GL-Class;2014;3010000;https://auto.drom.ru/spb/mercedes-benz/gl-class/54075625.html;Характеристики совпадают с ПТС;5 записей о регистрации;Не числится в розыске;Ограничений не обнаружено;Санкт-Петербурге;дизель, 3.0 л;249 л.с., налог;АКПП;4WD;190 000 км;левый;2 поколение;коричневый;;GL 350 BlueTEC 4MATIC AT Особая серия;;;
Mercedes-Benz;C-Class;2014;2199000;https://auto.drom.ru/spb/mercedes-benz/c-class/54075587.html;Характеристики совпадают с ПТС;3 записи о регистрации;Не числится в розыске;Ограничений не обнаружено;Санкт-Петербурге;бензин, 1.6 л;156 л.с., налог;АКПП;задний;76 300 км;левый;;серебристый;седан;;;;
Mercedes-Benz;GLA-Class;2014;1900000;https://auto.drom.ru/spb/mercedes-benz/gla-class/924387802.html;Характеристики совпадают с ПТС;1 запись о регистрации;Не числится в розыске;Ограничений не обнаружено;Санкт-Петербурге;бензин, 2.0 л;211 л.с., налог;робот;4WD;157 000 км;левый;1 поколение;черный;;GLA 250 4MATIC Особая серия;;;
Mercedes-Benz;GL-Class;2014;2449000;https://auto.drom.ru/moscow/mercedes-benz/gl-class/770431816.html;Характеристики совпадают с ПТС;3 записи о регистрации;Не числится в розыске;Ограничений не обнаружено;Москве;дизель, 3.0 л;249 л.с., налог;АКПП;4WD;338 000 км;левый;2 поколение;коричневый;;GL 350 BlueTEC 4MATIC AT Особая серия;;;
Mercedes-Benz;GLA-Class;2014;2050000;https://auto.drom.ru/ryazan/mercedes-benz/gla-class/52509040.html;Характеристики совпадают с ПТС;2 записи о регистрации;Не числится в розыске;Ограничений не обнаружено;Рязани;бензин, 2.0 л;211 л.с., налог;робот;4WD;149 321 км;левый;1 поколение;;;;;;
Mercedes-Benz;GLK-Class;2014;2065000;https://auto.drom.ru/spb/mercedes-benz/glk-class/255010159.html;Характеристики совпадают с ПТС;7 записей о регистрации;Не числится в розыске;Ограничений не обнаружено;Санкт-Петербурге;бензин, 2.0 л;211 л.с., налог;АКПП;4WD;133 000 км;левый;1 поколение, рестайлинг;серый;;;;;
Mercedes-Benz;GLA-Class;2014;1965000;https://auto.drom.ru/spb/mercedes-benz/gla-class/527586128.html;Характеристики совпадают с ПТС;3 записи о регистрации;Не числится в розыске;Ограничений не обнаружено;Санкт-Петербурге;бензин, 2.0 л;211 л.с., налог;робот;4WD;156 257 км;левый;1 поколение;белый;;;;;
Mercedes-Benz;C-Class;2014;2349000;https://auto.drom.ru/moscow/mercedes-benz/c-class/54066323.html;Характеристики совпадают с ПТС;1 запись о регистрации;Не числится в розыске;Ограничений не обнаружено;Москве;бензин, 1.6 л;156 л.с., налог;АКПП;задний;90 570 км;левый;;серый;седан;;;;
Mercedes-Benz;E-Class;2014;2700000;https://auto.drom.ru/moscow/mercedes-benz/e-class/52502912.html;Характеристики совпадают с ПТС;5 записей о регистрации;Не числится в розыске;Ограничений не обнаружено;Москве;бензин, 2.0 л;184 л.с., налог;АКПП;задний;220 000 км;левый;4 поколение, рестайлинг;белый;седан;E 200 AТ Base;;;
Mercedes-Benz;C-Class;2014;2000000;https://auto.drom.ru/tula/mercedes-benz/c-class/49156520.html;Характеристики совпадают с ПТС;2 записи о регистрации;Не числится в розыске;Ограничений не обнаружено;Туле;бензин, 1.6 л;156 л.с., налог;АКПП;задний;191 000 км;левый;3 поколение, рестайлинг;белый;седан;C 180 AT Elegance;;;
Mercedes-Benz;E-Class;2014;1899000;https://auto.drom.ru/spb/mercedes-benz/e-class/53131624.html;Характеристики совпадают с ПТС;8 записей о регистрации;Не числится в розыске;Ограничений не обнаружено;Санкт-Петербурге;дизель, 2.1 л;204 л.с., налог;АКПП;4WD;201 351 км;левый;4 поколение, рестайлинг;белый;седан;;;;
Mercedes-Benz;C-Class;2014;2249000;https://auto.drom.ru/moscow/mercedes-benz/c-class/125294390.html;Характеристики совпадают с ПТС;3 записи о регистрации;Не числится в розыске;Ограничений не обнаружено;Москве;бензин, 1.6 л;156 л.с., налог;АКПП;задний;117 622 км;левый;;серый;седан;;;;
Mercedes-Benz;E-Class;2014;2450000;https://auto.drom.ru/voronezh/mercedes-benz/e-class/891910776.html;Характеристики совпадают с ПТС;2 записи о регистрации;Не числится в розыске;Ограничений не обнаружено;Воронеже;бензин, 2.0 л;184 л.с., налог;АКПП;задний;64 359 км;левый;4 поколение, рестайлинг;белый;купе;;;;
Mercedes-Benz;E-Class;2014;2790000;https://auto.drom.ru/moscow/mercedes-benz/e-class/423016445.html;Характеристики совпадают с ПТС;2 записи о регистрации;Не числится в розыске;Ограничений не обнаружено;Москве;бензин, 3.5 л;249 л.с., налог;АКПП;4WD;92 959 км;левый;4 поколение, рестайлинг;черный;седан;E 300 4MATIC AT Особая серия;;;
Mercedes-Benz;GLA-Class;2014;1731728;https://auto.drom.ru/minsk/mercedes-benz/gla-class/52941632.html;;;;;Минске;бензин, 2.0 л;211 л.с., налог;робот;4WD;116 000 км;левый;1 поколение;;;;;;
Mercedes-Benz;B-Class;2014;1470000;https://auto.drom.ru/moscow/mercedes-benz/b-class/767316510.html;Характеристики совпадают с ПТС;6 записей о регистрации;Не числится в розыске;Ограничений не обнаружено;Москве;бензин, 1.6 л;156 л.с., налог;робот;передний;143 450 км;левый;2 поколение;серый;;;;;
Mercedes-Benz;GLA-Class;2014;1959000;https://auto.drom.ru/spb/mercedes-benz/gla-class/207277801.html;Характеристики совпадают с ПТС;1 запись о регистрации;Не числится в розыске;Ограничений не обнаружено;Санкт-Петербурге;бензин, 2.0 л;211 л.с., налог;робот;4WD;113 107 км;левый;1 поколение;серый;;GLA 250 4MATIC Особая серия;;;
Mercedes-Benz;M-Class;2014;2699999;https://auto.drom.ru/ivanteevka/mercedes-benz/m-class/53757549.html;Характеристики совпадают с ПТС;3 записи о регистрации;Не числится в розыске;Ограничений не обнаружено;Ивантеевке;бензин, 3.5 л;249 л.с., налог;АКПП;4WD;249 000 км;левый;3 поколение;синий;;ML 300 4MATIC AT Особая серия;;;
Mercedes-Benz;G-Class;2014;6200000;https://auto.drom.ru/moscow/mercedes-benz/g-class/53383278.html;Характеристики совпадают с ПТС;4 записи о регистрации;Не числится в розыске;Ограничений не обнаружено;Москве;бензин, 5.5 л;544 л.с., налог;АКПП;4WD;98 000 км;левый;2 поколение, 6 рестайлинг;белый;джип/suv 5 дв.;G 63 AMG;;;
Mercedes-Benz;A-Class;2014;1555000;https://auto.drom.ru/spb/mercedes-benz/a-class/53381553.html;Характеристики совпадают с ПТС;3 записи о регистрации;Не числится в розыске;Ограничений не обнаружено;Санкт-Петербурге;бензин, 1.6 л;122 л.с., налог;робот;передний;62 222 км;левый;3 поколение;черный;хэтчбек 5 дв.;;;;
Mercedes-Benz;GLA-Class;2014;1834498;https://auto.drom.ru/kazan/mercedes-benz/gla-class/52947216.html;Характеристики совпадают с ПТС;6 записей о регистрации;Не числится в розыске;Ограничений не обнаружено;Казани;бензин, 1.6 л;156 л.с., налог;робот;передний;159 000 км;левый;1 поколение;серебристый;;;;;
Mercedes-Benz;GL-Class;2014;3315000;https://auto.drom.ru/moscow/mercedes-benz/gl-class/186024187.html;Характеристики совпадают с ПТС;4 записи о регистрации;Не числится в розыске;Ограничений не обнаружено;Москве;бензин, 5.5 л;558 л.с., налог;АКПП;4WD;147 178 км;левый;2 поколение;белый;;GL 63 AMG 4MATIC;;;
Mercedes-Benz;C-Class;2014;2550000;https://auto.drom.ru/voronezh/mercedes-benz/c-class/529196401.html;Характеристики совпадают с ПТС;1 запись о регистрации;Не числится в розыске;Ограничений не обнаружено;Воронеже;бензин, 1.6 л;156 л.с., налог;АКПП;задний;66 500 км;левый;4 поколение;белый;седан;C 180 AT;;;
Mercedes-Benz;G-Class;2014;6599999;https://auto.drom.ru/spb/mercedes-benz/g-class/182347332.html;Характеристики совпадают с ПТС;6 записей о регистрации;Не числится в розыске;Ограничений не обнаружено;Санкт-Петербурге;бензин, 5.5 л;544 л.с., налог;АКПП;4WD;92 000 км;левый;2 поколение, 6 рестайлинг;черный;джип/suv 5 дв.;G 63 AMG;;;
Mercedes-Benz;GLK-Class;2014;2299000;https://auto.drom.ru/spb/mercedes-benz/glk-class/54026540.html;Характеристики совпадают с ПТС;1 запись о регистрации;Не числится в розыске;Ограничений не обнаружено;Санкт-Петербурге;дизель, 2.1 л;170 л.с., налог;АКПП;4WD;153 000 км;левый;1 поколение, рестайлинг;белый;;GLK 220 CDI 4MATIC AT Особая серия;;;
Mercedes-Benz;GLK-Class;2014;2094000;https://auto.drom.ru/moscow/mercedes-benz/glk-class/694428004.html;Характеристики совпадают с ПТС;3 записи о регистрации;Не числится в розыске;Ограничений не обнаружено;Москве;бензин, 2.0 л;211 л.с., налог;АКПП;4WD;102 498 км;левый;1 поколение, рестайлинг;черный;;;;;
Mercedes-Benz;GLA-Class;2014;1923000;https://auto.drom.ru/moscow/mercedes-benz/gla-class/53368532.html;Характеристики совпадают с ПТС;5 записей о регистрации;Не числится в розыске;Ограничений не обнаружено;Москве;бензин, 2.0 л;211 л.с., налог;робот;4WD;120 000 км;левый;1 поколение;коричневый;;;;;
Mercedes-Benz;Viano;2014;2350000;https://auto.drom.ru/belgorod/mercedes-benz/viano/54045904.html;Характеристики совпадают с ПТС;4 записи о регистрации;Не числится в розыске;Ограничений не обнаружено;Белгороде;дизель, 2.1 л;163 л.с., налог;автомат;задний;200 000 км;левый;2 поколение, рестайлинг;серебристый;;;;;
Mercedes-Benz;M-Class;2014;3277000;https://auto.drom.ru/kazan/mercedes-benz/m-class/54045208.html;Характеристики совпадают с ПТС;2 записи о регистрации;Не числится в розыске;Ограничений не обнаружено;Казани;бензин, 3.5 л;249 л.с., налог;АКПП;4WD;99 745 км;левый;3 поколение;белый;;;;;
Mercedes-Benz;M-Class;2014;2750000;https://auto.drom.ru/moscow/mercedes-benz/m-class/53360367.html;Характеристики совпадают с ПТС;1 запись о регистрации;Не числится в розыске;Ограничений не обнаружено;Москве;бензин, 3.5 л;306 л.с., налог;АКПП;4WD;148 559 км;левый;3 поколение;синий;;;;;
Mercedes-Benz;M-Class;2014;3279999;https://auto.drom.ru/saratov/mercedes-benz/m-class/663074491.html;Характеристики совпадают с ПТС;3 записи о регистрации;Не числится в розыске;Ограничений не обнаружено;Саратове;бензин, 3.5 л;249 л.с., налог;АКПП;4WD;88 700 км;левый;3 поколение;черный;;ML 300 4MATIC AT Особая серия;;;
Mercedes-Benz;Viano;2014;2589888;https://auto.drom.ru/nizhniy-novgorod/mercedes-benz/viano/867864589.html;Характеристики совпадают с ПТС;5 записей о регистрации;Не числится в розыске;Ограничений не обнаружено;Нижнем Новгороде;дизель, 2.1 л;163 л.с., налог;автомат;4WD;400 000 км;левый;;черный;;;;;
Mercedes-Benz;E-Class;2014;1798000;https://auto.drom.ru/moscow/mercedes-benz/e-class/54033670.html;Характеристики совпадают с ПТС;3 записи о регистрации;Не числится в розыске;Ограничений не обнаружено;Москве;бензин, 2.0 л;184 л.с., налог;АКПП;задний;224 798 км;левый;4 поколение, рестайлинг;черный;купе;;;;
Mercedes-Benz;GLA-Class;2014;2169789;https://auto.drom.ru/spb/mercedes-benz/gla-class/53383839.html;Характеристики совпадают с ПТС;2 записи о регистрации;Не числится в розыске;Ограничений не обнаружено;Санкт-Петербурге;бензин, 2.0 л;211 л.с., налог;робот;4WD;105 435 км;левый;1 поколение;черный;;;;;
Mercedes-Benz;A-Class;2014;1490000;https://auto.drom.ru/moscow/mercedes-benz/a-class/53746218.html;Характеристики совпадают с ПТС;2 записи о регистрации;Не числится в розыске;Ограничений не обнаружено;Москве;бензин, 1.6 л;122 л.с., налог;робот;передний;65 000 км;левый;3 поколение;белый;хэтчбек 5 дв.;;;;
Mercedes-Benz;C-Class;2014;1996775;https://auto.drom.ru/spb/mercedes-benz/c-class/53739235.html;Характеристики совпадают с ПТС;3 записи о регистрации;Не числится в розыске;Ограничений не обнаружено;Санкт-Петербурге;бензин, 1.6 л;156 л.с., налог;АКПП;задний;68 252 км;левый;;коричневый;седан;;;;
Mercedes-Benz;B-Class;2014;1473000;https://auto.drom.ru/voronezh/mercedes-benz/b-class/53347080.html;Характеристики совпадают с ПТС;3 записи о регистрации;Не числится в розыске;Ограничений не обнаружено;Воронеже;бензин, 1.6 л;156 л.с., налог;робот;передний;148 000 км;левый;2 поколение, рестайлинг;синий;;B 200 DCT Особая серия;;;
Mercedes-Benz;GLA-Class;2014;2125789;https://auto.drom.ru/spb/mercedes-benz/gla-class/53345788.html;Характеристики совпадают с ПТС;3 записи о регистрации;Не числится в розыске;Ограничений не обнаружено;Санкт-Петербурге;бензин, 2.0 л;211 л.с., налог;робот;4WD;151 230 км;левый;1 поколение;серебристый;;;;;
Mercedes-Benz;Vito;2014;2000000;https://auto.drom.ru/shuya/mercedes-benz/vito/50057605.html;Характеристики совпадают с ПТС;5 записей о регистрации;Не числится в розыске;Ограничений не обнаружено;Шуе;дизель, 2.1 л;136 л.с., налог;АКПП;4WD;196 000 км;левый;2 поколение, рестайлинг;черный;;;;;
Mercedes-Benz;C-Class;2014;1929000;https://auto.drom.ru/spb/mercedes-benz/c-class/618164806.html;Характеристики совпадают с ПТС;4 записи о регистрации;Не числится в розыске;Ограничений не обнаружено;Санкт-Петербурге;бензин, 1.6 л;156 л.с., налог;АКПП;задний;145 615 км;левый;;синий;седан;;;;
Mercedes-Benz;M-Class;2014;2659000;https://auto.drom.ru/yaroslavl/mercedes-benz/m-class/465055800.html;Характеристики совпадают с ПТС;3 записи о регистрации;Не числится в розыске;Ограничений не обнаружено;Ярославле;бензин, 3.5 л;249 л.с., налог;АКПП;4WD;239 903 км;левый;3 поколение;черный;;ML 300 4MATIC AT Особая серия;;;
Mercedes-Benz;S-Class;2014;5540848;https://auto.drom.ru/minsk/mercedes-benz/s-class/52886757.html;Характеристики совпадают с ПТС;2 записи о регистрации;Не числится в розыске;Ограничений не обнаружено;Минске;дизель, 3.0 л;258 л.с., налог;АКПП;4WD;50 000 км;левый;6 поколение;черный;седан;S 350 BlueTEC AT L 4MATIC;;;
Mercedes-Benz;S-Class;2014;3150000;https://auto.drom.ru/moscow/mercedes-benz/s-class/301722141.html;Характеристики совпадают с ПТС;8 записей о регистрации;Не числится в розыске;Ограничений не обнаружено;Москве;бензин, 5.5 л;585 л.с., налог;робот;4WD;176 000 км;левый;6 поколение;черный;седан;S 63 AMG DSG 4MATIC;;;
Mercedes-Benz;GLA-Class;2014;1850000;https://auto.drom.ru/moscow/mercedes-benz/gla-class/153527859.html;Характеристики совпадают с ПТС;3 записи о регистрации;Не числится в розыске;Ограничений не обнаружено;Москве;бензин, 2.0 л;211 л.с., налог;робот;4WD;209 000 км;левый;1 поколение;белый;;GLA 250 DCT 4MATIC AMG Line;;;
Mercedes-Benz;M-Class;2014;2850000;https://auto.drom.ru/moscow/mercedes-benz/m-class/105470320.html;Характеристики совпадают с ПТС;4 записи о регистрации;Не числится в розыске;Есть ограничения;Москве;дизель, 3.0 л;249 л.с., налог;АКПП;4WD;220 000 км;левый;3 поколение;черный;;ML 350 BlueTEC 4MATIC Особая серия;;;
Mercedes-Benz;S-Class;2014;4138000;https://auto.drom.ru/moscow/mercedes-benz/s-class/54012560.html;Характеристики совпадают с ПТС;1 запись о регистрации;Не числится в розыске;Ограничений не обнаружено;Москве;бензин, 4.7 л;455 л.с., налог;АКПП;4WD;105 080 км;левый;6 поколение;черный;седан;;;;
Mercedes-Benz;GLA-Class;2014;1890000;https://auto.drom.ru/moscow/mercedes-benz/gla-class/53738489.html;Характеристики совпадают с ПТС;2 записи о регистрации;Не числится в розыске;Ограничений не обнаружено;Москве;бензин, 2.0 л;211 л.с., налог;робот;4WD;152 200 км;левый;1 поколение;коричневый;;;;;
Mercedes-Benz;M-Class;2014;2767000;https://auto.drom.ru/moscow/mercedes-benz/m-class/53730647.html;Характеристики совпадают с ПТС;3 записи о регистрации;Не числится в розыске;Ограничений не обнаружено;Москве;бензин, 3.0 л;333 л.с., налог;АКПП;4WD;153 127 км;левый;3 поколение;черный;;;;;
Mercedes-Benz;A-Class;2014;1559000;https://auto.drom.ru/spb/mercedes-benz/a-class/485215105.html;Характеристики совпадают с ПТС;3 записи о регистрации;Не числится в розыске;Ограничений не обнаружено;Санкт-Петербурге;бензин, 1.6 л;122 л.с., налог;робот;передний;111 000 км;левый;3 поколение;синий;хэтчбек 5 дв.;;;;
Mercedes-Benz;A-Class;2014;1394999;https://auto.drom.ru/cherepovets/mercedes-benz/a-class/153376647.html;Характеристики совпадают с ПТС;8 записей о регистрации;Не числится в розыске;Ограничений не обнаружено;Череповце;бензин, 1.6 л;122 л.с., налог;робот;передний;104 000 км;левый;3 поколение;белый;хэтчбек 5 дв.;A 180 DCT;;;
Mercedes-Benz;M-Class;2014;2848967;https://auto.drom.ru/minsk/mercedes-benz/m-class/53725896.html;;;;;Минске;дизель, 3.0 л;258 л.с., налог;АКПП;4WD;219 000 км;левый;3 поколение;белый;;ML 350 BlueTEC AT 4MATIC;;;
Mercedes-Benz;E-Class;2014;1879000;https://auto.drom.ru/moscow/mercedes-benz/e-class/54004432.html;Характеристики совпадают с ПТС;3 записи о регистрации;Не числится в розыске;Ограничений не обнаружено;Москве;бензин, 2.0 л;184 л.с., налог;АКПП;задний;101 790 км;левый;4 поколение, рестайлинг;красный;купе;;;;
Mercedes-Benz;E-Class;2014;2510000;https://auto.drom.ru/moscow/mercedes-benz/e-class/54011279.html;Характеристики совпадают с ПТС;3 записи о регистрации;Не числится в розыске;Ограничений не обнаружено;Москве;бензин, 2.0 л;184 л.с., налог;АКПП;задний;125 000 км;левый;4 поколение, рестайлинг;коричневый;купе;;;;
Mercedes-Benz;E-Class;2014;1919000;https://auto.drom.ru/moscow/mercedes-benz/e-class/54010614.html;Характеристики совпадают с ПТС;2 записи о регистрации;Не числится в розыске;Ограничений не обнаружено;Москве;бензин, 2.0 л;184 л.с., налог;АКПП;задний;108 980 км;левый;4 поколение, рестайлинг;красный;купе;;;;
Mercedes-Benz;GLK-Class;2014;2208000;https://auto.drom.ru/moscow/mercedes-benz/glk-class/895083885.html;Характеристики совпадают с ПТС;3 записи о регистрации;Не числится в розыске;Ограничений не обнаружено;Москве;дизель, 2.1 л;170 л.с., налог;АКПП;4WD;125 500 км;левый;1 поколение, рестайлинг;серый;;GLK 220 CDI 4MATIC AT Особая серия;;;
Mercedes-Benz;S-Class;2014;3804779;https://auto.drom.ru/minsk/mercedes-benz/s-class/195327751.html;Характеристики совпадают с ПТС;2 записи о регистрации;Не числится в розыске;Ограничений не обнаружено;Минске;бензин, 4.7 л;455 л.с., налог;АКПП;4WD;225 000 км;левый;6 поколение;черный;седан;S 500 AT 4MATIC;;;
Mercedes-Benz;GLA-Class;2014;1965000;https://auto.drom.ru/spb/mercedes-benz/gla-class/52803812.html;Характеристики совпадают с ПТС;3 записи о регистрации;Не числится в розыске;Ограничений не обнаружено;Санкт-Петербурге;бензин, 2.0 л;211 л.с., налог;робот;4WD;96 581 км;левый;1 поколение;фиолетовый;;;;;
Mercedes-Benz;B-Class;2014;1431409;https://auto.drom.ru/minsk/mercedes-benz/b-class/52839147.html;;;;;Минске;бензин, 1.6 л;122 л.с., налог;робот;передний;153 000 км, без пробега по РФ;левый;2 поколение, рестайлинг;синий;;B 180 DCT;;;
Mercedes-Benz;CLS-Class;2014;2758000;https://auto.drom.ru/moscow/mercedes-benz/cls-class/855030336.html;Характеристики совпадают с ПТС;4 записи о регистрации;Не числится в розыске;Ограничений не обнаружено;Москве;дизель, 3.0 л;265 л.с., налог;АКПП;4WD;144 022 км;левый;2 поколение;белый;седан;;;;
Mercedes-Benz;GLA-Class;2014;2187000;https://auto.drom.ru/spb/mercedes-benz/gla-class/917333730.html;Характеристики совпадают с ПТС;2 записи о регистрации;Не числится в розыске;Ограничений не обнаружено;Санкт-Петербурге;бензин, 2.0 л;211 л.с., налог;робот;4WD;94 820 км;левый;1 поколение;красный;;;;;
Mercedes-Benz;A-Class;2014;1418000;https://auto.drom.ru/moscow/mercedes-benz/a-class/234258659.html;Характеристики совпадают с ПТС;4 записи о регистрации;Не числится в розыске;Ограничений не обнаружено;Москве;1.6 л;;автомат;;136 283 км;левый;3 поколение;серый;хэтчбек 5 дв.;;;;
Mercedes-Benz;V-Class;2014;3891247;https://auto.drom.ru/kazan/mercedes-benz/v-class/53309221.html;Характеристики совпадают с ПТС;4 записи о регистрации;Не числится в розыске;Ограничений не обнаружено;Казани;дизель, 2.1 л;190 л.с., налог;АКПП;задний;171 852 км;левый;3 поколение;белый;;;;;
Mercedes-Benz;GLA-Class;2014;1649100;https://auto.drom.ru/voronezh/mercedes-benz/gla-class/52870055.html;Цвет не совпадает с ПТС;2 записи о регистрации;Не числится в розыске;Ограничений не обнаружено;Воронеже;бензин, 1.6 л;156 л.с., налог;робот;передний;145 000 км;левый;1 поколение;черный;;;;;
Mercedes-Benz;G-Class;2014;5990000;https://auto.drom.ru/moscow/mercedes-benz/g-class/911603601.html;Характеристики совпадают с ПТС;3 записи о регистрации;Не числится в розыске;Ограничений не обнаружено;Москве;бензин, 5.5 л;544 л.с., налог;АКПП;4WD;121 000 км;левый;2 поколение, 6 рестайлинг;бордовый;джип/suv 5 дв.;G 63 AMG;;;
Mercedes-Benz;GL-Class;2014;2899000;https://auto.drom.ru/moscow/mercedes-benz/gl-class/815937894.html;Характеристики совпадают с ПТС;6 записей о регистрации;Не числится в розыске;Ограничений не обнаружено;Москве;бензин, 4.7 л;435 л.с., налог;АКПП;4WD;130 000 км;левый;2 поколение;белый;;;;;
Mercedes-Benz;E-Class;2014;2424789;https://auto.drom.ru/spb/mercedes-benz/e-class/883962632.html;Характеристики совпадают с ПТС;3 записи о регистрации;Не числится в розыске;Ограничений не обнаружено;Санкт-Петербурге;бензин, 3.5 л;249 л.с., налог;АКПП;4WD;154 731 км;левый;4 поколение, рестайлинг;черный;седан;E 300 4MATIC AT Особая серия;;;
Mercedes-Benz;GL-Class;2014;3400000;https://auto.drom.ru/moscow/mercedes-benz/gl-class/875181707.html;Характеристики совпадают с ПТС;3 записи о регистрации;Не числится в розыске;Ограничений не обнаружено;Москве;бензин, 3.0 л;333 л.с., налог;АКПП;4WD;148 050 км;левый;2 поколение;белый;;GL 400 4MATIC AT Особая серия;;;
Mercedes-Benz;B-Class;2014;1450000;https://auto.drom.ru/chehov/mercedes-benz/b-class/407335869.html;Характеристики совпадают с ПТС;2 записи о регистрации;Не числится в розыске;Ограничений не обнаружено;Чехове;бензин, 1.6 л;122 л.с., налог;робот;передний;137 000 км;левый;2 поколение;фиолетовый;;B 180 DCT;;;
Mercedes-Benz;GLA-Class;2014;1848000;https://auto.drom.ru/moscow/mercedes-benz/gla-class/53687827.html;Характеристики совпадают с ПТС;2 записи о регистрации;Не числится в розыске;Ограничений не обнаружено;Москве;дизель, 2.1 л;136 л.с., налог;робот;передний;132 650 км;левый;1 поколение;красный;;;;;
Mercedes-Benz;M-Class;2014;2879000;https://auto.drom.ru/himki/mercedes-benz/m-class/352498977.html;Характеристики совпадают с ПТС;3 записи о регистрации;Не числится в розыске;Ограничений не обнаружено;Химках;бензин, 3.0 л;333 л.с., налог;АКПП;4WD;115 683 км;левый;3 поколение;белый;;;;;
Mercedes-Benz;CLS-Class;2014;2205000;https://auto.drom.ru/spb/mercedes-benz/cls-class/53995914.html;Характеристики совпадают с ПТС;11 записей о регистрации;Не числится в розыске;Ограничений не обнаружено;Санкт-Петербурге;дизель, 3.0 л;265 л.с., налог;АКПП;4WD;153 000 км;левый;2 поколение;красный;седан;;;;
Mercedes-Benz;S-Class;2014;4000000;https://auto.drom.ru/moscow/mercedes-benz/s-class/53300695.html;Характеристики совпадают с ПТС;2 записи о регистрации;Не числится в розыске;Ограничений не обнаружено;Москве;бензин, 3.0 л;333 л.с., налог;АКПП;4WD;198 000 км;левый;6 поколение;черный;седан;S 400 4MATIC L;;;
Mercedes-Benz;E-Class;2014;2200000;https://auto.drom.ru/moscow/mercedes-benz/e-class/601390780.html;Характеристики совпадают с ПТС;1 запись о регистрации;Не числится в розыске;Ограничений не обнаружено;Москве;бензин, 2.0 л;184 л.с., налог;АКПП;задний;184 869 км;левый;4 поколение, рестайлинг;синий;седан;;;;
Mercedes-Benz;GLA-Class;2014;1690000;https://auto.drom.ru/moscow/mercedes-benz/gla-class/904741618.html;Характеристики совпадают с ПТС;5 записей о регистрации;Не числится в розыске;Ограничений не обнаружено;Москве;бензин, 1.6 л;156 л.с., налог;робот;передний;165 000 км;левый;1 поколение;серый;;GLA 200 Особая серия;;;
Mercedes-Benz;Vito;2014;2000000;https://auto.drom.ru/moscow/mercedes-benz/vito/53234361.html;Характеристики совпадают с ПТС;3 записи о регистрации;Не числится в розыске;Ограничений не обнаружено;Москве;дизель, 1.6 л;88 л.с., налог;механика;передний;310 000 км;левый;3 поколение;белый;;109 CDI MT Компактный Pro;;;
Mercedes-Benz;C-Class;2014;2496000;https://auto.drom.ru/spb/mercedes-benz/c-class/920454061.html;Характеристики совпадают с ПТС;2 записи о регистрации;Не числится в розыске;Ограничений не обнаружено;Санкт-Петербурге;бензин, 2.0 л;211 л.с., налог;АКПП;задний;116 456 км;левый;4 поколение;черный;седан;;;;
Mercedes-Benz;A-Class;2014;1615000;https://auto.drom.ru/moscow/mercedes-benz/a-class/53665995.html;Характеристики совпадают с ПТС;2 записи о регистрации;Не числится в розыске;Ограничений не обнаружено;Москве;бензин, 1.6 л;122 л.с., налог;робот;передний;64 187 км;левый;3 поколение;белый;хэтчбек 5 дв.;;;;
Mercedes-Benz;CLS-Class;2014;2770000;https://auto.drom.ru/bryansk/mercedes-benz/cls-class/223996106.html;Характеристики совпадают с ПТС;4 записи о регистрации;Не числится в розыске;Ограничений не обнаружено;Брянске;дизель, 2.1 л;204 л.с., налог;АКПП;4WD;119 500 км;левый;2 поколение, рестайлинг;красный;седан;CLS 250 BlueTEC 4MATIC;;;
Mercedes-Benz;M-Class;2014;2584000;https://auto.drom.ru/spb/mercedes-benz/m-class/255883430.html;Характеристики совпадают с ПТС;3 записи о регистрации;Не числится в розыске;Ограничений не обнаружено;Санкт-Петербурге;бензин, 3.0 л;333 л.с., налог;АКПП;4WD;135 000 км;левый;3 поколение;белый;;;;;
Mercedes-Benz;CLS-Class;2014;2730000;https://auto.drom.ru/moscow/mercedes-benz/cls-class/265551544.html;Характеристики совпадают с ПТС;4 записи о регистрации;Не числится в розыске;Ограничений не обнаружено;Москве;дизель, 3.0 л;265 л.с., налог;АКПП;4WD;148 274 км;левый;2 поколение;белый;седан;;;;
Mercedes-Benz;B-Class;2014;1340000;https://auto.drom.ru/moscow/mercedes-benz/b-class/946794582.html;Характеристики совпадают с ПТС;1 запись о регистрации;Не числится в розыске;Ограничений не обнаружено;Москве;бензин, 1.6 л;122 л.с., налог;робот;передний;120 000 км;левый;2 поколение;белый;;;;;
Mercedes-Benz;S-Class;2014;3499000;https://auto.drom.ru/voronezh/mercedes-benz/s-class/53981530.html;Характеристики совпадают с ПТС;6 записей о регистрации;Не числится в розыске;Ограничений не обнаружено;Воронеже;дизель, 3.0 л;249 л.с., налог;автомат;4WD;177 841 км;левый;6 поколение;черный;седан;;;;
Mercedes-Benz;C-Class;2014;2150000;https://auto.drom.ru/moscow/mercedes-benz/c-class/53683914.html;Характеристики совпадают с ПТС;3 записи о регистрации;Не числится в розыске;Ограничений не обнаружено;Москве;бензин, 1.6 л;156 л.с., налог;АКПП;задний;151 000 км;левый;4 поколение;белый;седан;C 180 AT Avantgarde;;;
Mercedes-Benz;GLA-Class;2014;1419000;https://auto.drom.ru/kazan/mercedes-benz/gla-class/53679544.html;Характеристики совпадают с ПТС;3 записи о регистрации;Не числится в розыске;Ограничений не обнаружено;Казани;бензин, 1.6 л;156 л.с., налог;робот;передний;290 490 км;левый;1 поколение;черный;;;;;
Mercedes-Benz;B-Class;2014;1385143;https://auto.drom.ru/minsk/mercedes-benz/b-class/750072801.html;;;;;Минске;дизель, 1.5 л;90 л.с., налог;механика;передний;296 182 км;левый;2 поколение, рестайлинг;серый;;;;;
Mercedes-Benz;S-Class;2014;4140000;https://auto.drom.ru/spb/mercedes-benz/s-class/52204861.html;Характеристики совпадают с ПТС;4 записи о регистрации;Не числится в розыске;Ограничений не обнаружено;Санкт-Петербурге;дизель, 3.0 л;258 л.с., налог;АКПП;4WD;153 000 км;левый;6 поколение;белый;седан;S 350 BlueTEC AT L 4MATIC;;;
Mercedes-Benz;C-Class;2014;2125000;https://auto.drom.ru/spb/mercedes-benz/c-class/915830363.html;Характеристики совпадают с ПТС;5 записей о регистрации;Не числится в розыске;Ограничений не обнаружено;Санкт-Петербурге;бензин, 1.6 л;156 л.с., налог;АКПП;задний;109 750 км;левый;;голубой;седан;;;;
Mercedes-Benz;S-Class;2014;3435383;https://auto.drom.ru/minsk/mercedes-benz/s-class/53931155.html;Характеристики совпадают с ПТС;3 записи о регистрации;Не числится в розыске;Ограничений не обнаружено;Минске;бензин, 4.7 л;455 л.с., налог;АКПП;4WD;75 000 км;левый;6 поколение;черный;седан;S 500 AT L 4MATIC;;;
Mercedes-Benz;S-Class;2014;9999000;https://auto.drom.ru/kirov/mercedes-benz/s-class/47644322.html;Характеристики совпадают с ПТС;4 записи о регистрации;Не числится в розыске;Ограничений не обнаружено;Кирове;бензин, 6.0 л;630 л.с., налог;АКПП;задний;74 500 км;левый;6 поколение;черный;седан;AMG S 65 L;;;
Mercedes-Benz;GL-Class;2014;3600000;https://auto.drom.ru/balashiha/mercedes-benz/gl-class/53670905.html;Характеристики совпадают с ПТС;3 записи о регистрации;Не числится в розыске;Ограничений не обнаружено;Балашихе;бензин, 4.7 л;435 л.с., налог;АКПП;4WD;171 421 км;левый;2 поколение;черный;;GL 500 4MATIC AT Особая серия;;;
Mercedes-Benz;E-Class;2014;1881000;https://auto.drom.ru/kazan/mercedes-benz/e-class/47908843.html;Характеристики совпадают с ПТС;4 записи о регистрации;Не числится в розыске;Ограничений не обнаружено;Казани;бензин, 2.0 л;184 л.с., налог;АКПП;задний;272 130 км;левый;4 поколение, рестайлинг;черный;седан;;;;
Mercedes-Benz;V-Class;2014;3600687;https://auto.drom.ru/minsk/mercedes-benz/v-class/53600610.html;Характеристики совпадают с ПТС;1 запись о регистрации;Не числится в розыске;Ограничений не обнаружено;Минске;дизель, 2.1 л;190 л.с., налог;АКПП;задний;245 000 км;левый;3 поколение;черный;;250 d AT Длинный;;;
Mercedes-Benz;CLS-Class;2014;2949000;https://auto.drom.ru/moscow/mercedes-benz/cls-class/275390257.html;Характеристики совпадают с ПТС;5 записей о регистрации;Не числится в розыске;Ограничений не обнаружено;Москве;дизель, 2.1 л;204 л.с., налог;АКПП;4WD;113 117 км;левый;2 поколение, рестайлинг;черный;седан;CLS 250 BlueTEC 4MATIC;;;
