Бренд;Модель;Год;Цена;URL;ПТС;Владельцы;Розыск;Ограничения;Город;Двигатель;Мощность;Коробка передач;Привод;Пробег;Руль;Поколение;Цвет;Тип кузова;Комплектация;Особые отметки;VIN;
Audi;100;1991;280000;https://auto.drom.ru/kamenka/audi/100/116373954.html;Характеристики совпадают с ПТС;3 записи о регистрации;Не числится в розыске;Ограничений не обнаружено;Каменке;бензин, 2.3 л;133 л.с., налог;механика;4WD;300 000 км;левый;4 поколение;серебристый;седан;2.3 MT CS Quattro;;;
Audi;100;1992;575000;https://auto.drom.ru/ramenskoe/audi/100/53493038.html;Характеристики совпадают с ПТС;7 записей о регистрации;Не числится в розыске;Ограничений не обнаружено;Раменском;бензин, 2.3 л;133 л.с., налог;механика;4WD;5 000 км;левый;4 поколение;серый;седан;;;;
Audi;80;1992;300000;https://auto.drom.ru/smolensk/audi/80/400514292.html;Характеристики совпадают с ПТС;10 записей о регистрации;Не числится в розыске;Ограничений не обнаружено;Смоленске;бензин, 2.0 л;90 л.с., налог;механика;передний;;левый;4 поколение;красный;седан;;;;
Audi;100;1992;165500;https://auto.drom.ru/moscow/audi/100/207251523.html;Цвет не совпадает с ПТС;11 записей о регистрации;Не числится в розыске;Есть ограничения;Москве;бензин, 2.8 л;174 л.с., налог;механика;передний;410 000 км;правый;;фиолетовый;седан;;;;
Audi;80;1992;199000;https://auto.drom.ru/kaluga/audi/80/54109402.html;Характеристики совпадают с ПТС;5 записей о регистрации;Не числится в розыске;Ограничений не обнаружено;Калуге;бензин, 2.0 л;115 л.с., налог;механика;передний;199 000 км;левый;4 поколение;зеленый;седан;2.0 E MT Base;;;
Audi;80;1992;265000;https://auto.drom.ru/glushkovo/audi/80/402849634.html;Характеристики совпадают с ПТС;4 записи о регистрации;Не числится в розыске;Ограничений не обнаружено;Глушково;бензин, 2.0 л;90 л.с., налог;механика;передний;380 500 км;левый;4 поколение;серый;седан;2.0 MT Base;;;
Audi;100;1992;320000;https://auto.drom.ru/nizhniy-novgorod/audi/100/51705639.html;Год не совпадает с ПТС;12 записей о регистрации;Не числится в розыске;Ограничений не обнаружено;Нижнем Новгороде;бензин, 2.3 л;133 л.с., налог;механика;передний;355 000 км;левый;4 поколение;;седан;;;;
Audi;100;1992;300000;https://auto.drom.ru/novozybkov/audi/100/54075103.html;Характеристики совпадают с ПТС;6 записей о регистрации;Не числится в розыске;Ограничений не обнаружено;Новозыбкове;бензин, 2.3 л;133 л.с., налог;механика;передний;419 000 км;левый;4 поколение;серый;седан;;;;
Audi;80;1992;280000;https://auto.drom.ru/spb/audi/80/444465400.html;Характеристики совпадают с ПТС;10 записей о регистрации;Не числится в розыске;Ограничений не обнаружено;Санкт-Петербурге;бензин, 2.0 л;90 л.с., налог;механика;передний;25 000 км;левый;4 поколение;зеленый;седан;2.0 MT Base;;;
Audi;100;1992;140000;https://auto.drom.ru/rybinsk/audi/100/52886925.html;Объем двигателя, мощность двигателя не совпадают с ПТС;6 записей о регистрации;Не числится в розыске;Ограничений не обнаружено;Рыбинске;бензин, 2.3 л;133 л.с., налог;механика;передний;502 000 км;левый;4 поколение;бежевый;седан;;;;
Audi;100;1992;1325000;https://auto.drom.ru/spb/audi/100/52823814.html;Характеристики совпадают с ПТС;9 записей о регистрации;Не числится в розыске;Ограничений не обнаружено;Санкт-Петербурге;бензин, 2.3 л;133 л.с., налог;механика;передний;277 500 км;левый;4 поколение;голубой;седан;2.3 MT CS;;;
Audi;100;1992;195000;https://auto.drom.ru/yaroslavl/audi/100/721126759.html;Характеристики совпадают с ПТС;5 записей о регистрации;Не числится в розыске;Ограничений не обнаружено;Ярославле;дизель, 2.5 л;115 л.с., налог;механика;передний;;левый;4 поколение;серый;седан;;;;
Audi;100;1992;100000;https://auto.drom.ru/zelenodolsk/audi/100/53765443.html;Характеристики совпадают с ПТС;6 записей о регистрации;Не числится в розыске;Ограничений не обнаружено;Зеленодольске;бензин, 2.3 л;133 л.с., налог;механика;передний;350 000 км;левый;4 поколение;синий;седан;2.3 MT CS;требуется ремонт или не на ходу;;
Audi;100;1992;155000;https://auto.drom.ru/novosinkovo/audi/100/820007114.html;Характеристики совпадают с ПТС;8 записей о регистрации;Не числится в розыске;Есть ограничения;Новосинькове;бензин, 2.0 л;115 л.с., налог;механика;передний;450 000 км;левый;4 поколение;синий;седан;;;;
Audi;100;1992;190000;https://auto.drom.ru/kazan/audi/100/52884939.html;Характеристики совпадают с ПТС;6 записей о регистрации;Не числится в розыске;Ограничений не обнаружено;Казани;бензин, 2.3 л;133 л.с., налог;механика;передний;350 000 км;левый;4 поколение;синий;седан;;требуется ремонт или не на ходу;;
Audi;100;1992;255000;https://auto.drom.ru/orel/audi/100/522748133.html;Характеристики совпадают с ПТС;7 записей о регистрации;Не числится в розыске;Ограничений не обнаружено;Орле;бензин, 2.3 л;133 л.с., налог;механика;передний;500 000 км;левый;4 поколение;синий;седан;;;;
Audi;100;1992;280000;https://auto.drom.ru/moscow/audi/100/729988640.html;Характеристики совпадают с ПТС;2 записи о регистрации;Не числится в розыске;Ограничений не обнаружено;Москве;бензин, 2.3 л;133 л.с., налог;механика;передний;170 000 км;левый;4 поколение;серый;седан;2.3 MT S;;;
Audi;100;1992;160000;https://auto.drom.ru/vladimir/audi/100/53048428.html;Характеристики совпадают с ПТС;7 записей о регистрации;Не числится в розыске;Ограничений не обнаружено;Владимире;бензин, 2.3 л;133 л.с., налог;механика;передний;420 000 км;левый;4 поколение;серебристый;седан;2.3 MT CS;;;
Audi;80;1992;370000;https://auto.drom.ru/kostroma/audi/80/53973220.html;Характеристики совпадают с ПТС;5 записей о регистрации;Не числится в розыске;Ограничений не обнаружено;Костроме;бензин, 2.0 л;90 л.с., налог;механика;передний;158 220 км;левый;4 поколение;красный;седан;2.0 MT Base;;;
Audi;100;1992;160000;https://auto.drom.ru/voronezh/audi/100/53629437.html;Год, объем двигателя, мощность двигателя не совпадают с ПТС;7 записей о регистрации;Не числится в розыске;Ограничений не обнаружено;Воронеже;бензин, 2.3 л;133 л.с., налог;механика;передний;;левый;4 поколение;синий;седан;;;;
Audi;80;1992;125000;https://auto.drom.ru/smolensk/audi/80/53958949.html;Характеристики совпадают с ПТС;8 записей о регистрации;Не числится в розыске;Ограничений не обнаружено;Смоленске;бензин, 2.0 л;115 л.с., налог;механика;передний;300 000 км;левый;4 поколение;синий;седан;;требуется ремонт или не на ходу;;
Audi;100;1992;299000;https://auto.drom.ru/tver/audi/100/530764674.html;Характеристики совпадают с ПТС;3 записи о регистрации;Не числится в розыске;Ограничений не обнаружено;Твери;бензин, 2.3 л;133 л.с., налог;механика;передний;325 000 км;левый;4 поколение;серебристый;седан;2.3 MT S;;;
Audi;100;1992;215000;https://auto.drom.ru/moscow/audi/100/569767024.html;Мощность двигателя не совпадает с ПТС;5 записей о регистрации;Не числится в розыске;Ограничений не обнаружено;Москве;бензин, 2.8 л;172 л.с., налог;механика;передний;199 000 км;левый;4 поколение;зеленый;седан;2.8 MT S;;;
Audi;100;1992;270000;https://auto.drom.ru/cheboksary/audi/100/712630853.html;Характеристики совпадают с ПТС;8 записей о регистрации;Не числится в розыске;Ограничений не обнаружено;Чебоксарах;бензин, 2.3 л, ГБО;133 л.с., налог;механика;передний;300 000 км;левый;4 поколение;зеленый;седан;2.3 MT S;;;
Audi;100;1992;185000;https://auto.drom.ru/voronezh/audi/100/740436707.html;Характеристики совпадают с ПТС;15 записей о регистрации;Не числится в розыске;Ограничений не обнаружено;Воронеже;бензин, 2.3 л;133 л.с., налог;механика;передний;200 000 км;левый;4 поколение;серый;седан;;;;
Audi;100;1992;249999;https://auto.drom.ru/spb/audi/100/53949637.html;Характеристики совпадают с ПТС;;Не числится в розыске;Ограничений не обнаружено;Санкт-Петербурге;бензин, 2.3 л;133 л.с., налог;автомат;передний;350 000 км;левый;4 поколение;белый;универсал;;;;
Audi;100;1992;265555;https://auto.drom.ru/spb/audi/100/695536313.html;Объем двигателя, цвет, мощность двигателя не совпадают с ПТС;9 записей о регистрации;Не числится в розыске;Ограничений не обнаружено;Санкт-Петербурге;бензин, 2.0 л;101 л.с., налог;механика;передний;333 950 км;левый;4 поколение;черный;седан;;;;
Audi;100;1992;300000;https://auto.drom.ru/novozybkov/audi/100/53454815.html;Характеристики совпадают с ПТС;5 записей о регистрации;Не числится в розыске;Ограничений не обнаружено;Новозыбкове;бензин, 2.0 л;115 л.с., налог;механика;передний;300 000 км;левый;4 поколение;черный;седан;;;;
Audi;100;1992;225000;https://auto.drom.ru/stariy-oskol/audi/100/51417616.html;Мощность двигателя не совпадает с ПТС;6 записей о регистрации;Не числится в розыске;Ограничений не обнаружено;Старом Осколе;бензин, 2.8 л;172 л.с., налог;механика;передний;350 000 км;левый;4 поколение;зеленый;седан;2.8 MT S;;;
Audi;100;1992;390000;https://auto.drom.ru/serpuhov/audi/100/381639661.html;Характеристики совпадают с ПТС;4 записи о регистрации;Не числится в розыске;Ограничений не обнаружено;Серпухове;бензин, 2.3 л;133 л.с., налог;механика;передний;;левый;4 поколение;белый;седан;;;;
Audi;100;1992;195000;https://auto.drom.ru/yaroslavl/audi/100/943879964.html;Характеристики совпадают с ПТС;5 записей о регистрации;Не числится в розыске;Ограничений не обнаружено;Ярославле;дизель, 2.5 л;115 л.с., налог;механика;передний;300 000 км;левый;4 поколение;серый;седан;;;;
Audi;100;1992;200000;https://auto.drom.ru/nizhniy-novgorod/audi/100/920309842.html;Характеристики совпадают с ПТС;10 записей о регистрации;Не числится в розыске;Ограничений не обнаружено;Нижнем Новгороде;бензин, 2.3 л;133 л.с., налог;АКПП;передний;500 000 км;левый;4 поколение;зеленый;седан;;;;
Audi;100;1992;340000;https://auto.drom.ru/stariy-oskol/audi/100/925519968.html;Характеристики совпадают с ПТС;4 записи о регистрации;Не числится в розыске;Ограничений не обнаружено;Старом Осколе;бензин, 2.3 л, ГБО;133 л.с., налог;механика;передний;490 000 км;левый;4 поколение;синий;седан;2.3 MT CS;;;
Audi;100;1992;270000;https://auto.drom.ru/kostroma/audi/100/160817197.html;Характеристики совпадают с ПТС;3 записи о регистрации;Не числится в розыске;Ограничений не обнаружено;Костроме;бензин, 2.3 л;133 л.с., налог;механика;передний;450 000 км;левый;4 поколение;синий;седан;;;;
Audi;100;1993;500000;https://auto.drom.ru/nizhniy-novgorod/audi/100/685507514.html;Характеристики совпадают с ПТС;7 записей о регистрации;Не числится в розыске;Ограничений не обнаружено;Нижнем Новгороде;бензин, 2.3 л;133 л.с., налог;механика;передний;421 000 км;левый;4 поколение;синий;седан;2.3 MT CS;;;
Audi;100;1993;399000;https://auto.drom.ru/spb/audi/100/53809867.html;Характеристики совпадают с ПТС;5 записей о регистрации;Не числится в розыске;Ограничений не обнаружено;Санкт-Петербурге;бензин, 2.6 л;150 л.с., налог;механика;передний;283 000 км;левый;4 поколение;зеленый;седан;;;;
Audi;100;1993;260000;https://auto.drom.ru/rovenki/audi/100/341729775.html;Характеристики совпадают с ПТС;7 записей о регистрации;Не числится в розыске;Ограничений не обнаружено;Ровеньках;бензин, 2.3 л, ГБО;133 л.с., налог;механика;передний;360 000 км;левый;4 поколение;зеленый;седан;;;;
Audi;100;1993;120000;https://auto.drom.ru/suhinichi/audi/100/52973955.html;Год не совпадает с ПТС;11 записей о регистрации;Не числится в розыске;Ограничений не обнаружено;Сухиничах;бензин, 2.3 л;133 л.с., налог;механика;передний;300 000 км;левый;4 поколение;зеленый;седан;2.3 MT CS;;;
Audi;80;1993;230000;https://auto.drom.ru/moscow/audi/80/624944089.html;Характеристики совпадают с ПТС;6 записей о регистрации;Не числится в розыске;Ограничений не обнаружено;Москве;бензин, 2.3 л;133 л.с., налог;механика;передний;400 000 км;левый;4 поколение;зеленый;седан;2.3 E MT Base;;;
Audi;80;1993;280000;https://auto.drom.ru/moscow/audi/80/53773218.html;Характеристики совпадают с ПТС;3 записи о регистрации;Не числится в розыске;Ограничений не обнаружено;Москве;бензин, 2.0 л;90 л.с., налог;механика;передний;400 000 км;левый;4 поколение;синий;седан;2.0 MT Base;;;
Audi;100;1993;240000;https://auto.drom.ru/lipetsk/audi/100/446928442.html;Характеристики совпадают с ПТС;8 записей о регистрации;Не числится в розыске;Ограничений не обнаружено;Липецке;бензин, 2.8 л;172 л.с., налог;механика;передний;333 333 км;левый;4 поколение;желтый;седан;2.8 MT S;;;
Audi;80;1993;380000;https://auto.drom.ru/korolev/audi/80/54040873.html;Характеристики совпадают с ПТС;5 записей о регистрации;Не числится в розыске;Ограничений не обнаружено;Королёве;бензин, 2.8 л;172 л.с., налог;механика;передний;222 222 км;левый;4 поколение;черный;седан;;;;
Audi;80;1993;160000;https://auto.drom.ru/moscow/audi/80/52613044.html;Характеристики совпадают с ПТС;7 записей о регистрации;Не числится в розыске;Есть ограничения;Москве;бензин, 2.0 л;90 л.с., налог;механика;передний;380 000 км;левый;4 поколение;синий;седан;2.0 MT Base;;;
Audi;100;1993;349777;https://auto.drom.ru/nizhniy-novgorod/audi/100/53318600.html;Характеристики совпадают с ПТС;5 записей о регистрации;Не числится в розыске;Ограничений не обнаружено;Нижнем Новгороде;бензин, 2.0 л;115 л.с., налог;механика;передний;180 122 км;левый;4 поколение;черный;седан;;;;
Audi;100;1993;130000;https://auto.drom.ru/voronezh/audi/100/208226194.html;Характеристики совпадают с ПТС;9 записей о регистрации;Не числится в розыске;Есть ограничения;Воронеже;бензин, 2.3 л;133 л.с., налог;механика;передний;300 000 км;левый;4 поколение;серый;седан;;требуется ремонт или не на ходу, документы с проблемами или отсутствуют;;
Audi;80;1993;210000;https://auto.drom.ru/naryshkino/audi/80/53942851.html;Характеристики совпадают с ПТС;9 записей о регистрации;Не числится в розыске;Ограничений не обнаружено;Нарышкино;бензин, 2.0 л;90 л.с., налог;механика;передний;290 000 км;левый;4 поколение;черный;седан;;;;
Audi;100;1993;268888;https://auto.drom.ru/kolomna/audi/100/53562400.html;Характеристики совпадают с ПТС;10 записей о регистрации;Не числится в розыске;Ограничений не обнаружено;Коломне;бензин, 2.8 л;172 л.с., налог;механика;передний;333 333 км;левый;4 поколение;зеленый;седан;2.8 MT S;;;
Audi;100;1993;290000;https://auto.drom.ru/nizhniy-novgorod/audi/100/52261643.html;Характеристики совпадают с ПТС;4 записи о регистрации;Не числится в розыске;Ограничений не обнаружено;Нижнем Новгороде;бензин, 2.6 л;150 л.с., налог;АКПП;передний;300 000 км;левый;4 поколение;красный;седан;;;;
Audi;100;1993;120000;https://auto.drom.ru/kotelniki/audi/100/267285342.html;Объем двигателя не совпадает с ПТС;8 записей о регистрации;Не числится в розыске;Ограничений не обнаружено;Котельниках;бензин, 2.6 л;150 л.с., налог;механика;передний;300 000 км;левый;4 поколение;синий;седан;;;;
Audi;100;1993;350000;https://auto.drom.ru/orel/audi/100/49882429.html;Характеристики совпадают с ПТС;9 записей о регистрации;Не числится в розыске;Ограничений не обнаружено;Орле;бензин, 2.0 л;115 л.с., налог;механика;передний;420 000 км;левый;4 поколение;черный;седан;2.0 MT CS;;;
Audi;80;1993;120000;https://auto.drom.ru/tula/audi/80/567763242.html;;;;;Туле;бензин, 1.6 л;90 л.с., налог;механика;передний;;левый;4 поколение;;седан;1.6 MT Base;;;
Audi;80;1993;150000;https://auto.drom.ru/kovrov/audi/80/52194135.html;Характеристики совпадают с ПТС;4 записи о регистрации;Не числится в розыске;Ограничений не обнаружено;Коврове;бензин, 2.3 л;133 л.с., налог;механика;передний;315 000 км;левый;4 поколение;зеленый;седан;;требуется ремонт или не на ходу;;
Audi;80;1993;155000;https://auto.drom.ru/yalchiki/audi/80/49847970.html;;;;;Яльчиках;дизель, 2.0 л;90 л.с., налог;механика;передний;190 000 км;правый;;зеленый;универсал;;;;
Audi;A6;1994;320000;https://auto.drom.ru/moscow/audi/a6/620505919.html;Объем двигателя, мощность двигателя не совпадают с ПТС;10 записей о регистрации;Не числится в розыске;Ограничений не обнаружено;Москве;бензин, 2.6 л;150 л.с., налог;механика;передний;225 836 км;левый;1 поколение;синий;седан;2.6 MT;;;
Audi;100;1994;380000;https://auto.drom.ru/smolensk/audi/100/54002999.html;Характеристики совпадают с ПТС;7 записей о регистрации;Не числится в розыске;Ограничений не обнаружено;Смоленске;бензин, 2.6 л;150 л.с., налог;механика;передний;;левый;4 поколение;зеленый;седан;;;;
Audi;A8;1994;700000;https://auto.drom.ru/zelenograd/audi/a8/793954565.html;Модель, год, мощность двигателя не совпадают с ПТС;8 записей о регистрации;Не числится в розыске;Ограничений не обнаружено;Зеленограде;бензин, 4.2 л;300 л.с., налог;АКПП;4WD;478 942 км;левый;1 поколение;синий;;4.2 AT quattro;;;
Audi;80;1994;320000;https://auto.drom.ru/kaluga/audi/80/762703269.html;Характеристики совпадают с ПТС;8 записей о регистрации;Не числится в розыске;Ограничений не обнаружено;Калуге;бензин, 2.0 л;90 л.с., налог;механика;передний;330 000 км;левый;4 поколение;красный;седан;2.0 MT Base;;;
Audi;80;1994;420000;https://auto.drom.ru/roslavl/audi/80/54065980.html;Характеристики совпадают с ПТС;3 записи о регистрации;Не числится в розыске;Ограничений не обнаружено;Рославле;бензин, 2.0 л;115 л.с., налог;механика;передний;339 792 км;левый;4 поколение;зеленый;седан;;;;
Audi;A6;1994;250000;https://auto.drom.ru/smolensk/audi/a6/53392686.html;Характеристики совпадают с ПТС;11 записей о регистрации;Не числится в розыске;Ограничений не обнаружено;Смоленске;бензин, 2.0 л;115 л.с., налог;механика;передний;410 865 км;левый;1 поколение;белый;седан;2.0E MT;;;
Audi;100;1994;220000;https://auto.drom.ru/annino/audi/100/940560136.html;Характеристики совпадают с ПТС;3 записи о регистрации;Не числится в розыске;Есть ограничения;Аннино;бензин, 2.3 л;133 л.с., налог;АКПП;передний;256 085 км;левый;4 поколение;серый;седан;2.3 AT CS;;;
Audi;80;1994;275000;https://auto.drom.ru/moscow/audi/80/51842878.html;Характеристики совпадают с ПТС;7 записей о регистрации;Не числится в розыске;Ограничений не обнаружено;Москве;бензин, 2.3 л;133 л.с., налог;АКПП;передний;440 000 км;левый;4 поколение;серебристый;седан;2.3 E AT Base;;;
Audi;A6;1994;360000;https://auto.drom.ru/spb/audi/a6/738299675.html;Характеристики совпадают с ПТС;10 записей о регистрации;Не числится в розыске;Ограничений не обнаружено;Санкт-Петербурге;бензин, 2.8 л;174 л.с., налог;АКПП;передний;420 000 км;левый;1 поколение;черный;седан;2.8 AT;;;
Audi;A8;1994;794000;https://auto.drom.ru/balashiha/audi/a8/442017121.html;Год не совпадает с ПТС;5 записей о регистрации;Не числится в розыске;Ограничений не обнаружено;Балашихе;бензин, 4.2 л;300 л.с., налог;АКПП;4WD;680 000 км;левый;1 поколение;серый;;4.2 AT quattro;;;
Audi;A8;1994;900000;https://auto.drom.ru/odintsovo/audi/a8/717299093.html;Объем двигателя, мощность двигателя не совпадают с ПТС;3 записи о регистрации;Не числится в розыске;Ограничений не обнаружено;Одинцове;бензин, 4.2 л;300 л.с., налог;АКПП;4WD;450 646 км;левый;1 поколение;бордовый;;4.2 AT quattro;;;
Audi;A8;1994;800000;https://auto.drom.ru/andreevka/audi/a8/482222747.html;Мощность двигателя не совпадает с ПТС;8 записей о регистрации;Не числится в розыске;Ограничений не обнаружено;Андреевке;бензин, 4.2 л;300 л.с., налог;АКПП;4WD;429 000 км;левый;1 поколение;коричневый;;4.2 AT quattro;;;
Audi;Cabriolet;1994;2200000;https://auto.drom.ru/moscow/audi/cabriolet/51142284.html;Модель не совпадает с ПТС;3 записи о регистрации;Не числится в розыске;Есть ограничения;Москве;бензин, 2.6 л;150 л.с., налог;автомат;передний;120 000 км;;;синий;;;;;
Audi;A6;1994;275000;https://auto.drom.ru/bryansk/audi/a6/53655911.html;;;;;Брянске;бензин, 2.0 л;101 л.с., налог;механика;передний;;левый;1 поколение;красный;седан;2.0 MT;;;
Audi;80;1994;290000;https://auto.drom.ru/lipetsk/audi/80/120668781.html;Характеристики совпадают с ПТС;9 записей о регистрации;Не числится в розыске;Ограничений не обнаружено;Липецке;бензин, 2.0 л;90 л.с., налог;механика;передний;385 000 км;левый;4 поколение;зеленый;седан;;;;
Audi;80;1994;230000;https://auto.drom.ru/hotkovo/audi/80/52799914.html;Характеристики совпадают с ПТС;6 записей о регистрации;Не числится в розыске;Ограничений не обнаружено;Хотькове;бензин, 2.0 л;90 л.с., налог;механика;передний;212 000 км;левый;4 поколение;белый;универсал;;;;
Audi;80;1994;200000;https://auto.drom.ru/moscow/audi/80/186365306.html;Характеристики совпадают с ПТС;6 записей о регистрации;Не числится в розыске;Ограничений не обнаружено;Москве;бензин, 2.0 л;90 л.с., налог;механика;передний;226 170 км;левый;4 поколение;бордовый;седан;2.0 MT Base;;;
Audi;100;1994;300000;https://auto.drom.ru/moscow/audi/100/892335411.html;;;;;Москве;бензин, 2.6 л, ГБО;150 л.с., налог;механика;передний;480 000 км, без пробега по РФ;левый;4 поколение;бордовый;седан;2.6 MT CS;;;
Audi;100;1994;337000;https://auto.drom.ru/stariy-oskol/audi/100/659269546.html;;;;;Старом Осколе;бензин, 2.3 л;133 л.с., налог;механика;передний;;левый;4 поколение;белый;седан;;;;
Audi;100;1994;80000;https://auto.drom.ru/velikiy-novgorod/audi/100/53888729.html;Характеристики совпадают с ПТС;6 записей о регистрации;Не числится в розыске;Ограничений не обнаружено;Великом Новгороде;бензин, 2.3 л;133 л.с., налог;механика;передний;515 000 км;левый;4 поколение;зеленый;седан;2.3 MT CS;;;
Audi;100;1994;280000;https://auto.drom.ru/syzran/audi/100/51408291.html;Характеристики совпадают с ПТС;6 записей о регистрации;Не числится в розыске;Ограничений не обнаружено;Сызрани;бензин, 2.0 л;101 л.с., налог;механика;передний;185 000 км;левый;4 поколение;синий;седан;;;;
Audi;80;1994;185000;https://auto.drom.ru/penza/audi/80/53799016.html;Характеристики совпадают с ПТС;;Не числится в розыске;Ограничений не обнаружено;Пензе;бензин, 2.0 л;115 л.с., налог;АКПП;передний;370 000 км;левый;4 поколение;зеленый;седан;;;;
Audi;A4;1995;150000;https://auto.drom.ru/nizhniy-novgorod/audi/a4/54148434.html;Характеристики совпадают с ПТС;6 записей о регистрации;Не числится в розыске;Есть ограничения;Нижнем Новгороде;бензин, 1.8 л;125 л.с., налог;механика;передний;350 000 км;левый;1 поколение;черный;седан;1.8 MT;;;
Audi;A4;1995;175000;https://auto.drom.ru/bryansk/audi/a4/395760534.html;Мощность двигателя не совпадает с ПТС;9 записей о регистрации;Не числится в розыске;Ограничений не обнаружено;Брянске;бензин, 1.6 л;101 л.с., налог;механика;передний;;левый;1 поколение;белый;седан;1.6 MT;;;
Audi;A6;1995;553537;https://auto.drom.ru/lida/audi/a6/110478034.html;;;;;Лиде;дизель, 2.5 л;140 л.с., налог;механика;передний;456 000 км;левый;1 поколение;зеленый;седан;2.5 TDI MT;;;
Audi;A6;1995;270000;https://auto.drom.ru/slantsy/audi/a6/528661506.html;Характеристики совпадают с ПТС;9 записей о регистрации;Не числится в розыске;Ограничений не обнаружено;Сланцах;бензин, 2.8 л;174 л.с., налог;механика;4WD;488 000 км;левый;1 поколение;черный;седан;2.8 quattro MT;требуется ремонт или не на ходу;;
Audi;A4;1995;290000;https://auto.drom.ru/vladimir/audi/a4/54022197.html;Характеристики совпадают с ПТС;9 записей о регистрации;Не числится в розыске;Ограничений не обнаружено;Владимире;бензин, 1.8 л;125 л.с., налог;механика;передний;496 000 км;левый;1 поколение;красный;седан;1.8 MT;;;
Audi;A4;1995;285000;https://auto.drom.ru/domodedovo/audi/a4/54000856.html;Характеристики совпадают с ПТС;14 записей о регистрации;Не числится в розыске;Ограничений не обнаружено;Домодедово;бензин, 1.6 л;101 л.с., налог;механика;передний;334 350 км;левый;1 поколение;серебристый;седан;1.6 MT;;;
Audi;A4;1995;280000;https://auto.drom.ru/yoshkar-ola/audi/a4/53296173.html;Характеристики совпадают с ПТС;7 записей о регистрации;Не числится в розыске;Ограничений не обнаружено;Йошкар-Оле;бензин, 1.6 л;101 л.с., налог;механика;передний;302 000 км;левый;1 поколение;красный;седан;1.6 MT;;;
Audi;A6;1995;400000;https://auto.drom.ru/ivanovo/audi/a6/52398504.html;Характеристики совпадают с ПТС;6 записей о регистрации;Не числится в розыске;Ограничений не обнаружено;Иваново;бензин, 2.0 л;115 л.с., налог;механика;передний;450 000 км;левый;1 поколение;синий;седан;2.0E MT;;;
Audi;A4;1995;350000;https://auto.drom.ru/moscow/audi/a4/295154121.html;Характеристики совпадают с ПТС;7 записей о регистрации;Не числится в розыске;Ограничений не обнаружено;Москве;бензин, 1.8 л;125 л.с., налог;механика;передний;178 635 км;левый;1 поколение;синий;седан;1.8 MT;;;
Audi;A6;1995;400000;https://auto.drom.ru/klintsy/audi/a6/53235332.html;Характеристики совпадают с ПТС;8 записей о регистрации;Не числится в розыске;Ограничений не обнаружено;Клинцах;бензин, 2.0 л;115 л.с., налог;АКПП;передний;190 000 км;левый;1 поколение;белый;седан;2.0E AT;;;
Audi;A4;1995;355000;https://auto.drom.ru/spb/audi/a4/119846093.html;Характеристики совпадают с ПТС;2 записи о регистрации;Не числится в розыске;Ограничений не обнаружено;Санкт-Петербурге;бензин, 1.8 л;150 л.с., налог;механика;передний;391 500 км;левый;1 поколение;черный;седан;1.8T MT;;;
Audi;A8;1995;220000;https://auto.drom.ru/duhovshchina/audi/a8/297103404.html;Характеристики совпадают с ПТС;8 записей о регистрации;Не числится в розыске;Ограничений не обнаружено;Духовщине;бензин, 4.2 л;300 л.с., налог;АКПП;4WD;;левый;1 поколение;;;4.2 AT quattro;;;
Audi;A4;1995;115000;https://auto.drom.ru/zavolzhye/audi/a4/52694546.html;Характеристики совпадают с ПТС;6 записей о регистрации;Не числится в розыске;Есть ограничения;Заволжье;бензин, 1.8 л;125 л.с., налог;механика;передний;;левый;1 поколение;;седан;1.8 MT;требуется ремонт или не на ходу;;
Audi;A4;1995;355000;https://auto.drom.ru/alexeevka/audi/a4/883328042.html;;;;;Алексеевке;бензин, 1.8 л;125 л.с., налог;механика;передний;291 800 км;левый;1 поколение;зеленый;седан;1.8 MT;;;
Audi;A4;1995;245000;https://auto.drom.ru/spb/audi/a4/53520531.html;Характеристики совпадают с ПТС;12 записей о регистрации;Не числится в розыске;Есть ограничения;Санкт-Петербурге;бензин, 1.8 л;125 л.с., налог;механика;передний;290 000 км;левый;1 поколение;синий;седан;1.8 MT;;;
Audi;A4;1995;280000;https://auto.drom.ru/ruzaevka/audi/a4/578838775.html;Характеристики совпадают с ПТС;6 записей о регистрации;Не числится в розыске;Ограничений не обнаружено;Рузаевке;бензин, 1.8 л;150 л.с., налог;механика;передний;310 000 км;левый;1 поколение;черный;седан;1.8T MT;;;
Audi;A8;1996;600000;https://auto.drom.ru/smolensk/audi/a8/566203647.html;Характеристики совпадают с ПТС;10 записей о регистрации;Не числится в розыске;Ограничений не обнаружено;Смоленске;бензин, 2.8 л;174 л.с., налог;АКПП;передний;550 000 км;левый;1 поколение;зеленый;;2.8 AT;;;
Audi;A4;1996;350000;https://auto.drom.ru/lyubertsy/audi/a4/491156061.html;Характеристики совпадают с ПТС;8 записей о регистрации;Не числится в розыске;Ограничений не обнаружено;Люберцах;бензин, 2.6 л;150 л.с., налог;механика;передний;450 000 км;левый;1 поколение;зеленый;седан;2.6 MT;;;
Audi;A4;1996;210000;https://auto.drom.ru/saransk/audi/a4/165524433.html;Характеристики совпадают с ПТС;9 записей о регистрации;Не числится в розыске;Ограничений не обнаружено;Саранске;бензин, 1.6 л;101 л.с., налог;механика;передний;;левый;1 поколение, рестайлинг;серебристый;седан;1.6 MT;;;
Audi;A4;1996;500000;https://auto.drom.ru/rossosh/audi/a4/52975612.html;;;;;Россоши;бензин, 2.6 л;150 л.с., налог;механика;передний;332 000 км;левый;1 поколение;синий;седан;2.6 MT;;;
Audi;S6;1996;750000;https://auto.drom.ru/kaluga/audi/s6/53393565.html;Характеристики совпадают с ПТС;5 записей о регистрации;Не числится в розыске;Ограничений не обнаружено;Калуге;бензин, 2.2 л;230 л.с., налог;механика;4WD;155 000 км;левый;1 поколение;синий;седан;2.2 T quattro MT;требуется ремонт или не на ходу;;
Audi;A4;1996;248000;https://auto.drom.ru/egorievsk/audi/a4/632507736.html;Характеристики совпадают с ПТС;6 записей о регистрации;Не числится в розыске;Ограничений не обнаружено;Егорьевске;дизель, 1.9 л;90 л.с., налог;механика;передний;465 000 км;левый;1 поколение, рестайлинг;красный;седан;1.9 TDI MT;;;
Audi;A6;1996;320000;https://auto.drom.ru/kamenka/audi/a6/54043191.html;Характеристики совпадают с ПТС;9 записей о регистрации;Не числится в розыске;Ограничений не обнаружено;Каменке;бензин, 1.8 л;125 л.с., налог;механика;передний;380 000 км;левый;1 поколение;черный;седан;1.8 MT;;;
Audi;A4;1996;250000;https://auto.drom.ru/kudinovo/audi/a4/53744863.html;Характеристики совпадают с ПТС;13 записей о регистрации;Не числится в розыске;Ограничений не обнаружено;Кудинове;бензин, 1.6 л;101 л.с., налог;механика;передний;200 000 км;левый;1 поколение;красный;седан;1.6 MT;;;
Audi;A4;1996;330000;https://auto.drom.ru/smolensk/audi/a4/52367110.html;Характеристики совпадают с ПТС;5 записей о регистрации;Не числится в розыске;Ограничений не обнаружено;Смоленске;бензин, 1.6 л;101 л.с., налог;механика;передний;370 км;левый;1 поколение;;седан;1.6 MT;;;
Audi;A4;1996;380000;https://auto.drom.ru/voronezh/audi/a4/52867603.html;Характеристики совпадают с ПТС;11 записей о регистрации;Не числится в розыске;Ограничений не обнаружено;Воронеже;бензин, 1.6 л;101 л.с., налог;механика;передний;450 000 км;левый;1 поколение, рестайлинг;белый;седан;1.6 MT;;;
Audi;A4;1996;360000;https://auto.drom.ru/belgorod/audi/a4/53853293.html;Объем двигателя, мощность двигателя не совпадают с ПТС;13 записей о регистрации;Не числится в розыске;Ограничений не обнаружено;Белгороде;бензин, 1.8 л;125 л.с., налог;механика;передний;340 000 км;левый;1 поколение;фиолетовый;седан;1.8 MT;;;
Audi;A6;1996;520000;https://auto.drom.ru/moscow/audi/a6/50921498.html;Мощность двигателя не совпадает с ПТС;6 записей о регистрации;Не числится в розыске;Ограничений не обнаружено;Москве;дизель, 2.5 л;140 л.с., налог;механика;передний;275 000 км;левый;1 поколение;зеленый;седан;2.5 TDI MT;;;
Audi;A6;1996;445000;https://auto.drom.ru/moscow/audi/a6/798692675.html;Характеристики совпадают с ПТС;3 записи о регистрации;Не числится в розыске;Ограничений не обнаружено;Москве;бензин, 1.8 л;125 л.с., налог;АКПП;передний;285 000 км;левый;1 поколение;зеленый;седан;1.8 AT;;;
Audi;A4;1996;240000;https://auto.drom.ru/kursk/audi/a4/862823234.html;Характеристики совпадают с ПТС;11 записей о регистрации;Не числится в розыске;Ограничений не обнаружено;Курске;бензин, 1.6 л;101 л.с., налог;механика;передний;1 000 км;левый;1 поколение;;седан;1.6 MT;;;
Audi;A8;1996;480000;https://auto.drom.ru/spb/audi/a8/652156560.html;Характеристики совпадают с ПТС;15 записей о регистрации;Не числится в розыске;Ограничений не обнаружено;Санкт-Петербурге;бензин, 2.8 л;174 л.с., налог;механика;4WD;248 000 км;левый;1 поколение;черный;;;;;
Audi;A4;1996;150000;https://auto.drom.ru/krasnye-baki/audi/a4/50550625.html;Характеристики совпадают с ПТС;6 записей о регистрации;Не числится в розыске;Ограничений не обнаружено;Красных Баках;;;;;324 000 км;левый;1 поколение;серебристый;седан;;;;
Audi;A6;1996;300000;https://auto.drom.ru/bezhetsk/audi/a6/52287735.html;Характеристики совпадают с ПТС;10 записей о регистрации;Не числится в розыске;Ограничений не обнаружено;Бежецке;бензин, 1.8 л;125 л.с., налог;механика;передний;250 000 км;левый;1 поколение;синий;седан;1.8 MT;;;
Audi;A4;1996;255000;https://auto.drom.ru/sarov/audi/a4/309487272.html;Характеристики совпадают с ПТС;13 записей о регистрации;Не числится в розыске;Ограничений не обнаружено;Сарове;бензин, 1.6 л;101 л.с., налог;механика;передний;145 000 км;левый;1 поколение;синий;седан;1.6 MT;;;
Audi;A6;1996;180000;https://auto.drom.ru/nizhniy-novgorod/audi/a6/350348082.html;Характеристики совпадают с ПТС;4 записи о регистрации;Не числится в розыске;Ограничений не обнаружено;Нижнем Новгороде;бензин, 1.8 л;125 л.с., налог;механика;передний;300 000 км;левый;1 поколение;черный;седан;1.8 MT;требуется ремонт или не на ходу;;
Audi;A4;1996;190000;https://auto.drom.ru/vologda/audi/a4/53897103.html;;;;;Вологде;дизель, 1.9 л;;механика;передний;;левый;1 поколение;белый;седан;;;;
Audi;A4;1996;80000;https://auto.drom.ru/orel/audi/a4/50184201.html;Характеристики совпадают с ПТС;12 записей о регистрации;Не числится в розыске;Есть ограничения;Орле;бензин, 1.6 л;101 л.с., налог;механика;передний;180 000 км;левый;1 поколение, рестайлинг;черный;седан;1.6 MT;требуется ремонт или не на ходу;;
Audi;A6;1997;355000;https://auto.drom.ru/bryansk/audi/a6/583805879.html;;;;;Брянске;бензин, 2.4 л;165 л.с., налог;механика;передний;215 000 км;левый;2 поколение;зеленый;седан;2.4 MT;;;
Audi;A4;1997;405000;https://auto.drom.ru/penza/audi/a4/653038949.html;Характеристики совпадают с ПТС;5 записей о регистрации;Не числится в розыске;Ограничений не обнаружено;Пензе;бензин, 1.8 л;125 л.с., налог;механика;передний;380 000 км;левый;1 поколение, рестайлинг;серый;седан;1.8 MT;;;
Audi;A8;1997;820000;https://auto.drom.ru/naro-fominsk/audi/a8/272417826.html;Характеристики совпадают с ПТС;9 записей о регистрации;Не числится в розыске;Есть ограничения;Наро-Фоминске;бензин, 4.2 л;300 л.с., налог;АКПП;4WD;512 698 км;левый;1 поколение;синий;;4.2 AT quattro;;;
Audi;A8;1997;710000;https://auto.drom.ru/bronnitsy/audi/a8/53049306.html;Мощность двигателя не совпадает с ПТС;7 записей о регистрации;Не числится в розыске;Ограничений не обнаружено;Бронницах;бензин, 4.2 л;300 л.с., налог;АКПП;4WD;347 563 км;левый;1 поколение;черный;;4.2 AT quattro;;;
Audi;A6;1997;230000;https://auto.drom.ru/spb/audi/a6/54120487.html;Характеристики совпадают с ПТС;7 записей о регистрации;Не числится в розыске;Ограничений не обнаружено;Санкт-Петербурге;бензин, 2.4 л;165 л.с., налог;механика;передний;300 000 км;левый;2 поколение;черный;седан;2.4 MT;;;
Audi;A3;1997;315000;https://auto.drom.ru/spb/audi/a3/54110010.html;Характеристики совпадают с ПТС;10 записей о регистрации;Не числится в розыске;Ограничений не обнаружено;Санкт-Петербурге;бензин, 1.8 л;125 л.с., налог;механика;передний;350 000 км;левый;1 поколение;красный;хэтчбек 3 дв.;1.8 MT;;;
Audi;A6;1997;460000;https://auto.drom.ru/voskresensk/audi/a6/920129283.html;Характеристики совпадают с ПТС;12 записей о регистрации;Не числится в розыске;Есть ограничения;Воскресенске;бензин, 2.4 л;165 л.с., налог;АКПП;передний;288 000 км;левый;2 поколение;зеленый;седан;2.4 AT;;;
Audi;S8;1997;730000;https://auto.drom.ru/togliatti/audi/s8/839896049.html;Характеристики совпадают с ПТС;7 записей о регистрации;Не числится в розыске;Ограничений не обнаружено;Тольятти;бензин, 4.2 л;340 л.с., налог;АКПП;4WD;140 000 км;левый;1 поколение;синий;;4.2 quattro tiptronic;;;
Audi;A4;1997;280000;https://auto.drom.ru/domodedovo/audi/a4/215845981.html;Характеристики совпадают с ПТС;7 записей о регистрации;Не числится в розыске;Ограничений не обнаружено;Домодедово;бензин, 1.6 л;101 л.с., налог;механика;передний;380 000 км;левый;1 поколение, рестайлинг;серебристый;седан;1.6 MT;;;
Audi;A4;1997;310000;https://auto.drom.ru/kamensk-shahtinskiy/audi/a4/54025982.html;Мощность двигателя не совпадает с ПТС;7 записей о регистрации;Не числится в розыске;Ограничений не обнаружено;Каменске-Шахтинском;бензин, 1.8 л;180 л.с., налог;механика;4WD;150 000 км;левый;1 поколение, рестайлинг;синий;седан;1.8T quattro MT;;;
Audi;A6;1997;450000;https://auto.drom.ru/velikie-luki/audi/a6/832195130.html;Характеристики совпадают с ПТС;6 записей о регистрации;Не числится в розыске;Ограничений не обнаружено;Великих Луках;дизель, 2.5 л;140 л.с., налог;механика;передний;555 000 км;левый;1 поколение;зеленый;седан;2.5 TDI MT;;;
Audi;A4;1997;320000;https://auto.drom.ru/lysye-gory/audi/a4/201820566.html;Характеристики совпадают с ПТС;5 записей о регистрации;Не числится в розыске;Ограничений не обнаружено;Лысых Горах;бензин, 1.8 л;150 л.с., налог;механика;передний;350 127 км;левый;1 поколение, рестайлинг;серебристый;седан;1.8T MT;;;
Audi;A6;1997;280000;https://auto.drom.ru/syzran/audi/a6/229866697.html;Характеристики совпадают с ПТС;6 записей о регистрации;Не числится в розыске;Ограничений не обнаружено;Сызрани;бензин, 1.8 л;150 л.с., налог;АКПП;передний;400 000 км;левый;2 поколение;серый;седан;1.8T AT;требуется ремонт или не на ходу;;
Audi;A6;1997;100000;https://auto.drom.ru/trubchevsk/audi/a6/52413097.html;Характеристики совпадают с ПТС;7 записей о регистрации;Не числится в розыске;Ограничений не обнаружено;Трубчевске;бензин, 2.8 л;193 л.с., налог;АКПП;передний;250 000 км;левый;2 поколение;серебристый;седан;2.8 AT;требуется ремонт или не на ходу;;
Audi;A6;1997;440000;https://auto.drom.ru/ertil/audi/a6/143875052.html;;;;;Эртиле;бензин, 1.8 л;150 л.с., налог;АКПП;передний;400 000 км;левый;2 поколение;серебристый;седан;1.8T AT;;;
Audi;A8;1997;520000;https://auto.drom.ru/nizhniy-novgorod/audi/a8/50309787.html;Объем двигателя, мощность двигателя не совпадают с ПТС;6 записей о регистрации;Не числится в розыске;Ограничений не обнаружено;Нижнем Новгороде;бензин, 4.2 л, ГБО;300 л.с., налог;АКПП;4WD;80 000 км;левый;1 поколение;зеленый;;;;;
Audi;A6;1997;410000;https://auto.drom.ru/bryansk/audi/a6/628527051.html;Характеристики совпадают с ПТС;15 записей о регистрации;Не числится в розыске;Ограничений не обнаружено;Брянске;бензин, 2.4 л, ГБО;165 л.с., налог;механика;передний;326 000 км;левый;2 поколение;синий;седан;2.4 MT;;;
Audi;A6;1997;500000;https://auto.drom.ru/moscow/audi/a6/379987487.html;;;;;Москве;бензин, 2.4 л;165 л.с., налог;механика;передний;214 418 км;левый;2 поколение;;седан;2.4 MT;;;
Audi;A4;1997;340000;https://auto.drom.ru/zelenograd/audi/a4/52750642.html;;;;;Зеленограде;бензин, 1.8 л;125 л.с., налог;АКПП;передний;400 000 км;левый;1 поколение, рестайлинг;серый;универсал;1.8 AT;;;
Audi;A6;1997;180000;https://auto.drom.ru/voronezh/audi/a6/485396937.html;Характеристики совпадают с ПТС;9 записей о регистрации;Не числится в розыске;Ограничений не обнаружено;Воронеже;бензин, 2.4 л;165 л.с., налог;механика;передний;534 000 км;левый;2 поколение;черный;седан;2.4 MT;;;
Audi;A6;1997;450000;https://auto.drom.ru/cheboksary/audi/a6/50912348.html;Характеристики совпадают с ПТС;8 записей о регистрации;Не числится в розыске;Ограничений не обнаружено;Чебоксарах;бензин, 2.4 л;165 л.с., налог;АКПП;передний;350 000 км;левый;2 поколение;серебристый;седан;2.4 AT;требуется ремонт или не на ходу;;
Audi;A4;1997;420000;https://auto.drom.ru/moscow/audi/a4/598947590.html;Характеристики совпадают с ПТС;4 записи о регистрации;Не числится в розыске;Есть ограничения;Москве;бензин, 1.8 л;125 л.с., налог;АКПП;передний;300 000 км;левый;1 поколение, рестайлинг;синий;седан;1.8 AT;;;
Audi;A8;1998;375000;https://auto.drom.ru/moscow/audi/a8/53481295.html;Характеристики совпадают с ПТС;4 записи о регистрации;Не числится в розыске;Ограничений не обнаружено;Москве;дизель, 2.5 л;150 л.с., налог;АКПП;передний;300 000 км;левый;1 поколение;синий;;2.5 TDI AT;;;
Audi;A4;1998;370000;https://auto.drom.ru/moscow/audi/a4/51761311.html;Характеристики совпадают с ПТС;5 записей о регистрации;Не числится в розыске;Ограничений не обнаружено;Москве;бензин, 1.8 л;125 л.с., налог;механика;передний;255 000 км;левый;1 поколение, рестайлинг;синий;седан;;;;
Audi;A3;1998;294000;https://auto.drom.ru/tver/audi/a3/520824876.html;Характеристики совпадают с ПТС;6 записей о регистрации;Не числится в розыске;Ограничений не обнаружено;Твери;бензин, 1.6 л;101 л.с., налог;механика;передний;426 000 км;левый;1 поколение;синий;хэтчбек 3 дв.;1.6 MT;;;
Audi;A6;1998;400000;https://auto.drom.ru/tver/audi/a6/290690996.html;Характеристики совпадают с ПТС;8 записей о регистрации;Не числится в розыске;Ограничений не обнаружено;Твери;бензин, 1.8 л;150 л.с., налог;механика;передний;190 000 км;левый;2 поколение;белый;седан;1.8T MT;;;
Audi;A4;1998;260000;https://auto.drom.ru/bryansk/audi/a4/54122820.html;Характеристики совпадают с ПТС;7 записей о регистрации;Не числится в розыске;Есть ограничения;Брянске;бензин, 1.6 л;101 л.с., налог;механика;передний;550 000 км;левый;1 поколение, рестайлинг;синий;седан;1.6 MT;документы с проблемами, стоят регестрационные ограничения;;
Audi;A6;1998;320000;https://auto.drom.ru/kotlas/audi/a6/722947666.html;Характеристики совпадают с ПТС;7 записей о регистрации;Не числится в розыске;Ограничений не обнаружено;Котласе;бензин, 2.8 л;193 л.с., налог;АКПП;4WD;513 000 км;левый;2 поколение;синий;седан;2.8 quattro AT;;;
Audi;A6;1998;390000;https://auto.drom.ru/kotelniki/audi/a6/54087910.html;Характеристики совпадают с ПТС;9 записей о регистрации;Не числится в розыске;Ограничений не обнаружено;Котельниках;бензин, 1.8 л;150 л.с., налог;АКПП;передний;390 000 км;левый;2 поколение;;седан;;;;
Audi;A4;1998;465000;https://auto.drom.ru/engels/audi/a4/54080474.html;Характеристики совпадают с ПТС;8 записей о регистрации;Не числится в розыске;Ограничений не обнаружено;Энгельсе;бензин, 2.4 л;165 л.с., налог;механика;передний;74 000 км;левый;1 поколение, рестайлинг;черный;седан;2.4 MT;;;
Audi;A4;1998;222000;https://auto.drom.ru/shuya/audi/a4/869264953.html;;;;;Шуе;бензин, 1.8 л;125 л.с., налог;механика;передний;239 000 км;левый;1 поколение, рестайлинг;зеленый;седан;1.8 MT;;;
Audi;A6;1998;165000;https://auto.drom.ru/kazan/audi/a6/823468580.html;Характеристики совпадают с ПТС;11 записей о регистрации;Не числится в розыске;Ограничений не обнаружено;Казани;бензин, 2.4 л;165 л.с., налог;механика;передний;;левый;2 поколение;;седан;;требуется ремонт или не на ходу;;
Audi;A4;1998;270000;https://auto.drom.ru/voskresenskoe/audi/a4/211409742.html;Характеристики совпадают с ПТС;10 записей о регистрации;Не числится в розыске;Ограничений не обнаружено;Воскресенском;бензин, 1.6 л;101 л.с., налог;механика;передний;402 000 км;левый;1 поколение, рестайлинг;синий;седан;1.6 MT;;;
Audi;A4;1998;245000;https://auto.drom.ru/spb/audi/a4/54010816.html;Характеристики совпадают с ПТС;6 записей о регистрации;Не числится в розыске;Ограничений не обнаружено;Санкт-Петербурге;бензин, 1.8 л;125 л.с., налог;механика;передний;200 000 км;левый;1 поколение, рестайлинг;зеленый;седан;1.8 MT;;;
Audi;A6;1998;380000;https://auto.drom.ru/pestyaki/audi/a6/947421085.html;Характеристики совпадают с ПТС;2 записи о регистрации;Не числится в розыске;Ограничений не обнаружено;Пестяках;дизель, 2.5 л;150 л.с., налог;механика;передний;490 км;левый;2 поколение;черный;универсал;2.5 TDI MT;;;
Audi;A6;1998;256000;https://auto.drom.ru/penza/audi/a6/53694764.html;Характеристики совпадают с ПТС;11 записей о регистрации;Не числится в розыске;Ограничений не обнаружено;Пензе;бензин, 2.4 л;165 л.с., налог;АКПП;передний;412 358 км;левый;2 поколение;;седан;;;;
Audi;A6;1998;390000;https://auto.drom.ru/nizhniy-novgorod/audi/a6/407978658.html;Характеристики совпадают с ПТС;;Не числится в розыске;Есть ограничения;Нижнем Новгороде;бензин, 2.4 л;165 л.с., налог;АКПП;передний;229 781 км;левый;2 поколение;синий;седан;2.4 AT;;;
Audi;A4;1998;385000;https://auto.drom.ru/penza/audi/a4/53966741.html;Характеристики совпадают с ПТС;3 записи о регистрации;Не числится в розыске;Ограничений не обнаружено;Пензе;дизель, 2.5 л;150 л.с., налог;механика;передний;345 000 км;левый;1 поколение, рестайлинг;синий;универсал;2.5 TDI MT;;;
Audi;A6;1998;650000;https://auto.drom.ru/volovo/audi/a6/628023845.html;Характеристики совпадают с ПТС;6 записей о регистрации;Не числится в розыске;Ограничений не обнаружено;Волово;бензин, 2.4 л;165 л.с., налог;АКПП;4WD;402 000 км;левый;2 поколение;черный;седан;2.4 quattro AT;;;
Audi;A6;1998;600000;https://auto.drom.ru/klintsy/audi/a6/53613309.html;Характеристики совпадают с ПТС;2 записи о регистрации;Не числится в розыске;Ограничений не обнаружено;Клинцах;бензин, 2.4 л;165 л.с., налог;АКПП;передний;280 000 км;левый;2 поколение;синий;седан;2.4 AT;;;
Audi;A6;1998;500000;https://auto.drom.ru/orel/audi/a6/259157796.html;Характеристики совпадают с ПТС;9 записей о регистрации;Не числится в розыске;Ограничений не обнаружено;Орле;дизель, 2.5 л;150 л.с., налог;АКПП;передний;311 000 км;левый;2 поколение;коричневый;седан;2.5 TDI AT;;;
Audi;A6;1998;400000;https://auto.drom.ru/moscow/audi/a6/352051799.html;Характеристики совпадают с ПТС;6 записей о регистрации;Не числится в розыске;Ограничений не обнаружено;Москве;бензин, 2.4 л;165 л.с., налог;АКПП;передний;280 000 км;левый;2 поколение;зеленый;седан;2.4 AT;;;
Audi;A6;1998;500000;https://auto.drom.ru/kastornoe/audi/a6/666941245.html;Год не совпадает с ПТС;9 записей о регистрации;Не числится в розыске;Ограничений не обнаружено;Касторном;бензин, 2.4 л;165 л.с., налог;механика;4WD;400 000 км;левый;2 поколение;серый;седан;;;;
Audi;A6;1998;480000;https://auto.drom.ru/lipetsk/audi/a6/54154923.html;Характеристики совпадают с ПТС;;Не числится в розыске;Ограничений не обнаружено;Липецке;бензин, 2.4 л;165 л.с., налог;механика;передний;410 000 км;левый;2 поколение;синий;седан;;;;
Audi;A6;1998;400000;https://auto.drom.ru/kursk/audi/a6/54154454.html;Характеристики совпадают с ПТС;8 записей о регистрации;Не числится в розыске;Ограничений не обнаружено;Курске;бензин, 1.8 л;150 л.с., налог;механика;передний;245 000 км;левый;2 поколение;золотистый;седан;1.8T MT;;;
Audi;A4;1999;429000;https://auto.drom.ru/cherepovets/audi/a4/932140764.html;Характеристики совпадают с ПТС;10 записей о регистрации;Не числится в розыске;Ограничений не обнаружено;Череповце;бензин, 1.8 л;150 л.с., налог;механика;передний;350 011 км;левый;1 поколение, рестайлинг;зеленый;седан;1.8T MT;;;
Audi;A4;1999;430000;https://auto.drom.ru/zheleznogorsk-kursk/audi/a4/54134191.html;Характеристики совпадают с ПТС;8 записей о регистрации;Не числится в розыске;Ограничений не обнаружено;Железногорске;бензин, 1.8 л;150 л.с., налог;механика;передний;312 000 км;левый;1 поколение, рестайлинг;черный;седан;1.8T MT;;;
Audi;A6;1999;498091;https://auto.drom.ru/lida/audi/a6/683736727.html;Характеристики совпадают с ПТС;7 записей о регистрации;Не числится в розыске;Ограничений не обнаружено;Лиде;бензин, 2.4 л;165 л.с., налог;механика;передний;375 000 км;левый;2 поколение;синий;седан;2.4 MT;;;
Audi;A6;1999;400000;https://auto.drom.ru/minsk/audi/a6/53824094.html;Объем двигателя, мощность двигателя не совпадают с ПТС;6 записей о регистрации;Не числится в розыске;Есть ограничения;Минске;дизель, 1.9 л;110 л.с., налог;механика;передний;350 000 км;левый;2 поколение;зеленый;универсал;1.9 TDI MT;;;
Audi;A4;1999;150000;https://auto.drom.ru/ostrogozhsk/audi/a4/323502711.html;Характеристики совпадают с ПТС;7 записей о регистрации;Не числится в розыске;Есть ограничения;Острогожске;бензин, 1.6 л;101 л.с., налог;механика;передний;377 000 км;левый;1 поколение, 2 рестайлинг;золотистый;седан;1.6 MT;требуется ремонт или не на ходу, документы с проблемами, запрет на рег действия;;
Audi;A4;1999;325000;https://auto.drom.ru/nizhniy-novgorod/audi/a4/52099547.html;Характеристики совпадают с ПТС;9 записей о регистрации;Не числится в розыске;Ограничений не обнаружено;Нижнем Новгороде;бензин, 1.8 л;125 л.с., налог;механика;передний;376 000 км;левый;1 поколение, 2 рестайлинг;черный;седан;;;;
Audi;A6;1999;360000;https://auto.drom.ru/nelidovo/audi/a6/53795289.html;Объем двигателя не совпадает с ПТС;5 записей о регистрации;Не числится в розыске;Ограничений не обнаружено;Нелидово;дизель, 2.5 л;150 л.с., налог;АКПП;передний;346 000 км;левый;2 поколение;черный;седан;;;;
Audi;A4;1999;340000;https://auto.drom.ru/togliatti/audi/a4/551340753.html;;;;;Тольятти;бензин, 1.8 л;125 л.с., налог;механика;передний;490 000 км;левый;1 поколение, 2 рестайлинг;серебристый;седан;;;;
Audi;A6;1999;420000;https://auto.drom.ru/spb/audi/a6/54020132.html;Объем двигателя, мощность двигателя не совпадают с ПТС;8 записей о регистрации;Не числится в розыске;Есть ограничения;Санкт-Петербурге;бензин, 2.4 л;165 л.с., налог;АКПП;передний;400 000 км;левый;2 поколение;черный;седан;2.4 AT;документы с проблемами, запрет на 30к , уже оплачено но с приставами проблема не решена, нужно ждать;;
Audi;A4;1999;489774;https://auto.drom.ru/minsk/audi/a4/53320134.html;Характеристики совпадают с ПТС;4 записи о регистрации;Не числится в розыске;Ограничений не обнаружено;Минске;бензин, 1.6 л;101 л.с., налог;механика;передний;298 000 км;левый;1 поколение, 2 рестайлинг;;седан;1.6 MT;;;
Audi;A6;1999;380000;https://auto.drom.ru/vologda/audi/a6/619577295.html;Характеристики совпадают с ПТС;4 записи о регистрации;Не числится в розыске;Ограничений не обнаружено;Вологде;бензин, 1.8 л;125 л.с., налог;механика;передний;430 000 км;левый;2 поколение;синий;седан;;;;
Audi;A6;1999;320000;https://auto.drom.ru/beloozerskiy/audi/a6/164843738.html;Характеристики совпадают с ПТС;4 записи о регистрации;Не числится в розыске;Ограничений не обнаружено;Белоозёрском;бензин, 2.4 л;165 л.с., налог;механика;передний;400 000 км;левый;2 поколение;серебристый;седан;2.4 MT;;;
Audi;A4;1999;200000;https://auto.drom.ru/golovchino/audi/a4/151970510.html;;;;;Головчино;бензин, 1.8 л;150 л.с., налог;механика;передний;280 000 км;левый;1 поколение, рестайлинг;серебристый;седан;1.8T MT;документы с проблемами или отсутствуют;;
Audi;A4;1999;270000;https://auto.drom.ru/spb/audi/a4/946711026.html;Характеристики совпадают с ПТС;16 записей о регистрации;Не числится в розыске;Ограничений не обнаружено;Санкт-Петербурге;бензин, 1.6 л;101 л.с., налог;механика;передний;400 000 км;левый;1 поколение, 2 рестайлинг;синий;седан;1.6 MT;;;
Audi;A4;1999;521194;https://auto.drom.ru/lida/audi/a4/351399624.html;;;;;Лиде;бензин, 1.6 л;102 л.с., налог;механика;передний;327 000 км;левый;1 поколение, 2 рестайлинг;бордовый;седан;1.6 MT;;;
Audi;A4;1999;341825;https://auto.drom.ru/minsk/audi/a4/53164516.html;Характеристики совпадают с ПТС;8 записей о регистрации;Не числится в розыске;Ограничений не обнаружено;Минске;бензин, 1.6 л;101 л.с., налог;механика;передний;301 333 км;левый;1 поколение, 2 рестайлинг;зеленый;седан;1.6 MT;;;
Audi;TT;1999;730000;https://auto.drom.ru/spb/audi/tt/562164866.html;Характеристики совпадают с ПТС;16 записей о регистрации;Не числится в розыске;Ограничений не обнаружено;Санкт-Петербурге;бензин, 1.8 л;225 л.с., налог;механика;4WD;192 000 км;левый;1 поколение;синий;хэтчбек 3 дв.;1.8T quattro MT;;;
Audi;A6;1999;450000;https://auto.drom.ru/moscow/audi/a6/52361359.html;Характеристики совпадают с ПТС;5 записей о регистрации;Не числится в розыске;Ограничений не обнаружено;Москве;бензин, 2.4 л;165 л.с., налог;АКПП;передний;220 000 км;левый;2 поколение;черный;седан;;;;
Audi;A4;1999;345000;https://auto.drom.ru/usman/audi/a4/53597247.html;Характеристики совпадают с ПТС;4 записи о регистрации;Не числится в розыске;Ограничений не обнаружено;Усмани;бензин, 1.8 л;125 л.с., налог;механика;передний;332 000 км;левый;1 поколение, 2 рестайлинг;черный;седан;1.8 MT;;;
Audi;A8;1999;600000;https://auto.drom.ru/balashiha/audi/a8/607827910.html;Характеристики совпадают с ПТС;5 записей о регистрации;Не числится в розыске;Ограничений не обнаружено;Балашихе;бензин, 4.2 л;310 л.с., налог;АКПП;4WD;258 000 км;левый;1 поколение, рестайлинг;черный;;4.2 AT quattro;;;
Audi;A6;1999;365000;https://auto.drom.ru/kursk/audi/a6/251244882.html;Характеристики совпадают с ПТС;12 записей о регистрации;Не числится в розыске;Есть ограничения;Курске;бензин, 2.7 л;230 л.с., налог;АКПП;4WD;300 000 км;левый;2 поколение;черный;седан;2.7T quattro AT;;;
Audi;A6;1999;250000;https://auto.drom.ru/tver/audi/a6/53936746.html;Характеристики совпадают с ПТС;7 записей о регистрации;Не числится в розыске;Ограничений не обнаружено;Твери;бензин, 1.8 л;150 л.с., налог;механика;передний;40 000 км;левый;2 поколение;фиолетовый;седан;;требуется ремонт или не на ходу;;
Audi;A6;1999;460000;https://auto.drom.ru/volgograd/audi/a6/518186969.html;Характеристики совпадают с ПТС;5 записей о регистрации;Не числится в розыске;Ограничений не обнаружено;Волгограде;бензин, 1.8 л;125 л.с., налог;механика;передний;222 258 км;левый;2 поколение;;седан;;;;
Audi;A6;1999;575000;https://auto.drom.ru/naro-fominsk/audi/a6/347984500.html;Характеристики совпадают с ПТС;4 записи о регистрации;Не числится в розыске;Ограничений не обнаружено;Наро-Фоминске;бензин, 2.4 л;165 л.с., налог;АКПП;4WD;247 153 км;левый;2 поколение;синий;седан;2.4 quattro AT;;;
Audi;A6;1999;320000;https://auto.drom.ru/fryazino/audi/a6/53918393.html;Характеристики совпадают с ПТС;7 записей о регистрации;Не числится в розыске;Есть ограничения;Фрязино;бензин, 2.4 л;165 л.с., налог;механика;передний;300 000 км;левый;2 поколение;синий;седан;;требуется ремонт или не на ходу;;
Audi;A4;1999;400000;https://auto.drom.ru/spb/audi/a4/626966025.html;Характеристики совпадают с ПТС;1 запись о регистрации;Не числится в розыске;Ограничений не обнаружено;Санкт-Петербурге;бензин, 1.8 л;125 л.с., налог;механика;передний;280 000 км;левый;1 поколение, 2 рестайлинг;коричневый;седан;1.8 MT;;;
Audi;A6;1999;549000;https://auto.drom.ru/moscow/audi/a6/53437998.html;Характеристики совпадают с ПТС;;Не числится в розыске;Ограничений не обнаружено;Москве;бензин, 2.8 л;193 л.с., налог;АКПП;4WD;208 412 км;левый;2 поколение;серый;седан;;;;
Audi;A6;2000;520000;https://auto.drom.ru/tambov/audi/a6/154424890.html;Характеристики совпадают с ПТС;4 записи о регистрации;Не числится в розыске;Ограничений не обнаружено;Тамбове;бензин, 2.4 л;165 л.с., налог;АКПП;передний;250 000 км;левый;2 поколение;синий;седан;;;;
Audi;A6;2000;320000;https://auto.drom.ru/volgorechensk/audi/a6/53849628.html;Характеристики совпадают с ПТС;4 записи о регистрации;Не числится в розыске;Ограничений не обнаружено;Волгореченске;бензин, 2.4 л;165 л.с., налог;АКПП;передний;216 000 км;левый;2 поколение;синий;седан;2.4 AT;;;
Audi;A6;2000;420000;https://auto.drom.ru/moscow/audi/a6/54106704.html;Характеристики совпадают с ПТС;8 записей о регистрации;Не числится в розыске;Ограничений не обнаружено;Москве;бензин, 2.4 л;136 л.с., налог;механика;передний;400 000 км;левый;2 поколение;синий;седан;2.4 MT;;;
Audi;A3;2000;1270000;https://auto.drom.ru/moscow/audi/a3/708024067.html;Год не совпадает с ПТС;10 записей о регистрации;Не числится в розыске;Ограничений не обнаружено;Москве;бензин, 1.8 л;210 л.с., налог;механика;4WD;25 000 км;левый;1 поколение, рестайлинг;черный;хэтчбек 3 дв.;;;;
Audi;A8;2000;685000;https://auto.drom.ru/mozyr/audi/a8/459219958.html;;;;;Мозыре;дизель, 2.5 л;180 л.с., налог;АКПП;4WD;440 000 км;левый;1 поколение, рестайлинг;зеленый;;2.5 TDI AT quattro;;;
Audi;A8;2000;280000;https://auto.drom.ru/ulyanovsk/audi/a8/590496921.html;Характеристики совпадают с ПТС;7 записей о регистрации;Не числится в розыске;Ограничений не обнаружено;Ульяновске;бензин, 4.2 л;310 л.с., налог;АКПП;4WD;;левый;1 поколение, рестайлинг;черный;;;;;
Audi;A6;2000;480000;https://auto.drom.ru/usman/audi/a6/331744381.html;Характеристики совпадают с ПТС;2 записи о регистрации;Не числится в розыске;Есть ограничения;Усмани;дизель, 2.5 л;150 л.с., налог;механика;4WD;;левый;2 поколение;;седан;;;;
Audi;A4;2000;499999;https://auto.drom.ru/kaluga/audi/a4/310634609.html;Характеристики совпадают с ПТС;4 записи о регистрации;Не числится в розыске;Ограничений не обнаружено;Калуге;бензин, 1.8 л;170 л.с., налог;механика;4WD;238 811 км;левый;1 поколение, 2 рестайлинг;серебристый;седан;;;;
Audi;A4;2000;295000;https://auto.drom.ru/moscow/audi/a4/311911544.html;Характеристики совпадают с ПТС;8 записей о регистрации;Не числится в розыске;Ограничений не обнаружено;Москве;бензин, 1.8 л;125 л.с., налог;механика;передний;220 000 км;левый;1 поколение, 2 рестайлинг;черный;седан;;;;
Audi;A6;2000;480000;https://auto.drom.ru/usman/audi/a6/53695175.html;;;;;Усмани;дизель, 2.5 л;180 л.с., налог;механика;4WD;450 000 км;левый;2 поколение;;универсал;;;;
Audi;A4;2000;400000;https://auto.drom.ru/volgograd/audi/a4/53980688.html;Характеристики совпадают с ПТС;8 записей о регистрации;Не числится в розыске;Ограничений не обнаружено;Волгограде;бензин, 1.8 л;125 л.с., налог;механика;передний;343 500 км;левый;1 поколение, 2 рестайлинг;серебристый;седан;;;;
Audi;A4;2000;475000;https://auto.drom.ru/gubkin/audi/a4/53671716.html;Характеристики совпадают с ПТС;6 записей о регистрации;Не числится в розыске;Ограничений не обнаружено;Губкине;бензин, 2.0 л;130 л.с., налог;механика;передний;308 000 км;левый;2 поколение;черный;седан;;;;
Audi;A6 allroad quattro;2000;450000;https://auto.drom.ru/moscow/audi/a6_allroad_quattro/151876908.html;;;;;Москве;дизель, 2.5 л;180 л.с., налог;АКПП;4WD;;левый;1 поколение;;;2.5 TDI Tiptronic quattro;;;
Audi;A6;2000;749000;https://auto.drom.ru/moscow/audi/a6/352641910.html;Характеристики совпадают с ПТС;3 записи о регистрации;Не числится в розыске;Ограничений не обнаружено;Москве;дизель, 2.5 л;150 л.с., налог;механика;передний;308 000 км;левый;2 поколение;синий;универсал;2.5 TDI MT;;;
Audi;A4;2000;260000;https://auto.drom.ru/kstovo/audi/a4/310505448.html;Цвет не совпадает с ПТС;5 записей о регистрации;Не числится в розыске;Ограничений не обнаружено;Кстово;бензин, 1.8 л;180 л.с., налог;механика;передний;350 000 км;левый;1 поколение, 2 рестайлинг;серый;седан;1.8T MT;;;
Audi;A8;2000;500000;https://auto.drom.ru/voskresensk/audi/a8/53902535.html;Характеристики совпадают с ПТС;8 записей о регистрации;Не числится в розыске;Ограничений не обнаружено;Воскресенске;бензин, 2.8 л;193 л.с., налог;АКПП;4WD;430 000 км;левый;1 поколение, рестайлинг;серебристый;;;;;
