Бренд;Модель;Год;Цена;URL;ПТС;Владельцы;Розыск;Ограничения;Город;Двигатель;Мощность;Коробка передач;Привод;Пробег;Руль;Поколение;Цвет;Тип кузова;Комплектация;Особые отметки;VIN;
Mercedes-Benz;E-Class;2002;820000;https://auto.drom.ru/moscow/mercedes-benz/e-class/53538517.html;;;;;Москве;бензин, 3.2 л;224 л.с., налог;АКПП;задний;168 000 км;левый;3 поколение;черный;седан;E 320 AТ Elegance;;;
Mercedes-Benz;C-Class;2002;650000;https://auto.drom.ru/kazan/mercedes-benz/c-class/261932241.html;Характеристики совпадают с ПТС;6 записей о регистрации;Не числится в розыске;Ограничений не обнаружено;Казани;бензин, 1.8 л;163 л.с., налог;АКПП;задний;240 000 км;левый;2 поколение;серебристый;хэтчбек 3 дв.;;;;
Mercedes-Benz;E-Class;2002;450000;https://auto.drom.ru/kazan/mercedes-benz/e-class/52655052.html;Цвет не совпадает с ПТС;4 записи о регистрации;Не числится в розыске;Ограничений не обнаружено;Казани;дизель, 2.1 л;143 л.с., налог;АКПП;задний;446 000 км;левый;2 поколение, рестайлинг;черный;универсал;E 220 CDI AT Avantgarde;;;
Mercedes-Benz;M-Class;2002;699990;https://auto.drom.ru/spb/mercedes-benz/m-class/52101745.html;Характеристики совпадают с ПТС;7 записей о регистрации;Не числится в розыске;Ограничений не обнаружено;Санкт-Петербурге;дизель, 4.0 л;250 л.с., налог;АКПП;4WD;341 570 км;левый;1 поколение, рестайлинг;синий;;;;;
Mercedes-Benz;V-Class;2002;950000;https://auto.drom.ru/moscow/mercedes-benz/v-class/53550442.html;Характеристики совпадают с ПТС;5 записей о регистрации;Не числится в розыске;Ограничений не обнаружено;Москве;дизель, 2.1 л;122 л.с., налог;АКПП;передний;330 000 км;левый;1 поколение, рестайлинг;серебристый;;;;;
Mercedes-Benz;G-Class;2003;3990000;https://auto.drom.ru/moscow/mercedes-benz/g-class/53115810.html;Характеристики совпадают с ПТС;4 записи о регистрации;Не числится в розыске;Ограничений не обнаружено;Москве;бензин, 5.0 л;296 л.с., налог;АКПП;4WD;108 000 км;левый;2 поколение, 3 рестайлинг;черный;джип/suv 5 дв.;G 500;;;
Mercedes-Benz;Vito;2003;440000;https://auto.drom.ru/kostroma/mercedes-benz/vito/660321902.html;Характеристики совпадают с ПТС;2 записи о регистрации;Не числится в розыске;Ограничений не обнаружено;Костроме;дизель, 2.1 л;82 л.с., налог;механика;передний;;левый;1 поколение;белый;;;;;
Mercedes-Benz;CLK-Class;2003;1050000;https://auto.drom.ru/volgograd/mercedes-benz/clk-class/285805876.html;Характеристики совпадают с ПТС;11 записей о регистрации;Не числится в розыске;Ограничений не обнаружено;Волгограде;бензин, 3.2 л;218 л.с., налог;АКПП;задний;194 000 км;левый;2 поколение;черный;купе;CLK 320 AT Elegance;;;
Mercedes-Benz;E-Class;2003;1500000;https://auto.drom.ru/spb/mercedes-benz/e-class/127823586.html;Объем двигателя, мощность двигателя не совпадают с ПТС;5 записей о регистрации;Не числится в розыске;Ограничений не обнаружено;Санкт-Петербурге;бензин, 5.0 л;306 л.с., налог;АКПП;задний;328 000 км;левый;3 поколение;черный;седан;E 500 AТ Avantgarde;;;
Mercedes-Benz;E-Class;2003;800000;https://auto.drom.ru/kaluga/mercedes-benz/e-class/53438055.html;Характеристики совпадают с ПТС;;Не числится в розыске;Ограничений не обнаружено;Калуге;бензин, 3.2 л;224 л.с., налог;АКПП;задний;340 000 км;левый;3 поколение;черный;седан;E 320 AТ Elegance;документы с проблемами или отсутствуют;;
Mercedes-Benz;S-Class;2003;300000;https://auto.drom.ru/tula/mercedes-benz/s-class/485511608.html;Характеристики совпадают с ПТС;12 записей о регистрации;Не числится в розыске;Есть ограничения;Туле;бензин, 5.0 л;306 л.с., налог;АКПП;задний;275 000 км;левый;4 поколение, рестайлинг;черный;седан;;документы с проблемами или отсутствуют;;
Mercedes-Benz;S-Class;2003;850000;https://auto.drom.ru/nizhniy-novgorod/mercedes-benz/s-class/53799026.html;Характеристики совпадают с ПТС;4 записи о регистрации;Не числится в розыске;Ограничений не обнаружено;Нижнем Новгороде;бензин, 5.0 л;306 л.с., налог;АКПП;4WD;240 000 км;левый;4 поколение, рестайлинг;серый;седан;S 500 AT 4MATIC;;;
Mercedes-Benz;C-Class;2003;870000;https://auto.drom.ru/spb/mercedes-benz/c-class/53210633.html;Характеристики совпадают с ПТС;6 записей о регистрации;Не числится в розыске;Ограничений не обнаружено;Санкт-Петербурге;бензин, 1.8 л;143 л.с., налог;АКПП;задний;491 000 км;левый;2 поколение;черный;универсал;;;;
Mercedes-Benz;E-Class;2003;870000;https://auto.drom.ru/moscow/mercedes-benz/e-class/53787266.html;;;;;Москве;бензин, 3.2 л;224 л.с., налог;АКПП;задний;408 000 км;левый;3 поколение;синий;седан;;;;
Mercedes-Benz;S-Class;2003;400000;https://auto.drom.ru/ulyanovsk/mercedes-benz/s-class/233548054.html;Цвет не совпадает с ПТС;7 записей о регистрации;Не числится в розыске;Есть ограничения;Ульяновске;бензин, 3.7 л;245 л.с., налог;АКПП;задний;285 000 км;левый;4 поколение, рестайлинг;синий;седан;S 350 AT;требуется ремонт или не на ходу;;
Mercedes-Benz;E-Class;2003;800000;https://auto.drom.ru/bakabanovo/mercedes-benz/e-class/276620081.html;Характеристики совпадают с ПТС;8 записей о регистрации;Не числится в розыске;Ограничений не обнаружено;Балабаново;дизель, 2.1 л;150 л.с., налог;АКПП;задний;373 400 км;левый;3 поколение;синий;седан;E 220 CDI AT Avantgarde;;;
Mercedes-Benz;C-Class;2003;550000;https://auto.drom.ru/yaroslavl/mercedes-benz/c-class/105890580.html;Характеристики совпадают с ПТС;5 записей о регистрации;Не числится в розыске;Ограничений не обнаружено;Ярославле;бензин, 1.8 л;163 л.с., налог;механика;задний;289 181 км;левый;2 поколение;черный;седан;C200 Kompressor MT Classic;;;
Mercedes-Benz;S-Class;2003;1150000;https://auto.drom.ru/moscow/mercedes-benz/s-class/120898526.html;Мощность двигателя не совпадает с ПТС;9 записей о регистрации;Не числится в розыске;Ограничений не обнаружено;Москве;дизель, 2.2 л;204 л.с., налог;механика;задний;630 000 км;левый;4 поколение;белый;седан;;;;
Mercedes-Benz;C-Class;2003;424990;https://auto.drom.ru/spb/mercedes-benz/c-class/49674259.html;Характеристики совпадают с ПТС;5 записей о регистрации;Не числится в розыске;Ограничений не обнаружено;Санкт-Петербурге;дизель, 2.1 л;143 л.с., налог;автомат;задний;200 000 км;левый;2 поколение;синий;седан;;;;
Mercedes-Benz;SL-Class;2003;1800000;https://auto.drom.ru/spb/mercedes-benz/sl-class/47710584.html;Характеристики совпадают с ПТС;6 записей о регистрации;Не числится в розыске;Ограничений не обнаружено;Санкт-Петербурге;бензин, 5.0 л;306 л.с., налог;АКПП;задний;129 000 км;левый;5 поколение;серебристый;открытый;;;;
Mercedes-Benz;S-Class;2003;1200000;https://auto.drom.ru/donetsk/mercedes-benz/s-class/54034092.html;;;;;Донецке;бензин, 5.0 л;306 л.с., налог;АКПП;4WD;230 000 км;левый;4 поколение, рестайлинг;черный;седан;S500 4MATIC;;;
Mercedes-Benz;E-Class;2003;650000;https://auto.drom.ru/moscow/mercedes-benz/e-class/302273431.html;Характеристики совпадают с ПТС;9 записей о регистрации;Не числится в розыске;Ограничений не обнаружено;Москве;бензин, 1.8 л;163 л.с., налог;АКПП;задний;180 000 км;левый;3 поколение;синий;седан;E 200 Kompressor AT Classic;;;
Mercedes-Benz;C-Class;2003;750000;https://auto.drom.ru/volgograd/mercedes-benz/c-class/53340653.html;Характеристики совпадают с ПТС;4 записи о регистрации;Не числится в розыске;Ограничений не обнаружено;Волгограде;бензин, 1.8 л;163 л.с., налог;робот;задний;366 275 км;левый;2 поколение;серый;хэтчбек 3 дв.;;;;
Mercedes-Benz;Vaneo;2003;750000;https://auto.drom.ru/tver/mercedes-benz/vaneo/53701517.html;Характеристики совпадают с ПТС;4 записи о регистрации;Не числится в розыске;Ограничений не обнаружено;Твери;дизель, 1.7 л;91 л.с., налог;механика;передний;180 720 км;левый;1 поколение;черный;;;;;
Mercedes-Benz;A-Class;2003;450000;https://auto.drom.ru/moscow/mercedes-benz/a-class/264051378.html;Характеристики совпадают с ПТС;7 записей о регистрации;Не числится в розыске;Ограничений не обнаружено;Москве;бензин, 1.6 л;102 л.с., налог;АКПП;передний;;левый;1 поколение, рестайлинг;серебристый;хэтчбек 5 дв.;;;;
Mercedes-Benz;Mercedes;2003;499000;https://auto.drom.ru/moscow/mercedes-benz/mercedes/52795110.html;Характеристики совпадают с ПТС;4 записи о регистрации;Не числится в розыске;Ограничений не обнаружено;Москве;дизель, 2.1 л;120 л.с., налог;механика;задний;640 000 км;левый;;белый;;;;;
Mercedes-Benz;C-Class;2003;515000;https://auto.drom.ru/torzhok/mercedes-benz/c-class/53978961.html;Характеристики совпадают с ПТС;6 записей о регистрации;Не числится в розыске;Ограничений не обнаружено;Торжке;бензин, 1.8 л;143 л.с., налог;механика;задний;312 000 км;левый;2 поколение;черный;седан;;;;
Mercedes-Benz;E-Class;2003;650000;https://auto.drom.ru/moscow/mercedes-benz/e-class/690795009.html;Характеристики совпадают с ПТС;8 записей о регистрации;Не числится в розыске;Ограничений не обнаружено;Москве;бензин, 1.8 л;163 л.с., налог;АКПП;задний;390 000 км;левый;3 поколение;черный;универсал;E 200 Kompressor AT Classic;;;
Mercedes-Benz;E-Class;2003;1000000;https://auto.drom.ru/rybinsk/mercedes-benz/e-class/116418708.html;Характеристики совпадают с ПТС;6 записей о регистрации;Не числится в розыске;Есть ограничения;Рыбинске;бензин, 3.2 л;224 л.с., налог;АКПП;4WD;325 000 км;левый;3 поколение;черный;седан;E 320 AT 4MATIC Elegance;документы с проблемами, запрет на регистрацию;;
Mercedes-Benz;G-Class;2003;2800000;https://auto.drom.ru/moscow/mercedes-benz/g-class/195551012.html;Характеристики совпадают с ПТС;10 записей о регистрации;Не числится в розыске;Ограничений не обнаружено;Москве;дизель, 2.7 л;156 л.с., налог;АКПП;4WD;239 000 км;левый;2 поколение, 3 рестайлинг;серебристый;джип/suv 5 дв.;G 270 CDI;;;
Mercedes-Benz;S-Class;2003;1300000;https://auto.drom.ru/klin/mercedes-benz/s-class/53202907.html;;;;;Клину;бензин, 4.3 л, ГБО;279 л.с., налог;АКПП;4WD;195 000 км, без пробега по РФ;левый;4 поколение, рестайлинг;черный;седан;S 430 AT 4MATIC;;;
Mercedes-Benz;A-Class;2003;399000;https://auto.drom.ru/tver/mercedes-benz/a-class/51432437.html;;;;;Твери;дизель, 1.7 л;95 л.с., налог;АКПП;передний;200 000 км;левый;1 поколение, рестайлинг;синий;хэтчбек 5 дв.;;;;
Mercedes-Benz;C-Class;2003;500000;https://auto.drom.ru/moscow/mercedes-benz/c-class/567771247.html;Характеристики совпадают с ПТС;6 записей о регистрации;Не числится в розыске;Ограничений не обнаружено;Москве;бензин, 1.8 л;192 л.с., налог;автомат;задний;486 896 км;левый;2 поколение;серый;седан;;;;
Mercedes-Benz;C-Class;2003;99000;https://auto.drom.ru/kazan/mercedes-benz/c-class/835639452.html;;;;;Казани;дизель, 2.1 л;143 л.с., налог;АКПП;задний;300 000 км;левый;2 поколение;черный;седан;;требуется ремонт или не на ходу, документы с проблемами, продаю авто есть только стс беларусские номера срочная вообще без торга;;
Mercedes-Benz;S-Class;2003;910000;https://auto.drom.ru/belgorod/mercedes-benz/s-class/883657527.html;Характеристики совпадают с ПТС;3 записи о регистрации;Не числится в розыске;Ограничений не обнаружено;Белгороде;дизель, 3.2 л;204 л.с., налог;АКПП;задний;383 000 км;левый;4 поколение, рестайлинг;серый;седан;S 320 CDI AT;;;
Mercedes-Benz;S-Class;2003;495000;https://auto.drom.ru/syzran/mercedes-benz/s-class/53209849.html;Характеристики совпадают с ПТС;14 записей о регистрации;Не числится в розыске;Ограничений не обнаружено;Сызрани;бензин, 5.0 л;306 л.с., налог;АКПП;4WD;250 000 км;левый;4 поколение, рестайлинг;черный;седан;;;;
Mercedes-Benz;S-Class;2003;790000;https://auto.drom.ru/spb/mercedes-benz/s-class/53598704.html;Характеристики совпадают с ПТС;7 записей о регистрации;Не числится в розыске;Ограничений не обнаружено;Санкт-Петербурге;бензин, 5.0 л;306 л.с., налог;АКПП;4WD;370 000 км;левый;4 поколение, рестайлинг;черный;седан;S500 4MATIC L;;;
Mercedes-Benz;Vito;2003;700000;https://auto.drom.ru/togliatti/mercedes-benz/vito/532079759.html;Характеристики совпадают с ПТС;4 записи о регистрации;Не числится в розыске;Ограничений не обнаружено;Тольятти;дизель, 2.1 л;122 л.с., налог;механика;передний;271 000 км;левый;1 поколение;черный;;112 CDI MT;;;
Mercedes-Benz;S-Class;2003;1030000;https://auto.drom.ru/volzhskiy/mercedes-benz/s-class/52877299.html;Характеристики совпадают с ПТС;10 записей о регистрации;Не числится в розыске;Ограничений не обнаружено;Волжском;бензин, 3.7 л;245 л.с., налог;АКПП;задний;296 000 км;левый;4 поколение, рестайлинг;серебристый;седан;S 350 AT;;;
Mercedes-Benz;S-Class;2003;640000;https://auto.drom.ru/ramenskoe/mercedes-benz/s-class/54142165.html;Характеристики совпадают с ПТС;8 записей о регистрации;Не числится в розыске;Ограничений не обнаружено;Раменском;бензин, 3.7 л;245 л.с., налог;АКПП;задний;250 000 км;левый;4 поколение, рестайлинг;черный;седан;S350 L;;;
Mercedes-Benz;Vaneo;2003;800000;https://auto.drom.ru/moscow/mercedes-benz/vaneo/634871579.html;Характеристики совпадают с ПТС;11 записей о регистрации;Не числится в розыске;Ограничений не обнаружено;Москве;дизель, 1.7 л;91 л.с., налог;механика;передний;140 000 км;левый;1 поколение;черный;;;;;
Mercedes-Benz;S-Class;2003;1190000;https://auto.drom.ru/moscow/mercedes-benz/s-class/45237843.html;Характеристики совпадают с ПТС;7 записей о регистрации;Не числится в розыске;Ограничений не обнаружено;Москве;бензин, 5.4 л;500 л.с., налог;АКПП;задний;225 000 км;левый;4 поколение, рестайлинг;черный;седан;;;;
Mercedes-Benz;C-Class;2003;645000;https://auto.drom.ru/zhigulevsk/mercedes-benz/c-class/52632146.html;Характеристики совпадают с ПТС;13 записей о регистрации;Не числится в розыске;Ограничений не обнаружено;Жигулёвске;бензин, 2.6 л;168 л.с., налог;АКПП;4WD;305 000 км;левый;2 поколение;серебристый;седан;C 240 AT 4MATIC;;;
Mercedes-Benz;E-Class;2003;720000;https://auto.drom.ru/mytishchi/mercedes-benz/e-class/821337085.html;Характеристики совпадают с ПТС;5 записей о регистрации;Не числится в розыске;Ограничений не обнаружено;Мытищах;дизель, 2.1 л;150 л.с., налог;АКПП;задний;370 000 км;левый;3 поколение;белый;седан;E 220 CDI AT Classic;;;
Mercedes-Benz;S-Class;2003;770000;https://auto.drom.ru/spb/mercedes-benz/s-class/53911160.html;Характеристики совпадают с ПТС;11 записей о регистрации;Не числится в розыске;Ограничений не обнаружено;Санкт-Петербурге;бензин, 5.0 л;306 л.с., налог;АКПП;4WD;350 000 км;левый;4 поколение, рестайлинг;черный;седан;S 500 AT L 4MATIC;;;
Mercedes-Benz;Viano;2003;950000;https://auto.drom.ru/moscow/mercedes-benz/viano/53834107.html;Характеристики совпадают с ПТС;4 записи о регистрации;Не числится в розыске;Есть ограничения;Москве;бензин, 3.2 л;218 л.с., налог;АКПП;задний;250 000 км;левый;2 поколение;серебристый;;3.2 AT Marco Polo;;;
Mercedes-Benz;Vito;2003;950000;https://auto.drom.ru/moscow/mercedes-benz/vito/413208387.html;;;;;Москве;дизель, 2.1 л;122 л.с., налог;АКПП;передний;453 719 км;левый;1 поколение;серебристый;;;;;
Mercedes-Benz;C-Class;2003;525000;https://auto.drom.ru/dolgoprudniy/mercedes-benz/c-class/52636091.html;Мощность двигателя не совпадает с ПТС;4 записи о регистрации;Не числится в розыске;Ограничений не обнаружено;Долгопрудном;бензин, 1.8 л;143 л.с., налог;АКПП;задний;250 000 км;левый;2 поколение;серебристый;седан;;;;
Mercedes-Benz;S-Class;2004;777777;https://auto.drom.ru/lyubertsy/mercedes-benz/s-class/49244838.html;;;;;Люберцах;бензин, 5.5 л;500 л.с., налог;АКПП;задний;222 222 км;левый;4 поколение, рестайлинг;серебристый;седан;;;;
Mercedes-Benz;Viano;2004;1100000;https://auto.drom.ru/yuriev-polskiy/mercedes-benz/viano/496731434.html;Характеристики совпадают с ПТС;6 записей о регистрации;Не числится в розыске;Ограничений не обнаружено;Юрьев-Польском;дизель, 2.1 л;150 л.с., налог;механика;задний;500 000 км;левый;2 поколение;серебристый;;2.2 CDI MT Ambiente Компактный;;;
Mercedes-Benz;C-Class;2004;549000;https://auto.drom.ru/spb/mercedes-benz/c-class/249300021.html;Характеристики совпадают с ПТС;8 записей о регистрации;Не числится в розыске;Ограничений не обнаружено;Санкт-Петербурге;бензин, 1.8 л;143 л.с., налог;механика;задний;224 655 км;левый;2 поколение;серебристый;хэтчбек 3 дв.;;;;
Mercedes-Benz;E-Class;2004;834000;https://auto.drom.ru/cherepovets/mercedes-benz/e-class/53034047.html;Характеристики совпадают с ПТС;13 записей о регистрации;Не числится в розыске;Есть ограничения;Череповце;бензин, 1.8 л;163 л.с., налог;АКПП;задний;248 000 км;левый;3 поколение;серебристый;седан;;;;
Mercedes-Benz;S-Class;2004;700000;https://auto.drom.ru/ulyanovsk/mercedes-benz/s-class/53441633.html;Характеристики совпадают с ПТС;4 записи о регистрации;Не числится в розыске;Ограничений не обнаружено;Ульяновске;бензин, 5.5 л;500 л.с., налог;АКПП;задний;97 000 км;левый;4 поколение, рестайлинг;черный;седан;S600 L;;;
Mercedes-Benz;SLK-Class;2004;1480000;https://auto.drom.ru/moscow/mercedes-benz/slk-class/50916304.html;Характеристики совпадают с ПТС;10 записей о регистрации;Не числится в розыске;Есть ограничения;Москве;бензин, 1.8 л;163 л.с., налог;АКПП;задний;165 000 км;левый;2 поколение;черный;;SLK 200 Kompressor AT;;;
Mercedes-Benz;S-Class;2004;480000;https://auto.drom.ru/nizhniy-novgorod/mercedes-benz/s-class/424018760.html;Характеристики совпадают с ПТС;2 записи о регистрации;Не числится в розыске;Ограничений не обнаружено;Нижнем Новгороде;бензин, 4.3 л;279 л.с., налог;автомат;задний;279 000 км;левый;4 поколение;серебристый;седан;;;;
Mercedes-Benz;E-Class;2004;840000;https://auto.drom.ru/mytishchi/mercedes-benz/e-class/226756877.html;Характеристики совпадают с ПТС;6 записей о регистрации;Не числится в розыске;Ограничений не обнаружено;Мытищах;бензин, 2.6 л, ГБО;177 л.с., налог;АКПП;4WD;199 000 км;левый;3 поколение;серебристый;седан;E 240 4MATIC AТ Avantgarde;;;
Mercedes-Benz;S-Class;2004;480000;https://auto.drom.ru/ulyanovsk/mercedes-benz/s-class/54072125.html;Характеристики совпадают с ПТС;6 записей о регистрации;Не числится в розыске;Ограничений не обнаружено;Ульяновске;бензин, 5.0 л;306 л.с., налог;АКПП;задний;270 000 км;левый;4 поколение, рестайлинг;черный;седан;S500;;;
Mercedes-Benz;E-Class;2004;980000;https://auto.drom.ru/serpuhov/mercedes-benz/e-class/552795954.html;Характеристики совпадают с ПТС;6 записей о регистрации;Не числится в розыске;Ограничений не обнаружено;Серпухове;бензин, 3.2 л;224 л.с., налог;АКПП;4WD;308 000 км;левый;3 поколение;черный;седан;;;;
Mercedes-Benz;E-Class;2004;820000;https://auto.drom.ru/spb/mercedes-benz/e-class/54058086.html;Характеристики совпадают с ПТС;2 записи о регистрации;Не числится в розыске;Ограничений не обнаружено;Санкт-Петербурге;бензин, 1.8 л;163 л.с., налог;АКПП;задний;370 000 км;левый;3 поколение;черный;седан;E 200 Kompressor AТ Avantgarde;;;
Mercedes-Benz;C-Class;2004;600574;https://auto.drom.ru/minsk/mercedes-benz/c-class/53767931.html;;;;;Минске;дизель, 2.1 л;143 л.с., налог;механика;задний;483 657 км;левый;2 поколение;синий;универсал;;;;
Mercedes-Benz;E-Class;2004;959000;https://auto.drom.ru/penza/mercedes-benz/e-class/52948328.html;Характеристики совпадают с ПТС;5 записей о регистрации;Не числится в розыске;Ограничений не обнаружено;Пензе;дизель, 2.2 л;150 л.с., налог;автомат;задний;343 000 км;левый;3 поколение;;седан;;;;
Mercedes-Benz;E-Class;2004;850000;https://auto.drom.ru/belgorod/mercedes-benz/e-class/54053604.html;Характеристики совпадают с ПТС;6 записей о регистрации;Не числится в розыске;Ограничений не обнаружено;Белгороде;дизель, 2.1 л;150 л.с., налог;АКПП;задний;450 000 км;левый;3 поколение;белый;седан;E 220 CDI AТ Elegance;;;
Mercedes-Benz;E-Class;2004;1300000;https://auto.drom.ru/donetsk/mercedes-benz/e-class/53382133.html;Характеристики совпадают с ПТС;1 запись о регистрации;Не числится в розыске;Ограничений не обнаружено;Донецке;дизель, 3.2 л;204 л.с., налог;АКПП;задний;310 000 км;левый;3 поколение;серый;седан;E 320 CDI AТ Classic;;;
Mercedes-Benz;CLK-Class;2004;800000;https://auto.drom.ru/bor/mercedes-benz/clk-class/53989217.html;Характеристики совпадают с ПТС;5 записей о регистрации;Не числится в розыске;Ограничений не обнаружено;Боре;бензин, 1.8 л;163 л.с., налог;АКПП;задний;250 000 км;левый;2 поколение;черный;купе;CLK 200 Kompressor AT Avantgarde;;;
Mercedes-Benz;C-Class;2004;700000;https://auto.drom.ru/moscow/mercedes-benz/c-class/52877465.html;Характеристики совпадают с ПТС;4 записи о регистрации;Не числится в розыске;Есть ограничения;Москве;бензин, 1.8 л;192 л.с., налог;механика;задний;270 000 км;левый;2 поколение, рестайлинг;черный;универсал;;;;
Mercedes-Benz;E-Class;2004;719000;https://auto.drom.ru/spb/mercedes-benz/e-class/775758013.html;Характеристики совпадают с ПТС;5 записей о регистрации;Не числится в розыске;Ограничений не обнаружено;Санкт-Петербурге;бензин, 3.2 л;224 л.с., налог;АКПП;задний;400 000 км;левый;3 поколение;серый;седан;;;;
Mercedes-Benz;E-Class;2004;800000;https://auto.drom.ru/spb/mercedes-benz/e-class/52885825.html;Характеристики совпадают с ПТС;4 записи о регистрации;Не числится в розыске;Ограничений не обнаружено;Санкт-Петербурге;бензин, 3.2 л;224 л.с., налог;АКПП;задний;286 000 км;левый;3 поколение;черный;седан;E 320 AT Classic;;;
Mercedes-Benz;C-Class;2004;654789;https://auto.drom.ru/spb/mercedes-benz/c-class/604376187.html;Характеристики совпадают с ПТС;5 записей о регистрации;Не числится в розыске;Ограничений не обнаружено;Санкт-Петербурге;бензин, 1.8 л;163 л.с., налог;автомат;задний;195 379 км;левый;2 поколение;серебристый;седан;;;;
Mercedes-Benz;E-Class;2004;1800000;https://auto.drom.ru/moscow/mercedes-benz/e-class/53991698.html;Характеристики совпадают с ПТС;6 записей о регистрации;Не числится в розыске;Ограничений не обнаружено;Москве;бензин, 3.2 л;224 л.с., налог;АКПП;4WD;150 000 км;левый;3 поколение;черный;седан;E 320 4MATIC AТ Avantgarde;;;
Mercedes-Benz;E-Class;2004;800000;https://auto.drom.ru/moscow/mercedes-benz/e-class/115685534.html;Характеристики совпадают с ПТС;9 записей о регистрации;Не числится в розыске;Ограничений не обнаружено;Москве;бензин, 2.6 л;177 л.с., налог;АКПП;задний;352 800 км;левый;3 поколение;серый;седан;E 240 AT Avantgarde;;;
Mercedes-Benz;Vito;2004;924010;https://auto.drom.ru/minsk/mercedes-benz/vito/53679413.html;Характеристики совпадают с ПТС;3 записи о регистрации;Не числится в розыске;Ограничений не обнаружено;Минске;дизель, 2.1 л;88 л.с., налог;механика;задний;356 000 км;левый;2 поколение;черный;;109 CDI MT L3;;;
Mercedes-Benz;C-Class;2004;750000;https://auto.drom.ru/volgograd/mercedes-benz/c-class/625702347.html;Характеристики совпадают с ПТС;8 записей о регистрации;Не числится в розыске;Ограничений не обнаружено;Волгограде;бензин, 1.8 л;163 л.с., налог;АКПП;задний;270 000 км;левый;2 поколение, рестайлинг;черный;седан;C 200 Kompressor AT Avantgarde;;;
Mercedes-Benz;E-Class;2004;940000;https://auto.drom.ru/moscow/mercedes-benz/e-class/303946547.html;Характеристики совпадают с ПТС;9 записей о регистрации;Не числится в розыске;Ограничений не обнаружено;Москве;дизель, 2.7 л;177 л.с., налог;АКПП;задний;420 430 км;левый;3 поколение;черный;седан;E 270 CDI AТ Avantgarde;;;
Mercedes-Benz;E-Class;2004;1400000;https://auto.drom.ru/moscow/mercedes-benz/e-class/53965476.html;Объем двигателя, мощность двигателя не совпадают с ПТС;11 записей о регистрации;Не числится в розыске;Ограничений не обнаружено;Москве;бензин, 5.0 л, ГБО;306 л.с., налог;АКПП;задний;215 000 км;левый;3 поколение;черный;седан;E 500 AТ Avantgarde;;;
Mercedes-Benz;E-Class;2004;975000;https://auto.drom.ru/spb/mercedes-benz/e-class/462040791.html;Характеристики совпадают с ПТС;5 записей о регистрации;Не числится в розыске;Ограничений не обнаружено;Санкт-Петербурге;бензин, 3.2 л;224 л.с., налог;АКПП;задний;350 000 км;левый;3 поколение;черный;седан;E 320 AT Avantgarde;;;
Mercedes-Benz;E-Class;2004;700000;https://auto.drom.ru/kulebaki/mercedes-benz/e-class/48681919.html;Характеристики совпадают с ПТС;7 записей о регистрации;Не числится в розыске;Ограничений не обнаружено;Кулебаках;бензин, 2.6 л;177 л.с., налог;АКПП;задний;330 000 км;левый;3 поколение;черный;седан;E 240 AТ Avantgarde;;;
Mercedes-Benz;M-Class;2004;800000;https://auto.drom.ru/moscow/mercedes-benz/m-class/53203460.html;Характеристики совпадают с ПТС;9 записей о регистрации;Не числится в розыске;Ограничений не обнаружено;Москве;дизель, 2.7 л;163 л.с., налог;АКПП;4WD;380 800 км;левый;1 поколение, рестайлинг;черный;;ML 270 CDI AT 4MATIC;;;
Mercedes-Benz;M-Class;2004;636000;https://auto.drom.ru/moscow/mercedes-benz/m-class/513441436.html;Характеристики совпадают с ПТС;5 записей о регистрации;Не числится в розыске;Ограничений не обнаружено;Москве;бензин, 3.7 л, ГБО;235 л.с., налог;АКПП;4WD;430 000 км;левый;1 поколение, рестайлинг;серебристый;;;;;
Mercedes-Benz;Vito;2004;750000;https://auto.drom.ru/spb/mercedes-benz/vito/53591052.html;Характеристики совпадают с ПТС;3 записи о регистрации;Не числится в розыске;Ограничений не обнаружено;Санкт-Петербурге;дизель, 2.1 л;88 л.с., налог;механика;задний;250 000 км;левый;2 поколение;красный;;109 CDI MT L1;;;
Mercedes-Benz;CLK-Class;2004;950000;https://auto.drom.ru/moscow/mercedes-benz/clk-class/51870731.html;Характеристики совпадают с ПТС;11 записей о регистрации;Не числится в розыске;Ограничений не обнаружено;Москве;бензин, 5.0 л;306 л.с., налог;АКПП;задний;264 872 км;левый;2 поколение;синий;купе;CLK 500 AT Avantgarde;;;
Mercedes-Benz;C-Class;2004;750000;https://auto.drom.ru/nizhniy-novgorod/mercedes-benz/c-class/52973980.html;Характеристики совпадают с ПТС;10 записей о регистрации;Не числится в розыске;Ограничений не обнаружено;Нижнем Новгороде;бензин, 1.8 л;163 л.с., налог;АКПП;задний;320 000 км;левый;2 поколение, рестайлинг;черный;седан;C200 Kompressor AT Elegance;;;
Mercedes-Benz;Viano;2004;1199000;https://auto.drom.ru/moscow/mercedes-benz/viano/53708988.html;Характеристики совпадают с ПТС;7 записей о регистрации;Не числится в розыске;Ограничений не обнаружено;Москве;дизель, 2.1 л;150 л.с., налог;АКПП;задний;445 794 км;левый;2 поколение;серебристый;;;;;
Mercedes-Benz;C-Class;2004;435000;https://auto.drom.ru/moscow/mercedes-benz/c-class/53147548.html;Характеристики совпадают с ПТС;7 записей о регистрации;Не числится в розыске;Ограничений не обнаружено;Москве;дизель, 2.1 л;143 л.с., налог;АКПП;задний;300 000 км;левый;2 поколение;синий;универсал;;;;
Mercedes-Benz;C-Class;2004;520000;https://auto.drom.ru/moscow/mercedes-benz/c-class/54131158.html;Характеристики совпадают с ПТС;7 записей о регистрации;Не числится в розыске;Ограничений не обнаружено;Москве;бензин, 1.8 л;143 л.с., налог;АКПП;задний;250 000 км;левый;2 поколение;черный;седан;C 180 Kompressor AT Elegance;;;
Mercedes-Benz;SLK-Class;2004;1188000;https://auto.drom.ru/togliatti/mercedes-benz/slk-class/51002544.html;Характеристики совпадают с ПТС;4 записи о регистрации;Не числится в розыске;Ограничений не обнаружено;Тольятти;бензин, 1.8 л;163 л.с., налог;АКПП;задний;185 650 км;левый;2 поколение;черный;;SLK 200 Kompressor AT;;;
Mercedes-Benz;E-Class;2004;700000;https://auto.drom.ru/kaluga/mercedes-benz/e-class/612883493.html;Объем двигателя, мощность двигателя не совпадают с ПТС;5 записей о регистрации;Не числится в розыске;Ограничений не обнаружено;Калуге;бензин, 5.0 л;306 л.с., налог;АКПП;задний;275 200 км;левый;3 поколение;черный;седан;;;;
Mercedes-Benz;G-Class;2004;3350000;https://auto.drom.ru/moscow/mercedes-benz/g-class/53876754.html;Характеристики совпадают с ПТС;3 записи о регистрации;Не числится в розыске;Ограничений не обнаружено;Москве;бензин, 5.4 л;476 л.с., налог;АКПП;4WD;198 000 км;левый;2 поколение, 3 рестайлинг;черный;джип/suv 5 дв.;G 55 AMG;;;
Mercedes-Benz;E-Class;2004;820000;https://auto.drom.ru/cheboksary/mercedes-benz/e-class/53874058.html;Характеристики совпадают с ПТС;15 записей о регистрации;Не числится в розыске;Ограничений не обнаружено;Чебоксарах;дизель, 2.1 л;150 л.с., налог;АКПП;задний;431 000 км;левый;3 поколение;серебристый;седан;E 220 CDI AT Classic;;;
Mercedes-Benz;S-Class;2004;2740000;https://auto.drom.ru/kazan/mercedes-benz/s-class/52608762.html;Характеристики совпадают с ПТС;;Не числится в розыске;Ограничений не обнаружено;Казани;бензин, 5.0 л;306 л.с., налог;АКПП;4WD;100 000 км;левый;4 поколение, рестайлинг;белый;седан;;;;
Mercedes-Benz;S-Class;2004;750000;https://auto.drom.ru/golitsyno/mercedes-benz/s-class/53810797.html;Характеристики совпадают с ПТС;;Не числится в розыске;Ограничений не обнаружено;Голицыно;бензин, 4.3 л;279 л.с., налог;АКПП;4WD;321 200 км;левый;4 поколение, рестайлинг;;седан;;;;
Mercedes-Benz;C-Class;2004;549999;https://auto.drom.ru/spb/mercedes-benz/c-class/53489549.html;Характеристики совпадают с ПТС;;Не числится в розыске;Ограничений не обнаружено;Санкт-Петербурге;бензин, 1.8 л;143 л.с., налог;АКПП;задний;326 000 км;левый;2 поколение, рестайлинг;голубой;седан;C 180 Kompressor AT Classic;;;
Mercedes-Benz;E-Class;2005;840000;https://auto.drom.ru/moscow/mercedes-benz/e-class/681007073.html;Характеристики совпадают с ПТС;5 записей о регистрации;Не числится в розыске;Ограничений не обнаружено;Москве;бензин, 3.5 л;272 л.с., налог;АКПП;4WD;500 000 км;левый;3 поколение;серебристый;седан;E 350 4MATIC AТ Classic;;;
Mercedes-Benz;Mercedes;2005;140000;https://auto.drom.ru/ulyanovsk/mercedes-benz/mercedes/54137924.html;;;;;Ульяновске;дизель, 2.4 л;;;;10 км;левый;;;;;;;
Mercedes-Benz;C-Class;2005;550000;https://auto.drom.ru/himki/mercedes-benz/c-class/848976481.html;Характеристики совпадают с ПТС;6 записей о регистрации;Не числится в розыске;Ограничений не обнаружено;Химках;бензин, 1.8 л;192 л.с., налог;АКПП;задний;250 000 км;левый;2 поколение, рестайлинг;белый;седан;;;;
Mercedes-Benz;R-Class;2005;880000;https://auto.drom.ru/moscow/mercedes-benz/r-class/53827621.html;Характеристики совпадают с ПТС;5 записей о регистрации;Не числится в розыске;Ограничений не обнаружено;Москве;бензин, 3.5 л;272 л.с., налог;АКПП;4WD;364 023 км;левый;1 поколение;черный;;R 350 4MATIC AT;требуется ремонт или не на ходу;;
Mercedes-Benz;M-Class;2005;870000;https://auto.drom.ru/moscow/mercedes-benz/m-class/53757151.html;Характеристики совпадают с ПТС;12 записей о регистрации;Не числится в розыске;Ограничений не обнаружено;Москве;бензин, 3.5 л;272 л.с., налог;АКПП;4WD;240 000 км;левый;2 поколение;серебристый;;ML 350 AT 4MATIC;;;
Mercedes-Benz;M-Class;2005;999999;https://auto.drom.ru/velikie-luki/mercedes-benz/m-class/53035400.html;Характеристики совпадают с ПТС;4 записи о регистрации;Не числится в розыске;Есть ограничения;Великих Луках;бензин, 3.5 л;272 л.с., налог;АКПП;4WD;234 000 км;левый;2 поколение;золотистый;;ML 350 AT 4MATIC;;;
Mercedes-Benz;S-Class;2005;1020000;https://auto.drom.ru/moscow/mercedes-benz/s-class/54105542.html;Мощность двигателя не совпадает с ПТС;11 записей о регистрации;Не числится в розыске;Ограничений не обнаружено;Москве;бензин, 5.5 л;388 л.с., налог;АКПП;4WD;300 000 км;левый;5 поколение;черный;седан;;;;
Mercedes-Benz;S-Class;2005;845000;https://auto.drom.ru/dmitrov/mercedes-benz/s-class/855513782.html;Характеристики совпадают с ПТС;13 записей о регистрации;Не числится в розыске;Ограничений не обнаружено;Дмитрове;бензин, 3.5 л;272 л.с., налог;АКПП;задний;379 233 км;левый;5 поколение;черный;седан;S 350 AT;;;
Mercedes-Benz;C-Class;2005;680000;https://auto.drom.ru/spb/mercedes-benz/c-class/446452281.html;Характеристики совпадают с ПТС;4 записи о регистрации;Не числится в розыске;Ограничений не обнаружено;Санкт-Петербурге;бензин, 1.8 л;189 л.с., налог;АКПП;задний;264 765 км;левый;2 поколение, рестайлинг;серебристый;седан;C 230 Kompressor AT Sport;;;
Mercedes-Benz;C-Class;2005;850000;https://auto.drom.ru/odintsovo/mercedes-benz/c-class/54089156.html;Характеристики совпадают с ПТС;3 записи о регистрации;Не числится в розыске;Ограничений не обнаружено;Одинцове;бензин, 1.8 л, ГБО;143 л.с., налог;АКПП;задний;197 000 км;левый;2 поколение, рестайлинг;бежевый;седан;C180 Kompressor AT Classic;;;
Mercedes-Benz;M-Class;2005;800000;https://auto.drom.ru/voronezh/mercedes-benz/m-class/52975509.html;;;;;Воронеже;дизель, 4.0 л;250 л.с., налог;АКПП;4WD;361 000 км;левый;1 поколение, рестайлинг;серебристый;;ML 400 CDI AT;;;
Mercedes-Benz;E-Class;2005;947017;https://auto.drom.ru/donskoy/mercedes-benz/e-class/414690110.html;Характеристики совпадают с ПТС;10 записей о регистрации;Не числится в розыске;Ограничений не обнаружено;Донском;бензин, 3.0 л;231 л.с., налог;АКПП;4WD;215 652 км;левый;3 поколение;черный;седан;E 280 4MATIC AТ Avantgarde;;;
Mercedes-Benz;C-Class;2005;850000;https://auto.drom.ru/kazan/mercedes-benz/c-class/360756093.html;Характеристики совпадают с ПТС;6 записей о регистрации;Не числится в розыске;Ограничений не обнаружено;Казани;бензин, 1.8 л;192 л.с., налог;АКПП;задний;310 000 км;левый;2 поколение, рестайлинг;красный;седан;C230 Kompressor AT Avantgarde;;;
Mercedes-Benz;G-Class;2005;4000000;https://auto.drom.ru/moscow/mercedes-benz/g-class/53372544.html;Характеристики совпадают с ПТС;5 записей о регистрации;Не числится в розыске;Ограничений не обнаружено;Москве;бензин, 5.0 л;296 л.с., налог;АКПП;4WD;188 000 км;левый;2 поколение, 3 рестайлинг;черный;джип/suv 5 дв.;G 500;;;
Mercedes-Benz;E-Class;2005;950000;https://auto.drom.ru/moscow/mercedes-benz/e-class/52891337.html;Характеристики совпадают с ПТС;4 записи о регистрации;Не числится в розыске;Ограничений не обнаружено;Москве;бензин, 1.8 л;163 л.с., налог;механика;задний;340 000 км;левый;3 поколение;черный;седан;;;;
Mercedes-Benz;M-Class;2005;859000;https://auto.drom.ru/spb/mercedes-benz/m-class/53744218.html;Характеристики совпадают с ПТС;3 записи о регистрации;Не числится в розыске;Ограничений не обнаружено;Санкт-Петербурге;бензин, 3.5 л;272 л.с., налог;АКПП;4WD;400 000 км;левый;2 поколение;серебристый;;;;;
Mercedes-Benz;C-Class;2005;750000;https://auto.drom.ru/spb/mercedes-benz/c-class/52412238.html;Характеристики совпадают с ПТС;7 записей о регистрации;Не числится в розыске;Ограничений не обнаружено;Санкт-Петербурге;бензин, 1.8 л;192 л.с., налог;АКПП;задний;245 000 км;левый;2 поколение, рестайлинг;черный;седан;C230 Kompressor AT Avantgarde;;;
Mercedes-Benz;S-Class;2005;750000;https://auto.drom.ru/volzhskiy/mercedes-benz/s-class/53917626.html;Характеристики совпадают с ПТС;14 записей о регистрации;Не числится в розыске;Ограничений не обнаружено;Волжском;бензин, 5.0 л;306 л.с., налог;АКПП;4WD;364 000 км;левый;4 поколение, рестайлинг;черный;седан;S500 4MATIC L;;;
Mercedes-Benz;M-Class;2005;800000;https://auto.drom.ru/togliatti/mercedes-benz/m-class/52454729.html;Характеристики совпадают с ПТС;9 записей о регистрации;Не числится в розыске;Ограничений не обнаружено;Тольятти;бензин, 3.5 л;272 л.с., налог;АКПП;4WD;419 000 км;левый;2 поколение;серый;;ML 350 AT 4MATIC;;;
Mercedes-Benz;E-Class;2005;633010;https://auto.drom.ru/minsk/mercedes-benz/e-class/808545494.html;;;;;Минске;дизель, 2.1 л;150 л.с., налог;механика;задний;588 000 км;левый;3 поколение;синий;седан;E 220 CDI MT Elegance;;;
Mercedes-Benz;SL-Class;2005;2300000;https://auto.drom.ru/moscow/mercedes-benz/sl-class/53320380.html;Характеристики совпадают с ПТС;4 записи о регистрации;Не числится в розыске;Ограничений не обнаружено;Москве;бензин, 5.0 л;306 л.с., налог;АКПП;задний;56 000 км;левый;5 поколение;белый;открытый;SL 500 AT;;;
Mercedes-Benz;C-Class;2005;825000;https://auto.drom.ru/spb/mercedes-benz/c-class/754089755.html;Характеристики совпадают с ПТС;6 записей о регистрации;Не числится в розыске;Ограничений не обнаружено;Санкт-Петербурге;бензин, 1.8 л;163 л.с., налог;АКПП;задний;120 000 км;левый;2 поколение, рестайлинг;серебристый;седан;;;;
Mercedes-Benz;E-Class;2005;735000;https://auto.drom.ru/spb/mercedes-benz/e-class/643053703.html;Цвет не совпадает с ПТС;11 записей о регистрации;Не числится в розыске;Ограничений не обнаружено;Санкт-Петербурге;бензин, 1.8 л;163 л.с., налог;автомат;задний;267 190 км;левый;3 поколение;черный;седан;;;;
Mercedes-Benz;A-Class;2005;449000;https://auto.drom.ru/moscow/mercedes-benz/a-class/899456169.html;Характеристики совпадают с ПТС;5 записей о регистрации;Не числится в розыске;Ограничений не обнаружено;Москве;бензин, 1.5 л;95 л.с., налог;вариатор;передний;181 966 км;левый;2 поколение;серебристый;хэтчбек 5 дв.;;;;
Mercedes-Benz;M-Class;2005;770000;https://auto.drom.ru/nizhniy-novgorod/mercedes-benz/m-class/54000822.html;Характеристики совпадают с ПТС;10 записей о регистрации;Не числится в розыске;Ограничений не обнаружено;Нижнем Новгороде;бензин, 3.5 л, ГБО;272 л.с., налог;АКПП;4WD;350 000 км;левый;2 поколение;серый;;;;;
Mercedes-Benz;Vito;2005;750000;https://auto.drom.ru/volgograd/mercedes-benz/vito/53312192.html;;;;;Волгограде;дизель, 2.1 л;88 л.с., налог;механика;задний;670 000 км;левый;2 поколение;белый;;109 CDI MT L1;;;
Mercedes-Benz;E-Class;2005;995000;https://auto.drom.ru/tula/mercedes-benz/e-class/128066998.html;;;;;Туле;дизель, 2.7 л;177 л.с., налог;АКПП;задний;388 000 км;левый;3 поколение;синий;седан;E 270 CDI AT Elegance;;;
Mercedes-Benz;CL-Class;2005;1870000;https://auto.drom.ru/bryansk/mercedes-benz/cl-class/235195714.html;Характеристики совпадают с ПТС;10 записей о регистрации;Не числится в розыске;Ограничений не обнаружено;Брянске;бензин, 5.5 л;500 л.с., налог;АКПП;задний;143 000 км;левый;2 поколение, рестайлинг;серебристый;;CL 600 AT;;;
Mercedes-Benz;M-Class;2005;1256686;https://auto.drom.ru/minsk/mercedes-benz/m-class/53697919.html;Характеристики совпадают с ПТС;6 записей о регистрации;Не числится в розыске;Ограничений не обнаружено;Минске;бензин, 3.5 л, ГБО;272 л.с., налог;АКПП;4WD;261 000 км;левый;2 поколение;белый;;ML 350 AT;;;
Mercedes-Benz;Vito;2005;1190000;https://auto.drom.ru/kirov/mercedes-benz/vito/53692686.html;Характеристики совпадают с ПТС;7 записей о регистрации;Не числится в розыске;Ограничений не обнаружено;Кирове;дизель, 2.1 л;150 л.с., налог;АКПП;задний;285 000 км;левый;2 поколение;;;;;;
Mercedes-Benz;S-Class;2005;1000000;https://auto.drom.ru/shuya/mercedes-benz/s-class/248325922.html;Характеристики совпадают с ПТС;13 записей о регистрации;Не числится в розыске;Ограничений не обнаружено;Шуе;бензин, 3.5 л;272 л.с., налог;АКПП;задний;350 000 км;левый;5 поколение;черный;седан;S 350 AT L;;;
Mercedes-Benz;B-Class;2005;580000;https://auto.drom.ru/spb/mercedes-benz/b-class/53270527.html;Характеристики совпадают с ПТС;6 записей о регистрации;Не числится в розыске;Ограничений не обнаружено;Санкт-Петербурге;бензин, 2.0 л;136 л.с., налог;вариатор;передний;175 132 км;левый;1 поколение;серебристый;;;;;
Mercedes-Benz;M-Class;2005;1100000;https://auto.drom.ru/voronezh/mercedes-benz/m-class/53657576.html;Характеристики совпадают с ПТС;7 записей о регистрации;Не числится в розыске;Ограничений не обнаружено;Воронеже;бензин, 3.5 л;272 л.с., налог;АКПП;4WD;136 800 км;левый;2 поколение;серебристый;;;;;
Mercedes-Benz;C-Class;2005;890000;https://auto.drom.ru/yoshkar-ola/mercedes-benz/c-class/53638639.html;Характеристики совпадают с ПТС;5 записей о регистрации;Не числится в розыске;Ограничений не обнаружено;Йошкар-Оле;бензин, 3.5 л;272 л.с., налог;АКПП;4WD;176 000 км;левый;2 поколение, рестайлинг;черный;седан;C 350 AT 4MATIC Avantgarde;;;
Mercedes-Benz;E-Class;2005;710000;https://auto.drom.ru/moscow/mercedes-benz/e-class/53203955.html;;;;;Москве;дизель, 2.1 л;150 л.с., налог;механика;задний;250 000 км;левый;3 поколение;серебристый;седан;;;;
Mercedes-Benz;M-Class;2005;1199000;https://auto.drom.ru/voronezh/mercedes-benz/m-class/204159773.html;Характеристики совпадают с ПТС;7 записей о регистрации;Не числится в розыске;Ограничений не обнаружено;Воронеже;бензин, 3.5 л;272 л.с., налог;АКПП;4WD;137 439 км;левый;2 поколение;серый;;;;;
Mercedes-Benz;C-Class;2005;400000;https://auto.drom.ru/spb/mercedes-benz/c-class/53200101.html;Характеристики совпадают с ПТС;7 записей о регистрации;Не числится в розыске;Ограничений не обнаружено;Санкт-Петербурге;бензин, 1.8 л;192 л.с., налог;АКПП;задний;400 000 км;левый;2 поколение, рестайлинг;;седан;;;;
Mercedes-Benz;E-Class;2005;750000;https://auto.drom.ru/saransk/mercedes-benz/e-class/53488969.html;Электронный ПТС не выдавался;;;;Саранске;бензин, 3.2 л;224 л.с., налог;АКПП;задний;44 000 км, без пробега по РФ;правый;3 поколение;серебристый;седан;E 320 Avantgarde;документы с проблемами или отсутствуют;;
Mercedes-Benz;M-Class;2005;1327000;https://auto.drom.ru/spb/mercedes-benz/m-class/51673343.html;Характеристики совпадают с ПТС;6 записей о регистрации;Не числится в розыске;Ограничений не обнаружено;Санкт-Петербурге;бензин, 5.0 л;306 л.с., налог;АКПП;4WD;319 000 км;левый;2 поколение;серебристый;;ML 500 AT 4MATIC;;;
Mercedes-Benz;C-Class;2005;1100000;https://auto.drom.ru/kazan/mercedes-benz/c-class/53936311.html;Характеристики совпадают с ПТС;6 записей о регистрации;Не числится в розыске;Ограничений не обнаружено;Казани;бензин, 2.6 л;168 л.с., налог;АКПП;4WD;;левый;2 поколение, рестайлинг;красный;седан;C 240 AT 4MATIC Luxury;;;
Mercedes-Benz;M-Class;2005;1150000;https://auto.drom.ru/spb/mercedes-benz/m-class/741583966.html;Характеристики совпадают с ПТС;5 записей о регистрации;Не числится в розыске;Ограничений не обнаружено;Санкт-Петербурге;бензин, 5.0 л;306 л.с., налог;АКПП;4WD;360 000 км;левый;2 поколение;синий;;ML 500 AT;;;
Mercedes-Benz;CLS-Class;2005;1100000;https://auto.drom.ru/spb/mercedes-benz/cls-class/304425535.html;Характеристики совпадают с ПТС;4 записи о регистрации;Не числится в розыске;Ограничений не обнаружено;Санкт-Петербурге;бензин, 3.5 л;272 л.с., налог;АКПП;задний;191 000 км;левый;1 поколение;черный;седан;CLS 350 AT;;;
Mercedes-Benz;M-Class;2005;1400000;https://auto.drom.ru/kazan/mercedes-benz/m-class/52693789.html;Характеристики совпадают с ПТС;7 записей о регистрации;Не числится в розыске;Ограничений не обнаружено;Казани;бензин, 3.5 л;272 л.с., налог;АКПП;4WD;300 000 км;левый;2 поколение;бежевый;;ML 350 AT "Особая Серия";;;
Mercedes-Benz;S-Class;2005;6499000;https://auto.drom.ru/moscow/mercedes-benz/s-class/255065947.html;Характеристики совпадают с ПТС;3 записи о регистрации;Не числится в розыске;Ограничений не обнаружено;Москве;бензин, 5.5 л;500 л.с., налог;АКПП;задний;28 248 км;левый;4 поколение, рестайлинг;черный;седан;S 600 AT L;;;
Mercedes-Benz;C-Class;2005;714789;https://auto.drom.ru/spb/mercedes-benz/c-class/658007542.html;Характеристики совпадают с ПТС;2 записи о регистрации;Не числится в розыске;Ограничений не обнаружено;Санкт-Петербурге;бензин, 1.8 л;192 л.с., налог;АКПП;задний;287 150 км;левый;2 поколение, рестайлинг;черный;седан;;;;
Mercedes-Benz;M-Class;2005;1000000;https://auto.drom.ru/saratov/mercedes-benz/m-class/440850748.html;Характеристики совпадают с ПТС;4 записи о регистрации;Не числится в розыске;Есть ограничения;Саратове;бензин, 3.5 л;272 л.с., налог;АКПП;4WD;264 000 км;левый;2 поколение;серый;;;;;
Mercedes-Benz;M-Class;2005;1500000;https://auto.drom.ru/tver/mercedes-benz/m-class/154268233.html;Характеристики совпадают с ПТС;4 записи о регистрации;Не числится в розыске;Ограничений не обнаружено;Твери;дизель, 3.0 л;224 л.с., налог;АКПП;4WD;425 000 км;левый;2 поколение;серый;;ML 320 CDI AT 4MATIC;;;
Mercedes-Benz;CLS-Class;2005;1250000;https://auto.drom.ru/moscow/mercedes-benz/cls-class/194027315.html;;;;;Москве;бензин, 5.0 л, ГБО;306 л.с., налог;АКПП;задний;165 000 км;левый;1 поколение;белый;седан;CLS 500 AT;документы с проблемами или отсутствуют;;
Mercedes-Benz;M-Class;2005;1150000;https://auto.drom.ru/moscow/mercedes-benz/m-class/54132615.html;;;;;Москве;бензин, 3.5 л;272 л.с., налог;АКПП;4WD;220 000 км;левый;2 поколение;серый;;ML 350 AT 4MATIC;;;
Mercedes-Benz;M-Class;2005;1050000;https://auto.drom.ru/pskov/mercedes-benz/m-class/53882159.html;Характеристики совпадают с ПТС;10 записей о регистрации;Не числится в розыске;Ограничений не обнаружено;Пскове;бензин, 3.5 л;272 л.с., налог;АКПП;4WD;230 000 км;левый;2 поколение;черный;;ML 350 AT 4MATIC;;;
Mercedes-Benz;M-Class;2005;1200000;https://auto.drom.ru/moscow/mercedes-benz/m-class/53103073.html;Характеристики совпадают с ПТС;3 записи о регистрации;Не числится в розыске;Ограничений не обнаружено;Москве;бензин, 5.0 л;306 л.с., налог;АКПП;4WD;250 000 км;левый;2 поколение;;;;;;
Mercedes-Benz;M-Class;2005;1280000;https://auto.drom.ru/moscow/mercedes-benz/m-class/54148838.html;Характеристики совпадают с ПТС;;Не числится в розыске;Ограничений не обнаружено;Москве;бензин, 3.5 л;272 л.с., налог;АКПП;4WD;198 000 км;левый;2 поколение;черный;;;;;
Mercedes-Benz;S-Class;2006;1293000;https://auto.drom.ru/moscow/mercedes-benz/s-class/49073414.html;Характеристики совпадают с ПТС;8 записей о регистрации;Не числится в розыске;Ограничений не обнаружено;Москве;бензин, 5.5 л;388 л.с., налог;АКПП;4WD;240 000 км;левый;5 поколение;золотистый;седан;S 500 AT L 4MATIC;;;
Mercedes-Benz;S-Class;2006;1330000;https://auto.drom.ru/cheboksary/mercedes-benz/s-class/53482858.html;Характеристики совпадают с ПТС;6 записей о регистрации;Не числится в розыске;Ограничений не обнаружено;Чебоксарах;бензин, 4.7 л;340 л.с., налог;АКПП;4WD;304 000 км;левый;5 поколение;черный;седан;S 450 AT L 4MATIC;;;
Mercedes-Benz;E-Class;2006;1000000;https://auto.drom.ru/moscow/mercedes-benz/e-class/54133315.html;Характеристики совпадают с ПТС;6 записей о регистрации;Не числится в розыске;Ограничений не обнаружено;Москве;бензин, 1.8 л;184 л.с., налог;АКПП;задний;230 041 км;левый;3 поколение, рестайлинг;черный;седан;;;;
Mercedes-Benz;G-Class;2006;2790000;https://auto.drom.ru/moscow/mercedes-benz/g-class/53839502.html;Характеристики совпадают с ПТС;3 записи о регистрации;Не числится в розыске;Ограничений не обнаружено;Москве;дизель, 3.0 л;224 л.с., налог;автомат;4WD;359 876 км;левый;;серебристый;джип/suv 5 дв.;;;;
Mercedes-Benz;GL-Class;2006;1295000;https://auto.drom.ru/yaroslavl/mercedes-benz/gl-class/53657876.html;Характеристики совпадают с ПТС;2 записи о регистрации;Не числится в розыске;Ограничений не обнаружено;Ярославле;бензин, 4.7 л;340 л.с., налог;АКПП;4WD;423 086 км;левый;1 поколение;черный;;GL 450 4MATIC;;;
Mercedes-Benz;C-Class;2006;842000;https://auto.drom.ru/kaluga/mercedes-benz/c-class/53452681.html;Характеристики совпадают с ПТС;4 записи о регистрации;Не числится в розыске;Ограничений не обнаружено;Калуге;бензин, 2.5 л;204 л.с., налог;АКПП;задний;190 921 км;левый;2 поколение, рестайлинг;бежевый;седан;;;;
Mercedes-Benz;M-Class;2006;900000;https://auto.drom.ru/moscow/mercedes-benz/m-class/53614763.html;Характеристики совпадают с ПТС;10 записей о регистрации;Не числится в розыске;Ограничений не обнаружено;Москве;бензин, 3.5 л;272 л.с., налог;АКПП;4WD;320 000 км;левый;2 поколение;бежевый;;ML 350 AT 4MATIC;;;
Mercedes-Benz;S-Class;2006;1000000;https://auto.drom.ru/belgorod/mercedes-benz/s-class/53298005.html;Характеристики совпадают с ПТС;9 записей о регистрации;Не числится в розыске;Ограничений не обнаружено;Белгороде;бензин, 5.5 л;388 л.с., налог;АКПП;4WD;300 000 км;левый;5 поколение;серебристый;седан;;;;
Mercedes-Benz;C-Class;2006;650000;https://auto.drom.ru/mytishchi/mercedes-benz/c-class/53003950.html;Характеристики совпадают с ПТС;8 записей о регистрации;Не числится в розыске;Ограничений не обнаружено;Мытищах;бензин, 2.5 л;204 л.с., налог;АКПП;задний;236 690 км;левый;2 поколение, рестайлинг;серебристый;седан;C230 AT Elegance;;;
Mercedes-Benz;E-Class;2006;1100000;https://auto.drom.ru/belgorod/mercedes-benz/e-class/54032209.html;Характеристики совпадают с ПТС;6 записей о регистрации;Не числится в розыске;Ограничений не обнаружено;Белгороде;бензин, 1.8 л, ГБО;163 л.с., налог;АКПП;задний;284 000 км;левый;3 поколение;серебристый;седан;E 200 Kompressor AТ Classic;;;
Mercedes-Benz;Mercedes;2006;1100000;https://auto.drom.ru/moscow/mercedes-benz/mercedes/54070510.html;Характеристики совпадают с ПТС;4 записи о регистрации;Не числится в розыске;Есть ограничения;Москве;дизель, 2.1 л;109 л.с., налог;автомат;задний;463 000 км;левый;;красный;;;;;
Mercedes-Benz;S-Class;2006;1150000;https://auto.drom.ru/kirov/mercedes-benz/s-class/54067085.html;Характеристики совпадают с ПТС;6 записей о регистрации;Не числится в розыске;Ограничений не обнаружено;Кирове;бензин, 5.5 л;388 л.с., налог;АКПП;4WD;196 000 км;левый;5 поколение;черный;седан;;;;
Mercedes-Benz;G-Class;2006;3300000;https://auto.drom.ru/kazan/mercedes-benz/g-class/53392995.html;Характеристики совпадают с ПТС;5 записей о регистрации;Не числится в розыске;Ограничений не обнаружено;Казани;дизель, 3.0 л;224 л.с., налог;автомат;4WD;220 000 км;левый;2 поколение, 4 рестайлинг;черный;джип/suv 5 дв.;;;;
Mercedes-Benz;S-Class;2006;900000;https://auto.drom.ru/luga/mercedes-benz/s-class/462879020.html;;;;;Луге;бензин, 5.5 л;388 л.с., налог;АКПП;4WD;212 037 км;левый;5 поколение;серебристый;седан;;;;
Mercedes-Benz;S-Class;2006;900000;https://auto.drom.ru/volgograd/mercedes-benz/s-class/246725988.html;Характеристики совпадают с ПТС;12 записей о регистрации;Не числится в розыске;Ограничений не обнаружено;Волгограде;бензин, 5.5 л;388 л.с., налог;АКПП;задний;350 000 км;левый;5 поколение;черный;седан;S500;;;
Mercedes-Benz;Vito;2006;600000;https://auto.drom.ru/rybinsk/mercedes-benz/vito/109825455.html;Цвет не совпадает с ПТС;1 запись о регистрации;Не числится в розыске;Ограничений не обнаружено;Рыбинске;дизель, 2.1 л;88 л.с., налог;механика;задний;555 000 км;левый;2 поколение;синий;;;требуется ремонт или не на ходу;;
Mercedes-Benz;E-Class;2006;1000000;https://auto.drom.ru/roslavl/mercedes-benz/e-class/441024902.html;Характеристики совпадают с ПТС;9 записей о регистрации;Не числится в розыске;Ограничений не обнаружено;Рославле;бензин, 3.0 л;231 л.с., налог;АКПП;4WD;226 000 км;левый;3 поколение, рестайлинг;черный;седан;E 280 4MATIC AТ Elegance;;;
Mercedes-Benz;M-Class;2006;1300000;https://auto.drom.ru/moscow/mercedes-benz/m-class/213774966.html;Характеристики совпадают с ПТС;5 записей о регистрации;Не числится в розыске;Ограничений не обнаружено;Москве;дизель, 3.0 л;224 л.с., налог;АКПП;4WD;258 000 км;левый;2 поколение;черный;;ML 320 CDI AT 4MATIC;;;
Mercedes-Benz;A-Class;2006;569000;https://auto.drom.ru/spb/mercedes-benz/a-class/54032129.html;Характеристики совпадают с ПТС;6 записей о регистрации;Не числится в розыске;Ограничений не обнаружено;Санкт-Петербурге;бензин, 1.5 л;95 л.с., налог;вариатор;передний;230 233 км;левый;2 поколение;голубой;хэтчбек 5 дв.;;;;
Mercedes-Benz;R-Class;2006;921500;https://auto.drom.ru/spb/mercedes-benz/r-class/144705445.html;Характеристики совпадают с ПТС;4 записи о регистрации;Не числится в розыске;Ограничений не обнаружено;Санкт-Петербурге;бензин, 3.5 л;272 л.с., налог;АКПП;4WD;281 646 км;левый;1 поколение;серый;;;;;
Mercedes-Benz;GL-Class;2006;1285000;https://auto.drom.ru/moscow/mercedes-benz/gl-class/585284449.html;Характеристики совпадают с ПТС;7 записей о регистрации;Не числится в розыске;Ограничений не обнаружено;Москве;бензин, 4.7 л;340 л.с., налог;АКПП;4WD;281 306 км;левый;1 поколение;черный;;GL 450 4MATIC;;;
Mercedes-Benz;G-Class;2006;3900000;https://auto.drom.ru/noginsk/mercedes-benz/g-class/53326931.html;Характеристики совпадают с ПТС;5 записей о регистрации;Не числится в розыске;Ограничений не обнаружено;Ногинске;бензин, 5.0 л, ГБО;296 л.с., налог;АКПП;4WD;160 000 км;левый;2 поколение, 3 рестайлинг;черный;джип/suv 5 дв.;G 500;;;
Mercedes-Benz;E-Class;2006;590000;https://auto.drom.ru/saransk/mercedes-benz/e-class/777211839.html;;;;;Саранске;бензин, 1.8 л;183 л.с., налог;механика;задний;;левый;3 поколение, рестайлинг;;седан;;требуется ремонт или не на ходу;;
Mercedes-Benz;E-Class;2006;850000;https://auto.drom.ru/moscow/mercedes-benz/e-class/256352153.html;Мощность двигателя не совпадает с ПТС;3 записи о регистрации;Не числится в розыске;Ограничений не обнаружено;Москве;дизель, 2.2 л;153 л.с., налог;автомат;задний;221 000 км;левый;3 поколение, рестайлинг;черный;седан;;;;
Mercedes-Benz;M-Class;2006;1200000;https://auto.drom.ru/tambov/mercedes-benz/m-class/53691506.html;Характеристики совпадают с ПТС;7 записей о регистрации;Не числится в розыске;Ограничений не обнаружено;Тамбове;бензин, 3.5 л;272 л.с., налог;АКПП;4WD;199 000 км;левый;2 поколение;черный;;;;;
Mercedes-Benz;S-Class;2006;1230000;https://auto.drom.ru/domodedovo/mercedes-benz/s-class/51992321.html;Характеристики совпадают с ПТС;9 записей о регистрации;Не числится в розыске;Ограничений не обнаружено;Домодедово;дизель, 3.0 л;235 л.с., налог;АКПП;задний;300 000 км;левый;5 поколение;бежевый;седан;S 320 CDI AT L;;;
Mercedes-Benz;S-Class;2006;750000;https://auto.drom.ru/spb/mercedes-benz/s-class/673842053.html;Характеристики совпадают с ПТС;9 записей о регистрации;Не числится в розыске;Ограничений не обнаружено;Санкт-Петербурге;бензин, 4.7 л;340 л.с., налог;АКПП;4WD;200 000 км;левый;5 поколение;черный;седан;S 450 AT 4MATIC;требуется ремонт или не на ходу;;
Mercedes-Benz;GL-Class;2006;1444000;https://auto.drom.ru/spb/mercedes-benz/gl-class/52411320.html;Характеристики совпадают с ПТС;7 записей о регистрации;Не числится в розыске;Ограничений не обнаружено;Санкт-Петербурге;бензин, 4.7 л;340 л.с., налог;АКПП;4WD;159 202 км;левый;1 поколение;черный;;;;;
Mercedes-Benz;M-Class;2006;900000;https://auto.drom.ru/moscow/mercedes-benz/m-class/53283392.html;Характеристики совпадают с ПТС;2 записи о регистрации;Не числится в розыске;Ограничений не обнаружено;Москве;бензин, 3.5 л;272 л.с., налог;АКПП;4WD;250 000 км;левый;2 поколение;черный;;ML 350 AT 4MATIC;;;
Mercedes-Benz;B-Class;2006;500000;https://auto.drom.ru/moscow/mercedes-benz/b-class/52360288.html;Характеристики совпадают с ПТС;7 записей о регистрации;Не числится в розыске;Ограничений не обнаружено;Москве;бензин, 2.0 л;193 л.с., налог;вариатор;передний;306 000 км;левый;1 поколение;серебристый;;;требуется ремонт или не на ходу;;
Mercedes-Benz;GL-Class;2006;1250000;https://auto.drom.ru/spb/mercedes-benz/gl-class/53658810.html;Характеристики совпадают с ПТС;6 записей о регистрации;Не числится в розыске;Ограничений не обнаружено;Санкт-Петербурге;бензин, 4.7 л;340 л.с., налог;АКПП;4WD;100 000 км;левый;1 поколение;черный;;GL 450 4MATIC;;;
Mercedes-Benz;CL-Class;2006;2000000;https://auto.drom.ru/spb/mercedes-benz/cl-class/52823916.html;Характеристики совпадают с ПТС;6 записей о регистрации;Не числится в розыске;Ограничений не обнаружено;Санкт-Петербурге;бензин, 5.5 л;388 л.с., налог;АКПП;задний;149 000 км;левый;3 поколение;бордовый;;CL 500 AT;;;
Mercedes-Benz;GL-Class;2006;1432266;https://auto.drom.ru/minsk/mercedes-benz/gl-class/609072869.html;;;;;Минске;бензин, 4.7 л;340 л.с., налог;АКПП;4WD;155 954 км;левый;1 поколение;черный;;;;;
Mercedes-Benz;Vito;2006;2000000;https://auto.drom.ru/moscow/mercedes-benz/vito/52366316.html;Характеристики совпадают с ПТС;5 записей о регистрации;Не числится в розыске;Ограничений не обнаружено;Москве;дизель, 2.1 л;150 л.с., налог;АКПП;задний;320 000 км;левый;2 поколение;серый;;115 CDI AT L1;;;
Mercedes-Benz;CL-Class;2006;1475148;https://auto.drom.ru/spb/mercedes-benz/cl-class/478387620.html;Характеристики совпадают с ПТС;5 записей о регистрации;Не числится в розыске;Ограничений не обнаружено;Санкт-Петербурге;бензин, 5.5 л;388 л.с., налог;АКПП;задний;144 228 км;левый;3 поколение;серебристый;;CL 500 AT;;;
Mercedes-Benz;M-Class;2006;1110000;https://auto.drom.ru/moscow/mercedes-benz/m-class/686107710.html;Характеристики совпадают с ПТС;5 записей о регистрации;Не числится в розыске;Ограничений не обнаружено;Москве;дизель, 3.0 л;190 л.с., налог;АКПП;4WD;284 365 км;левый;2 поколение;черный;;ML 280 CDI AT 4MATIC;;;
Mercedes-Benz;S-Class;2006;1745000;https://auto.drom.ru/podolsk/mercedes-benz/s-class/49009249.html;Характеристики совпадают с ПТС;3 записи о регистрации;Не числится в розыске;Ограничений не обнаружено;Подольске;бензин, 4.7 л;340 л.с., налог;АКПП;4WD;257 000 км;левый;5 поколение;бордовый;седан;S450 4MATIC;;;
Mercedes-Benz;M-Class;2006;1190000;https://auto.drom.ru/krasnogorsk/mercedes-benz/m-class/817879399.html;Характеристики совпадают с ПТС;5 записей о регистрации;Не числится в розыске;Ограничений не обнаружено;Красногорске;дизель, 3.0 л;224 л.с., налог;АКПП;4WD;370 000 км;левый;2 поколение;бордовый;;ML 320 CDI AT 4MATIC;;;
Mercedes-Benz;E-Class;2006;950000;https://auto.drom.ru/chehov/mercedes-benz/e-class/53615454.html;Характеристики совпадают с ПТС;7 записей о регистрации;Не числится в розыске;Ограничений не обнаружено;Чехове;бензин, 3.0 л;231 л.с., налог;АКПП;задний;165 000 км;левый;3 поколение, рестайлинг;черный;седан;E 280 AT Avantgarde;;;
Mercedes-Benz;M-Class;2006;1385000;https://auto.drom.ru/spb/mercedes-benz/m-class/941804251.html;Характеристики совпадают с ПТС;3 записи о регистрации;Не числится в розыске;Ограничений не обнаружено;Санкт-Петербурге;дизель, 3.0 л;224 л.с., налог;АКПП;4WD;235 817 км;левый;2 поколение;серебристый;;;;;
Mercedes-Benz;S-Class;2006;1400000;https://auto.drom.ru/voronezh/mercedes-benz/s-class/53582211.html;Характеристики совпадают с ПТС;3 записи о регистрации;Не числится в розыске;Ограничений не обнаружено;Воронеже;бензин, 3.5 л;272 л.с., налог;АКПП;задний;358 000 км;левый;5 поколение;черный;седан;S 350 AT L;;;
Mercedes-Benz;A-Class;2006;549000;https://auto.drom.ru/nizhniy-novgorod/mercedes-benz/a-class/444504533.html;;;;;Нижнем Новгороде;бензин, 1.7 л;116 л.с., налог;вариатор;передний;297 000 км;левый;2 поколение;серый;хэтчбек 5 дв.;A 170 CVT Classic;;;
Mercedes-Benz;E-Class;2006;930000;https://auto.drom.ru/spb/mercedes-benz/e-class/212097405.html;Характеристики совпадают с ПТС;6 записей о регистрации;Не числится в розыске;Ограничений не обнаружено;Санкт-Петербурге;бензин, 3.0 л;231 л.с., налог;АКПП;задний;280 000 км;левый;3 поколение;черный;седан;E 280 AТ Avantgarde;;;
Mercedes-Benz;E-Class;2006;1630000;https://auto.drom.ru/spb/mercedes-benz/e-class/53918674.html;Характеристики совпадают с ПТС;6 записей о регистрации;Не числится в розыске;Ограничений не обнаружено;Санкт-Петербурге;бензин, 3.0 л;231 л.с., налог;АКПП;4WD;169 000 км;левый;3 поколение, рестайлинг;синий;седан;E 280 AT 4MATIC Avantgarde;;;
Mercedes-Benz;M-Class;2006;723000;https://auto.drom.ru/saratov/mercedes-benz/m-class/318000574.html;Характеристики совпадают с ПТС;20 записей о регистрации;Не числится в розыске;Ограничений не обнаружено;Саратове;бензин, 3.5 л;272 л.с., налог;АКПП;4WD;248 000 км;левый;2 поколение;черный;;;;;
Mercedes-Benz;S-Class;2006;990000;https://auto.drom.ru/penza/mercedes-benz/s-class/868701451.html;Характеристики совпадают с ПТС;6 записей о регистрации;Не числится в розыске;Ограничений не обнаружено;Пензе;бензин, 4.7 л;340 л.с., налог;АКПП;4WD;400 000 км;левый;5 поколение;черный;седан;S 450 AT L 4MATIC;;;
Mercedes-Benz;B-Class;2006;430000;https://auto.drom.ru/moscow/mercedes-benz/b-class/453561458.html;Характеристики совпадают с ПТС;1 запись о регистрации;Не числится в розыске;Ограничений не обнаружено;Москве;бензин, 1.7 л;116 л.с., налог;вариатор;передний;170 000 км;левый;1 поколение;черный;;B 170 CVT "Особая серия";требуется ремонт или не на ходу;;
Mercedes-Benz;R-Class;2006;790000;https://auto.drom.ru/moscow/mercedes-benz/r-class/583300880.html;Характеристики совпадают с ПТС;12 записей о регистрации;Не числится в розыске;Ограничений не обнаружено;Москве;бензин, 3.5 л;272 л.с., налог;АКПП;4WD;250 000 км;левый;1 поколение;черный;;R 350 4MATIC AT;;;
Mercedes-Benz;C-Class;2007;750000;https://auto.drom.ru/belgorod/mercedes-benz/c-class/53865340.html;Характеристики совпадают с ПТС;4 записи о регистрации;Не числится в розыске;Ограничений не обнаружено;Белгороде;бензин, 1.8 л;143 л.с., налог;АКПП;задний;230 000 км;левый;2 поколение, рестайлинг;красный;хэтчбек 3 дв.;C180 Kompressor AT;;;
Mercedes-Benz;SL-Class;2007;3615000;https://auto.drom.ru/spb/mercedes-benz/sl-class/51992951.html;Характеристики совпадают с ПТС;10 записей о регистрации;Не числится в розыске;Ограничений не обнаружено;Санкт-Петербурге;бензин, 5.5 л;388 л.с., налог;автомат;задний;51 000 км;левый;;черный;купе;;;;
Mercedes-Benz;M-Class;2007;780000;https://auto.drom.ru/spb/mercedes-benz/m-class/674123776.html;Характеристики совпадают с ПТС;6 записей о регистрации;Не числится в розыске;Ограничений не обнаружено;Санкт-Петербурге;бензин, 3.5 л;272 л.с., налог;АКПП;4WD;282 000 км;левый;2 поколение;черный;;ML 350 AT 4MATIC;;;
Mercedes-Benz;G-Class;2007;4150000;https://auto.drom.ru/moscow/mercedes-benz/g-class/350311524.html;Цвет не совпадает с ПТС;4 записи о регистрации;Не числится в розыске;Ограничений не обнаружено;Москве;дизель, 3.0 л;224 л.с., налог;автомат;4WD;179 000 км;левый;2 поколение, 4 рестайлинг;белый;джип/suv 5 дв.;;;;
Mercedes-Benz;C-Class;2007;1089000;https://auto.drom.ru/moscow/mercedes-benz/c-class/54137054.html;Характеристики совпадают с ПТС;7 записей о регистрации;Не числится в розыске;Ограничений не обнаружено;Москве;бензин, 1.8 л;184 л.с., налог;АКПП;задний;264 519 км;левый;3 поколение;белый;седан;;;;
Mercedes-Benz;M-Class;2007;1450000;https://auto.drom.ru/spb/mercedes-benz/m-class/52598733.html;Характеристики совпадают с ПТС;3 записи о регистрации;Не числится в розыске;Ограничений не обнаружено;Санкт-Петербурге;дизель, 3.0 л;224 л.с., налог;АКПП;4WD;400 000 км;левый;2 поколение;черный;;ML 320 CDI AT 4MATIC;;;
Mercedes-Benz;E-Class;2007;1050000;https://auto.drom.ru/moscow/mercedes-benz/e-class/50023489.html;;;;;Москве;бензин, 3.5 л;272 л.с., налог;АКПП;4WD;270 000 км;левый;3 поколение, рестайлинг;белый;седан;E 350 AT 4MATIC Classic;;;
Mercedes-Benz;S-Class;2007;1250000;https://auto.drom.ru/spb/mercedes-benz/s-class/49228176.html;Характеристики совпадают с ПТС;9 записей о регистрации;Не числится в розыске;Ограничений не обнаружено;Санкт-Петербурге;бензин, 3.5 л;272 л.с., налог;АКПП;задний;350 000 км;левый;5 поколение;черный;седан;S 350 AT L;;;
Mercedes-Benz;E-Class;2007;1048856;https://auto.drom.ru/lida/mercedes-benz/e-class/53458296.html;;;;;Лиде;дизель, 3.0 л;224 л.с., налог;АКПП;задний;365 000 км;левый;3 поколение, рестайлинг;синий;седан;E 320 CDI AТ Elegance;;;
