Бренд;Модель;Год;Цена;URL;ПТС;Владельцы;Розыск;Ограничения;Город;Двигатель;Мощность;Коробка передач;Привод;Тип кузова;Цвет;Пробег;Руль;Поколение;Комплектация;
BMW;3-Series;1995;289000;https://auto.drom.ru/kstovo/bmw/3-series/54152431.html;Характеристики совпадают с ПТС;;Не числится в розыске;Ограничений не обнаружено;Кстово;бензин, 2.0 л;150 л.с., налог;механика;задний;седан;черный;365 000 км;левый;3 поколение;320i MT;
BMW;5-Series;2001;690000;https://auto.drom.ru/sosnoviy-bor/bmw/5-series/945778083.html;Характеристики совпадают с ПТС;7 записей о регистрации;Не числится в розыске;Ограничений не обнаружено;Сосновом Бору;дизель, 2.0 л;136 л.с., налог;механика;задний;седан;черный;360 000 км;левый;4 поколение, рестайлинг;520d MT;
BMW;7-Series;2007;1200000;https://auto.drom.ru/voronezh/bmw/7-series/53734576.html;;;;;Воронеже;бензин, 4.0 л;306 л.с., налог;АКПП;задний;;белый;114 000 км;левый;4 поколение, рестайлинг;;
BMW;X3;2008;1580000;https://auto.drom.ru/arzamas/bmw/x3/101193951.html;Характеристики совпадают с ПТС;7 записей о регистрации;Не числится в розыске;Ограничений не обнаружено;Арзамасе;дизель, 3.0 л;218 л.с., налог;АКПП;4WD;;черный;283 900 км;левый;1 поколение, рестайлинг;;
BMW;X6;2008;1500000;https://auto.drom.ru/moscow/bmw/x6/433652090.html;Характеристики совпадают с ПТС;7 записей о регистрации;Не числится в розыске;Ограничений не обнаружено;Москве;бензин, 4.4 л;408 л.с., налог;АКПП;4WD;;черный;250 000 км;левый;1 поколение;xDrive 50i AT;
BMW;3-Series;2008;900000;https://auto.drom.ru/tambov/bmw/3-series/404713433.html;Характеристики совпадают с ПТС;4 записи о регистрации;Не числится в розыске;Ограничений не обнаружено;Тамбове;дизель, 2.0 л;177 л.с., налог;АКПП;задний;универсал;серый;491 000 км;левый;5 поколение;;
BMW;X5;2008;1690000;https://auto.drom.ru/nizhniy-novgorod/bmw/x5/503911822.html;Характеристики совпадают с ПТС;2 записи о регистрации;Не числится в розыске;Ограничений не обнаружено;Нижнем Новгороде;дизель, 3.0 л;235 л.с., налог;АКПП;4WD;;черный;229 645 км;левый;2 поколение;xDrive 30d AT;
BMW;1-Series;2010;862000;https://auto.drom.ru/moscow/bmw/1-series/176718311.html;Характеристики совпадают с ПТС;4 записи о регистрации;Не числится в розыске;Ограничений не обнаружено;Москве;бензин, 2.0 л;136 л.с., налог;АКПП;задний;хэтчбек 5 дв.;красный;140 000 км;левый;1 поколение, рестайлинг;118i AT Base;
BMW;X5;2010;1686486;https://auto.drom.ru/minsk/bmw/x5/53099440.html;;;;;Минске;дизель, 3.0 л;286 л.с., налог;АКПП;4WD;;черный;269 000 км;левый;2 поколение;xDrive 35d AT Base;
BMW;X5;2010;1933683;https://auto.drom.ru/minsk/bmw/x5/53897288.html;;;;;Минске;дизель, 3.0 л;286 л.с., налог;АКПП;4WD;;белый;244 000 км;левый;2 поколение;xDrive 35d AT Base;
BMW;X6;2010;2300000;https://auto.drom.ru/shchelkovo/bmw/x6/767486438.html;Характеристики совпадают с ПТС;3 записи о регистрации;Не числится в розыске;Есть ограничения;Щёлкове;дизель, 3.0 л;245 л.с., налог;АКПП;4WD;;белый;260 000 км;левый;1 поколение;xDrive 30d AT;
BMW;X1;2010;1320000;https://auto.drom.ru/moscow/bmw/x1/52871307.html;Характеристики совпадают с ПТС;4 записи о регистрации;Не числится в розыске;Ограничений не обнаружено;Москве;бензин, 3.0 л;258 л.с., налог;АКПП;4WD;;белый;160 000 км;левый;1 поколение;;
BMW;5-Series;2010;1820000;https://auto.drom.ru/ivanteevka/bmw/5-series/267995017.html;Характеристики совпадают с ПТС;8 записей о регистрации;Не числится в розыске;Ограничений не обнаружено;Ивантеевке;бензин, 2.5 л;204 л.с., налог;АКПП;задний;седан;черный;216 500 км;левый;6 поколение;523i АT Базовая;
BMW;1-Series;2010;890000;https://auto.drom.ru/moscow/bmw/1-series/53632272.html;Характеристики совпадают с ПТС;5 записей о регистрации;Не числится в розыске;Ограничений не обнаружено;Москве;бензин, 1.6 л;115 л.с., налог;автомат;задний;хэтчбек 5 дв.;черный;93 363 км;левый;;;
BMW;5-Series;2010;1650000;https://auto.drom.ru/spb/bmw/5-series/53632791.html;Характеристики совпадают с ПТС;7 записей о регистрации;Не числится в розыске;Ограничений не обнаружено;Санкт-Петербурге;бензин, 2.5 л;204 л.с., налог;АКПП;задний;седан;белый;227 560 км;левый;6 поколение;523i АT Базовая;
BMW;X5;2010;1795000;https://auto.drom.ru/kaluga/bmw/x5/176235119.html;Характеристики совпадают с ПТС;7 записей о регистрации;Не числится в розыске;Ограничений не обнаружено;Калуге;дизель, 3.0 л;286 л.с., налог;АКПП;4WD;;бежевый;350 000 км;левый;2 поколение;xDrive 35d AT Base;
BMW;X1;2010;1350000;https://auto.drom.ru/kirov/bmw/x1/52768575.html;Характеристики совпадают с ПТС;6 записей о регистрации;Не числится в розыске;Ограничений не обнаружено;Кирове;дизель, 2.0 л;177 л.с., налог;АКПП;4WD;;коричневый;362 000 км;левый;1 поколение;;
BMW;X6;2010;2250000;https://auto.drom.ru/moscow/bmw/x6/856979033.html;Характеристики совпадают с ПТС;2 записи о регистрации;Не числится в розыске;Ограничений не обнаружено;Москве;дизель, 3.0 л;245 л.с., налог;АКПП;4WD;;черный;187 000 км;левый;1 поколение;xDrive 30d AT;
BMW;1-Series;2010;800000;https://auto.drom.ru/volgograd/bmw/1-series/53567901.html;Характеристики совпадают с ПТС;5 записей о регистрации;Не числится в розыске;Ограничений не обнаружено;Волгограде;бензин, 1.6 л;116 л.с., налог;АКПП;задний;хэтчбек 5 дв.;белый;200 000 км;левый;1 поколение, рестайлинг;116i AT Base;
BMW;X3;2010;770000;https://auto.drom.ru/cheboksary/bmw/x3/53933966.html;Характеристики совпадают с ПТС;6 записей о регистрации;Не числится в розыске;Ограничений не обнаружено;Чебоксарах;дизель, 2.0 л;177 л.с., налог;АКПП;4WD;;черный;228 000 км;левый;1 поколение, рестайлинг;xDrive20d AT;
BMW;X5;2010;2490000;https://auto.drom.ru/moscow/bmw/x5/353093940.html;Характеристики совпадают с ПТС;1 запись о регистрации;Не числится в розыске;Ограничений не обнаружено;Москве;дизель, 3.0 л;245 л.с., налог;АКПП;4WD;;черный;180 000 км;левый;2 поколение, рестайлинг;;
BMW;3-Series;2010;1320000;https://auto.drom.ru/spb/bmw/3-series/251602512.html;;;;;Санкт-Петербурге;бензин, 3.0 л;230 л.с., налог;АКПП;4WD;седан;серый;192 000 км;левый;5 поколение, рестайлинг;;
BMW;5-Series;2010;1950000;https://auto.drom.ru/spb/bmw/5-series/49536040.html;Характеристики совпадают с ПТС;9 записей о регистрации;Не числится в розыске;Ограничений не обнаружено;Санкт-Петербурге;дизель, 2.0 л;184 л.с., налог;АКПП;задний;седан;серый;250 000 км;левый;6 поколение;520d AT;
BMW;X5;2010;2100000;https://auto.drom.ru/moscow/bmw/x5/732937774.html;Характеристики совпадают с ПТС;2 записи о регистрации;Не числится в розыске;Ограничений не обнаружено;Москве;бензин, 4.4 л;407 л.с., налог;АКПП;4WD;;черный;212 700 км;левый;2 поколение, рестайлинг;xDrive 50i AT M Sports Edition;
BMW;X6;2010;1850000;https://auto.drom.ru/moscow/bmw/x6/642257044.html;Характеристики совпадают с ПТС;2 записи о регистрации;Не числится в розыске;Ограничений не обнаружено;Москве;бензин, 4.4 л;407 л.с., налог;АКПП;4WD;;белый;124 000 км;левый;1 поколение;;
BMW;5-Series;2010;1150000;https://auto.drom.ru/moscow/bmw/5-series/685372301.html;Характеристики совпадают с ПТС;6 записей о регистрации;Не числится в розыске;Ограничений не обнаружено;Москве;бензин, 3.0 л;258 л.с., налог;АКПП;задний;седан;серый;191 000 км;левый;6 поколение;528i АT Базовая;
BMW;3-Series;2010;1300000;https://auto.drom.ru/moscow/bmw/3-series/53118346.html;Характеристики совпадают с ПТС;8 записей о регистрации;Не числится в розыске;Ограничений не обнаружено;Москве;бензин, 2.0 л;156 л.с., налог;АКПП;задний;купе;черный;170 000 км;левый;5 поколение, рестайлинг;;
BMW;7-Series;2010;1750000;https://auto.drom.ru/spb/bmw/7-series/291277790.html;Характеристики совпадают с ПТС;4 записи о регистрации;Не числится в розыске;Ограничений не обнаружено;Санкт-Петербурге;дизель, 3.0 л;245 л.с., налог;АКПП;задний;;черный;255 000 км;левый;5 поколение;;
BMW;X6;2010;1689000;https://auto.drom.ru/spb/bmw/x6/424943726.html;Характеристики совпадают с ПТС;5 записей о регистрации;Не числится в розыске;Ограничений не обнаружено;Санкт-Петербурге;бензин, 3.0 л;306 л.с., налог;АКПП;4WD;;белый;146 000 км;левый;1 поколение;;
BMW;X6;2010;1800000;https://auto.drom.ru/moscow/bmw/x6/571681343.html;Характеристики совпадают с ПТС;5 записей о регистрации;Не числится в розыске;Ограничений не обнаружено;Москве;бензин, 4.4 л, гибрид;407 л.с., налог;АКПП;4WD;;черный;162 000 км;левый;1 поколение;xDrive ActiveHybrid AT;
BMW;X6;2010;2529000;https://auto.drom.ru/voronezh/bmw/x6/53506107.html;Характеристики совпадают с ПТС;1 запись о регистрации;Не числится в розыске;Есть ограничения;Воронеже;дизель, 3.0 л;306 л.с., налог;АКПП;4WD;;черный;144 572 км;левый;1 поколение;;
BMW;X5;2010;1700000;https://auto.drom.ru/moscow/bmw/x5/50586762.html;Характеристики совпадают с ПТС;4 записи о регистрации;Не числится в розыске;Ограничений не обнаружено;Москве;бензин, 4.8 л;355 л.с., налог;АКПП;4WD;;черный;161 000 км;левый;2 поколение;xDrive 48i AT;
BMW;1-Series;2010;990000;https://auto.drom.ru/sofrino/bmw/1-series/54154863.html;Характеристики совпадают с ПТС;8 записей о регистрации;Не числится в розыске;Ограничений не обнаружено;Софрино;бензин, 2.0 л;136 л.с., налог;АКПП;задний;хэтчбек 5 дв.;белый;177 000 км;левый;1 поколение, рестайлинг;118i AT Base;
BMW;X6;2011;2700000;https://auto.drom.ru/minsk/bmw/x6/411147287.html;;;;;Минске;дизель, 3.0 л;306 л.с., налог;АКПП;4WD;;черный;328 000 км, без пробега по РФ;левый;1 поколение;xDrive 40d AT;
BMW;1-Series;2011;1450000;https://auto.drom.ru/kolomna/bmw/1-series/721266647.html;Характеристики совпадают с ПТС;3 записи о регистрации;Не числится в розыске;Ограничений не обнаружено;Коломне;бензин, 1.6 л;170 л.с., налог;АКПП;задний;хэтчбек 5 дв.;белый;108 600 км;левый;2 поколение;118i AT Urban Line;
BMW;X5;2011;1563989;https://auto.drom.ru/minsk/bmw/x5/53066752.html;;;;;Минске;бензин, 3.0 л;306 л.с., налог;АКПП;4WD;;бордовый;141 567 км;левый;2 поколение, рестайлинг;;
BMW;5-Series;2011;1920000;https://auto.drom.ru/cheboksary/bmw/5-series/584768150.html;Характеристики совпадают с ПТС;4 записи о регистрации;Не числится в розыске;Ограничений не обнаружено;Чебоксарах;бензин, 2.5 л;204 л.с., налог;АКПП;задний;седан;черный;235 000 км;левый;6 поколение;523i АT Базовая;
BMW;X1;2011;1150000;https://auto.drom.ru/moscow/bmw/x1/882290459.html;Характеристики совпадают с ПТС;8 записей о регистрации;Не числится в розыске;Ограничений не обнаружено;Москве;бензин, 3.0 л;218 л.с., налог;АКПП;4WD;;белый;215 000 км;левый;1 поколение;xDrive25i AT;
BMW;X1;2011;1699000;https://auto.drom.ru/moscow/bmw/x1/54125884.html;Характеристики совпадают с ПТС;1 запись о регистрации;Не числится в розыске;Ограничений не обнаружено;Москве;дизель, 2.0 л;177 л.с., налог;АКПП;4WD;;коричневый;51 000 км;левый;1 поколение;xDrive 20d AT Lifestyle;
BMW;X3;2011;1939000;https://auto.drom.ru/spb/bmw/x3/53841407.html;Характеристики совпадают с ПТС;4 записи о регистрации;Не числится в розыске;Ограничений не обнаружено;Санкт-Петербурге;дизель, 3.0 л;313 л.с., налог;АКПП;4WD;;белый;210 681 км;левый;2 поколение;;
BMW;3-Series;2011;1550000;https://auto.drom.ru/yaroslavl/bmw/3-series/51928124.html;Характеристики совпадают с ПТС;4 записи о регистрации;Не числится в розыске;Ограничений не обнаружено;Ярославле;бензин, 2.5 л;218 л.с., налог;АКПП;4WD;купе;синий;127 500 км;левый;5 поколение, рестайлинг;325i AT xDrive;
BMW;X5;2011;1749789;https://auto.drom.ru/spb/bmw/x5/54122078.html;Характеристики совпадают с ПТС;5 записей о регистрации;Не числится в розыске;Ограничений не обнаружено;Санкт-Петербурге;бензин, 3.0 л;306 л.с., налог;АКПП;4WD;;черный;230 513 км;левый;2 поколение, рестайлинг;;
BMW;5-Series Gran Turismo;2011;2050000;https://auto.drom.ru/volgograd/bmw/5-series_gran_turismo/53830876.html;Характеристики совпадают с ПТС;7 записей о регистрации;Не числится в розыске;Ограничений не обнаружено;Волгограде;бензин, 3.0 л;306 л.с., налог;АКПП;4WD;;бордовый;141 000 км;левый;6 поколение;;
BMW;X3;2011;1442000;https://auto.drom.ru/spb/bmw/x3/434590643.html;Характеристики совпадают с ПТС;3 записи о регистрации;Не числится в розыске;Ограничений не обнаружено;Санкт-Петербурге;бензин, 3.0 л;306 л.с., налог;АКПП;4WD;;черный;267 172 км;левый;2 поколение;;
BMW;5-Series;2011;1700000;https://auto.drom.ru/moscow/bmw/5-series/407770414.html;Характеристики совпадают с ПТС;3 записи о регистрации;Не числится в розыске;Ограничений не обнаружено;Москве;бензин, 2.0 л;245 л.с., налог;АКПП;задний;седан;черный;153 000 км;левый;6 поколение;;
BMW;X5;2011;2180700;https://auto.drom.ru/moscow/bmw/x5/847477649.html;Характеристики совпадают с ПТС;6 записей о регистрации;Не числится в розыске;Ограничений не обнаружено;Москве;бензин, 3.0 л;306 л.с., налог;АКПП;4WD;;черный;152 671 км;левый;2 поколение, рестайлинг;;
BMW;5-Series Gran Turismo;2011;1939789;https://auto.drom.ru/spb/bmw/5-series_gran_turismo/674009788.html;Характеристики совпадают с ПТС;4 записи о регистрации;Не числится в розыске;Ограничений не обнаружено;Санкт-Петербурге;бензин, 3.0 л;306 л.с., налог;АКПП;4WD;;черный;159 771 км;левый;6 поколение;;
BMW;X6;2011;1489000;https://auto.drom.ru/moscow/bmw/x6/51054335.html;Характеристики совпадают с ПТС;5 записей о регистрации;Не числится в розыске;Ограничений не обнаружено;Москве;бензин, 3.0 л;306 л.с., налог;АКПП;4WD;;красный;176 000 км;левый;1 поколение;;
BMW;X5;2011;1649000;https://auto.drom.ru/spb/bmw/x5/255846819.html;Характеристики совпадают с ПТС;7 записей о регистрации;Не числится в розыске;Ограничений не обнаружено;Санкт-Петербурге;бензин, 4.4 л;407 л.с., налог;АКПП;4WD;;черный;133 593 км;левый;2 поколение, рестайлинг;;
BMW;1-Series;2011;1150000;https://auto.drom.ru/kotelniki/bmw/1-series/53411715.html;Характеристики совпадают с ПТС;4 записи о регистрации;Не числится в розыске;Ограничений не обнаружено;Котельниках;бензин, 1.6 л;170 л.с., налог;АКПП;задний;хэтчбек 5 дв.;белый;153 000 км;левый;2 поколение;118i AT Sport;
BMW;X5;2011;2580000;https://auto.drom.ru/moscow/bmw/x5/53410193.html;Характеристики совпадают с ПТС;1 запись о регистрации;Не числится в розыске;Ограничений не обнаружено;Москве;бензин, 3.0 л;306 л.с., налог;АКПП;4WD;;белый;54 848 км;левый;2 поколение, рестайлинг;;
BMW;6-Series;2011;1780000;https://auto.drom.ru/saratov/bmw/6-series/137454881.html;Характеристики совпадают с ПТС;10 записей о регистрации;Не числится в розыске;Ограничений не обнаружено;Саратове;бензин, 4.4 л;407 л.с., налог;АКПП;4WD;купе;белый;116 000 км;левый;3 поколение;650i AT xDrive;
BMW;X1;2011;1420000;https://auto.drom.ru/moscow/bmw/x1/279407564.html;Характеристики совпадают с ПТС;3 записи о регистрации;Не числится в розыске;Ограничений не обнаружено;Москве;дизель, 2.0 л;177 л.с., налог;АКПП;4WD;;красный;203 090 км;левый;1 поколение;;
BMW;5-Series;2011;1957000;https://auto.drom.ru/moscow/bmw/5-series/53789239.html;Характеристики совпадают с ПТС;2 записи о регистрации;Не числится в розыске;Ограничений не обнаружено;Москве;бензин, 2.0 л;245 л.с., налог;АКПП;4WD;седан;белый;151 650 км;левый;6 поколение;;
BMW;X3;2011;2430000;https://auto.drom.ru/moscow/bmw/x3/507079028.html;Характеристики совпадают с ПТС;3 записи о регистрации;Не числится в розыске;Ограничений не обнаружено;Москве;дизель, 3.0 л;258 л.с., налог;АКПП;4WD;;коричневый;115 000 км;левый;2 поколение;;
BMW;5-Series;2011;1550000;https://auto.drom.ru/belgorod/bmw/5-series/53376853.html;Характеристики совпадают с ПТС;6 записей о регистрации;Не числится в розыске;Ограничений не обнаружено;Белгороде;бензин, 2.5 л;204 л.с., налог;АКПП;задний;седан;черный;252 000 км;левый;6 поколение;523i АT Базовая;
BMW;X1;2011;1049000;https://auto.drom.ru/kolomna/bmw/x1/54057170.html;Характеристики совпадают с ПТС;3 записи о регистрации;Не числится в розыске;Ограничений не обнаружено;Коломне;бензин, 2.0 л;150 л.с., налог;АКПП;задний;;коричневый;195 434 км;левый;1 поколение;;
BMW;X6;2011;1800000;https://auto.drom.ru/nizhniy-novgorod/bmw/x6/52948104.html;Характеристики совпадают с ПТС;6 записей о регистрации;Не числится в розыске;Ограничений не обнаружено;Нижнем Новгороде;бензин, 3.0 л;306 л.с., налог;АКПП;4WD;;;;левый;1 поколение;;
BMW;X1;2011;1350000;https://auto.drom.ru/voronezh/bmw/x1/681776013.html;Характеристики совпадают с ПТС;4 записи о регистрации;Не числится в розыске;Ограничений не обнаружено;Воронеже;бензин, 2.0 л;150 л.с., налог;АКПП;задний;;красный;107 000 км;левый;1 поколение;sDrive18i AT;
BMW;X1;2011;1055000;https://auto.drom.ru/tula/bmw/x1/53766292.html;Характеристики совпадают с ПТС;5 записей о регистрации;Не числится в розыске;Ограничений не обнаружено;Туле;бензин, 2.0 л;150 л.с., налог;АКПП;задний;;белый;118 427 км;левый;1 поколение;;
BMW;7-Series;2011;1850000;https://auto.drom.ru/moscow/bmw/7-series/711391865.html;Характеристики совпадают с ПТС;2 записи о регистрации;Не числится в розыске;Ограничений не обнаружено;Москве;бензин, 3.0 л;258 л.с., налог;АКПП;задний;;серый;116 245 км;левый;5 поколение;;
BMW;3-Series;2011;1550000;https://auto.drom.ru/moscow/bmw/3-series/698265523.html;Характеристики совпадают с ПТС;6 записей о регистрации;Не числится в розыске;Ограничений не обнаружено;Москве;бензин, 2.0 л;245 л.с., налог;АКПП;задний;седан;белый;263 000 км;левый;6 поколение;328i AT Luxury Line;
BMW;X1;2011;1279099;https://auto.drom.ru/spb/bmw/x1/753363978.html;Характеристики совпадают с ПТС;7 записей о регистрации;Не числится в розыске;Ограничений не обнаружено;Санкт-Петербурге;дизель, 2.0 л;177 л.с., налог;АКПП;4WD;;коричневый;211 135 км;левый;1 поколение;;
BMW;X5;2011;1800000;https://auto.drom.ru/moscow/bmw/x5/924898233.html;Характеристики совпадают с ПТС;1 запись о регистрации;Не числится в розыске;Ограничений не обнаружено;Москве;бензин, 4.4 л;407 л.с., налог;АКПП;4WD;;черный;139 300 км;левый;2 поколение, рестайлинг;;
BMW;X3;2011;1360000;https://auto.drom.ru/spb/bmw/x3/740994552.html;Характеристики совпадают с ПТС;4 записи о регистрации;Не числится в розыске;Ограничений не обнаружено;Санкт-Петербурге;бензин, 3.0 л;258 л.с., налог;АКПП;4WD;;коричневый;179 305 км;правый;2 поколение;xDrive 28i;
BMW;5-Series;2011;2290000;https://auto.drom.ru/spb/bmw/5-series/567884332.html;Характеристики совпадают с ПТС;5 записей о регистрации;Не числится в розыске;Ограничений не обнаружено;Санкт-Петербурге;бензин, 2.5 л;204 л.с., налог;АКПП;задний;седан;черный;178 000 км;левый;6 поколение;523i АT Базовая;
BMW;X6;2011;2199000;https://auto.drom.ru/moscow/bmw/x6/53338829.html;Характеристики совпадают с ПТС;4 записи о регистрации;Не числится в розыске;Ограничений не обнаружено;Москве;дизель, 3.0 л;245 л.с., налог;АКПП;4WD;;белый;163 229 км;левый;1 поколение;;
BMW;X5;2011;2780000;https://auto.drom.ru/spb/bmw/x5/242665815.html;Характеристики совпадают с ПТС;2 записи о регистрации;Числится в розыске;Ограничений не обнаружено;Санкт-Петербурге;дизель, 3.0 л;245 л.с., налог;АКПП;4WD;;черный;268 300 км;левый;2 поколение, рестайлинг;;документы с проблемами, был двойник с таким VIN номером в другом регионе, мой автомобиль юридически чист, перед первой постановкой на учет в 2014 году была проведена эксперти;
BMW;X3;2011;1780000;https://auto.drom.ru/kasimov/bmw/x3/786077413.html;Характеристики совпадают с ПТС;6 записей о регистрации;Не числится в розыске;Ограничений не обнаружено;Касимове;дизель, 3.0 л;258 л.с., налог;АКПП;4WD;;белый;195 000 км;левый;2 поколение;;;
BMW;X6;2011;2450000;https://auto.drom.ru/kolomna/bmw/x6/202566691.html;Характеристики совпадают с ПТС;5 записей о регистрации;Не числится в розыске;Ограничений не обнаружено;Коломне;бензин, 4.4 л;555 л.с., налог;АКПП;4WD;;синий;129 800 км;левый;1 поколение;M;;
BMW;1-Series;2011;1850000;https://auto.drom.ru/mihaylovka/bmw/1-series/50461570.html;Характеристики совпадают с ПТС;4 записи о регистрации;Не числится в розыске;Есть ограничения;Михайловке;бензин, 3.0 л;306 л.с., налог;АКПП;задний;купе;белый;260 572 км;левый;1 поколение, 2 рестайлинг;135i AT Базовая;;
BMW;5-Series;2011;1954789;https://auto.drom.ru/spb/bmw/5-series/53311272.html;Характеристики совпадают с ПТС;5 записей о регистрации;Не числится в розыске;Ограничений не обнаружено;Санкт-Петербурге;бензин, 3.0 л;306 л.с., налог;АКПП;4WD;седан;синий;197 273 км;левый;6 поколение;;;
BMW;3-Series;2011;1050000;https://auto.drom.ru/klin/bmw/3-series/379854258.html;Характеристики совпадают с ПТС;5 записей о регистрации;Не числится в розыске;Ограничений не обнаружено;Клину;бензин, 2.0 л;136 л.с., налог;АКПП;задний;седан;черный;245 000 км;левый;5 поколение, рестайлинг;;;
BMW;1-Series;2011;1400000;https://auto.drom.ru/moscow/bmw/1-series/53966568.html;Характеристики совпадают с ПТС;4 записи о регистрации;Не числится в розыске;Ограничений не обнаружено;Москве;бензин, 1.6 л;136 л.с., налог;АКПП;задний;хэтчбек 5 дв.;белый;166 900 км;левый;2 поколение;116i AT Базовая;;
BMW;X1;2011;1200000;https://auto.drom.ru/voronezh/bmw/x1/53291515.html;Характеристики совпадают с ПТС;4 записи о регистрации;Не числится в розыске;Ограничений не обнаружено;Воронеже;бензин, 2.0 л;150 л.с., налог;АКПП;задний;;коричневый;110 103 км;левый;1 поколение;;;
BMW;X1;2011;1490000;https://auto.drom.ru/penza/bmw/x1/52827994.html;Характеристики совпадают с ПТС;5 записей о регистрации;Не числится в розыске;Ограничений не обнаружено;Пензе;бензин, 3.0 л;258 л.с., налог;АКПП;4WD;;коричневый;187 000 км;левый;1 поколение;xDrive 28i AT Базовая;;
BMW;1-Series;2011;1040000;https://auto.drom.ru/moscow/bmw/1-series/206050000.html;Характеристики совпадают с ПТС;3 записи о регистрации;Не числится в розыске;Ограничений не обнаружено;Москве;бензин, 1.6 л;115 л.с., налог;автомат;задний;хэтчбек 5 дв.;белый;50 919 км;левый;;;;
BMW;X5;2011;1960000;https://auto.drom.ru/moscow/bmw/x5/619429640.html;Характеристики совпадают с ПТС;3 записи о регистрации;Не числится в розыске;Ограничений не обнаружено;Москве;бензин, 3.0 л;306 л.с., налог;АКПП;4WD;;белый;233 986 км;левый;2 поколение, рестайлинг;;;
BMW;X6;2011;2500000;https://auto.drom.ru/kirov/bmw/x6/53717234.html;Характеристики совпадают с ПТС;6 записей о регистрации;Не числится в розыске;Ограничений не обнаружено;Кирове;дизель, 3.0 л;245 л.с., налог;АКПП;4WD;;черный;216 000 км;левый;1 поколение;xDrive 30d AT;;
BMW;3-Series;2011;845000;https://auto.drom.ru/moscow/bmw/3-series/273618111.html;Характеристики совпадают с ПТС;7 записей о регистрации;Не числится в розыске;Ограничений не обнаружено;Москве;бензин, 2.5 л;218 л.с., налог;АКПП;задний;седан;белый;220 000 км;левый;5 поколение, рестайлинг;;;
BMW;3-Series;2011;945000;https://auto.drom.ru/kanash/bmw/3-series/563943270.html;Характеристики совпадают с ПТС;6 записей о регистрации;Не числится в розыске;Ограничений не обнаружено;Канаше;бензин, 2.5 л;218 л.с., налог;АКПП;задний;седан;белый;240 000 км;левый;5 поколение, рестайлинг;;;
BMW;7-Series;2011;2000000;https://auto.drom.ru/stariy-oskol/bmw/7-series/53686583.html;Характеристики совпадают с ПТС;4 записи о регистрации;Не числится в розыске;Ограничений не обнаружено;Старом Осколе;бензин, 3.0 л;258 л.с., налог;АКПП;задний;;черный;135 500 км;левый;5 поколение;;;
BMW;X5;2011;2500000;https://auto.drom.ru/moscow/bmw/x5/53273029.html;Характеристики совпадают с ПТС;2 записи о регистрации;Не числится в розыске;Есть ограничения;Москве;бензин, 4.4 л;555 л.с., налог;АКПП;4WD;;серый;170 000 км;левый;2 поколение, рестайлинг;М;;
BMW;5-Series;2011;1820000;https://auto.drom.ru/lipetsk/bmw/5-series/52455672.html;Характеристики совпадают с ПТС;5 записей о регистрации;Не числится в розыске;Ограничений не обнаружено;Липецке;бензин, 2.5 л;204 л.с., налог;АКПП;задний;седан;синий;162 000 км;левый;6 поколение;523i АT Базовая;;
BMW;X5;2011;1600000;https://auto.drom.ru/moscow/bmw/x5/758407421.html;Цвет не совпадает с ПТС;5 записей о регистрации;Не числится в розыске;Ограничений не обнаружено;Москве;бензин, 4.4 л;407 л.с., налог;АКПП;4WD;;синий;288 000 км;левый;2 поколение, рестайлинг;xDrive 50i AT M Sports Edition;;
BMW;3-Series;2011;1350000;https://auto.drom.ru/podolsk/bmw/3-series/288687987.html;Характеристики совпадают с ПТС;8 записей о регистрации;Не числится в розыске;Ограничений не обнаружено;Подольске;бензин, 2.5 л;218 л.с., налог;АКПП;задний;седан;черный;223 000 км;левый;5 поколение, рестайлинг;;;
BMW;1-Series;2011;860000;https://auto.drom.ru/kolchugino/bmw/1-series/269781746.html;Характеристики совпадают с ПТС;4 записи о регистрации;Не числится в розыске;Ограничений не обнаружено;Кольчугино;бензин, 1.6 л;116 л.с., налог;АКПП;задний;хэтчбек 5 дв.;белый;195 000 км;левый;1 поколение, рестайлинг;116i AT Base;;
BMW;5-Series;2011;1733000;https://auto.drom.ru/moscow/bmw/5-series/280840501.html;Характеристики совпадают с ПТС;3 записи о регистрации;Не числится в розыске;Ограничений не обнаружено;Москве;бензин, 2.5 л;204 л.с., налог;АКПП;задний;седан;бежевый;172 193 км;левый;6 поколение;523i АT Базовая;;
BMW;3-Series;2011;1165000;https://auto.drom.ru/moscow/bmw/3-series/53976614.html;Характеристики совпадают с ПТС;8 записей о регистрации;Не числится в розыске;Ограничений не обнаружено;Москве;бензин, 2.0 л;156 л.с., налог;АКПП;задний;купе;синий;225 000 км;левый;5 поколение, рестайлинг;320i AT;;
BMW;3-Series;2011;1480000;https://auto.drom.ru/ulyanovsk/bmw/3-series/53670197.html;Характеристики совпадают с ПТС;4 записи о регистрации;Не числится в розыске;Ограничений не обнаружено;Ульяновске;бензин, 2.5 л;218 л.с., налог;АКПП;4WD;купе;белый;139 500 км;левый;5 поколение, рестайлинг;325i AT xDrive;;
BMW;X1;2011;1300000;https://auto.drom.ru/saratov/bmw/x1/53667872.html;Характеристики совпадают с ПТС;3 записи о регистрации;Не числится в розыске;Ограничений не обнаружено;Саратове;бензин, 2.0 л;150 л.с., налог;АКПП;задний;;красный;180 000 км;левый;1 поколение;;;
BMW;5-Series;2011;1850000;https://auto.drom.ru/spb/bmw/5-series/490484851.html;Характеристики совпадают с ПТС;5 записей о регистрации;Не числится в розыске;Ограничений не обнаружено;Санкт-Петербурге;бензин, 2.5 л;204 л.с., налог;АКПП;задний;седан;черный;162 000 км;левый;6 поколение;523i АT Базовая;;
BMW;5-Series;2011;1570587;https://auto.drom.ru/spb/bmw/5-series/166570466.html;Характеристики совпадают с ПТС;5 записей о регистрации;Не числится в розыске;Ограничений не обнаружено;Санкт-Петербурге;бензин, 2.5 л;204 л.с., налог;АКПП;задний;седан;черный;210 640 км;левый;6 поколение;523i АT Базовая;;
BMW;5-Series Gran Turismo;2011;2500000;https://auto.drom.ru/moscow/bmw/5-series_gran_turismo/53253752.html;Характеристики совпадают с ПТС;3 записи о регистрации;Не числится в розыске;Ограничений не обнаружено;Москве;бензин, 3.0 л;306 л.с., налог;АКПП;4WD;;черный;76 000 км;левый;6 поколение;;;
BMW;X1;2011;1150000;https://auto.drom.ru/domodedovo/bmw/x1/52929407.html;Характеристики совпадают с ПТС;8 записей о регистрации;Не числится в розыске;Ограничений не обнаружено;Домодедово;бензин, 2.0 л;150 л.с., налог;АКПП;задний;;коричневый;160 400 км;левый;1 поколение;sDrive18i AT;;
BMW;5-Series Gran Turismo;2011;1920000;https://auto.drom.ru/chehov/bmw/5-series_gran_turismo/52371359.html;Характеристики совпадают с ПТС;3 записи о регистрации;Не числится в розыске;Ограничений не обнаружено;Чехове;дизель, 3.0 л;245 л.с., налог;АКПП;задний;;серебристый;230 000 км;левый;6 поколение;530d AT;;
BMW;X6;2011;1617086;https://auto.drom.ru/minsk/bmw/x6/53164340.html;;;;;Минске;бензин, 3.0 л;306 л.с., налог;АКПП;4WD;;белый;176 129 км;левый;1 поколение;;;
BMW;X1;2011;1200000;https://auto.drom.ru/moscow/bmw/x1/797216223.html;Характеристики совпадают с ПТС;7 записей о регистрации;Не числится в розыске;Ограничений не обнаружено;Москве;бензин, 2.0 л;150 л.с., налог;АКПП;задний;;белый;158 873 км;левый;1 поколение;sDrive18i AT;;
BMW;X5;2011;2100000;https://auto.drom.ru/moscow/bmw/x5/712507214.html;Характеристики совпадают с ПТС;4 записи о регистрации;Не числится в розыске;Ограничений не обнаружено;Москве;бензин, 3.0 л;306 л.с., налог;АКПП;4WD;;черный;;левый;2 поколение, рестайлинг;;;
BMW;X1;2011;1260000;https://auto.drom.ru/moscow/bmw/x1/53111577.html;Характеристики совпадают с ПТС;7 записей о регистрации;Не числится в розыске;Ограничений не обнаружено;Москве;бензин, 2.0 л;245 л.с., налог;АКПП;4WD;;белый;237 000 км;левый;1 поколение;xDrive 28i AT Exclusive;;
BMW;5-Series;2011;1350000;https://auto.drom.ru/spb/bmw/5-series/53237637.html;Характеристики совпадают с ПТС;4 записи о регистрации;Не числится в розыске;Ограничений не обнаружено;Санкт-Петербурге;бензин, 2.5 л;204 л.с., налог;АКПП;задний;седан;бежевый;213 200 км;левый;6 поколение;523i АT Базовая;;
BMW;X3;2011;2100000;https://auto.drom.ru/moscow/bmw/x3/53094930.html;Характеристики совпадают с ПТС;4 записи о регистрации;Не числится в розыске;Ограничений не обнаружено;Москве;бензин, 3.0 л;258 л.с., налог;АКПП;4WD;;белый;230 000 км;левый;2 поколение;xDrive 28i AT;;
BMW;5-Series;2011;2036000;https://auto.drom.ru/himki/bmw/5-series/515363579.html;Характеристики совпадают с ПТС;5 записей о регистрации;Не числится в розыске;Ограничений не обнаружено;Химках;дизель, 3.0 л;258 л.с., налог;АКПП;4WD;седан;бежевый;133 001 км;левый;6 поколение;;;
BMW;1-Series;2011;999000;https://auto.drom.ru/spb/bmw/1-series/442214618.html;Характеристики совпадают с ПТС;4 записи о регистрации;Не числится в розыске;Ограничений не обнаружено;Санкт-Петербурге;бензин, 1.6 л;115 л.с., налог;автомат;задний;хэтчбек 3 дв.;черный;100 000 км;левый;;;;
BMW;5-Series;2011;1639000;https://auto.drom.ru/spb/bmw/5-series/345778778.html;Характеристики совпадают с ПТС;6 записей о регистрации;Не числится в розыске;Ограничений не обнаружено;Санкт-Петербурге;бензин, 2.5 л;204 л.с., налог;АКПП;задний;седан;бежевый;165 742 км;левый;6 поколение;523i АT Базовая;;
BMW;X1;2011;1420000;https://auto.drom.ru/zhirnovsk/bmw/x1/220095707.html;;;;;Жирновске;бензин, 2.0 л;150 л.с., налог;АКПП;задний;;черный;129 000 км;левый;1 поколение;sDrive 18i AT Urban;;
BMW;X6;2011;2290000;https://auto.drom.ru/nizhniy-novgorod/bmw/x6/796222818.html;Характеристики совпадают с ПТС;3 записи о регистрации;Не числится в розыске;Ограничений не обнаружено;Нижнем Новгороде;бензин, 3.0 л;306 л.с., налог;АКПП;4WD;;синий;164 233 км;левый;1 поколение;xDrive 35i AT;;
BMW;1-Series;2011;859789;https://auto.drom.ru/spb/bmw/1-series/52844575.html;Характеристики совпадают с ПТС;6 записей о регистрации;Не числится в розыске;Ограничений не обнаружено;Санкт-Петербурге;бензин, 1.6 л;115 л.с., налог;автомат;задний;хэтчбек 3 дв.;черный;172 153 км;левый;;;;
BMW;X6;2011;2397000;https://auto.drom.ru/moscow/bmw/x6/710891511.html;Характеристики совпадают с ПТС;2 записи о регистрации;Не числится в розыске;Ограничений не обнаружено;Москве;дизель, 3.0 л;245 л.с., налог;АКПП;4WD;;черный;185 959 км;левый;1 поколение;;;
BMW;X3;2011;1658000;https://auto.drom.ru/moscow/bmw/x3/936703324.html;Характеристики совпадают с ПТС;3 записи о регистрации;Не числится в розыске;Ограничений не обнаружено;Москве;бензин, 3.0 л;258 л.с., налог;АКПП;4WD;;коричневый;142 000 км;левый;2 поколение;;;
BMW;3-Series;2011;1999000;https://auto.drom.ru/voronezh/bmw/3-series/53957713.html;Характеристики совпадают с ПТС;1 запись о регистрации;Не числится в розыске;Ограничений не обнаружено;Воронеже;бензин, 3.0 л;233 л.с., налог;автомат;4WD;купе;белый;100 472 км;левый;;;;
BMW;1-Series;2011;400000;https://auto.drom.ru/odintsovo/bmw/1-series/53623513.html;Характеристики совпадают с ПТС;4 записи о регистрации;Числится в розыске;Ограничений не обнаружено;Одинцове;бензин, 1.6 л;116 л.с., налог;АКПП;задний;хэтчбек 5 дв.;белый;179 000 км;левый;1 поколение, рестайлинг;116i AT Base;требуется ремонт или не на ходу, документы с проблемами или отсутствуют;
BMW;5-Series;2011;1720000;https://auto.drom.ru/spb/bmw/5-series/51091441.html;Характеристики совпадают с ПТС;7 записей о регистрации;Не числится в розыске;Ограничений не обнаружено;Санкт-Петербурге;бензин, 3.0 л;258 л.с., налог;АКПП;задний;седан;черный;183 000 км;левый;6 поколение;;;
BMW;X6;2011;1850000;https://auto.drom.ru/spb/bmw/x6/48951494.html;Характеристики совпадают с ПТС;4 записи о регистрации;Не числится в розыске;Ограничений не обнаружено;Санкт-Петербурге;бензин, 3.0 л;306 л.с., налог;АКПП;4WD;;красный;115 000 км;левый;1 поколение;xDrive 35i AT;;
BMW;X6;2011;1919000;https://auto.drom.ru/spb/bmw/x6/424045793.html;Характеристики совпадают с ПТС;1 запись о регистрации;Не числится в розыске;Ограничений не обнаружено;Санкт-Петербурге;бензин, 3.0 л;306 л.с., налог;АКПП;4WD;;белый;146 580 км;левый;1 поколение;;;
BMW;X3;2011;1675000;https://auto.drom.ru/spb/bmw/x3/476139715.html;Характеристики совпадают с ПТС;4 записи о регистрации;Не числится в розыске;Ограничений не обнаружено;Санкт-Петербурге;дизель, 3.0 л;258 л.с., налог;АКПП;4WD;;белый;220 000 км;левый;2 поколение;;;
BMW;X5;2011;2690000;https://auto.drom.ru/moscow/bmw/x5/756474333.html;Характеристики совпадают с ПТС;2 записи о регистрации;Не числится в розыске;Ограничений не обнаружено;Москве;дизель, 3.0 л;245 л.с., налог;АКПП;4WD;;золотистый;198 000 км;левый;2 поколение, рестайлинг;xDrive 30d AT Специальная серия;;
BMW;3-Series;2011;1400000;https://auto.drom.ru/novomoskovsk/bmw/3-series/53954479.html;Характеристики совпадают с ПТС;5 записей о регистрации;Не числится в розыске;Ограничений не обнаружено;Новомосковске;бензин, 2.5 л;218 л.с., налог;АКПП;задний;седан;белый;133 000 км;левый;5 поколение, рестайлинг;325i AT Базовая;;
BMW;X1;2011;1164000;https://auto.drom.ru/himki/bmw/x1/548632525.html;Характеристики совпадают с ПТС;3 записи о регистрации;Не числится в розыске;Ограничений не обнаружено;Химках;бензин, 2.0 л;150 л.с., налог;АКПП;задний;;белый;189 599 км;левый;1 поколение;;;
BMW;5-Series;2011;1670000;https://auto.drom.ru/moscow/bmw/5-series/53611381.html;;;;;Москве;бензин, 2.5 л;204 л.с., налог;АКПП;задний;седан;черный;195 000 км;левый;6 поколение;523i АT Базовая;;
BMW;3-Series;2011;2100000;https://auto.drom.ru/spb/bmw/3-series/53610588.html;Характеристики совпадают с ПТС;2 записи о регистрации;Не числится в розыске;Ограничений не обнаружено;Санкт-Петербурге;дизель, 2.0 л;184 л.с., налог;АКПП;задний;седан;черный;184 000 км;левый;6 поколение;320d AT;;
BMW;5-Series Gran Turismo;2011;1999000;https://auto.drom.ru/moscow/bmw/5-series_gran_turismo/414846473.html;Характеристики совпадают с ПТС;4 записи о регистрации;Не числится в розыске;Ограничений не обнаружено;Москве;бензин, 3.0 л;306 л.с., налог;АКПП;4WD;;синий;107 174 км;левый;6 поколение;;;
BMW;X5;2011;2850000;https://auto.drom.ru/kaluga/bmw/x5/54020996.html;Характеристики совпадают с ПТС;3 записи о регистрации;Не числится в розыске;Ограничений не обнаружено;Калуге;дизель, 3.0 л;245 л.с., налог;АКПП;4WD;;красный;;левый;2 поколение, рестайлинг;;;
BMW;X6;2011;1599999;https://auto.drom.ru/minsk/bmw/x6/288630026.html;;;;;Минске;дизель, 3.0 л;245 л.с., налог;АКПП;4WD;;белый;300 000 км;левый;1 поколение;xDrive 30d AT;;
BMW;5-Series;2011;1809789;https://auto.drom.ru/spb/bmw/5-series/53948234.html;Характеристики совпадают с ПТС;6 записей о регистрации;Не числится в розыске;Ограничений не обнаружено;Санкт-Петербурге;дизель, 3.0 л;258 л.с., налог;АКПП;4WD;седан;серый;232 980 км;левый;6 поколение;;;
BMW;X5;2011;2299000;https://auto.drom.ru/yaroslavl/bmw/x5/52702847.html;Характеристики совпадают с ПТС;4 записи о регистрации;Не числится в розыске;Ограничений не обнаружено;Ярославле;дизель, 3.0 л;245 л.с., налог;АКПП;4WD;;белый;270 000 км;левый;2 поколение, рестайлинг;xDrive 30d AT Luxury;;
BMW;5-Series;2011;2130000;https://auto.drom.ru/serpuhov/bmw/5-series/128049313.html;Цвет не совпадает с ПТС;3 записи о регистрации;Не числится в розыске;Ограничений не обнаружено;Серпухове;дизель, 3.0 л;300 л.с., налог;автомат;4WD;универсал;черный;139 108 км;левый;;;;
BMW;5-Series;2011;1596000;https://auto.drom.ru/kazan/bmw/5-series/625423754.html;Характеристики совпадают с ПТС;6 записей о регистрации;Не числится в розыске;Ограничений не обнаружено;Казани;бензин, 2.5 л;204 л.с., налог;АКПП;задний;седан;серый;180 260 км;левый;6 поколение;523i АT Базовая;;
BMW;1-Series;2011;875000;https://auto.drom.ru/moscow/bmw/1-series/718382830.html;Характеристики совпадают с ПТС;2 записи о регистрации;Не числится в розыске;Ограничений не обнаружено;Москве;бензин, 1.6 л;116 л.с., налог;АКПП;задний;хэтчбек 5 дв.;белый;152 000 км;левый;1 поколение, рестайлинг;116i AT Base;;
BMW;X6;2011;2265000;https://auto.drom.ru/spb/bmw/x6/53583580.html;Характеристики совпадают с ПТС;1 запись о регистрации;Не числится в розыске;Ограничений не обнаружено;Санкт-Петербурге;дизель, 3.0 л;306 л.с., налог;АКПП;4WD;;красный;111 000 км;левый;1 поколение;;;
BMW;X5;2011;2300000;https://auto.drom.ru/moscow/bmw/x5/53582981.html;Характеристики совпадают с ПТС;3 записи о регистрации;Не числится в розыске;Ограничений не обнаружено;Москве;бензин, 4.4 л;407 л.с., налог;АКПП;4WD;;белый;102 000 км;левый;2 поколение, рестайлинг;xDrive 50i AT M Sports Edition;;
BMW;X6;2011;2997000;https://auto.drom.ru/penza/bmw/x6/53159936.html;Год не совпадает с ПТС;1 запись о регистрации;Не числится в розыске;Ограничений не обнаружено;Пензе;бензин, 4.4 л;555 л.с., налог;АКПП;4WD;;;123 600 км;левый;1 поколение;;;
BMW;X5;2011;2150000;https://auto.drom.ru/moscow/bmw/x5/53928937.html;Характеристики совпадают с ПТС;4 записи о регистрации;Не числится в розыске;Ограничений не обнаружено;Москве;бензин, 3.0 л;306 л.с., налог;АКПП;4WD;;серый;177 000 км;левый;2 поколение, рестайлинг;xDrive 35i AT Базовая;;
BMW;X1;2011;1350000;https://auto.drom.ru/ramenskoe/bmw/x1/53928350.html;Характеристики совпадают с ПТС;4 записи о регистрации;Не числится в розыске;Ограничений не обнаружено;Раменском;бензин, 2.0 л;150 л.с., налог;АКПП;задний;;коричневый;102 000 км;левый;1 поколение;;;
BMW;5-Series;2011;2555000;https://auto.drom.ru/bronnitsy/bmw/5-series/53927777.html;Характеристики совпадают с ПТС;1 запись о регистрации;Не числится в розыске;Ограничений не обнаружено;Бронницах;дизель, 3.0 л;245 л.с., налог;механика;задний;седан;синий;227 000 км;левый;6 поколение;530d MT Базовая;;
BMW;5-Series;2011;1370000;https://auto.drom.ru/spb/bmw/5-series/53926307.html;Характеристики совпадают с ПТС;11 записей о регистрации;Не числится в розыске;Ограничений не обнаружено;Санкт-Петербурге;бензин, 2.0 л;245 л.с., налог;АКПП;задний;седан;черный;224 500 км;левый;6 поколение;;;
BMW;X6;2011;1749000;https://auto.drom.ru/moscow/bmw/x6/53923945.html;Характеристики совпадают с ПТС;4 записи о регистрации;Не числится в розыске;Ограничений не обнаружено;Москве;бензин, 3.0 л;306 л.с., налог;АКПП;4WD;;черный;202 001 км;левый;1 поколение;;;
BMW;6-Series;2011;2800000;https://auto.drom.ru/moscow/bmw/6-series/53165953.html;Характеристики совпадают с ПТС;4 записи о регистрации;Не числится в розыске;Ограничений не обнаружено;Москве;бензин, 3.0 л;320 л.с., налог;АКПП;задний;купе;черный;83 300 км;левый;3 поколение;640i AT;;
BMW;Z4;2011;3790000;https://auto.drom.ru/moscow/bmw/z4/53158943.html;Мощность двигателя не совпадает с ПТС;3 записи о регистрации;Не числится в розыске;Ограничений не обнаружено;Москве;бензин, 3.0 л;306 л.с., налог;робот;задний;открытый;синий;71 083 км;левый;2 поколение;sDrive 35i DCT;;
BMW;3-Series;2011;1150000;https://auto.drom.ru/moscow/bmw/3-series/907806008.html;Характеристики совпадают с ПТС;9 записей о регистрации;Не числится в розыске;Ограничений не обнаружено;Москве;бензин, 2.0 л;245 л.с., налог;АКПП;задний;седан;белый;222 000 км;левый;6 поколение;328i AT;;
BMW;3-Series;2011;1365000;https://auto.drom.ru/cherepovets/bmw/3-series/271074148.html;Объем двигателя не совпадает с ПТС;3 записи о регистрации;Не числится в розыске;Ограничений не обнаружено;Череповце;бензин, 1.6 л;136 л.с., налог;АКПП;задний;седан;белый;134 278 км;левый;6 поколение;316i AT;;
BMW;3-Series;2011;999999;https://auto.drom.ru/vladimir/bmw/3-series/53561683.html;Характеристики совпадают с ПТС;7 записей о регистрации;Не числится в розыске;Ограничений не обнаружено;Владимире;бензин, 2.0 л;156 л.с., налог;АКПП;задний;седан;серебристый;330 000 км;левый;5 поколение, рестайлинг;;;
BMW;1-Series;2011;750000;https://auto.drom.ru/spb/bmw/1-series/53548095.html;Характеристики совпадают с ПТС;10 записей о регистрации;Не числится в розыске;Ограничений не обнаружено;Санкт-Петербурге;бензин, 1.6 л;116 л.с., налог;АКПП;задний;хэтчбек 3 дв.;черный;182 000 км;левый;1 поколение, рестайлинг;116i AT Базовая;;
BMW;5-Series;2011;2070000;https://auto.drom.ru/cheboksary/bmw/5-series/53907467.html;Характеристики совпадают с ПТС;7 записей о регистрации;Не числится в розыске;Есть ограничения;Чебоксарах;бензин, 3.0 л;258 л.с., налог;АКПП;задний;седан;черный;;левый;6 поколение;;;
BMW;X1;2011;1400000;https://auto.drom.ru/millerovo/bmw/x1/54045383.html;Характеристики совпадают с ПТС;4 записи о регистрации;Не числится в розыске;Ограничений не обнаружено;Миллерово;бензин, 2.0 л;150 л.с., налог;АКПП;задний;;белый;87 800 км;левый;1 поколение;sDrive18i AT;;
BMW;X3;2011;1690777;https://auto.drom.ru/spb/bmw/x3/333557895.html;Характеристики совпадают с ПТС;3 записи о регистрации;Не числится в розыске;Ограничений не обнаружено;Санкт-Петербурге;бензин, 3.0 л;258 л.с., налог;АКПП;4WD;;красный;148 000 км;левый;2 поколение;;;
BMW;X6;2011;2700000;https://auto.drom.ru/kazan/bmw/x6/53913138.html;Характеристики совпадают с ПТС;2 записи о регистрации;Не числится в розыске;Ограничений не обнаружено;Казани;бензин, 3.0 л;306 л.с., налог;АКПП;4WD;;черный;166 000 км;левый;1 поколение;;;
BMW;1-Series;2011;1047211;https://auto.drom.ru/kazan/bmw/1-series/53135694.html;Характеристики совпадают с ПТС;3 записи о регистрации;Не числится в розыске;Ограничений не обнаружено;Казани;бензин, 1.6 л;136 л.с., налог;АКПП;задний;хэтчбек 5 дв.;белый;165 100 км;левый;2 поколение;;;
BMW;3-Series;2011;1418000;https://auto.drom.ru/spb/bmw/3-series/382265962.html;Характеристики совпадают с ПТС;3 записи о регистрации;Не числится в розыске;Ограничений не обнаружено;Санкт-Петербурге;бензин, 2.5 л;218 л.с., налог;механика;4WD;купе;черный;96 000 км;левый;5 поколение, рестайлинг;325i MT xDrive;;
BMW;X3;2011;1620000;https://auto.drom.ru/spb/bmw/x3/328053125.html;Характеристики совпадают с ПТС;3 записи о регистрации;Не числится в розыске;Ограничений не обнаружено;Санкт-Петербурге;дизель, 2.0 л;184 л.с., налог;АКПП;4WD;;голубой;227 165 км;левый;2 поколение;;;
BMW;X1;2011;1710000;https://auto.drom.ru/volgograd/bmw/x1/53120729.html;Характеристики совпадают с ПТС;1 запись о регистрации;Не числится в розыске;Ограничений не обнаружено;Волгограде;дизель, 2.0 л;177 л.с., налог;АКПП;4WD;;белый;98 300 км;левый;1 поколение;;;
BMW;X3;2011;1200000;https://auto.drom.ru/balashiha/bmw/x3/53904246.html;Характеристики совпадают с ПТС;7 записей о регистрации;Не числится в розыске;Ограничений не обнаружено;Балашихе;дизель, 2.0 л;184 л.с., налог;АКПП;4WD;;белый;70 000 км;левый;2 поколение;;документы с проблемами или отсутствуют;
BMW;5-Series;2011;1615000;https://auto.drom.ru/spb/bmw/5-series/53542357.html;Характеристики совпадают с ПТС;5 записей о регистрации;Не числится в розыске;Ограничений не обнаружено;Санкт-Петербурге;бензин, 2.0 л;184 л.с., налог;АКПП;задний;седан;черный;153 000 км;левый;6 поколение;;;
BMW;5-Series Gran Turismo;2011;3000000;https://auto.drom.ru/moscow/bmw/5-series_gran_turismo/53135643.html;Характеристики совпадают с ПТС;6 записей о регистрации;Не числится в розыске;Ограничений не обнаружено;Москве;дизель, 3.0 л;300 л.с., налог;АКПП;4WD;;черный;131 500 км;левый;6 поколение;;;
BMW;X1;2011;1170000;https://auto.drom.ru/krasnoznamensk-moscow/bmw/x1/53129597.html;Характеристики совпадают с ПТС;6 записей о регистрации;Не числится в розыске;Ограничений не обнаружено;Краснознаменске;бензин, 2.0 л;150 л.с., налог;АКПП;задний;;коричневый;195 000 км;левый;1 поколение;;;
BMW;X1;2011;1449000;https://auto.drom.ru/spb/bmw/x1/53122832.html;Характеристики совпадают с ПТС;2 записи о регистрации;Не числится в розыске;Ограничений не обнаружено;Санкт-Петербурге;дизель, 2.0 л;177 л.с., налог;АКПП;4WD;;синий;157 000 км;левый;1 поколение;;;
BMW;X1;2011;1160000;https://auto.drom.ru/saransk/bmw/x1/437483048.html;Характеристики совпадают с ПТС;4 записи о регистрации;Не числится в розыске;Ограничений не обнаружено;Саранске;бензин, 2.0 л;150 л.с., налог;АКПП;задний;;;243 000 км;левый;1 поколение;;;
BMW;1-Series;2011;1350000;https://auto.drom.ru/minsk/bmw/1-series/53897666.html;Характеристики совпадают с ПТС;2 записи о регистрации;Не числится в розыске;Ограничений не обнаружено;Минске;дизель, 2.0 л;184 л.с., налог;АКПП;задний;хэтчбек 5 дв.;черный;210 000 км;левый;2 поколение;120d AT Urban;;
BMW;5-Series;2011;2000000;https://auto.drom.ru/moscow/bmw/5-series/53889138.html;Характеристики совпадают с ПТС;9 записей о регистрации;Не числится в розыске;Ограничений не обнаружено;Москве;дизель, 3.0 л;258 л.с., налог;АКПП;4WD;седан;синий;238 213 км;левый;6 поколение;530d AT xDrive Luxury;;
BMW;X3;2011;1649000;https://auto.drom.ru/spb/bmw/x3/53525326.html;Характеристики совпадают с ПТС;3 записи о регистрации;Не числится в розыске;Ограничений не обнаружено;Санкт-Петербурге;бензин, 3.0 л;258 л.с., налог;АКПП;4WD;;голубой;173 753 км;левый;2 поколение;;;
BMW;3-Series;2011;1400000;https://auto.drom.ru/spb/bmw/3-series/652119337.html;Характеристики совпадают с ПТС;2 записи о регистрации;Не числится в розыске;Ограничений не обнаружено;Санкт-Петербурге;бензин, 2.0 л;136 л.с., налог;АКПП;задний;седан;серый;65 000 км;левый;5 поколение, рестайлинг;318i AT Базовая;;
BMW;3-Series;2011;1260000;https://auto.drom.ru/novocheboksarsk/bmw/3-series/53884651.html;Характеристики совпадают с ПТС;2 записи о регистрации;Не числится в розыске;Ограничений не обнаружено;Новочебоксарске;бензин, 2.0 л;136 л.с., налог;АКПП;задний;седан;белый;159 000 км;левый;5 поколение, рестайлинг;318i AT Базовая;;
BMW;3-Series;2011;1200000;https://auto.drom.ru/kirov/bmw/3-series/53882639.html;Характеристики совпадают с ПТС;10 записей о регистрации;Не числится в розыске;Ограничений не обнаружено;Кирове;бензин, 2.0 л;136 л.с., налог;АКПП;задний;седан;белый;175 000 км;левый;5 поколение, рестайлинг;318i AT Special Edition;;
BMW;X5;2011;2250000;https://auto.drom.ru/spb/bmw/x5/52204841.html;Цвет не совпадает с ПТС;4 записи о регистрации;Не числится в розыске;Ограничений не обнаружено;Санкт-Петербурге;бензин, 4.4 л;555 л.с., налог;АКПП;4WD;;черный;132 000 км;левый;2 поколение, рестайлинг;;;
BMW;7-Series;2011;1350000;https://auto.drom.ru/moscow/bmw/7-series/796514966.html;Характеристики совпадают с ПТС;5 записей о регистрации;Не числится в розыске;Ограничений не обнаружено;Москве;бензин, 4.4 л;407 л.с., налог;АКПП;4WD;;черный;217 000 км;левый;5 поколение;750Li AT xDrive;;
BMW;X1;2011;1225000;https://auto.drom.ru/volgograd/bmw/x1/53872899.html;Характеристики совпадают с ПТС;7 записей о регистрации;Не числится в розыске;Ограничений не обнаружено;Волгограде;бензин, 2.0 л;150 л.с., налог;АКПП;задний;;коричневый;168 505 км;левый;1 поколение;;;
BMW;X1;2011;1550000;https://auto.drom.ru/cheboksary/bmw/x1/54154685.html;Характеристики совпадают с ПТС;5 записей о регистрации;Не числится в розыске;Ограничений не обнаружено;Чебоксарах;дизель, 2.0 л;177 л.с., налог;АКПП;4WD;;синий;152 000 км;левый;1 поколение;xDrive 20d AT Lifestyle;;
BMW;X6;2011;1700000;https://auto.drom.ru/moscow/bmw/x6/54152265.html;Характеристики совпадают с ПТС;4 записи о регистрации;Не числится в розыске;Есть ограничения;Москве;бензин, 4.4 л;565 л.с., налог;автомат;4WD;;черный;157 900 км;левый;1 поколение;;;
BMW;3-Series;2011;1060000;https://auto.drom.ru/kirov/bmw/3-series/53866719.html;Характеристики совпадают с ПТС;;Не числится в розыске;Ограничений не обнаружено;Кирове;бензин, 2.0 л;136 л.с., налог;АКПП;задний;седан;серый;280 000 км;левый;5 поколение, рестайлинг;318i AT Базовая;;
BMW;5-Series;2011;1667000;https://auto.drom.ru/moscow/bmw/5-series/54146148.html;Характеристики совпадают с ПТС;1 запись о регистрации;Не числится в розыске;Ограничений не обнаружено;Москве;бензин, 3.0 л;258 л.с., налог;АКПП;задний;седан;серый;261 000 км;левый;6 поколение;;;
BMW;X3;2012;2175000;https://auto.drom.ru/spb/bmw/x3/53485621.html;Характеристики совпадают с ПТС;3 записи о регистрации;Не числится в розыске;Ограничений не обнаружено;Санкт-Петербурге;дизель, 3.0 л;249 л.с., налог;АКПП;4WD;;черный;206 750 км;левый;2 поколение;;;
BMW;5-Series Gran Turismo;2012;2150000;https://auto.drom.ru/spb/bmw/5-series_gran_turismo/569574339.html;Характеристики совпадают с ПТС;7 записей о регистрации;Не числится в розыске;Ограничений не обнаружено;Санкт-Петербурге;дизель, 3.0 л;245 л.с., налог;АКПП;4WD;;черный;182 000 км;левый;6 поколение;;;
BMW;3-Series;2012;1850000;https://auto.drom.ru/moscow/bmw/3-series/737443088.html;Характеристики совпадают с ПТС;1 запись о регистрации;Не числится в розыске;Ограничений не обнаружено;Москве;дизель, 2.0 л;184 л.с., налог;АКПП;задний;седан;синий;242 854 км;левый;;;;
BMW;X3;2012;1850000;https://auto.drom.ru/voronezh/bmw/x3/54144816.html;Характеристики совпадают с ПТС;2 записи о регистрации;Не числится в розыске;Ограничений не обнаружено;Воронеже;бензин, 2.0 л;184 л.с., налог;АКПП;4WD;;белый;170 000 км;левый;2 поколение;;;
BMW;5-Series;2012;1631000;https://auto.drom.ru/moscow/bmw/5-series/53844723.html;Характеристики совпадают с ПТС;5 записей о регистрации;Не числится в розыске;Ограничений не обнаружено;Москве;бензин, 2.0 л;184 л.с., налог;АКПП;задний;седан;синий;127 711 км;левый;6 поколение;;;
BMW;5-Series;2012;1640000;https://auto.drom.ru/spb/bmw/5-series/673471944.html;Цвет не совпадает с ПТС;4 записи о регистрации;Не числится в розыске;Ограничений не обнаружено;Санкт-Петербурге;дизель, 2.0 л;184 л.с., налог;АКПП;задний;седан;розовый;280 000 км;левый;6 поколение;;;
BMW;X1;2012;1335000;https://auto.drom.ru/saratov/bmw/x1/54144201.html;Характеристики совпадают с ПТС;6 записей о регистрации;Не числится в розыске;Ограничений не обнаружено;Саратове;бензин, 2.0 л;150 л.с., налог;АКПП;задний;;белый;173 833 км;левый;1 поколение;;;
BMW;X6;2012;3500000;https://auto.drom.ru/moscow/bmw/x6/53483748.html;Характеристики совпадают с ПТС;4 записи о регистрации;Не числится в розыске;Ограничений не обнаружено;Москве;дизель, 3.0 л;245 л.с., налог;АКПП;4WD;;черный;106 790 км;левый;1 поколение, рестайлинг;xDrive 30d AT;;
BMW;X6;2012;1800000;https://auto.drom.ru/moscow/bmw/x6/546273039.html;Характеристики совпадают с ПТС;2 записи о регистрации;Не числится в розыске;Ограничений не обнаружено;Москве;бензин, 3.0 л;306 л.с., налог;АКПП;4WD;;черный;234 000 км;левый;1 поколение;;;
BMW;X1;2012;1195000;https://auto.drom.ru/vologda/bmw/x1/53830781.html;Характеристики совпадают с ПТС;4 записи о регистрации;Не числится в розыске;Ограничений не обнаружено;Вологде;дизель, 2.0 л;177 л.с., налог;АКПП;4WD;;белый;240 387 км;левый;1 поколение;;;
BMW;X1;2012;1849000;https://auto.drom.ru/spb/bmw/x1/171624503.html;Характеристики совпадают с ПТС;3 записи о регистрации;Не числится в розыске;Ограничений не обнаружено;Санкт-Петербурге;бензин, 2.0 л;184 л.с., налог;АКПП;4WD;;серый;68 600 км;левый;1 поколение;;;
BMW;3-Series;2012;1900000;https://auto.drom.ru/nizhniy-novgorod/bmw/3-series/560407374.html;Характеристики совпадают с ПТС;5 записей о регистрации;Не числится в розыске;Ограничений не обнаружено;Нижнем Новгороде;бензин, 2.0 л;245 л.с., налог;АКПП;задний;седан;серый;195 000 км;левый;6 поколение;328i AT Luxury Line;;
BMW;3-Series;2012;1737000;https://auto.drom.ru/moscow/bmw/3-series/53831855.html;Характеристики совпадают с ПТС;2 записи о регистрации;Не числится в розыске;Ограничений не обнаружено;Москве;бензин, 2.0 л;184 л.с., налог;АКПП;задний;седан;белый;169 860 км;левый;6 поколение;;;
BMW;1-Series;2012;971000;https://auto.drom.ru/moscow/bmw/1-series/52525733.html;Характеристики совпадают с ПТС;6 записей о регистрации;Не числится в розыске;Ограничений не обнаружено;Москве;бензин, 1.6 л;136 л.с., налог;АКПП;задний;хэтчбек 5 дв.;черный;226 905 км;левый;2 поколение;;;
BMW;3-Series;2012;1677000;https://auto.drom.ru/himki/bmw/3-series/53464662.html;Характеристики совпадают с ПТС;4 записи о регистрации;Не числится в розыске;Ограничений не обнаружено;Химках;бензин, 2.0 л;184 л.с., налог;АКПП;задний;седан;черный;116 401 км;левый;6 поколение;;;
BMW;X3;2012;2445000;https://auto.drom.ru/moscow/bmw/x3/54133680.html;Характеристики совпадают с ПТС;1 запись о регистрации;Не числится в розыске;Ограничений не обнаружено;Москве;дизель, 2.0 л;184 л.с., налог;АКПП;4WD;;белый;91 799 км;левый;2 поколение;;;
BMW;X5;2012;1750000;https://auto.drom.ru/moscow/bmw/x5/54127438.html;Характеристики совпадают с ПТС;8 записей о регистрации;Не числится в розыске;Есть ограничения;Москве;бензин, 4.4 л;407 л.с., налог;АКПП;4WD;;белый;152 000 км;левый;2 поколение, рестайлинг;xDrive 50i AT M Sports Edition;;
BMW;5-Series;2012;1750000;https://auto.drom.ru/moscow/bmw/5-series/54123424.html;Характеристики совпадают с ПТС;4 записи о регистрации;Не числится в розыске;Ограничений не обнаружено;Москве;бензин, 2.0 л;184 л.с., налог;АКПП;задний;седан;коричневый;325 000 км;левый;6 поколение;520i AT Special Edition;;
BMW;X6;2012;2600000;https://auto.drom.ru/moscow/bmw/x6/54082980.html;Характеристики совпадают с ПТС;8 записей о регистрации;Не числится в розыске;Ограничений не обнаружено;Москве;бензин, 3.0 л;306 л.с., налог;АКПП;4WD;;синий;211 800 км;левый;1 поколение, рестайлинг;xDrive 35i AT;документы с проблемами или отсутствуют;
BMW;3-Series;2012;1700000;https://auto.drom.ru/chehov/bmw/3-series/53841198.html;Характеристики совпадают с ПТС;2 записи о регистрации;Не числится в розыске;Ограничений не обнаружено;Чехове;бензин, 2.0 л;184 л.с., налог;АКПП;задний;седан;черный;96 000 км;левый;6 поколение;320i AT;;
BMW;5-Series Gran Turismo;2012;1999000;https://auto.drom.ru/obninsk/bmw/5-series_gran_turismo/52151804.html;Характеристики совпадают с ПТС;5 записей о регистрации;Не числится в розыске;Ограничений не обнаружено;Обнинске;дизель, 3.0 л;258 л.с., налог;АКПП;4WD;;белый;280 000 км;левый;6 поколение;530d AT xDrive;;
BMW;X1;2012;1360000;https://auto.drom.ru/belgorod/bmw/x1/879755477.html;Характеристики совпадают с ПТС;6 записей о регистрации;Не числится в розыске;Ограничений не обнаружено;Белгороде;бензин, 2.0 л;150 л.с., налог;АКПП;задний;;коричневый;198 300 км;левый;1 поколение;;;
BMW;X3;2012;2200000;https://auto.drom.ru/volgograd/bmw/x3/53670685.html;Характеристики совпадают с ПТС;3 записи о регистрации;Не числится в розыске;Ограничений не обнаружено;Волгограде;бензин, 3.0 л;258 л.с., налог;АКПП;4WD;;серебристый;130 291 км;левый;2 поколение;;;
BMW;3-Series;2012;1829000;https://auto.drom.ru/moscow/bmw/3-series/54111952.html;Характеристики совпадают с ПТС;5 записей о регистрации;Не числится в розыске;Ограничений не обнаружено;Москве;бензин, 2.0 л;245 л.с., налог;АКПП;4WD;седан;зеленый;164 481 км;левый;6 поколение;;;
BMW;3-Series;2012;1900000;https://auto.drom.ru/togliatti/bmw/3-series/53460388.html;Характеристики совпадают с ПТС;5 записей о регистрации;Не числится в розыске;Ограничений не обнаружено;Тольятти;бензин, 2.0 л;245 л.с., налог;АКПП;задний;седан;коричневый;240 000 км;левый;6 поколение;328i AT Luxury Line;;
BMW;3-Series;2012;1495000;https://auto.drom.ru/yaroslavl/bmw/3-series/52570604.html;Характеристики совпадают с ПТС;4 записи о регистрации;Не числится в розыске;Ограничений не обнаружено;Ярославле;дизель, 2.0 л;184 л.с., налог;АКПП;задний;седан;белый;165 880 км;левый;;;;
BMW;1-Series;2012;969000;https://auto.drom.ru/spb/bmw/1-series/52371308.html;Характеристики совпадают с ПТС;6 записей о регистрации;Не числится в розыске;Ограничений не обнаружено;Санкт-Петербурге;бензин, 1.6 л;136 л.с., налог;АКПП;задний;хэтчбек 5 дв.;белый;97 046 км;левый;2 поколение;;;
BMW;X1;2012;1349000;https://auto.drom.ru/spb/bmw/x1/645533702.html;Характеристики совпадают с ПТС;4 записи о регистрации;Не числится в розыске;Ограничений не обнаружено;Санкт-Петербурге;бензин, 2.0 л;184 л.с., налог;АКПП;4WD;;черный;179 000 км;левый;1 поколение;;;
BMW;X5;2012;1728000;https://auto.drom.ru/moscow/bmw/x5/882299011.html;Характеристики совпадают с ПТС;6 записей о регистрации;Не числится в розыске;Ограничений не обнаружено;Москве;бензин, 4.4 л;407 л.с., налог;АКПП;4WD;;белый;161 846 км;левый;2 поколение, рестайлинг;;;
BMW;5-Series;2012;1550000;https://auto.drom.ru/moscow/bmw/5-series/54100363.html;Характеристики совпадают с ПТС;4 записи о регистрации;Не числится в розыске;Ограничений не обнаружено;Москве;бензин, 2.0 л;245 л.с., налог;АКПП;4WD;седан;черный;237 085 км;левый;6 поколение;;;
