Бренд;Модель;Год;Цена;URL;ПТС;Владельцы;Розыск;Ограничения;Город;Двигатель;Мощность;Коробка передач;Привод;Тип кузова;Цвет;Пробег;Руль;Поколение;Комплектация;Особые отметки;
BMW;X3;2014;2049550;https://auto.drom.ru/spb/bmw/x3/53585747.html;Характеристики совпадают с ПТС;3 записи о регистрации;Не числится в розыске;Ограничений не обнаружено;Санкт-Петербурге;дизель, 2.0 л;184 л.с., налог;АКПП;4WD;;коричневый;171 300 км;левый;2 поколение;;;
BMW;X3;2014;2600000;https://auto.drom.ru/moscow/bmw/x3/834136324.html;Характеристики совпадают с ПТС;1 запись о регистрации;Не числится в розыске;Ограничений не обнаружено;Москве;2.0 л;;автомат;;;серый;68 000 км;левый;2 поколение;;;
BMW;X3;2014;2455450;https://auto.drom.ru/moscow/bmw/x3/53937588.html;Характеристики совпадают с ПТС;3 записи о регистрации;Не числится в розыске;Ограничений не обнаружено;Москве;бензин, 2.0 л;245 л.с., налог;АКПП;4WD;;черный;111 737 км;левый;2 поколение;;;
BMW;X3;2014;2150000;https://auto.drom.ru/kirov/bmw/x3/53935160.html;Характеристики совпадают с ПТС;8 записей о регистрации;Не числится в розыске;Ограничений не обнаружено;Кирове;дизель, 2.0 л;184 л.с., налог;АКПП;4WD;;синий;152 000 км;левый;2 поколение;xDrive 20d AT;;
BMW;3-Series;2014;2080000;https://auto.drom.ru/tula/bmw/3-series/53581550.html;Характеристики совпадают с ПТС;5 записей о регистрации;Не числится в розыске;Ограничений не обнаружено;Туле;дизель, 2.0 л;184 л.с., налог;АКПП;4WD;седан;белый;114 600 км;левый;6 поколение;320d AT xDrive Modern Line;;
BMW;X3;2014;2400000;https://auto.drom.ru/vologda/bmw/x3/53545966.html;Характеристики совпадают с ПТС;5 записей о регистрации;Не числится в розыске;Ограничений не обнаружено;Вологде;дизель, 2.0 л;190 л.с., налог;АКПП;4WD;;белый;210 000 км;левый;2 поколение, рестайлинг;xDrive 20d AT;;
BMW;3-Series;2014;1415000;https://auto.drom.ru/moscow/bmw/3-series/53928847.html;Характеристики совпадают с ПТС;3 записи о регистрации;Не числится в розыске;Ограничений не обнаружено;Москве;бензин, 2.0 л;184 л.с., налог;АКПП;задний;седан;синий;209 581 км;левый;6 поколение;;;
BMW;X1;2014;1430000;https://auto.drom.ru/kazan/bmw/x1/53925237.html;Характеристики совпадают с ПТС;5 записей о регистрации;Не числится в розыске;Ограничений не обнаружено;Казани;бензин, 2.0 л;150 л.с., налог;АКПП;задний;;белый;154 503 км;левый;1 поколение, рестайлинг;;;
BMW;X3;2014;2400000;https://auto.drom.ru/spb/bmw/x3/53919004.html;Характеристики совпадают с ПТС;1 запись о регистрации;Не числится в розыске;Ограничений не обнаружено;Санкт-Петербурге;дизель, 2.0 л;190 л.с., налог;АКПП;4WD;;серый;199 638 км;левый;2 поколение, рестайлинг;xDrive 20d AT;;
BMW;7-Series;2014;2400000;https://auto.drom.ru/minsk/bmw/7-series/53572021.html;Характеристики совпадают с ПТС;4 записи о регистрации;Не числится в розыске;Ограничений не обнаружено;Минске;дизель, 3.0 л;258 л.с., налог;АКПП;4WD;;серый;190 000 км;левый;5 поколение, рестайлинг;730d AT xDrive;;
BMW;X3;2014;2290000;https://auto.drom.ru/ulyanovsk/bmw/x3/336532019.html;Характеристики совпадают с ПТС;6 записей о регистрации;Не числится в розыске;Ограничений не обнаружено;Ульяновске;дизель, 2.0 л;190 л.с., налог;АКПП;4WD;;черный;201 600 км;левый;2 поколение, рестайлинг;xDrive 20d AT;;
BMW;X1;2014;1678000;https://auto.drom.ru/himki/bmw/x1/53552426.html;Характеристики совпадают с ПТС;2 записи о регистрации;Не числится в розыске;Ограничений не обнаружено;Химках;бензин, 2.0 л;184 л.с., налог;АКПП;4WD;;белый;119 340 км;левый;1 поколение, рестайлинг;;;
BMW;X5;2014;3450000;https://auto.drom.ru/moscow/bmw/x5/706153565.html;Характеристики совпадают с ПТС;4 записи о регистрации;Не числится в розыске;Ограничений не обнаружено;Москве;дизель, 3.0 л;249 л.с., налог;АКПП;4WD;;серый;174 882 км;левый;3 поколение;;;
BMW;X1;2014;1410000;https://auto.drom.ru/moscow/bmw/x1/779398048.html;Характеристики совпадают с ПТС;2 записи о регистрации;Не числится в розыске;Ограничений не обнаружено;Москве;бензин, 2.0 л;184 л.с., налог;АКПП;4WD;;черный;150 361 км;левый;1 поколение, рестайлинг;;;
BMW;3-Series;2014;1899000;https://auto.drom.ru/moscow/bmw/3-series/53916173.html;Характеристики совпадают с ПТС;1 запись о регистрации;Не числится в розыске;Ограничений не обнаружено;Москве;бензин, 2.0 л;184 л.с., налог;АКПП;задний;седан;черный;134 179 км;левый;6 поколение;;;
BMW;3-Series;2014;1800000;https://auto.drom.ru/moscow/bmw/3-series/53910224.html;Характеристики совпадают с ПТС;4 записи о регистрации;Не числится в розыске;Ограничений не обнаружено;Москве;бензин, 2.0 л;184 л.с., налог;АКПП;задний;седан;серый;140 583 км;левый;6 поколение;;;
BMW;X1;2014;1300000;https://auto.drom.ru/noginsk/bmw/x1/53149498.html;Объем двигателя не совпадает с ПТС;1 запись о регистрации;Не числится в розыске;Ограничений не обнаружено;Ногинске;бензин, 2.8 л;244 л.с., налог;автомат;задний;;черный;213 000 км;левый;1 поколение, рестайлинг;;;
BMW;1-Series;2014;1650000;https://auto.drom.ru/spb/bmw/1-series/52255186.html;Характеристики совпадают с ПТС;4 записи о регистрации;Не числится в розыске;Ограничений не обнаружено;Санкт-Петербурге;бензин, 1.6 л;136 л.с., налог;АКПП;задний;хэтчбек 5 дв.;черный;88 000 км;левый;2 поколение;116i AT;;
BMW;3-Series;2014;1890000;https://auto.drom.ru/cheboksary/bmw/3-series/824407754.html;;;;;Чебоксарах;бензин, 1.6 л;136 л.с., налог;АКПП;задний;седан;серый;;левый;6 поколение;316i AT Special Edition;;
BMW;3-Series;2014;1810000;https://auto.drom.ru/cheboksary/bmw/3-series/53907714.html;Характеристики совпадают с ПТС;4 записи о регистрации;Не числится в розыске;Ограничений не обнаружено;Чебоксарах;бензин, 1.6 л;136 л.с., налог;АКПП;задний;седан;серый;;левый;6 поколение;316i AT Special Edition;;
BMW;3-Series;2014;1744000;https://auto.drom.ru/moscow/bmw/3-series/333628381.html;Характеристики совпадают с ПТС;2 записи о регистрации;Не числится в розыске;Ограничений не обнаружено;Москве;бензин, 2.0 л;184 л.с., налог;АКПП;задний;седан;черный;134 328 км;левый;6 поколение;;;
BMW;X1;2014;1690000;https://auto.drom.ru/balashiha/bmw/x1/237637308.html;Характеристики совпадают с ПТС;2 записи о регистрации;Не числится в розыске;Ограничений не обнаружено;Балашихе;бензин, 2.0 л;184 л.с., налог;АКПП;4WD;;серый;120 833 км;левый;1 поколение, рестайлинг;;;
BMW;X5;2014;2950000;https://auto.drom.ru/spb/bmw/x5/53550334.html;Характеристики совпадают с ПТС;5 записей о регистрации;Не числится в розыске;Ограничений не обнаружено;Санкт-Петербурге;бензин, 3.0 л;306 л.с., налог;АКПП;4WD;;серый;219 000 км;левый;3 поколение;;;
BMW;6-Series;2014;2650000;https://auto.drom.ru/saransk/bmw/6-series/53948141.html;Характеристики совпадают с ПТС;5 записей о регистрации;Не числится в розыске;Ограничений не обнаружено;Саранске;дизель, 3.0 л;313 л.с., налог;АКПП;4WD;седан;синий;204 000 км;левый;3 поколение;640d AT xDrive;;
BMW;X1;2014;1583654;https://auto.drom.ru/kazan/bmw/x1/53548510.html;Характеристики совпадают с ПТС;4 записи о регистрации;Не числится в розыске;Ограничений не обнаружено;Казани;бензин, 2.0 л;184 л.с., налог;АКПП;4WD;;коричневый;168 497 км;левый;1 поколение, рестайлинг;;;
BMW;X4;2014;2601697;https://auto.drom.ru/spb/bmw/x4/183771386.html;Характеристики совпадают с ПТС;3 записи о регистрации;Не числится в розыске;Ограничений не обнаружено;Санкт-Петербурге;бензин, 3.0 л;306 л.с., налог;АКПП;4WD;;черный;132 832 км;левый;1 поколение;xDrive 35i AT;;
BMW;3-Series;2014;1525000;https://auto.drom.ru/moscow/bmw/3-series/115960273.html;Характеристики совпадают с ПТС;5 записей о регистрации;Не числится в розыске;Ограничений не обнаружено;Москве;бензин, 1.6 л;136 л.с., налог;АКПП;задний;седан;белый;149 000 км;левый;6 поколение;316i AT;;
BMW;3-Series;2014;2250000;https://auto.drom.ru/moscow/bmw/3-series/53897679.html;Характеристики совпадают с ПТС;2 записи о регистрации;Не числится в розыске;Ограничений не обнаружено;Москве;бензин, 2.0 л;184 л.с., налог;АКПП;4WD;седан;красный;115 000 км;левый;6 поколение;320i AT xDrive M Sport;;
BMW;X5;2014;3595000;https://auto.drom.ru/moscow/bmw/x5/53889699.html;Характеристики совпадают с ПТС;2 записи о регистрации;Не числится в розыске;Ограничений не обнаружено;Москве;бензин, 3.0 л;306 л.с., налог;АКПП;4WD;;белый;80 307 км;левый;3 поколение;;;
BMW;5-Series;2014;1649000;https://auto.drom.ru/kolomna/bmw/5-series/52667433.html;Характеристики совпадают с ПТС;3 записи о регистрации;Не числится в розыске;Ограничений не обнаружено;Коломне;дизель, 2.0 л;184 л.с., налог;АКПП;задний;седан;черный;188 000 км;левый;6 поколение, рестайлинг;;;
BMW;5-Series Gran Turismo;2014;2630000;https://auto.drom.ru/moscow/bmw/5-series_gran_turismo/919051899.html;Характеристики совпадают с ПТС;3 записи о регистрации;Не числится в розыске;Ограничений не обнаружено;Москве;дизель, 3.0 л;258 л.с., налог;АКПП;4WD;;черный;177 200 км;левый;6 поколение, рестайлинг;530d AT xDrive;;
BMW;X5;2014;3290000;https://auto.drom.ru/kazan/bmw/x5/53864916.html;Характеристики совпадают с ПТС;3 записи о регистрации;Не числится в розыске;Ограничений не обнаружено;Казани;дизель, 3.0 л;249 л.с., налог;АКПП;4WD;;черный;215 426 км;левый;3 поколение;;;
BMW;X3;2014;1900000;https://auto.drom.ru/himki/bmw/x3/52595739.html;Характеристики совпадают с ПТС;3 записи о регистрации;Не числится в розыске;Ограничений не обнаружено;Химках;бензин, 2.0 л;184 л.с., налог;АКПП;4WD;;синий;196 000 км;левый;2 поколение;;;
BMW;3-Series;2014;1590000;https://auto.drom.ru/spb/bmw/3-series/942093807.html;Характеристики совпадают с ПТС;2 записи о регистрации;Не числится в розыске;Ограничений не обнаружено;Санкт-Петербурге;бензин, 1.6 л;136 л.с., налог;АКПП;задний;седан;белый;134 864 км;левый;6 поколение;;;
BMW;7-Series;2014;2950000;https://auto.drom.ru/moscow/bmw/7-series/53884815.html;Цвет не совпадает с ПТС;2 записи о регистрации;Не числится в розыске;Ограничений не обнаружено;Москве;бензин, 4.4 л;449 л.с., налог;АКПП;4WD;;серый;77 000 км;левый;5 поколение, рестайлинг;750Li AT xDrive;;
BMW;3-Series;2014;2050000;https://auto.drom.ru/lipetsk/bmw/3-series/207362906.html;Характеристики совпадают с ПТС;5 записей о регистрации;Не числится в розыске;Ограничений не обнаружено;Липецке;бензин, 2.0 л;184 л.с., налог;АКПП;4WD;седан;красный;164 000 км;левый;6 поколение;320i AT xDrive M Sport;;
BMW;4-Series;2014;2390000;https://auto.drom.ru/moscow/bmw/4-series/758760037.html;Характеристики совпадают с ПТС;4 записи о регистрации;Не числится в розыске;Ограничений не обнаружено;Москве;бензин, 2.0 л;184 л.с., налог;АКПП;4WD;купе;синий;105 000 км;левый;1 поколение;;;
BMW;3-Series;2014;2060000;https://auto.drom.ru/spb/bmw/3-series/563558039.html;Характеристики совпадают с ПТС;3 записи о регистрации;Не числится в розыске;Ограничений не обнаружено;Санкт-Петербурге;дизель, 2.0 л;184 л.с., налог;АКПП;4WD;седан;серый;146 401 км;левый;6 поколение;;;
BMW;4-Series;2014;2380000;https://auto.drom.ru/moscow/bmw/4-series/814083483.html;Характеристики совпадают с ПТС;3 записи о регистрации;Не числится в розыске;Ограничений не обнаружено;Москве;дизель, 2.0 л;184 л.с., налог;АКПП;4WD;лифтбек;белый;130 324 км;левый;1 поколение;420d AT xDrive;;
BMW;3-Series;2014;1449000;https://auto.drom.ru/moscow/bmw/3-series/555765916.html;Цвет не совпадает с ПТС;4 записи о регистрации;Не числится в розыске;Ограничений не обнаружено;Москве;бензин, 1.6 л;136 л.с., налог;АКПП;задний;седан;черный;109 599 км;левый;6 поколение;;;
BMW;X5;2014;3750000;https://auto.drom.ru/moscow/bmw/x5/728534123.html;Характеристики совпадают с ПТС;4 записи о регистрации;Не числится в розыске;Ограничений не обнаружено;Москве;дизель, 3.0 л;313 л.с., налог;АКПП;4WD;;черный;213 385 км;левый;3 поколение;xDrive 40d AT;;
BMW;3-Series;2014;1660000;https://auto.drom.ru/moscow/bmw/3-series/53875793.html;Характеристики совпадают с ПТС;3 записи о регистрации;Не числится в розыске;Ограничений не обнаружено;Москве;бензин, 2.0 л;184 л.с., налог;АКПП;задний;седан;белый;111 560 км;левый;6 поколение;;;
BMW;3-Series;2014;1465000;https://auto.drom.ru/spb/bmw/3-series/53500916.html;Характеристики совпадают с ПТС;2 записи о регистрации;Не числится в розыске;Ограничений не обнаружено;Санкт-Петербурге;бензин, 1.6 л;136 л.с., налог;АКПП;задний;седан;голубой;130 176 км;левый;6 поколение;;;
BMW;5-Series;2014;1479000;https://auto.drom.ru/moscow/bmw/5-series/53876801.html;Цвет не совпадает с ПТС;4 записи о регистрации;Не числится в розыске;Ограничений не обнаружено;Москве;бензин, 2.0 л;184 л.с., налог;АКПП;задний;седан;серый;232 086 км;левый;6 поколение, рестайлинг;;;
BMW;7-Series;2014;1780000;https://auto.drom.ru/bogoroditsk/bmw/7-series/53089910.html;Характеристики совпадают с ПТС;6 записей о регистрации;Не числится в розыске;Ограничений не обнаружено;Богородицке;бензин, 4.4 л;449 л.с., налог;АКПП;4WD;;серый;170 000 км;левый;5 поколение, рестайлинг;750Li AT xDrive;;
BMW;X5;2014;3800000;https://auto.drom.ru/gukovo/bmw/x5/54149124.html;Характеристики совпадают с ПТС;2 записи о регистрации;Не числится в розыске;Ограничений не обнаружено;Гуково;бензин, 3.0 л;306 л.с., налог;АКПП;4WD;;синий;93 000 км;левый;3 поколение;xDrive 35i AT;;
BMW;X5;2014;3900000;https://auto.drom.ru/moscow/bmw/x5/53496198.html;;;;;Москве;дизель, 3.0 л;313 л.с., налог;АКПП;4WD;;черный;175 000 км;левый;3 поколение;;;
BMW;X5;2015;3450000;https://auto.drom.ru/sosnoviy-bor/bmw/x5/163073375.html;Характеристики совпадают с ПТС;4 записи о регистрации;Не числится в розыске;Ограничений не обнаружено;Сосновом Бору;бензин, 3.0 л;306 л.с., налог;АКПП;4WD;;черный;176 000 км;левый;3 поколение;xDrive 35i AT Pure Excellence;;
BMW;5-Series;2015;2100000;https://auto.drom.ru/ruza/bmw/5-series/384827581.html;Характеристики совпадают с ПТС;7 записей о регистрации;Не числится в розыске;Есть ограничения;Рузе;бензин, 2.0 л;184 л.с., налог;АКПП;задний;седан;черный;230 000 км;левый;6 поколение, рестайлинг;520i AT;;
BMW;X4;2015;2397000;https://auto.drom.ru/moscow/bmw/x4/403626579.html;Характеристики совпадают с ПТС;3 записи о регистрации;Не числится в розыске;Ограничений не обнаружено;Москве;дизель, 2.0 л;190 л.с., налог;АКПП;4WD;;серебристый;151 804 км;левый;1 поколение;;;
BMW;X4;2015;2849000;https://auto.drom.ru/moscow/bmw/x4/452719380.html;Характеристики совпадают с ПТС;2 записи о регистрации;Не числится в розыске;Ограничений не обнаружено;Москве;дизель, 2.0 л;190 л.с., налог;АКПП;4WD;;серебристый;124 482 км;левый;1 поколение;;;
BMW;i3;2015;1800000;https://auto.drom.ru/moscow/bmw/i3/283722237.html;;;;;Москве;электро, 0.6 л, гибрид;34 л.с., налог;АКПП;задний;хэтчбек 5 дв.;белый;130 000 км;левый;1 поколение;i3 60 Ah REX;;
BMW;4-Series;2015;2597000;https://auto.drom.ru/moscow/bmw/4-series/909122480.html;Характеристики совпадают с ПТС;1 запись о регистрации;Не числится в розыске;Ограничений не обнаружено;Москве;бензин, 2.0 л;184 л.с., налог;АКПП;4WD;купе;синий;149 703 км;левый;1 поколение;;;
BMW;5-Series;2015;2100000;https://auto.drom.ru/vidnoe/bmw/5-series/54145719.html;;;;;Видном;бензин, 3.0 л;306 л.с., налог;АКПП;4WD;седан;черный;177 000 км;левый;6 поколение, рестайлинг;535i AT xDrive;;
BMW;X5;2015;3750000;https://auto.drom.ru/klin/bmw/x5/54144443.html;Характеристики совпадают с ПТС;3 записи о регистрации;Не числится в розыске;Ограничений не обнаружено;Клину;дизель, 3.0 л;218 л.с., налог;АКПП;4WD;;серебристый;127 500 км;левый;3 поколение;xDrive 25d AT Business;;
BMW;X1;2015;2180000;https://auto.drom.ru/spb/bmw/x1/53055487.html;Характеристики совпадают с ПТС;2 записи о регистрации;Не числится в розыске;Ограничений не обнаружено;Санкт-Петербурге;бензин, 2.0 л;192 л.с., налог;автомат;4WD;;черный;120 000 км;левый;2 поколение;;;
BMW;5-Series;2015;1738321;https://auto.drom.ru/spb/bmw/5-series/52603871.html;Характеристики совпадают с ПТС;5 записей о регистрации;Не числится в розыске;Ограничений не обнаружено;Санкт-Петербурге;дизель, 2.0 л;190 л.с., налог;АКПП;задний;седан;серый;187 167 км;левый;6 поколение, рестайлинг;;;
BMW;3-Series;2015;1770000;https://auto.drom.ru/spb/bmw/3-series/643589235.html;Характеристики совпадают с ПТС;4 записи о регистрации;Не числится в розыске;Ограничений не обнаружено;Санкт-Петербурге;бензин, 2.0 л;184 л.с., налог;АКПП;задний;седан;черный;170 000 км;левый;6 поколение;;;
BMW;X5;2015;3300000;https://auto.drom.ru/spb/bmw/x5/809293640.html;Характеристики совпадают с ПТС;1 запись о регистрации;Не числится в розыске;Ограничений не обнаружено;Санкт-Петербурге;дизель, 3.0 л;218 л.с., налог;АКПП;4WD;;белый;130 274 км;левый;3 поколение;;;
BMW;X4;2015;3319000;https://auto.drom.ru/spb/bmw/x4/689834802.html;Цвет не совпадает с ПТС;1 запись о регистрации;Не числится в розыске;Ограничений не обнаружено;Санкт-Петербурге;бензин, 3.0 л;306 л.с., налог;АКПП;4WD;;бежевый;101 742 км;левый;1 поколение;xDrive 35i AT;;
BMW;X1;2015;2400000;https://auto.drom.ru/dolgoprudniy/bmw/x1/579474920.html;Характеристики совпадают с ПТС;;Не числится в розыске;Ограничений не обнаружено;Долгопрудном;бензин, 2.0 л;192 л.с., налог;АКПП;передний;;черный;97 000 км;левый;2 поколение;sDrive 20i AT;;
BMW;X6;2015;3350000;https://auto.drom.ru/moscow/bmw/x6/516359419.html;Характеристики совпадают с ПТС;1 запись о регистрации;Не числится в розыске;Ограничений не обнаружено;Москве;бензин, 3.0 л;306 л.с., налог;АКПП;4WD;;черный;153 963 км;левый;2 поколение;;;
BMW;X3;2015;2560000;https://auto.drom.ru/orehovo-zuevo/bmw/x3/876952964.html;Характеристики совпадают с ПТС;2 записи о регистрации;Не числится в розыске;Ограничений не обнаружено;Орехово-Зуево;дизель, 2.0 л;190 л.с., налог;АКПП;4WD;;черный;141 000 км;левый;2 поколение, рестайлинг;xDrive 20d AT xLine;;
BMW;X3;2015;2590000;https://auto.drom.ru/moscow/bmw/x3/422866789.html;Характеристики совпадают с ПТС;7 записей о регистрации;Не числится в розыске;Ограничений не обнаружено;Москве;дизель, 3.0 л;249 л.с., налог;АКПП;4WD;;черный;280 795 км;левый;2 поколение, рестайлинг;;;
BMW;5-Series;2015;1829900;https://auto.drom.ru/moscow/bmw/5-series/54134443.html;Характеристики совпадают с ПТС;3 записи о регистрации;Не числится в розыске;Ограничений не обнаружено;Москве;бензин, 2.0 л;245 л.с., налог;АКПП;4WD;седан;серый;267 000 км;левый;6 поколение, рестайлинг;528i AT xDrive Luxury;;
BMW;X6;2015;3890000;https://auto.drom.ru/moscow/bmw/x6/54123312.html;Характеристики совпадают с ПТС;2 записи о регистрации;Не числится в розыске;Ограничений не обнаружено;Москве;дизель, 3.0 л;249 л.с., налог;АКПП;4WD;;серый;92 001 км;левый;2 поколение;;;
BMW;7-Series;2015;4150000;https://auto.drom.ru/vitebsk/bmw/7-series/852678946.html;Характеристики совпадают с ПТС;5 записей о регистрации;Не числится в розыске;Ограничений не обнаружено;Витебске;дизель, 3.0 л;320 л.с., налог;АКПП;4WD;;черный;168 000 км;левый;6 поколение;740Ld AT xDrive;;
BMW;5-Series;2015;2369000;https://auto.drom.ru/spb/bmw/5-series/53047315.html;Характеристики совпадают с ПТС;6 записей о регистрации;Не числится в розыске;Ограничений не обнаружено;Санкт-Петербурге;дизель, 2.0 л;190 л.с., налог;АКПП;задний;седан;белый;110 865 км;левый;6 поколение, рестайлинг;;;
BMW;3-Series;2015;2760000;https://auto.drom.ru/moscow/bmw/3-series/53037884.html;Характеристики совпадают с ПТС;1 запись о регистрации;Не числится в розыске;Ограничений не обнаружено;Москве;дизель, 2.0 л;184 л.с., налог;АКПП;4WD;седан;синий;134 000 км;левый;6 поколение;;;
BMW;X5;2015;3550000;https://auto.drom.ru/moscow/bmw/x5/253156149.html;Характеристики совпадают с ПТС;3 записи о регистрации;Не числится в розыске;Ограничений не обнаружено;Москве;бензин, 3.0 л;306 л.с., налог;АКПП;4WD;;серебристый;140 016 км;левый;3 поколение;;;
BMW;X3;2015;2550000;https://auto.drom.ru/moscow/bmw/x3/937742926.html;Характеристики совпадают с ПТС;2 записи о регистрации;Не числится в розыске;Ограничений не обнаружено;Москве;бензин, 2.0 л;184 л.с., налог;АКПП;4WD;;белый;137 077 км;левый;2 поколение, рестайлинг;xDrive 20i AT Urban;;
BMW;7-Series;2015;3500000;https://auto.drom.ru/vidnoe/bmw/7-series/772745836.html;Характеристики совпадают с ПТС;5 записей о регистрации;Не числится в розыске;Ограничений не обнаружено;Видном;бензин, 4.4 л;449 л.с., налог;АКПП;4WD;;серый;112 000 км;левый;6 поколение;750Li AT xDrive;;
BMW;X6;2015;3399000;https://auto.drom.ru/spb/bmw/x6/593553665.html;Характеристики совпадают с ПТС;3 записи о регистрации;Не числится в розыске;Ограничений не обнаружено;Санкт-Петербурге;дизель, 3.0 л;249 л.с., налог;АКПП;4WD;;черный;135 001 км;левый;2 поколение;;;
BMW;7-Series;2015;2150000;https://auto.drom.ru/minsk/bmw/7-series/844201854.html;Характеристики совпадают с ПТС;2 записи о регистрации;Не числится в розыске;Ограничений не обнаружено;Минске;бензин, 4.4 л;449 л.с., налог;АКПП;4WD;;серый;99 000 км;левый;5 поколение, рестайлинг;750Li AT xDrive;;
BMW;X4;2015;2507000;https://auto.drom.ru/moscow/bmw/x4/659219159.html;Характеристики совпадают с ПТС;5 записей о регистрации;Не числится в розыске;Ограничений не обнаружено;Москве;дизель, 2.0 л;190 л.с., налог;АКПП;4WD;;черный;158 000 км;левый;1 поколение;;;
BMW;2-Series Active Tourer;2015;1690000;https://auto.drom.ru/yoshkar-ola/bmw/2-series_active_tourer/52653402.html;Характеристики совпадают с ПТС;1 запись о регистрации;Не числится в розыске;Ограничений не обнаружено;Йошкар-Оле;бензин, 1.5 л;136 л.с., налог;АКПП;передний;;белый;75 000 км;правый;1 поколение;218i M Sport;;
BMW;7-Series;2015;3000000;https://auto.drom.ru/moscow/bmw/7-series/241803042.html;Характеристики совпадают с ПТС;8 записей о регистрации;Не числится в розыске;Ограничений не обнаружено;Москве;бензин, 4.4 л;450 л.с., налог;АКПП;4WD;;черный;90 090 км;левый;;;;
BMW;X5;2015;3920000;https://auto.drom.ru/moscow/bmw/x5/54106151.html;Характеристики совпадают с ПТС;2 записи о регистрации;Не числится в розыске;Ограничений не обнаружено;Москве;дизель, 3.0 л;313 л.с., налог;АКПП;4WD;;белый;120 346 км;левый;3 поколение;;;
BMW;X5;2015;3852000;https://auto.drom.ru/ivanovo/bmw/x5/53449497.html;Характеристики совпадают с ПТС;3 записи о регистрации;Не числится в розыске;Ограничений не обнаружено;Иваново;дизель, 3.0 л;249 л.с., налог;АКПП;4WD;;черный;158 223 км;левый;3 поколение;;;
BMW;X5;2015;4199000;https://auto.drom.ru/yoshkar-ola/bmw/x5/53439324.html;Характеристики совпадают с ПТС;5 записей о регистрации;Не числится в розыске;Ограничений не обнаружено;Йошкар-Оле;бензин, 4.4 л;575 л.с., налог;АКПП;4WD;;серый;107 960 км;левый;3 поколение;M;;
BMW;X3;2015;3150000;https://auto.drom.ru/volgograd/bmw/x3/53018215.html;Характеристики совпадают с ПТС;2 записи о регистрации;Не числится в розыске;Ограничений не обнаружено;Волгограде;бензин, 2.0 л;245 л.с., налог;АКПП;4WD;;белый;80 000 км;левый;2 поколение, рестайлинг;xDrive 28i AT;;
BMW;5-Series Gran Turismo;2015;2995000;https://auto.drom.ru/tver/bmw/5-series_gran_turismo/53017282.html;Модель не совпадает с ПТС;1 запись о регистрации;Не числится в розыске;Ограничений не обнаружено;Твери;дизель, 3.0 л;258 л.с., налог;АКПП;4WD;;черный;146 962 км;левый;6 поколение, рестайлинг;;;
BMW;X5;2015;3200000;https://auto.drom.ru/moscow/bmw/x5/53878911.html;Характеристики совпадают с ПТС;4 записи о регистрации;Не числится в розыске;Ограничений не обнаружено;Москве;дизель, 3.0 л;313 л.с., налог;АКПП;4WD;;синий;291 949 км;левый;3 поколение;;;
BMW;X5;2015;3799999;https://auto.drom.ru/moscow/bmw/x5/877429837.html;Характеристики совпадают с ПТС;2 записи о регистрации;Не числится в розыске;Есть ограничения;Москве;дизель, 3.0 л;249 л.с., налог;АКПП;4WD;;белый;211 500 км;левый;3 поколение;xDrive 30d AT;;
BMW;3-Series;2015;1710000;https://auto.drom.ru/spb/bmw/3-series/949860318.html;Характеристики совпадают с ПТС;2 записи о регистрации;Не числится в розыске;Ограничений не обнаружено;Санкт-Петербурге;бензин, 2.0 л;184 л.с., налог;АКПП;задний;седан;синий;119 000 км;левый;6 поколение;;;
BMW;X6;2015;4759000;https://auto.drom.ru/moscow/bmw/x6/184114442.html;Характеристики совпадают с ПТС;2 записи о регистрации;Не числится в розыске;Ограничений не обнаружено;Москве;дизель, 3.0 л;381 л.с., налог;АКПП;4WD;;синий;136 000 км;левый;2 поколение;;;
BMW;3-Series;2015;2335000;https://auto.drom.ru/moscow/bmw/3-series/54097994.html;Характеристики совпадают с ПТС;2 записи о регистрации;Не числится в розыске;Ограничений не обнаружено;Москве;бензин, 2.0 л;184 л.с., налог;АКПП;4WD;седан;черный;82 775 км;левый;6 поколение;;;
BMW;X4;2015;2959000;https://auto.drom.ru/spb/bmw/x4/679854856.html;Характеристики совпадают с ПТС;3 записи о регистрации;Не числится в розыске;Ограничений не обнаружено;Санкт-Петербурге;дизель, 2.0 л;190 л.с., налог;АКПП;4WD;;белый;116 147 км;левый;1 поколение;;;
BMW;3-Series;2015;1869000;https://auto.drom.ru/spb/bmw/3-series/257171406.html;Характеристики совпадают с ПТС;2 записи о регистрации;Не числится в розыске;Ограничений не обнаружено;Санкт-Петербурге;бензин, 1.5 л;136 л.с., налог;АКПП;задний;седан;черный;140 550 км;левый;6 поколение, рестайлинг;318i AT;;
BMW;7-Series;2015;4000000;https://auto.drom.ru/moscow/bmw/7-series/166620863.html;Характеристики совпадают с ПТС;4 записи о регистрации;Не числится в розыске;Ограничений не обнаружено;Москве;дизель, 3.0 л;265 л.с., налог;АКПП;4WD;;черный;154 000 км;левый;6 поколение;730Ld AT xDrive;;
BMW;5-Series;2015;1984000;https://auto.drom.ru/moscow/bmw/5-series/54076586.html;Характеристики совпадают с ПТС;3 записи о регистрации;Не числится в розыске;Ограничений не обнаружено;Москве;бензин, 2.0 л;184 л.с., налог;АКПП;задний;седан;черный;135 019 км;левый;6 поколение, рестайлинг;;;
BMW;X3;2015;2449000;https://auto.drom.ru/moscow/bmw/x3/54076815.html;Характеристики совпадают с ПТС;3 записи о регистрации;Не числится в розыске;Ограничений не обнаружено;Москве;дизель, 2.0 л;190 л.с., налог;АКПП;4WD;;черный;121 392 км;левый;2 поколение, рестайлинг;;;
BMW;X5;2015;4649000;https://auto.drom.ru/moscow/bmw/x5/53792042.html;Характеристики совпадают с ПТС;2 записи о регистрации;Не числится в розыске;Ограничений не обнаружено;Москве;дизель, 3.0 л;313 л.с., налог;АКПП;4WD;;белый;165 500 км;левый;3 поколение;;;
BMW;X6;2015;4200000;https://auto.drom.ru/moscow/bmw/x6/581029604.html;Характеристики совпадают с ПТС;2 записи о регистрации;Не числится в розыске;Ограничений не обнаружено;Москве;дизель, 3.0 л;249 л.с., налог;АКПП;4WD;;серый;154 000 км;левый;2 поколение;;;
BMW;X5;2015;3779789;https://auto.drom.ru/spb/bmw/x5/607468453.html;Характеристики совпадают с ПТС;5 записей о регистрации;Не числится в розыске;Ограничений не обнаружено;Санкт-Петербурге;дизель, 3.0 л;218 л.с., налог;АКПП;4WD;;коричневый;86 337 км;левый;3 поколение;;;
BMW;X6;2015;3881228;https://auto.drom.ru/minsk/bmw/x6/799718256.html;;;;;Минске;дизель, 3.0 л;249 л.с., налог;АКПП;4WD;;красный;92 000 км;левый;2 поколение;;;
BMW;4-Series;2015;2180881;https://auto.drom.ru/minsk/bmw/4-series/54072652.html;;;;;Минске;бензин, 2.0 л;245 л.с., налог;АКПП;4WD;лифтбек;синий;89 570 км;левый;1 поколение;;;
BMW;4-Series;2015;2275000;https://auto.drom.ru/spb/bmw/4-series/873266642.html;Характеристики совпадают с ПТС;3 записи о регистрации;Не числится в розыске;Ограничений не обнаружено;Санкт-Петербурге;бензин, 2.0 л;184 л.с., налог;АКПП;задний;купе;синий;188 805 км;левый;1 поколение;;;
BMW;5-Series;2015;2410000;https://auto.drom.ru/spb/bmw/5-series/535903807.html;Характеристики совпадают с ПТС;2 записи о регистрации;Не числится в розыске;Ограничений не обнаружено;Санкт-Петербурге;дизель, 2.0 л;190 л.с., налог;АКПП;задний;седан;серый;160 000 км;левый;6 поколение, рестайлинг;;;
BMW;X5;2015;3798000;https://auto.drom.ru/spb/bmw/x5/612624085.html;Характеристики совпадают с ПТС;2 записи о регистрации;Не числится в розыске;Ограничений не обнаружено;Санкт-Петербурге;дизель, 3.0 л;249 л.с., налог;АКПП;4WD;;коричневый;148 000 км;левый;3 поколение;;;
BMW;X5;2015;5700000;https://auto.drom.ru/moscow/bmw/x5/54075978.html;Характеристики совпадают с ПТС;4 записи о регистрации;Не числится в розыске;Ограничений не обнаружено;Москве;бензин, 4.4 л;575 л.с., налог;АКПП;4WD;;серый;150 000 км;левый;3 поколение;M;;
BMW;X5;2015;3120000;https://auto.drom.ru/kazan/bmw/x5/53789995.html;Характеристики совпадают с ПТС;5 записей о регистрации;Не числится в розыске;Ограничений не обнаружено;Казани;дизель, 3.0 л;218 л.с., налог;АКПП;4WD;;черный;243 501 км;левый;3 поколение;;;
BMW;3-Series;2015;2750000;https://auto.drom.ru/moscow/bmw/3-series/53557359.html;Характеристики совпадают с ПТС;5 записей о регистрации;Не числится в розыске;Ограничений не обнаружено;Москве;бензин, 2.0 л;184 л.с., налог;АКПП;4WD;седан;черный;129 000 км;левый;6 поколение, рестайлинг;320i AT xDrive M Sport;;
BMW;5-Series;2015;2610000;https://auto.drom.ru/spb/bmw/5-series/752371366.html;Характеристики совпадают с ПТС;6 записей о регистрации;Не числится в розыске;Ограничений не обнаружено;Санкт-Петербурге;бензин, 2.0 л;245 л.с., налог;АКПП;4WD;седан;синий;77 520 км;левый;6 поколение, рестайлинг;;;
BMW;3-Series;2015;1955000;https://auto.drom.ru/moscow/bmw/3-series/53695898.html;Характеристики совпадают с ПТС;3 записи о регистрации;Не числится в розыске;Ограничений не обнаружено;Москве;бензин, 2.0 л;184 л.с., налог;АКПП;4WD;седан;серебристый;145 996 км;левый;6 поколение;;;
BMW;5-Series;2015;2300000;https://auto.drom.ru/moscow/bmw/5-series/688836316.html;Характеристики совпадают с ПТС;4 записи о регистрации;Не числится в розыске;Ограничений не обнаружено;Москве;бензин, 2.0 л;184 л.с., налог;АКПП;задний;седан;синий;166 000 км;левый;6 поколение, рестайлинг;;;
BMW;X4;2015;2950000;https://auto.drom.ru/spb/bmw/x4/618245502.html;Характеристики совпадают с ПТС;2 записи о регистрации;Не числится в розыске;Ограничений не обнаружено;Санкт-Петербурге;дизель, 2.0 л;190 л.с., налог;АКПП;4WD;;черный;173 000 км;левый;1 поколение;xDrive 20d AT;;
BMW;4-Series;2015;2799000;https://auto.drom.ru/moscow/bmw/4-series/521679915.html;Характеристики совпадают с ПТС;4 записи о регистрации;Не числится в розыске;Ограничений не обнаружено;Москве;бензин, 2.0 л;245 л.с., налог;АКПП;4WD;купе;белый;98 116 км;левый;1 поколение;;;
BMW;X5;2015;3640000;https://auto.drom.ru/moscow/bmw/x5/364481867.html;Характеристики совпадают с ПТС;2 записи о регистрации;Не числится в розыске;Ограничений не обнаружено;Москве;дизель, 3.0 л;249 л.с., налог;АКПП;4WD;;черный;184 326 км;левый;3 поколение;;;
BMW;X5;2015;4800000;https://auto.drom.ru/moscow/bmw/x5/890661812.html;Характеристики совпадают с ПТС;1 запись о регистрации;Не числится в розыске;Ограничений не обнаружено;Москве;дизель, 3.0 л;313 л.с., налог;АКПП;4WD;;серебристый;96 000 км;левый;3 поколение;;;
BMW;X3;2015;2950000;https://auto.drom.ru/moscow/bmw/x3/406835430.html;Характеристики совпадают с ПТС;2 записи о регистрации;Не числится в розыске;Ограничений не обнаружено;Москве;дизель, 2.0 л;190 л.с., налог;АКПП;4WD;;черный;73 710 км;левый;2 поколение, рестайлинг;;;
BMW;1-Series;2015;1697000;https://auto.drom.ru/moscow/bmw/1-series/620221580.html;Характеристики совпадают с ПТС;3 записи о регистрации;Не числится в розыске;Ограничений не обнаружено;Москве;бензин, 1.6 л;136 л.с., налог;АКПП;задний;хэтчбек 5 дв.;оранжевый;95 021 км;левый;2 поколение;;;
BMW;5-Series;2015;3050000;https://auto.drom.ru/moscow/bmw/5-series/142802855.html;Характеристики совпадают с ПТС;4 записи о регистрации;Не числится в розыске;Ограничений не обнаружено;Москве;дизель, 3.0 л;258 л.с., налог;АКПП;4WD;седан;серый;149 600 км;левый;6 поколение, рестайлинг;530d AT xDrive Luxury;;
BMW;4-Series;2015;2599000;https://auto.drom.ru/spb/bmw/4-series/526504284.html;Характеристики совпадают с ПТС;3 записи о регистрации;Не числится в розыске;Ограничений не обнаружено;Санкт-Петербурге;дизель, 2.0 л;190 л.с., налог;АКПП;4WD;лифтбек;синий;72 000 км;левый;1 поколение;;;
BMW;X5;2015;6000000;https://auto.drom.ru/moscow/bmw/x5/54056754.html;Характеристики совпадают с ПТС;2 записи о регистрации;Не числится в розыске;Ограничений не обнаружено;Москве;бензин, 4.4 л;575 л.с., налог;АКПП;4WD;;красный;48 000 км;левый;3 поколение;M;;
BMW;X6;2015;3038000;https://auto.drom.ru/kazan/bmw/x6/53764291.html;Характеристики совпадают с ПТС;7 записей о регистрации;Не числится в розыске;Ограничений не обнаружено;Казани;дизель, 3.0 л;249 л.с., налог;АКПП;4WD;;черный;248 169 км;левый;2 поколение;;;
BMW;X3;2015;2079000;https://auto.drom.ru/moscow/bmw/x3/52932633.html;Характеристики совпадают с ПТС;3 записи о регистрации;Не числится в розыске;Ограничений не обнаружено;Москве;бензин, 2.0 л;245 л.с., налог;АКПП;4WD;;черный;183 422 км;левый;2 поколение, рестайлинг;;;
BMW;X6;2015;3850000;https://auto.drom.ru/kotlas/bmw/x6/598297299.html;;;;;Котласе;дизель, 3.0 л;313 л.с., налог;АКПП;4WD;;белый;120 000 км;левый;2 поколение;;;
BMW;3-Series;2015;1775000;https://auto.drom.ru/bryansk/bmw/3-series/54040674.html;Характеристики совпадают с ПТС;5 записей о регистрации;Не числится в розыске;Ограничений не обнаружено;Брянске;бензин, 2.0 л;184 л.с., налог;АКПП;задний;седан;белый;189 894 км;левый;6 поколение;;;
BMW;X6;2015;3750000;https://auto.drom.ru/moscow/bmw/x6/53757656.html;Характеристики совпадают с ПТС;4 записи о регистрации;Не числится в розыске;Ограничений не обнаружено;Москве;дизель, 3.0 л;249 л.с., налог;АКПП;4WD;;коричневый;135 840 км;левый;2 поколение;;;
BMW;3-Series;2015;1615000;https://auto.drom.ru/moscow/bmw/3-series/53756188.html;Характеристики совпадают с ПТС;4 записи о регистрации;Не числится в розыске;Ограничений не обнаружено;Москве;бензин, 1.5 л;136 л.с., налог;АКПП;задний;седан;синий;146 008 км;левый;6 поколение, рестайлинг;318i AT;;
BMW;X3;2015;2236264;https://auto.drom.ru/kazan/bmw/x3/53369852.html;Характеристики совпадают с ПТС;5 записей о регистрации;Не числится в розыске;Ограничений не обнаружено;Казани;бензин, 2.0 л;184 л.с., налог;АКПП;4WD;;серый;165 500 км;левый;2 поколение, рестайлинг;;;
BMW;3-Series;2015;1599877;https://auto.drom.ru/kazan/bmw/3-series/53369701.html;Характеристики совпадают с ПТС;5 записей о регистрации;Не числится в розыске;Ограничений не обнаружено;Казани;бензин, 1.5 л;136 л.с., налог;АКПП;задний;седан;синий;160 665 км;левый;6 поколение, рестайлинг;318i AT;;
BMW;X5;2015;900000;https://auto.drom.ru/vidnoe/bmw/x5/363384361.html;;;;;Видном;бензин, 3.0 л;306 л.с., налог;АКПП;4WD;;белый;60 000 км;левый;3 поколение;;требуется ремонт или не на ходу;
BMW;X6;2015;3787000;https://auto.drom.ru/himki/bmw/x6/184470262.html;Характеристики совпадают с ПТС;3 записи о регистрации;Не числится в розыске;Ограничений не обнаружено;Химках;дизель, 3.0 л;249 л.с., налог;АКПП;4WD;;черный;136 858 км;левый;2 поколение;;;
BMW;5-Series;2015;2449000;https://auto.drom.ru/moscow/bmw/5-series/780338527.html;Характеристики совпадают с ПТС;1 запись о регистрации;Не числится в розыске;Ограничений не обнаружено;Москве;бензин, 2.0 л;184 л.с., налог;АКПП;задний;седан;синий;108 394 км;левый;6 поколение, рестайлинг;;;
BMW;4-Series;2015;2195000;https://auto.drom.ru/moscow/bmw/4-series/268217608.html;Характеристики совпадают с ПТС;6 записей о регистрации;Не числится в розыске;Ограничений не обнаружено;Москве;2.0 л;;автомат;;купе;белый;120 400 км;левый;1 поколение;;;
BMW;X6;2015;5720000;https://auto.drom.ru/volgograd/bmw/x6/53338210.html;Характеристики совпадают с ПТС;1 запись о регистрации;Не числится в розыске;Ограничений не обнаружено;Волгограде;дизель, 3.0 л;381 л.с., налог;АКПП;4WD;;черный;77 921 км;левый;2 поколение;;;
BMW;X5;2015;4480000;https://auto.drom.ru/volgograd/bmw/x5/54020608.html;Характеристики совпадают с ПТС;3 записи о регистрации;Не числится в розыске;Ограничений не обнаружено;Волгограде;дизель, 3.0 л;218 л.с., налог;АКПП;4WD;;белый;83 316 км;левый;3 поколение;xDrive 25d AT;;
BMW;i3;2015;1950000;https://auto.drom.ru/belgorod/bmw/i3/53422867.html;Мощность двигателя не совпадает с ПТС;1 запись о регистрации;Не числится в розыске;Ограничений не обнаружено;Белгороде;электро, 0.6 л, гибрид;38 л.с., налог;АКПП;задний;хэтчбек 5 дв.;черный;133 400 км;правый;1 поколение;Range Extender;;
BMW;X6;2015;4749000;https://auto.drom.ru/moscow/bmw/x6/355576393.html;Характеристики совпадают с ПТС;3 записи о регистрации;Не числится в розыске;Ограничений не обнаружено;Москве;бензин, 4.4 л;575 л.с., налог;АКПП;4WD;;красный;118 708 км;левый;2 поколение;;;
BMW;7-Series;2015;2699000;https://auto.drom.ru/moscow/bmw/7-series/54012722.html;Характеристики совпадают с ПТС;6 записей о регистрации;Не числится в розыске;Ограничений не обнаружено;Москве;дизель, 3.0 л;258 л.с., налог;АКПП;4WD;;синий;141 996 км;левый;5 поколение, рестайлинг;;;
BMW;X6;2015;3888000;https://auto.drom.ru/moscow/bmw/x6/369443437.html;Характеристики совпадают с ПТС;4 записи о регистрации;Не числится в розыске;Ограничений не обнаружено;Москве;дизель, 3.0 л;249 л.с., налог;АКПП;4WD;;серый;137 000 км;левый;2 поколение;;;
BMW;X5;2015;3434000;https://auto.drom.ru/moscow/bmw/x5/524902080.html;Характеристики совпадают с ПТС;1 запись о регистрации;Не числится в розыске;Ограничений не обнаружено;Москве;дизель, 3.0 л;218 л.с., налог;АКПП;4WD;;белый;153 105 км;левый;3 поколение;;;
BMW;X1;2015;2749000;https://auto.drom.ru/moscow/bmw/x1/787180117.html;Характеристики совпадают с ПТС;2 записи о регистрации;Не числится в розыске;Ограничений не обнаружено;Москве;дизель, 2.0 л;150 л.с., налог;АКПП;4WD;;белый;75 720 км;левый;2 поколение;;;
BMW;X5;2015;3350000;https://auto.drom.ru/moscow/bmw/x5/54014124.html;Характеристики совпадают с ПТС;4 записи о регистрации;Не числится в розыске;Ограничений не обнаружено;Москве;дизель, 3.0 л;249 л.с., налог;АКПП;4WD;;белый;204 000 км;левый;3 поколение;;;
BMW;3-Series;2015;2990000;https://auto.drom.ru/yaroslavl/bmw/3-series/234037376.html;Характеристики совпадают с ПТС;6 записей о регистрации;Не числится в розыске;Ограничений не обнаружено;Ярославле;бензин, 2.0 л;184 л.с., налог;АКПП;4WD;седан;серый;104 000 км;левый;6 поколение;320i AT xDrive M Sport;;
BMW;X5;2015;3850000;https://auto.drom.ru/spb/bmw/x5/453746037.html;Характеристики совпадают с ПТС;5 записей о регистрации;Не числится в розыске;Ограничений не обнаружено;Санкт-Петербурге;дизель, 3.0 л;218 л.с., налог;АКПП;4WD;;коричневый;86 269 км;левый;3 поколение;xDrive 25d AT Business;;
BMW;3-Series;2015;1717000;https://auto.drom.ru/moscow/bmw/3-series/741548453.html;Характеристики совпадают с ПТС;3 записи о регистрации;Не числится в розыске;Ограничений не обнаружено;Москве;бензин, 1.5 л;136 л.с., налог;АКПП;задний;седан;белый;112 800 км;левый;6 поколение, рестайлинг;318i AT;;
BMW;X3;2015;1700000;https://auto.drom.ru/minsk/bmw/x3/825709683.html;;;;;Минске;бензин, 2.0 л;184 л.с., налог;АКПП;4WD;;синий;146 000 км;левый;2 поколение, рестайлинг;xDrive 20i AT;;
BMW;X6;2015;4018000;https://auto.drom.ru/kazan/bmw/x6/780567636.html;Характеристики совпадают с ПТС;2 записи о регистрации;Не числится в розыске;Ограничений не обнаружено;Казани;дизель, 3.0 л;249 л.с., налог;АКПП;4WD;;черный;122 594 км;левый;2 поколение;;;
BMW;X5;2015;4099000;https://auto.drom.ru/moscow/bmw/x5/702282134.html;Характеристики совпадают с ПТС;4 записи о регистрации;Не числится в розыске;Ограничений не обнаружено;Москве;бензин, 4.4 л;575 л.с., налог;АКПП;4WD;;белый;131 000 км;левый;3 поколение;M;;
BMW;5-Series;2015;1840000;https://auto.drom.ru/kazan/bmw/5-series/53728102.html;Характеристики совпадают с ПТС;2 записи о регистрации;Не числится в розыске;Ограничений не обнаружено;Казани;бензин, 2.0 л;184 л.с., налог;АКПП;задний;седан;белый;120 773 км;левый;6 поколение, рестайлинг;;;
BMW;5-Series;2015;2899000;https://auto.drom.ru/moscow/bmw/5-series/53714640.html;Характеристики совпадают с ПТС;3 записи о регистрации;Не числится в розыске;Ограничений не обнаружено;Москве;дизель, 2.0 л;190 л.с., налог;АКПП;задний;седан;белый;22 100 км;левый;6 поколение, рестайлинг;;;
BMW;5-Series;2015;2980000;https://auto.drom.ru/himki/bmw/5-series/602987564.html;Характеристики совпадают с ПТС;4 записи о регистрации;Не числится в розыске;Ограничений не обнаружено;Химках;дизель, 3.0 л;258 л.с., налог;АКПП;4WD;седан;черный;197 062 км;левый;6 поколение, рестайлинг;;;
BMW;5-Series;2015;2550000;https://auto.drom.ru/moscow/bmw/5-series/54000926.html;Характеристики совпадают с ПТС;4 записи о регистрации;Не числится в розыске;Ограничений не обнаружено;Москве;бензин, 2.0 л;184 л.с., налог;АКПП;задний;седан;серый;144 000 км;левый;6 поколение, рестайлинг;;;
BMW;X5;2015;3599777;https://auto.drom.ru/kazan/bmw/x5/52871671.html;Характеристики совпадают с ПТС;2 записи о регистрации;Не числится в розыске;Ограничений не обнаружено;Казани;дизель, 3.0 л;218 л.с., налог;АКПП;4WD;;белый;141 712 км;левый;3 поколение;;;
BMW;X5;2015;3499000;https://auto.drom.ru/moscow/bmw/x5/394385862.html;Характеристики совпадают с ПТС;2 записи о регистрации;Не числится в розыске;Ограничений не обнаружено;Москве;дизель, 3.0 л;218 л.с., налог;АКПП;4WD;;черный;148 043 км;левый;3 поколение;;;
BMW;5-Series;2015;2990000;https://auto.drom.ru/moscow/bmw/5-series/500230641.html;Характеристики совпадают с ПТС;2 записи о регистрации;Не числится в розыске;Ограничений не обнаружено;Москве;дизель, 2.0 л;218 л.с., налог;АКПП;4WD;седан;черный;82 715 км;левый;6 поколение, рестайлинг;;;
BMW;5-Series;2015;1850000;https://auto.drom.ru/syamzha/bmw/5-series/53995149.html;Характеристики совпадают с ПТС;5 записей о регистрации;Не числится в розыске;Ограничений не обнаружено;Сямже;дизель, 2.0 л;190 л.с., налог;АКПП;задний;седан;черный;209 000 км;левый;6 поколение, рестайлинг;;;
BMW;3-Series;2015;2240000;https://auto.drom.ru/moscow/bmw/3-series/641891835.html;Характеристики совпадают с ПТС;2 записи о регистрации;Не числится в розыске;Ограничений не обнаружено;Москве;бензин, 2.0 л;184 л.с., налог;АКПП;задний;седан;синий;62 700 км;левый;6 поколение;;;
BMW;3-Series;2015;1609789;https://auto.drom.ru/spb/bmw/3-series/271702951.html;Характеристики совпадают с ПТС;2 записи о регистрации;Не числится в розыске;Ограничений не обнаружено;Санкт-Петербурге;дизель, 2.0 л;184 л.с., налог;АКПП;задний;универсал;серый;198 529 км;левый;6 поколение;320d AT;;
BMW;X3;2015;2369000;https://auto.drom.ru/spb/bmw/x3/287174396.html;Характеристики совпадают с ПТС;1 запись о регистрации;Не числится в розыске;Ограничений не обнаружено;Санкт-Петербурге;дизель, 2.0 л;190 л.с., налог;АКПП;4WD;;белый;215 000 км;левый;2 поколение, рестайлинг;;;
BMW;X5;2015;3349870;https://auto.drom.ru/minsk/bmw/x5/52842627.html;;;;;Минске;дизель, 3.0 л;258 л.с., налог;АКПП;4WD;;белый;198 000 км;левый;3 поколение;;;
BMW;X6;2015;4615890;https://auto.drom.ru/minsk/bmw/x6/52837554.html;;;;;Минске;дизель, 3.0 л;381 л.с., налог;АКПП;4WD;;белый;151 000 км;левый;2 поколение;;;
BMW;X5;2015;3045000;https://auto.drom.ru/moscow/bmw/x5/53649053.html;Характеристики совпадают с ПТС;5 записей о регистрации;Не числится в розыске;Ограничений не обнаружено;Москве;дизель, 3.0 л;218 л.с., налог;АКПП;4WD;;черный;233 000 км;левый;3 поколение;xDrive 25d AT Business;;
BMW;3-Series;2015;2500000;https://auto.drom.ru/donetsk/bmw/3-series/53673504.html;Год не совпадает с ПТС;1 запись о регистрации;Не числится в розыске;Ограничений не обнаружено;Донецке;бензин, 2.0 л;184 л.с., налог;АКПП;задний;седан;черный;145 000 км;левый;6 поколение;;;
BMW;1-Series;2015;1950000;https://auto.drom.ru/moscow/bmw/1-series/53288215.html;Характеристики совпадают с ПТС;2 записи о регистрации;Не числится в розыске;Ограничений не обнаружено;Москве;бензин, 1.6 л;136 л.с., налог;АКПП;задний;хэтчбек 5 дв.;оранжевый;57 000 км;правый;2 поколение, рестайлинг;;;
BMW;3-Series;2015;2500000;https://auto.drom.ru/togliatti/bmw/3-series/52844203.html;Характеристики совпадают с ПТС;4 записи о регистрации;Не числится в розыске;Ограничений не обнаружено;Тольятти;дизель, 2.0 л;184 л.с., налог;АКПП;4WD;седан;синий;96 307 км;левый;6 поколение;320d AT xDrive Sport Line;;
BMW;3-Series;2015;2200000;https://auto.drom.ru/himki/bmw/3-series/599587170.html;Характеристики совпадают с ПТС;5 записей о регистрации;Не числится в розыске;Ограничений не обнаружено;Химках;бензин, 2.0 л;180 л.с., налог;АКПП;задний;седан;белый;203 400 км;левый;6 поколение;320i AT Luxury;;
BMW;5-Series;2015;2100000;https://auto.drom.ru/smolensk/bmw/5-series/146236903.html;;;;;Смоленске;дизель, 2.0 л;190 л.с., налог;АКПП;задний;универсал;черный;240 000 км, без пробега по РФ;левый;6 поколение, рестайлинг;520d AT;;
BMW;2-Series Active Tourer;2015;1293650;https://auto.drom.ru/minsk/bmw/2-series_active_tourer/53274306.html;;;;;Минске;дизель, 1.5 л;116 л.с., налог;механика;передний;;коричневый;226 845 км;левый;1 поколение;;;
BMW;X5;2015;3349000;https://auto.drom.ru/spb/bmw/x5/632781438.html;Характеристики совпадают с ПТС;2 записи о регистрации;Не числится в розыске;Ограничений не обнаружено;Санкт-Петербурге;дизель, 3.0 л;249 л.с., налог;АКПП;4WD;;серый;188 113 км;левый;3 поколение;;;
BMW;X5;2015;4000000;https://auto.drom.ru/togliatti/bmw/x5/53671521.html;Характеристики совпадают с ПТС;2 записи о регистрации;Не числится в розыске;Ограничений не обнаружено;Тольятти;дизель, 3.0 л;249 л.с., налог;АКПП;4WD;;черный;170 000 км;левый;3 поколение;xDrive 30d AT M Sport;;
BMW;X5;2015;3798555;https://auto.drom.ru/kazan/bmw/x5/52827993.html;Характеристики совпадают с ПТС;2 записи о регистрации;Не числится в розыске;Ограничений не обнаружено;Казани;дизель, 3.0 л;249 л.с., налог;АКПП;4WD;;черный;155 000 км;левый;3 поколение;;;
BMW;3-Series;2015;2098000;https://auto.drom.ru/spb/bmw/3-series/509012691.html;Характеристики совпадают с ПТС;5 записей о регистрации;Не числится в розыске;Ограничений не обнаружено;Санкт-Петербурге;бензин, 2.0 л;184 л.с., налог;автомат;4WD;лифтбек;белый;165 114 км;левый;;;;
BMW;X6;2015;4197000;https://auto.drom.ru/moscow/bmw/x6/501597400.html;Характеристики совпадают с ПТС;2 записи о регистрации;Не числится в розыске;Ограничений не обнаружено;Москве;бензин, 4.4 л;575 л.с., налог;АКПП;4WD;;белый;132 789 км;левый;2 поколение;;;
BMW;X6;2015;3500000;https://auto.drom.ru/cheboksary/bmw/x6/117913997.html;Характеристики совпадают с ПТС;2 записи о регистрации;Не числится в розыске;Ограничений не обнаружено;Чебоксарах;бензин, 3.0 л;306 л.с., налог;АКПП;4WD;;коричневый;134 000 км;левый;2 поколение;;;
BMW;5-Series;2015;3500000;https://auto.drom.ru/moscow/bmw/5-series/198452073.html;Год не совпадает с ПТС;1 запись о регистрации;Не числится в розыске;Ограничений не обнаружено;Москве;дизель, 3.0 л;381 л.с., налог;АКПП;4WD;седан;черный;107 000 км;левый;6 поколение, рестайлинг;;;
BMW;X5;2015;3449000;https://auto.drom.ru/voronezh/bmw/x5/291671866.html;Характеристики совпадают с ПТС;3 записи о регистрации;Не числится в розыске;Ограничений не обнаружено;Воронеже;дизель, 3.0 л;218 л.с., налог;АКПП;4WD;;черный;218 090 км;левый;3 поколение;;;
BMW;X6;2015;3799400;https://auto.drom.ru/moscow/bmw/x6/948239400.html;Характеристики совпадают с ПТС;1 запись о регистрации;Не числится в розыске;Ограничений не обнаружено;Москве;дизель, 3.0 л;249 л.с., налог;АКПП;4WD;;белый;133 034 км;левый;2 поколение;;;
BMW;X3;2015;2509000;https://auto.drom.ru/moscow/bmw/x3/410528722.html;Характеристики совпадают с ПТС;2 записи о регистрации;Не числится в розыске;Ограничений не обнаружено;Москве;бензин, 2.0 л;184 л.с., налог;АКПП;4WD;;коричневый;97 000 км;левый;2 поколение, рестайлинг;;;
BMW;X6;2015;5110000;https://auto.drom.ru/moscow/bmw/x6/858273149.html;Характеристики совпадают с ПТС;1 запись о регистрации;Не числится в розыске;Ограничений не обнаружено;Москве;бензин, 4.4 л;575 л.с., налог;АКПП;4WD;;черный;81 872 км;левый;2 поколение;;;
BMW;5-Series;2015;2033000;https://auto.drom.ru/kazan/bmw/5-series/53650068.html;Характеристики совпадают с ПТС;9 записей о регистрации;Не числится в розыске;Ограничений не обнаружено;Казани;дизель, 2.0 л;190 л.с., налог;автомат;задний;седан;черный;135 998 км;;;;;
BMW;5-Series;2015;1983000;https://auto.drom.ru/himki/bmw/5-series/468086384.html;Характеристики совпадают с ПТС;3 записи о регистрации;Не числится в розыске;Ограничений не обнаружено;Химках;бензин, 2.0 л;184 л.с., налог;АКПП;задний;седан;синий;147 000 км;левый;6 поколение, рестайлинг;;;
BMW;X3;2015;2495000;https://auto.drom.ru/moscow/bmw/x3/53460227.html;Характеристики совпадают с ПТС;2 записи о регистрации;Не числится в розыске;Ограничений не обнаружено;Москве;дизель, 2.0 л;190 л.с., налог;АКПП;4WD;;синий;195 000 км;левый;2 поколение, рестайлинг;;;
BMW;5-Series;2015;2749000;https://auto.drom.ru/moscow/bmw/5-series/53962920.html;Характеристики совпадают с ПТС;1 запись о регистрации;Не числится в розыске;Ограничений не обнаружено;Москве;бензин, 3.0 л;306 л.с., налог;автомат;задний;седан;серый;181 960 км;левый;;;;
BMW;5-Series;2015;2100000;https://auto.drom.ru/togliatti/bmw/5-series/53614121.html;Характеристики совпадают с ПТС;4 записи о регистрации;Не числится в розыске;Есть ограничения;Тольятти;бензин, 2.0 л;245 л.с., налог;АКПП;4WD;седан;черный;220 030 км;левый;6 поколение, рестайлинг;528i AT xDrive;;
BMW;X5;2015;3870000;https://auto.drom.ru/moscow/bmw/x5/506523208.html;Характеристики совпадают с ПТС;2 записи о регистрации;Не числится в розыске;Ограничений не обнаружено;Москве;дизель, 3.0 л;313 л.с., налог;АКПП;4WD;;серый;262 019 км;левый;3 поколение;;;
BMW;X1;2015;2350000;https://auto.drom.ru/himki/bmw/x1/280225946.html;Характеристики совпадают с ПТС;2 записи о регистрации;Не числится в розыске;Ограничений не обнаружено;Химках;дизель, 2.0 л;190 л.с., налог;АКПП;4WD;;коричневый;90 819 км;левый;2 поколение;;;
BMW;X6;2015;3170000;https://auto.drom.ru/spb/bmw/x6/53958662.html;Характеристики совпадают с ПТС;2 записи о регистрации;Не числится в розыске;Ограничений не обнаружено;Санкт-Петербурге;бензин, 3.0 л;306 л.с., налог;АКПП;4WD;;коричневый;125 442 км;левый;2 поколение;;;
BMW;X5;2015;3829000;https://auto.drom.ru/moscow/bmw/x5/53957223.html;Характеристики совпадают с ПТС;2 записи о регистрации;Не числится в розыске;Ограничений не обнаружено;Москве;дизель, 3.0 л;249 л.с., налог;АКПП;4WD;;черный;140 980 км;левый;3 поколение;;;
BMW;X6;2015;3789000;https://auto.drom.ru/moscow/bmw/x6/51091962.html;Характеристики совпадают с ПТС;2 записи о регистрации;Не числится в розыске;Ограничений не обнаружено;Москве;дизель, 3.0 л;249 л.с., налог;АКПП;4WD;;черный;196 000 км;левый;2 поколение;xDrive 30d AT Luxury;;
BMW;3-Series;2015;2245000;https://auto.drom.ru/moscow/bmw/3-series/635788482.html;Характеристики совпадают с ПТС;3 записи о регистрации;Не числится в розыске;Ограничений не обнаружено;Москве;бензин, 2.0 л;184 л.с., налог;АКПП;задний;седан;белый;83 000 км;левый;6 поколение, рестайлинг;320i AT;;
BMW;X3;2015;1958000;https://auto.drom.ru/moscow/bmw/x3/815892155.html;Характеристики совпадают с ПТС;1 запись о регистрации;Не числится в розыске;Ограничений не обнаружено;Москве;бензин, 2.0 л;245 л.с., налог;АКПП;4WD;;коричневый;265 296 км;левый;2 поколение, рестайлинг;;;
BMW;X5;2015;3190000;https://auto.drom.ru/spb/bmw/x5/910829946.html;Характеристики совпадают с ПТС;4 записи о регистрации;Не числится в розыске;Ограничений не обнаружено;Санкт-Петербурге;бензин, 3.0 л;306 л.с., налог;АКПП;4WD;;черный;148 000 км;левый;3 поколение;;;
BMW;3-Series;2015;1897500;https://auto.drom.ru/spb/bmw/3-series/918363676.html;Характеристики совпадают с ПТС;5 записей о регистрации;Не числится в розыске;Ограничений не обнаружено;Санкт-Петербурге;дизель, 2.0 л;184 л.с., налог;АКПП;4WD;седан;черный;155 103 км;левый;6 поколение;;;
BMW;3-Series;2015;1800000;https://auto.drom.ru/kaluga/bmw/3-series/646656682.html;Характеристики совпадают с ПТС;2 записи о регистрации;Не числится в розыске;Ограничений не обнаружено;Калуге;бензин, 2.0 л;245 л.с., налог;АКПП;4WD;седан;черный;145 000 км;левый;6 поколение;328i AT xDrive;;
BMW;X6;2015;4049000;https://auto.drom.ru/moscow/bmw/x6/632798357.html;Характеристики совпадают с ПТС;3 записи о регистрации;Не числится в розыске;Ограничений не обнаружено;Москве;дизель, 3.0 л;249 л.с., налог;АКПП;4WD;;серый;141 962 км;левый;2 поколение;;;
BMW;X4;2015;2549000;https://auto.drom.ru/spb/bmw/x4/435615101.html;Характеристики совпадают с ПТС;4 записи о регистрации;Не числится в розыске;Ограничений не обнаружено;Санкт-Петербурге;дизель, 3.0 л;249 л.с., налог;АКПП;4WD;;белый;188 400 км;левый;1 поколение;;;
BMW;X1;2015;2424000;https://auto.drom.ru/moscow/bmw/x1/191836325.html;Характеристики совпадают с ПТС;2 записи о регистрации;Не числится в розыске;Ограничений не обнаружено;Москве;бензин, 2.0 л;192 л.с., налог;автомат;4WD;;коричневый;126 514 км;левый;2 поколение;;;
BMW;X6;2015;3650000;https://auto.drom.ru/moscow/bmw/x6/53169589.html;Характеристики совпадают с ПТС;4 записи о регистрации;Не числится в розыске;Ограничений не обнаружено;Москве;бензин, 3.0 л;306 л.с., налог;АКПП;4WD;;коричневый;121 145 км;левый;2 поколение;;;
BMW;X3;2015;2514800;https://auto.drom.ru/kazan/bmw/x3/278381272.html;Характеристики совпадают с ПТС;3 записи о регистрации;Не числится в розыске;Ограничений не обнаружено;Казани;дизель, 2.0 л;190 л.с., налог;АКПП;4WD;;белый;257 648 км;левый;2 поколение, рестайлинг;;;
BMW;X5;2015;4149000;https://auto.drom.ru/moscow/bmw/x5/53919216.html;Характеристики совпадают с ПТС;2 записи о регистрации;Не числится в розыске;Ограничений не обнаружено;Москве;дизель, 3.0 л;381 л.с., налог;АКПП;4WD;;белый;141 000 км;левый;3 поколение;;;
BMW;3-Series;2015;2490000;https://auto.drom.ru/yaroslavl/bmw/3-series/53568457.html;Характеристики совпадают с ПТС;3 записи о регистрации;Не числится в розыске;Ограничений не обнаружено;Ярославле;дизель, 2.0 л;190 л.с., налог;АКПП;4WD;седан;коричневый;14 291 км;левый;6 поколение, рестайлинг;;;
BMW;X5;2015;4100000;https://auto.drom.ru/moscow/bmw/x5/53163628.html;Характеристики совпадают с ПТС;3 записи о регистрации;Не числится в розыске;Ограничений не обнаружено;Москве;бензин, 4.4 л;575 л.с., налог;АКПП;4WD;;серый;127 000 км;левый;3 поколение;M;;
BMW;7-Series;2015;2500000;https://auto.drom.ru/moscow/bmw/7-series/924860163.html;Характеристики совпадают с ПТС;3 записи о регистрации;Не числится в розыске;Ограничений не обнаружено;Москве;дизель, 3.0 л;258 л.с., налог;АКПП;4WD;;синий;320 114 км;левый;5 поколение, рестайлинг;730d AT xDrive;;
BMW;X3;2015;3444000;https://auto.drom.ru/moscow/bmw/x3/928540840.html;Характеристики совпадают с ПТС;2 записи о регистрации;Не числится в розыске;Ограничений не обнаружено;Москве;бензин, 2.0 л;184 л.с., налог;АКПП;4WD;;серый;96 000 км;левый;2 поколение, рестайлинг;xDrive 20i AT M Sport;;
BMW;X5;2015;3754004;https://auto.drom.ru/spb/bmw/x5/662345824.html;Характеристики совпадают с ПТС;3 записи о регистрации;Не числится в розыске;Ограничений не обнаружено;Санкт-Петербурге;дизель, 3.0 л;249 л.с., налог;АКПП;4WD;;синий;124 463 км;левый;3 поколение;;;
BMW;X6;2015;3678000;https://auto.drom.ru/moscow/bmw/x6/752719803.html;Характеристики совпадают с ПТС;4 записи о регистрации;Не числится в розыске;Ограничений не обнаружено;Москве;дизель, 3.0 л;249 л.с., налог;АКПП;4WD;;белый;93 892 км;левый;2 поколение;;;
