Бренд;Модель;Год;Цена;URL;ПТС;Владельцы;Розыск;Ограничения;Город;Двигатель;Мощность;Коробка передач;Привод;Тип кузова;Цвет;Пробег;Руль;Поколение;Комплектация;Особые отметки;VIN;
Mercedes-Benz;E-Class;2011;1500000;https://auto.drom.ru/kuzovatovo/mercedes-benz/e-class/53986219.html;Характеристики совпадают с ПТС;5 записей о регистрации;Не числится в розыске;Ограничений не обнаружено;Кузоватово;бензин, 1.8 л;184 л.с., налог;АКПП;задний;седан;коричневый;221 223 км;левый;4 поколение;E 200 CGI BlueEfficiency AТ Avantgarde;;;
Mercedes-Benz;G-Class;2011;4571275;https://auto.drom.ru/minsk/mercedes-benz/g-class/53672493.html;Характеристики совпадают с ПТС;2 записи о регистрации;Не числится в розыске;Ограничений не обнаружено;Минске;бензин, 5.5 л;388 л.с., налог;АКПП;4WD;джип/suv 5 дв.;черный;142 000 км;левый;2 поколение, 5 рестайлинг;G 500;;;
Mercedes-Benz;G-Class;2011;4870000;https://auto.drom.ru/moscow/mercedes-benz/g-class/53194750.html;Характеристики совпадают с ПТС;5 записей о регистрации;Не числится в розыске;Ограничений не обнаружено;Москве;бензин, 5.4 л;507 л.с., налог;АКПП;4WD;джип/suv 5 дв.;коричневый;140 000 км;левый;2 поколение, 5 рестайлинг;G 55 AMG Компрессор;;;
Mercedes-Benz;R-Class;2011;1883920;https://auto.drom.ru/minsk/mercedes-benz/r-class/53930914.html;;;;;Минске;дизель, 3.0 л;265 л.с., налог;автомат;4WD;;черный;229 000 км;левый;1 поколение, рестайлинг;;;;
Mercedes-Benz;M-Class;2011;1700000;https://auto.drom.ru/moscow/mercedes-benz/m-class/139352809.html;Характеристики совпадают с ПТС;3 записи о регистрации;Не числится в розыске;Ограничений не обнаружено;Москве;бензин, 3.5 л;272 л.с., налог;АКПП;4WD;;черный;233 732 км;левый;2 поколение, рестайлинг;;;;
Mercedes-Benz;E-Class;2011;1800000;https://auto.drom.ru/moscow/mercedes-benz/e-class/671689828.html;Характеристики совпадают с ПТС;4 записи о регистрации;Не числится в розыске;Ограничений не обнаружено;Москве;бензин, 3.0 л;231 л.с., налог;АКПП;задний;седан;серый;184 000 км;левый;4 поколение;E 300 AT Особая серия;;;
Mercedes-Benz;A-Class;2011;889000;https://auto.drom.ru/moscow/mercedes-benz/a-class/925972917.html;Характеристики совпадают с ПТС;4 записи о регистрации;Не числится в розыске;Ограничений не обнаружено;Москве;бензин, 1.7 л;116 л.с., налог;вариатор;передний;хэтчбек 5 дв.;белый;115 100 км;левый;2 поколение, рестайлинг;;;;
Mercedes-Benz;S-Class;2011;2400000;https://auto.drom.ru/moscow/mercedes-benz/s-class/146341392.html;Характеристики совпадают с ПТС;3 записи о регистрации;Не числится в розыске;Ограничений не обнаружено;Москве;бензин, 3.5 л;306 л.с., налог;АКПП;4WD;седан;коричневый;146 500 км;левый;5 поколение, рестайлинг;S350 L 4MATIC Базовая;;;
Mercedes-Benz;E-Class;2011;1100000;https://auto.drom.ru/kursk/mercedes-benz/e-class/377990227.html;;;;;Курске;бензин, 1.8 л;184 л.с., налог;АКПП;задний;седан;белый;264 000 км;левый;4 поколение;;требуется ремонт или не на ходу;;
Mercedes-Benz;S-Class;2011;7500000;https://auto.drom.ru/moscow/mercedes-benz/s-class/290130642.html;Характеристики совпадают с ПТС;3 записи о регистрации;Не числится в розыске;Ограничений не обнаружено;Москве;бензин, 5.5 л;517 л.с., налог;АКПП;задний;седан;черный;67 000 км;левый;5 поколение, рестайлинг;S 600 AT Guard;;;
Mercedes-Benz;C-Class;2011;1540000;https://auto.drom.ru/spb/mercedes-benz/c-class/352734840.html;Характеристики совпадают с ПТС;4 записи о регистрации;Не числится в розыске;Ограничений не обнаружено;Санкт-Петербурге;бензин, 1.8 л;184 л.с., налог;АКПП;задний;седан;коричневый;221 110 км;левый;3 поколение;;;;
Mercedes-Benz;C-Class;2011;1180000;https://auto.drom.ru/moscow/mercedes-benz/c-class/533244746.html;Характеристики совпадают с ПТС;3 записи о регистрации;Не числится в розыске;Ограничений не обнаружено;Москве;бензин, 1.8 л;156 л.с., налог;АКПП;задний;седан;синий;192 416 км;левый;3 поколение;;;;
Mercedes-Benz;C-Class;2011;1700000;https://auto.drom.ru/belgorod/mercedes-benz/c-class/53965329.html;Характеристики совпадают с ПТС;7 записей о регистрации;Не числится в розыске;Ограничений не обнаружено;Белгороде;бензин, 1.8 л;184 л.с., налог;АКПП;задний;седан;черный;250 000 км;левый;3 поколение;;;;
Mercedes-Benz;GL-Class;2011;2200000;https://auto.drom.ru/kazan/mercedes-benz/gl-class/53229486.html;Характеристики совпадают с ПТС;4 записи о регистрации;Не числится в розыске;Ограничений не обнаружено;Казани;дизель, 3.0 л;224 л.с., налог;автомат;4WD;;черный;241 528 км;;;;;;
Mercedes-Benz;A-Class;2011;760000;https://auto.drom.ru/spb/mercedes-benz/a-class/53223946.html;Характеристики совпадают с ПТС;2 записи о регистрации;Не числится в розыске;Ограничений не обнаружено;Санкт-Петербурге;бензин, 1.7 л;116 л.с., налог;вариатор;передний;хэтчбек 5 дв.;белый;162 917 км;левый;2 поколение, рестайлинг;;;;
Mercedes-Benz;C-Class;2011;1387400;https://auto.drom.ru/moscow/mercedes-benz/c-class/892873916.html;Характеристики совпадают с ПТС;5 записей о регистрации;Не числится в розыске;Ограничений не обнаружено;Москве;бензин, 1.8 л;156 л.с., налог;АКПП;задний;купе;белый;153 000 км;левый;3 поколение, рестайлинг;C 180 BlueEFFICIENCY AT;;;
Mercedes-Benz;E-Class;2011;685000;https://auto.drom.ru/spb/mercedes-benz/e-class/820419432.html;;;;;Санкт-Петербурге;бензин, 1.8 л;204 л.с., налог;АКПП;задний;купе;черный;140 000 км;левый;4 поколение;;требуется ремонт или не на ходу;;
Mercedes-Benz;M-Class;2011;1950000;https://auto.drom.ru/spb/mercedes-benz/m-class/805623724.html;Характеристики совпадают с ПТС;4 записи о регистрации;Не числится в розыске;Ограничений не обнаружено;Санкт-Петербурге;бензин, 3.5 л;272 л.с., налог;АКПП;4WD;;серебристый;271 800 км;левый;2 поколение, рестайлинг;;;;
Mercedes-Benz;E-Class;2011;1750000;https://auto.drom.ru/moscow/mercedes-benz/e-class/53611517.html;Характеристики совпадают с ПТС;3 записи о регистрации;Не числится в розыске;Ограничений не обнаружено;Москве;бензин, 3.0 л, ГБО;231 л.с., налог;АКПП;задний;седан;белый;290 000 км;левый;4 поколение;E 300 AT Особая серия;;;
Mercedes-Benz;C-Class;2011;1385000;https://auto.drom.ru/kazan/mercedes-benz/c-class/53610073.html;Характеристики совпадают с ПТС;4 записи о регистрации;Не числится в розыске;Ограничений не обнаружено;Казани;бензин, 1.8 л;156 л.с., налог;АКПП;задний;седан;бежевый;119 759 км;левый;3 поколение;;;;
Mercedes-Benz;CLS-Class;2011;2500000;https://auto.drom.ru/vladimir/mercedes-benz/cls-class/53202628.html;Характеристики совпадают с ПТС;13 записей о регистрации;Не числится в розыске;Ограничений не обнаружено;Владимире;бензин, 4.7 л;408 л.с., налог;АКПП;4WD;седан;красный;185 000 км;левый;2 поколение;CLS 500 4MATIC AT Особая серия;;;
Mercedes-Benz;M-Class;2011;1999000;https://auto.drom.ru/moscow/mercedes-benz/m-class/801308148.html;Характеристики совпадают с ПТС;5 записей о регистрации;Не числится в розыске;Ограничений не обнаружено;Москве;бензин, 3.5 л;306 л.с., налог;АКПП;4WD;;черный;301 309 км;левый;3 поколение;;;;
Mercedes-Benz;E-Class;2011;3100000;https://auto.drom.ru/moscow/mercedes-benz/e-class/204827314.html;Характеристики совпадают с ПТС;4 записи о регистрации;Не числится в розыске;Есть ограничения;Москве;бензин, 4.7 л;408 л.с., налог;АКПП;4WD;седан;черный;126 000 км;левый;4 поколение;;;;
Mercedes-Benz;C-Class;2011;1350000;https://auto.drom.ru/moscow/mercedes-benz/c-class/53189761.html;Характеристики совпадают с ПТС;9 записей о регистрации;Не числится в розыске;Ограничений не обнаружено;Москве;бензин, 1.8 л;156 л.с., налог;АКПП;задний;седан;черный;154 345 км;левый;3 поколение;C 180 CGI BlueEFFICIENCY AT Avantgarde;;;
Mercedes-Benz;E-Class;2011;1339000;https://auto.drom.ru/spb/mercedes-benz/e-class/310105625.html;Характеристики совпадают с ПТС;4 записи о регистрации;Не числится в розыске;Ограничений не обнаружено;Санкт-Петербурге;бензин, 1.8 л;184 л.с., налог;АКПП;задний;седан;черный;244 298 км;левый;4 поколение;;;;
Mercedes-Benz;M-Class;2011;1699999;https://auto.drom.ru/spb/mercedes-benz/m-class/50158725.html;Характеристики совпадают с ПТС;4 записи о регистрации;Не числится в розыске;Ограничений не обнаружено;Санкт-Петербурге;дизель, 3.0 л;224 л.с., налог;АКПП;4WD;;черный;211 244 км;левый;2 поколение, рестайлинг;;;;
Mercedes-Benz;E-Class;2011;1900000;https://auto.drom.ru/volgograd/mercedes-benz/e-class/53176858.html;Характеристики совпадают с ПТС;2 записи о регистрации;Не числится в розыске;Ограничений не обнаружено;Волгограде;бензин, 3.5 л;272 л.с., налог;АКПП;4WD;седан;коричневый;138 262 км;левый;4 поколение;;;;
Mercedes-Benz;E-Class;2011;1565000;https://auto.drom.ru/spb/mercedes-benz/e-class/52693540.html;Цвет не совпадает с ПТС;4 записи о регистрации;Не числится в розыске;Ограничений не обнаружено;Санкт-Петербурге;бензин, 3.5 л;306 л.с., налог;АКПП;4WD;седан;черный;182 000 км;левый;4 поколение;;;;
Mercedes-Benz;C-Class;2011;1350000;https://auto.drom.ru/balashiha/mercedes-benz/c-class/330969363.html;Характеристики совпадают с ПТС;6 записей о регистрации;Не числится в розыске;Ограничений не обнаружено;Балашихе;бензин, 1.8 л;156 л.с., налог;АКПП;задний;седан;;213 000 км;левый;3 поколение;;;;
Mercedes-Benz;M-Class;2011;2790000;https://auto.drom.ru/voronezh/mercedes-benz/m-class/52984048.html;Характеристики совпадают с ПТС;2 записи о регистрации;Не числится в розыске;Ограничений не обнаружено;Воронеже;дизель, 3.0 л;243 л.с., налог;АКПП;4WD;;серый;157 000 км;левый;3 поколение;ML 350 BlueTEC AT 4MATIC;;;
Mercedes-Benz;GL-Class;2011;2159000;https://auto.drom.ru/moscow/mercedes-benz/gl-class/455477692.html;Характеристики совпадают с ПТС;3 записи о регистрации;Не числится в розыске;Ограничений не обнаружено;Москве;дизель, 3.0 л;224 л.с., налог;АКПП;4WD;;черный;225 419 км;левый;1 поколение, рестайлинг;GL 350 CDI "Особая серия";;;
Mercedes-Benz;E-Class;2011;1515000;https://auto.drom.ru/moscow/mercedes-benz/e-class/53929162.html;Характеристики совпадают с ПТС;5 записей о регистрации;Не числится в розыске;Ограничений не обнаружено;Москве;3.5 л;;автомат;;седан;черный;171 989 км;левый;4 поколение;;;;
Mercedes-Benz;E-Class;2011;1200000;https://auto.drom.ru/spb/mercedes-benz/e-class/53918499.html;Характеристики совпадают с ПТС;8 записей о регистрации;Не числится в розыске;Ограничений не обнаружено;Санкт-Петербурге;бензин, 1.8 л;184 л.с., налог;АКПП;задний;седан;черный;275 000 км;левый;4 поколение;E 200 CGI AT Особая серия;;;
Mercedes-Benz;M-Class;2011;2360000;https://auto.drom.ru/tula/mercedes-benz/m-class/53928337.html;Мощность двигателя не совпадает с ПТС;1 запись о регистрации;Не числится в розыске;Ограничений не обнаружено;Туле;дизель, 3.0 л;249 л.с., налог;АКПП;4WD;;белый;255 472 км;левый;3 поколение;ML 350 BlueTEC 4MATIC Особая серия;;;
Mercedes-Benz;E-Class;2011;1250000;https://auto.drom.ru/kazan/mercedes-benz/e-class/482768038.html;Характеристики совпадают с ПТС;9 записей о регистрации;Не числится в розыске;Ограничений не обнаружено;Казани;бензин, 1.8 л;204 л.с., налог;АКПП;задний;купе;;200 239 км;левый;4 поколение;;;;
Mercedes-Benz;Viano;2011;3000000;https://auto.drom.ru/donetsk/mercedes-benz/viano/53558580.html;;;;;Донецке;дизель, 3.0 л;224 л.с., налог;АКПП;задний;;черный;345 000 км;левый;2 поколение, рестайлинг;3.0 CDI Ambiente Сверхдлинный;;;
Mercedes-Benz;G-Class;2011;4350000;https://auto.drom.ru/togliatti/mercedes-benz/g-class/943032194.html;Характеристики совпадают с ПТС;5 записей о регистрации;Не числится в розыске;Ограничений не обнаружено;Тольятти;дизель, 3.0 л;224 л.с., налог;АКПП;4WD;джип/suv 5 дв.;серый;204 000 км;левый;2 поколение, 5 рестайлинг;G 350 CDI Cabriolet Особая серия;;;
