Бренд;Модель;Год;Цена;URL;ПТС;Владельцы;Розыск;Ограничения;Город;Двигатель;Мощность;Коробка передач;Привод;Тип кузова;Цвет;Пробег;Руль;Поколение;Комплектация;
BMW;5-Series;2014;1930000;https://auto.drom.ru/spb/bmw/5-series/53957304.html;Характеристики совпадают с ПТС;4 записи о регистрации;Не числится в розыске;Ограничений не обнаружено;Санкт-Петербурге;дизель, 2.0 л;184 л.с., налог;АКПП;задний;седан;черный;198 000 км;левый;6 поколение, рестайлинг;520d AT;
BMW;5-Series;2014;1749000;https://auto.drom.ru/spb/bmw/5-series/53933601.html;Характеристики совпадают с ПТС;2 записи о регистрации;Не числится в розыске;Ограничений не обнаружено;Санкт-Петербурге;бензин, 2.0 л;184 л.с., налог;АКПП;задний;седан;серый;183 000 км;левый;6 поколение, рестайлинг;;
BMW;X6;2015;3749900;https://auto.drom.ru/voronezh/bmw/x6/53607462.html;Характеристики совпадают с ПТС;2 записи о регистрации;Не числится в розыске;Ограничений не обнаружено;Воронеже;дизель, 3.0 л;249 л.с., налог;АКПП;4WD;;черный;135 891 км;левый;2 поколение;;
BMW;5-Series;2015;2295000;https://auto.drom.ru/voronezh/bmw/5-series/53945192.html;Характеристики совпадают с ПТС;3 записи о регистрации;Не числится в розыске;Есть ограничения;Воронеже;дизель, 2.0 л;190 л.с., налог;АКПП;задний;седан;серый;95 933 км;левый;6 поколение, рестайлинг;;
BMW;X5;2015;4350000;https://auto.drom.ru/penza/bmw/x5/53598036.html;Характеристики совпадают с ПТС;2 записи о регистрации;Не числится в розыске;Ограничений не обнаружено;Пензе;дизель, 3.0 л;218 л.с., налог;АКПП;4WD;;черный;106 000 км;левый;3 поколение;;
BMW;X3;2015;2699149;https://auto.drom.ru/spb/bmw/x3/53188350.html;Характеристики совпадают с ПТС;2 записи о регистрации;Не числится в розыске;Ограничений не обнаружено;Санкт-Петербурге;дизель, 2.0 л;190 л.с., налог;АКПП;4WD;;черный;68 950 км;левый;2 поколение, рестайлинг;;
BMW;X3;2015;3320000;https://auto.drom.ru/moscow/bmw/x3/295954383.html;Цвет не совпадает с ПТС;1 запись о регистрации;Не числится в розыске;Ограничений не обнаружено;Москве;дизель, 3.0 л;249 л.с., налог;АКПП;4WD;;черный;77 000 км;левый;2 поколение, рестайлинг;;
BMW;3-Series;2015;2425000;https://auto.drom.ru/serpuhov/bmw/3-series/913470348.html;Цвет не совпадает с ПТС;3 записи о регистрации;Не числится в розыске;Ограничений не обнаружено;Серпухове;бензин, 2.0 л;184 л.с., налог;АКПП;4WD;седан;коричневый;99 409 км;левый;6 поколение;;
BMW;X1;2015;2769000;https://auto.drom.ru/spb/bmw/x1/662049133.html;Характеристики совпадают с ПТС;1 запись о регистрации;Не числится в розыске;Ограничений не обнаружено;Санкт-Петербурге;дизель, 2.0 л;190 л.с., налог;АКПП;4WD;;черный;48 804 км;левый;2 поколение;;
BMW;3-Series;2015;1850000;https://auto.drom.ru/kazan/bmw/3-series/258458828.html;Характеристики совпадают с ПТС;4 записи о регистрации;Не числится в розыске;Ограничений не обнаружено;Казани;бензин, 1.6 л;136 л.с., налог;АКПП;задний;седан;черный;170 000 км;левый;6 поколение;316i AT Special Edition;
BMW;4-Series;2015;2369000;https://auto.drom.ru/moscow/bmw/4-series/386164030.html;Цвет не совпадает с ПТС;4 записи о регистрации;Не числится в розыске;Ограничений не обнаружено;Москве;дизель, 2.0 л;184 л.с., налог;АКПП;4WD;лифтбек;синий;132 269 км;левый;1 поколение;;
BMW;X4;2015;3018000;https://auto.drom.ru/moscow/bmw/x4/52577011.html;Характеристики совпадают с ПТС;1 запись о регистрации;Не числится в розыске;Ограничений не обнаружено;Москве;бензин, 2.0 л;184 л.с., налог;АКПП;4WD;;серый;37 060 км;левый;1 поколение;xDrive 20i AT M Sport;
BMW;X5;2015;3646000;https://auto.drom.ru/kazan/bmw/x5/888826469.html;Цвет не совпадает с ПТС;5 записей о регистрации;Не числится в розыске;Ограничений не обнаружено;Казани;дизель, 3.0 л;249 л.с., налог;АКПП;4WD;;черный;177 501 км;левый;3 поколение;;
BMW;X1;2015;1979000;https://auto.drom.ru/moscow/bmw/x1/174558468.html;Характеристики совпадают с ПТС;3 записи о регистрации;Не числится в розыске;Ограничений не обнаружено;Москве;бензин, 2.0 л;192 л.с., налог;автомат;4WD;;синий;97 000 км;левый;2 поколение;;
BMW;X6;2015;4990000;https://auto.drom.ru/moscow/bmw/x6/371172505.html;Характеристики совпадают с ПТС;14 записей о регистрации;Не числится в розыске;Ограничений не обнаружено;Москве;бензин, 4.4 л;575 л.с., налог;АКПП;4WD;;белый;110 000 км;левый;2 поколение;M;
BMW;X5;2015;4850000;https://auto.drom.ru/spb/bmw/x5/53549412.html;Характеристики совпадают с ПТС;2 записи о регистрации;Не числится в розыске;Ограничений не обнаружено;Санкт-Петербурге;бензин, 4.4 л;575 л.с., налог;АКПП;4WD;;голубой;99 000 км;левый;3 поколение;M;
BMW;5-Series;2015;2150000;https://auto.drom.ru/moscow/bmw/5-series/51824240.html;;;;;Москве;дизель, 2.0 л;190 л.с., налог;АКПП;4WD;универсал;синий;250 000 км, без пробега по РФ;левый;6 поколение, рестайлинг;520d AT xDrive;
BMW;4-Series;2015;2031678;https://auto.drom.ru/minsk/bmw/4-series/209214372.html;;;;;Минске;бензин, 2.0 л;245 л.с., налог;АКПП;4WD;лифтбек;серый;140 000 км;левый;1 поколение;428i AT xDrive;
BMW;X6;2015;3878000;https://auto.drom.ru/himki/bmw/x6/662080489.html;Цвет не совпадает с ПТС;2 записи о регистрации;Не числится в розыске;Ограничений не обнаружено;Химках;дизель, 3.0 л;249 л.с., налог;АКПП;4WD;;черный;111 343 км;левый;2 поколение;;
BMW;1-Series;2015;1650000;https://auto.drom.ru/moscow/bmw/1-series/158463465.html;Характеристики совпадают с ПТС;5 записей о регистрации;Не числится в розыске;Ограничений не обнаружено;Москве;бензин, 1.6 л;136 л.с., налог;АКПП;задний;хэтчбек 5 дв.;белый;93 917 км;левый;2 поколение;;
BMW;5-Series;2015;2050000;https://auto.drom.ru/spb/bmw/5-series/785150006.html;Характеристики совпадают с ПТС;2 записи о регистрации;Не числится в розыске;Ограничений не обнаружено;Санкт-Петербурге;дизель, 2.0 л;218 л.с., налог;АКПП;4WD;седан;черный;199 000 км;левый;6 поколение, рестайлинг;525d AT xDrive;
BMW;3-Series;2015;2032000;https://auto.drom.ru/himki/bmw/3-series/376429986.html;Характеристики совпадают с ПТС;2 записи о регистрации;Не числится в розыске;Ограничений не обнаружено;Химках;бензин, 2.0 л;184 л.с., налог;АКПП;задний;седан;белый;130 175 км;левый;6 поколение;;
BMW;X6;2015;3170000;https://auto.drom.ru/spb/bmw/x6/907120391.html;Цвет не совпадает с ПТС;5 записей о регистрации;Не числится в розыске;Ограничений не обнаружено;Санкт-Петербурге;дизель, 3.0 л;249 л.с., налог;АКПП;4WD;;черный;176 025 км;левый;2 поколение;;
BMW;X3;2015;2340000;https://auto.drom.ru/spb/bmw/x3/53522173.html;Характеристики совпадают с ПТС;3 записи о регистрации;Не числится в розыске;Ограничений не обнаружено;Санкт-Петербурге;дизель, 2.0 л;190 л.с., налог;АКПП;4WD;;черный;76 205 км;левый;2 поколение, рестайлинг;;
BMW;X4;2015;2480000;https://auto.drom.ru/kazan/bmw/x4/53521953.html;Характеристики совпадают с ПТС;3 записи о регистрации;Не числится в розыске;Ограничений не обнаружено;Казани;дизель, 3.0 л;249 л.с., налог;АКПП;4WD;;белый;181 600 км;левый;1 поколение;;
BMW;3-Series;2015;2070000;https://auto.drom.ru/spb/bmw/3-series/375911654.html;Характеристики совпадают с ПТС;6 записей о регистрации;Не числится в розыске;Ограничений не обнаружено;Санкт-Петербурге;бензин, 2.0 л;184 л.с., налог;АКПП;задний;седан;белый;209 000 км;левый;6 поколение, рестайлинг;320i AT;
BMW;X4;2015;2598000;https://auto.drom.ru/moscow/bmw/x4/53873719.html;Характеристики совпадают с ПТС;4 записи о регистрации;Не числится в розыске;Ограничений не обнаружено;Москве;дизель, 2.0 л;190 л.с., налог;АКПП;4WD;;черный;102 124 км;левый;1 поколение;;
BMW;3-Series;2015;2190000;https://auto.drom.ru/spb/bmw/3-series/53510305.html;Характеристики совпадают с ПТС;3 записи о регистрации;Не числится в розыске;Ограничений не обнаружено;Санкт-Петербурге;дизель, 2.0 л;190 л.с., налог;АКПП;4WD;седан;черный;260 000 км;левый;6 поколение, рестайлинг;320d AT xDrive Sport Line;
BMW;5-Series;2015;3150000;https://auto.drom.ru/spb/bmw/5-series/53509945.html;Характеристики совпадают с ПТС;5 записей о регистрации;Не числится в розыске;Ограничений не обнаружено;Санкт-Петербурге;дизель, 3.0 л;258 л.с., налог;АКПП;4WD;седан;синий;164 000 км;левый;6 поколение, рестайлинг;;
BMW;X6;2015;6250000;https://auto.drom.ru/moscow/bmw/x6/52862640.html;Характеристики совпадают с ПТС;3 записи о регистрации;Не числится в розыске;Ограничений не обнаружено;Москве;бензин, 4.4 л;575 л.с., налог;АКПП;4WD;;голубой;54 000 км;левый;2 поколение;;
BMW;X5;2015;3500000;https://auto.drom.ru/kingisepp/bmw/x5/52849762.html;Характеристики совпадают с ПТС;3 записи о регистрации;Не числится в розыске;Ограничений не обнаружено;Кингисеппе;бензин, 3.0 л;306 л.с., налог;АКПП;4WD;;серебристый;98 000 км;левый;3 поколение;xDrive 35i AT Prestige;
BMW;3-Series;2015;1999999;https://auto.drom.ru/ulyanovsk/bmw/3-series/54154956.html;Характеристики совпадают с ПТС;;Не числится в розыске;Ограничений не обнаружено;Ульяновске;бензин, 1.6 л;136 л.с., налог;АКПП;задний;седан;черный;216 792 км;левый;6 поколение;;
BMW;X6;2015;3645000;https://auto.drom.ru/moscow/bmw/x6/54154277.html;Характеристики совпадают с ПТС;7 записей о регистрации;Не числится в розыске;Ограничений не обнаружено;Москве;дизель, 3.0 л;249 л.с., налог;АКПП;4WD;;коричневый;139 000 км;левый;2 поколение;xDrive 30d AT Luxury;
BMW;3-Series;2015;1800000;https://auto.drom.ru/moscow/bmw/3-series/54153741.html;Характеристики совпадают с ПТС;;Не числится в розыске;Ограничений не обнаружено;Москве;бензин, 2.0 л;184 л.с., налог;АКПП;задний;седан;белый;171 000 км;левый;6 поколение, рестайлинг;320i AT;
BMW;X3;2015;2280000;https://auto.drom.ru/spb/bmw/x3/54153217.html;Характеристики совпадают с ПТС;7 записей о регистрации;Не числится в розыске;Ограничений не обнаружено;Санкт-Петербурге;бензин, 2.0 л;184 л.с., налог;АКПП;4WD;;белый;191 730 км;левый;2 поколение, рестайлинг;xDrive 20i AT;
BMW;X4;2015;3385000;https://auto.drom.ru/moscow/bmw/x4/54151254.html;Характеристики совпадают с ПТС;1 запись о регистрации;Не числится в розыске;Ограничений не обнаружено;Москве;дизель, 2.0 л;190 л.с., налог;АКПП;4WD;;красный;72 500 км;левый;1 поколение;;
BMW;X6;2015;4790000;https://auto.drom.ru/spb/bmw/x6/54147262.html;Характеристики совпадают с ПТС;4 записи о регистрации;Не числится в розыске;Ограничений не обнаружено;Санкт-Петербурге;дизель, 3.0 л;381 л.с., налог;АКПП;4WD;;черный;98 564 км;левый;2 поколение;;
BMW;5-Series;2015;2195000;https://auto.drom.ru/voronezh/bmw/5-series/54146537.html;Характеристики совпадают с ПТС;4 записи о регистрации;Не числится в розыске;Ограничений не обнаружено;Воронеже;бензин, 2.0 л;245 л.с., налог;АКПП;4WD;седан;коричневый;185 679 км;левый;6 поколение, рестайлинг;;
BMW;3-Series;2016;1899000;https://auto.drom.ru/orehovo-zuevo/bmw/3-series/505230327.html;Характеристики совпадают с ПТС;4 записи о регистрации;Не числится в розыске;Ограничений не обнаружено;Орехово-Зуево;бензин, 2.0 л;184 л.с., налог;АКПП;задний;седан;черный;184 500 км;левый;6 поколение, рестайлинг;;
BMW;3-Series;2016;2790000;https://auto.drom.ru/moscow/bmw/3-series/157098963.html;Характеристики совпадают с ПТС;3 записи о регистрации;Не числится в розыске;Ограничений не обнаружено;Москве;дизель, 2.0 л;190 л.с., налог;АКПП;4WD;седан;черный;97 000 км;левый;6 поколение, рестайлинг;320d AT xDrive Luxury Line;
BMW;3-Series;2016;1869000;https://auto.drom.ru/moscow/bmw/3-series/53862350.html;Характеристики совпадают с ПТС;3 записи о регистрации;Не числится в розыске;Ограничений не обнаружено;Москве;бензин, 2.0 л;184 л.с., налог;АКПП;задний;седан;белый;188 896 км;левый;6 поколение, рестайлинг;;
BMW;X6;2016;3100000;https://auto.drom.ru/moscow/bmw/x6/53855757.html;Характеристики совпадают с ПТС;4 записи о регистрации;Не числится в розыске;Ограничений не обнаружено;Москве;бензин, 3.0 л;306 л.с., налог;АКПП;4WD;;белый;162 547 км;левый;2 поколение;;
BMW;X5;2016;3900000;https://auto.drom.ru/volgograd/bmw/x5/176180283.html;Характеристики совпадают с ПТС;4 записи о регистрации;Не числится в розыске;Ограничений не обнаружено;Волгограде;дизель, 3.0 л;249 л.с., налог;АКПП;4WD;;синий;134 000 км;левый;3 поколение;xDrive 30d AT;
BMW;3-Series;2016;1812000;https://auto.drom.ru/spb/bmw/3-series/243619968.html;Характеристики совпадают с ПТС;2 записи о регистрации;Не числится в розыске;Ограничений не обнаружено;Санкт-Петербурге;бензин, 1.5 л;136 л.с., налог;АКПП;задний;седан;черный;180 145 км;левый;6 поколение, рестайлинг;;
BMW;5-Series;2016;2683000;https://auto.drom.ru/spb/bmw/5-series/472622660.html;Характеристики совпадают с ПТС;1 запись о регистрации;Не числится в розыске;Ограничений не обнаружено;Санкт-Петербурге;дизель, 2.0 л;190 л.с., налог;АКПП;задний;седан;черный;67 000 км;левый;;;
BMW;3-Series;2016;1965000;https://auto.drom.ru/moscow/bmw/3-series/53855436.html;Характеристики совпадают с ПТС;3 записи о регистрации;Не числится в розыске;Ограничений не обнаружено;Москве;бензин, 2.0 л;184 л.с., налог;АКПП;задний;седан;коричневый;142 825 км;левый;6 поколение, рестайлинг;;
BMW;X5;2016;3250000;https://auto.drom.ru/volgograd/bmw/x5/53852503.html;Характеристики совпадают с ПТС;4 записи о регистрации;Не числится в розыске;Ограничений не обнаружено;Волгограде;дизель, 3.0 л;218 л.с., налог;АКПП;4WD;;белый;147 932 км;левый;3 поколение;xDrive 25d AT Business;
BMW;X4;2016;2780000;https://auto.drom.ru/spb/bmw/x4/53063456.html;Характеристики совпадают с ПТС;4 записи о регистрации;Не числится в розыске;Ограничений не обнаружено;Санкт-Петербурге;дизель, 2.0 л;190 л.с., налог;АКПП;4WD;;серебристый;140 000 км;левый;1 поколение;;
BMW;5-Series;2016;2420000;https://auto.drom.ru/spb/bmw/5-series/52958623.html;Характеристики совпадают с ПТС;4 записи о регистрации;Не числится в розыске;Ограничений не обнаружено;Санкт-Петербурге;дизель, 2.0 л;190 л.с., налог;АКПП;задний;седан;черный;183 000 км;левый;6 поколение, рестайлинг;520d AT;
BMW;3-Series;2016;2277000;https://auto.drom.ru/moscow/bmw/3-series/932818922.html;Характеристики совпадают с ПТС;3 записи о регистрации;Не числится в розыске;Ограничений не обнаружено;Москве;бензин, 2.0 л;184 л.с., налог;АКПП;задний;седан;черный;100 380 км;левый;6 поколение, рестайлинг;;
BMW;3-Series Gran Turismo;2016;2700000;https://auto.drom.ru/vladimir/bmw/3-series_gran_turismo/153821419.html;Характеристики совпадают с ПТС;2 записи о регистрации;Не числится в розыске;Ограничений не обнаружено;Владимире;дизель, 2.0 л;184 л.с., налог;автомат;задний;;серый;160 000 км;левый;6 поколение, рестайлинг;;
BMW;3-Series;2016;2149789;https://auto.drom.ru/spb/bmw/3-series/317604306.html;Характеристики совпадают с ПТС;3 записи о регистрации;Не числится в розыске;Ограничений не обнаружено;Санкт-Петербурге;бензин, 1.5 л;136 л.с., налог;АКПП;задний;седан;черный;70 203 км;левый;6 поколение, рестайлинг;;
BMW;5-Series;2016;2245700;https://auto.drom.ru/moscow/bmw/5-series/913161292.html;Характеристики совпадают с ПТС;3 записи о регистрации;Не числится в розыске;Ограничений не обнаружено;Москве;бензин, 2.0 л;184 л.с., налог;АКПП;задний;седан;черный;142 208 км;левый;;;
BMW;X6;2016;3502000;https://auto.drom.ru/moscow/bmw/x6/54123987.html;Характеристики совпадают с ПТС;4 записи о регистрации;Не числится в розыске;Ограничений не обнаружено;Москве;бензин, 3.0 л;306 л.с., налог;АКПП;4WD;;серый;131 027 км;левый;2 поколение;;
BMW;X5;2016;2847000;https://auto.drom.ru/moscow/bmw/x5/54124928.html;Характеристики совпадают с ПТС;5 записей о регистрации;Не числится в розыске;Ограничений не обнаружено;Москве;бензин, 3.0 л;306 л.с., налог;АКПП;4WD;;серый;122 617 км;левый;3 поколение;;
BMW;X3;2016;2480000;https://auto.drom.ru/kazan/bmw/x3/53464576.html;Характеристики совпадают с ПТС;4 записи о регистрации;Не числится в розыске;Ограничений не обнаружено;Казани;бензин, 2.0 л;184 л.с., налог;АКПП;4WD;;белый;67 200 км;левый;2 поколение, рестайлинг;;
BMW;3-Series;2016;2151000;https://auto.drom.ru/spb/bmw/3-series/746888670.html;Характеристики совпадают с ПТС;1 запись о регистрации;Не числится в розыске;Ограничений не обнаружено;Санкт-Петербурге;дизель, 2.0 л;190 л.с., налог;АКПП;задний;седан;белый;140 667 км;левый;6 поколение, рестайлинг;;
BMW;1-Series;2016;1680000;https://auto.drom.ru/odintsovo/bmw/1-series/54117680.html;Характеристики совпадают с ПТС;3 записи о регистрации;Не числится в розыске;Ограничений не обнаружено;Одинцове;бензин, 1.5 л;136 л.с., налог;АКПП;задний;хэтчбек 5 дв.;белый;150 000 км;левый;2 поколение, рестайлинг;118i AT Model Advantage;
BMW;X3;2016;2550000;https://auto.drom.ru/novomoskovsk/bmw/x3/53463976.html;Характеристики совпадают с ПТС;2 записи о регистрации;Не числится в розыске;Ограничений не обнаружено;Новомосковске;бензин, 2.0 л;245 л.с., налог;автомат;задний;;белый;120 000 км;левый;2 поколение, рестайлинг;;
BMW;5-Series;2016;2950000;https://auto.drom.ru/moscow/bmw/5-series/807291558.html;Характеристики совпадают с ПТС;2 записи о регистрации;Не числится в розыске;Ограничений не обнаружено;Москве;бензин, 2.0 л;245 л.с., налог;АКПП;4WD;седан;черный;88 733 км;левый;6 поколение, рестайлинг;;
BMW;X6;2016;4235000;https://auto.drom.ru/spb/bmw/x6/150310316.html;Характеристики совпадают с ПТС;6 записей о регистрации;Не числится в розыске;Ограничений не обнаружено;Санкт-Петербурге;дизель, 3.0 л;313 л.с., налог;АКПП;4WD;;черный;150 000 км;левый;2 поколение;;
BMW;X4;2016;3010000;https://auto.drom.ru/spb/bmw/x4/364259858.html;Характеристики совпадают с ПТС;2 записи о регистрации;Не числится в розыске;Ограничений не обнаружено;Санкт-Петербурге;бензин, 2.0 л;184 л.с., налог;АКПП;4WD;;серый;122 000 км;левый;1 поколение;xDrive 20i AT M Sport;
BMW;X6;2016;4320000;https://auto.drom.ru/moscow/bmw/x6/54103651.html;Характеристики совпадают с ПТС;6 записей о регистрации;Не числится в розыске;Ограничений не обнаружено;Москве;бензин, 4.4 л;575 л.с., налог;АКПП;4WD;;черный;146 561 км;левый;2 поколение;;
BMW;X1;2016;2465000;https://auto.drom.ru/spb/bmw/x1/53447899.html;Характеристики совпадают с ПТС;3 записи о регистрации;Не числится в розыске;Ограничений не обнаружено;Санкт-Петербурге;дизель, 2.0 л;190 л.с., налог;АКПП;4WD;;белый;70 000 км;левый;2 поколение;;
BMW;X5;2016;8500000;https://auto.drom.ru/yaroslavl/bmw/x5/52565978.html;Характеристики совпадают с ПТС;4 записи о регистрации;Не числится в розыске;Ограничений не обнаружено;Ярославле;бензин, 4.4 л;575 л.с., налог;АКПП;4WD;;черный;19 000 км;левый;3 поколение;M;
BMW;3-Series;2016;2286222;https://auto.drom.ru/moscow/bmw/3-series/898163189.html;Характеристики совпадают с ПТС;4 записи о регистрации;Не числится в розыске;Ограничений не обнаружено;Москве;бензин, 2.0 л;184 л.с., налог;АКПП;задний;седан;белый;94 320 км;левый;6 поколение, рестайлинг;;
BMW;5-Series;2016;1797000;https://auto.drom.ru/moscow/bmw/5-series/874244220.html;Характеристики совпадают с ПТС;4 записи о регистрации;Не числится в розыске;Ограничений не обнаружено;Москве;дизель, 2.0 л;190 л.с., налог;АКПП;задний;седан;черный;237 098 км;левый;;;
BMW;7-Series;2016;3845700;https://auto.drom.ru/moscow/bmw/7-series/141449685.html;Характеристики совпадают с ПТС;3 записи о регистрации;Не числится в розыске;Ограничений не обнаружено;Москве;дизель, 3.0 л;265 л.с., налог;АКПП;4WD;;серый;138 236 км;левый;6 поколение;;
BMW;3-Series;2016;2199000;https://auto.drom.ru/himki/bmw/3-series/719793468.html;Характеристики совпадают с ПТС;1 запись о регистрации;Не числится в розыске;Ограничений не обнаружено;Химках;бензин, 1.5 л;136 л.с., налог;АКПП;задний;седан;белый;71 698 км;левый;6 поколение, рестайлинг;;
BMW;3-Series;2016;2449789;https://auto.drom.ru/spb/bmw/3-series/265435165.html;Характеристики совпадают с ПТС;3 записи о регистрации;Не числится в розыске;Ограничений не обнаружено;Санкт-Петербурге;бензин, 2.0 л;184 л.с., налог;АКПП;4WD;седан;черный;159 565 км;левый;6 поколение, рестайлинг;;
BMW;X1;2016;2290000;https://auto.drom.ru/volzhskiy/bmw/x1/54097650.html;Характеристики совпадают с ПТС;3 записи о регистрации;Не числится в розыске;Ограничений не обнаружено;Волжском;бензин, 2.0 л;192 л.с., налог;автомат;4WD;;белый;138 600 км;левый;2 поколение;;
BMW;X5;2016;4449444;https://auto.drom.ru/spb/bmw/x5/466656690.html;Характеристики совпадают с ПТС;1 запись о регистрации;Не числится в розыске;Ограничений не обнаружено;Санкт-Петербурге;дизель, 3.0 л;249 л.с., налог;АКПП;4WD;;черный;150 531 км;левый;3 поколение;;
BMW;7-Series;2016;4390000;https://auto.drom.ru/moscow/bmw/7-series/559123092.html;Характеристики совпадают с ПТС;2 записи о регистрации;Не числится в розыске;Ограничений не обнаружено;Москве;дизель, 3.0 л;320 л.с., налог;АКПП;4WD;;серебристый;91 500 км;левый;6 поколение;;
BMW;X4;2016;3570000;https://auto.drom.ru/spb/bmw/x4/818920465.html;Характеристики совпадают с ПТС;2 записи о регистрации;Не числится в розыске;Ограничений не обнаружено;Санкт-Петербурге;бензин, 2.0 л;245 л.с., налог;АКПП;4WD;;синий;67 364 км;левый;1 поколение;;
BMW;X4;2016;3218000;https://auto.drom.ru/moscow/bmw/x4/454370724.html;Характеристики совпадают с ПТС;2 записи о регистрации;Не числится в розыске;Ограничений не обнаружено;Москве;бензин, 2.0 л;245 л.с., налог;АКПП;4WD;;белый;71 851 км;левый;1 поколение;;
BMW;X5;2016;4750000;https://auto.drom.ru/moscow/bmw/x5/54088039.html;Характеристики совпадают с ПТС;5 записей о регистрации;Не числится в розыске;Ограничений не обнаружено;Москве;дизель, 3.0 л;313 л.с., налог;АКПП;4WD;;белый;173 000 км;левый;3 поколение;xDrive 40d AT M Sport;
BMW;3-Series;2016;2700000;https://auto.drom.ru/moscow/bmw/3-series/54084182.html;Характеристики совпадают с ПТС;2 записи о регистрации;Не числится в розыске;Ограничений не обнаружено;Москве;бензин, 2.0 л;184 л.с., налог;АКПП;4WD;седан;синий;109 000 км;левый;6 поколение, рестайлинг;320i AT xDrive M Sport;
BMW;3-Series;2016;1950000;https://auto.drom.ru/moscow/bmw/3-series/579493335.html;Характеристики совпадают с ПТС;2 записи о регистрации;Не числится в розыске;Ограничений не обнаружено;Москве;бензин, 1.5 л;136 л.с., налог;АКПП;задний;седан;белый;125 631 км;левый;6 поколение, рестайлинг;;
BMW;i8;2016;5768000;https://auto.drom.ru/moscow/bmw/i8/358756864.html;;;;;Москве;бензин, 1.5 л, гибрид;231 л.с., налог;АКПП;4WD;купе;белый;88 938 км;левый;1 поколение;;
BMW;3-Series;2016;1698000;https://auto.drom.ru/himki/bmw/3-series/53788924.html;Характеристики совпадают с ПТС;3 записи о регистрации;Не числится в розыске;Ограничений не обнаружено;Химках;бензин, 1.5 л;136 л.с., налог;АКПП;задний;седан;черный;101 123 км;левый;6 поколение, рестайлинг;;
BMW;X5;2016;5200000;https://auto.drom.ru/moscow/bmw/x5/379943632.html;Характеристики совпадают с ПТС;2 записи о регистрации;Не числится в розыске;Ограничений не обнаружено;Москве;бензин, 4.4 л;575 л.с., налог;АКПП;4WD;;черный;97 705 км;левый;3 поколение;M;
BMW;7-Series;2016;4250000;https://auto.drom.ru/moscow/bmw/7-series/54072651.html;Характеристики совпадают с ПТС;4 записи о регистрации;Не числится в розыске;Ограничений не обнаружено;Москве;дизель, 3.0 л;265 л.с., налог;АКПП;4WD;;серый;115 000 км;левый;6 поколение;730d AT xDrive;
BMW;3-Series;2016;2700000;https://auto.drom.ru/moscow/bmw/3-series/222671108.html;Характеристики совпадают с ПТС;4 записи о регистрации;Не числится в розыске;Ограничений не обнаружено;Москве;бензин, 2.0 л;184 л.с., налог;АКПП;4WD;седан;красный;93 000 км;левый;6 поколение, рестайлинг;320i AT xDrive M Sport;
BMW;X6;2016;4600000;https://auto.drom.ru/moscow/bmw/x6/654006783.html;Характеристики совпадают с ПТС;2 записи о регистрации;Не числится в розыске;Есть ограничения;Москве;дизель, 3.0 л;249 л.с., налог;АКПП;4WD;;коричневый;105 000 км;левый;2 поколение;;
BMW;X4;2016;3250000;https://auto.drom.ru/spb/bmw/x4/785250951.html;Цвет не совпадает с ПТС;3 записи о регистрации;Не числится в розыске;Ограничений не обнаружено;Санкт-Петербурге;дизель, 2.0 л;190 л.с., налог;АКПП;4WD;;черный;98 000 км;левый;1 поколение;;
BMW;X4;2016;3188000;https://auto.drom.ru/moscow/bmw/x4/414062023.html;Характеристики совпадают с ПТС;2 записи о регистрации;Не числится в розыске;Ограничений не обнаружено;Москве;дизель, 2.0 л;190 л.с., налог;АКПП;4WD;;белый;107 633 км;левый;1 поколение;;
BMW;X3;2016;2770000;https://auto.drom.ru/moscow/bmw/x3/54066229.html;Характеристики совпадают с ПТС;2 записи о регистрации;Не числится в розыске;Ограничений не обнаружено;Москве;бензин, 2.0 л;184 л.с., налог;АКПП;4WD;;черный;121 000 км;левый;2 поколение, рестайлинг;;
BMW;5-Series;2016;1950000;https://auto.drom.ru/moscow/bmw/5-series/54057164.html;Характеристики совпадают с ПТС;3 записи о регистрации;Не числится в розыске;Ограничений не обнаружено;Москве;дизель, 2.0 л;190 л.с., налог;АКПП;задний;седан;черный;230 000 км;левый;6 поколение, рестайлинг;520d AT Special Edition;
BMW;3-Series;2016;1859000;https://auto.drom.ru/spb/bmw/3-series/133729139.html;Характеристики совпадают с ПТС;3 записи о регистрации;Не числится в розыске;Ограничений не обнаружено;Санкт-Петербурге;бензин, 2.0 л;184 л.с., налог;АКПП;задний;седан;коричневый;182 048 км;левый;6 поколение, рестайлинг;;
BMW;3-Series;2016;1809789;https://auto.drom.ru/spb/bmw/3-series/53372755.html;Характеристики совпадают с ПТС;3 записи о регистрации;Не числится в розыске;Ограничений не обнаружено;Санкт-Петербурге;бензин, 2.0 л;184 л.с., налог;АКПП;задний;седан;черный;202 910 км;левый;6 поколение, рестайлинг;;
BMW;X4;2016;3599000;https://auto.drom.ru/kazan/bmw/x4/736975008.html;Характеристики совпадают с ПТС;2 записи о регистрации;Не числится в розыске;Ограничений не обнаружено;Казани;дизель, 2.0 л;190 л.с., налог;АКПП;4WD;;черный;40 000 км;левый;1 поколение;;
BMW;X4;2016;2890000;https://auto.drom.ru/chehov/bmw/x4/54039814.html;Характеристики совпадают с ПТС;1 запись о регистрации;Не числится в розыске;Ограничений не обнаружено;Чехове;дизель, 2.0 л;190 л.с., налог;АКПП;4WD;;белый;196 000 км;левый;1 поколение;;
BMW;X3;2016;2830000;https://auto.drom.ru/moscow/bmw/x3/601230102.html;Характеристики совпадают с ПТС;3 записи о регистрации;Не числится в розыске;Ограничений не обнаружено;Москве;дизель, 2.0 л;190 л.с., налог;АКПП;4WD;;белый;126 599 км;левый;2 поколение, рестайлинг;;
BMW;X6;2016;3599856;https://auto.drom.ru/kazan/bmw/x6/53345059.html;Характеристики совпадают с ПТС;5 записей о регистрации;Не числится в розыске;Ограничений не обнаружено;Казани;дизель, 3.0 л;249 л.с., налог;АКПП;4WD;;коричневый;241 500 км;левый;2 поколение;;
BMW;X1;2016;1995000;https://auto.drom.ru/moscow/bmw/x1/54019376.html;Характеристики совпадают с ПТС;3 записи о регистрации;Не числится в розыске;Ограничений не обнаружено;Москве;бензин, 1.5 л;136 л.с., налог;АКПП;передний;;синий;144 764 км;левый;2 поколение;;
BMW;X5;2016;4990000;https://auto.drom.ru/cheboksary/bmw/x5/53736875.html;Характеристики совпадают с ПТС;3 записи о регистрации;Не числится в розыске;Ограничений не обнаружено;Чебоксарах;дизель, 3.0 л;381 л.с., налог;АКПП;4WD;;белый;99 000 км;левый;3 поколение;xDrive M50d AT;
BMW;X6;2016;3512000;https://auto.drom.ru/kazan/bmw/x6/464044438.html;Характеристики совпадают с ПТС;1 запись о регистрации;Не числится в розыске;Ограничений не обнаружено;Казани;бензин, 3.0 л;306 л.с., налог;АКПП;4WD;;черный;173 032 км;левый;2 поколение;;
BMW;X5;2016;3799000;https://auto.drom.ru/spb/bmw/x5/52430178.html;Характеристики совпадают с ПТС;3 записи о регистрации;Не числится в розыске;Ограничений не обнаружено;Санкт-Петербурге;дизель, 3.0 л;249 л.с., налог;АКПП;4WD;;черный;141 000 км;левый;3 поколение;;
BMW;3-Series;2016;2180000;https://auto.drom.ru/spb/bmw/3-series/53686042.html;Характеристики совпадают с ПТС;4 записи о регистрации;Не числится в розыске;Ограничений не обнаружено;Санкт-Петербурге;дизель, 2.0 л;190 л.с., налог;автомат;4WD;лифтбек;черный;220 000 км;левый;;;
BMW;5-Series;2016;1824550;https://auto.drom.ru/spb/bmw/5-series/836072147.html;Характеристики совпадают с ПТС;2 записи о регистрации;Не числится в розыске;Ограничений не обнаружено;Санкт-Петербурге;дизель, 2.0 л;190 л.с., налог;АКПП;задний;седан;синий;222 500 км;левый;;;
BMW;X6;2016;3997792;https://auto.drom.ru/spb/bmw/x6/253245015.html;Характеристики совпадают с ПТС;4 записи о регистрации;Не числится в розыске;Ограничений не обнаружено;Санкт-Петербурге;дизель, 3.0 л;249 л.с., налог;АКПП;4WD;;коричневый;130 869 км;левый;2 поколение;;
BMW;X4;2016;3450000;https://auto.drom.ru/moscow/bmw/x4/778293866.html;Характеристики совпадают с ПТС;3 записи о регистрации;Не числится в розыске;Ограничений не обнаружено;Москве;дизель, 3.0 л;249 л.с., налог;АКПП;4WD;;серый;94 800 км;левый;1 поколение;xDrive 30d AT;
BMW;5-Series;2016;2295700;https://auto.drom.ru/moscow/bmw/5-series/182159122.html;Характеристики совпадают с ПТС;2 записи о регистрации;Не числится в розыске;Ограничений не обнаружено;Москве;бензин, 2.0 л;184 л.с., налог;АКПП;задний;седан;серый;129 733 км;левый;;;
BMW;X4;2016;3049500;https://auto.drom.ru/moscow/bmw/x4/53246739.html;Характеристики совпадают с ПТС;2 записи о регистрации;Не числится в розыске;Ограничений не обнаружено;Москве;бензин, 2.0 л;245 л.с., налог;АКПП;4WD;;черный;97 111 км;левый;1 поколение;;
BMW;7-Series;2016;3560000;https://auto.drom.ru/voronezh/bmw/7-series/52809825.html;Характеристики совпадают с ПТС;3 записи о регистрации;Не числится в розыске;Ограничений не обнаружено;Воронеже;дизель, 3.0 л;320 л.с., налог;АКПП;4WD;;серый;212 497 км;левый;6 поколение;;
BMW;X4;2016;3100000;https://auto.drom.ru/moscow/bmw/x4/52802935.html;Характеристики совпадают с ПТС;4 записи о регистрации;Не числится в розыске;Ограничений не обнаружено;Москве;бензин, 2.0 л;245 л.с., налог;АКПП;4WD;;черный;94 258 км;левый;1 поколение;;
BMW;X1;2016;2008000;https://auto.drom.ru/moscow/bmw/x1/52830237.html;Характеристики совпадают с ПТС;2 записи о регистрации;Не числится в розыске;Ограничений не обнаружено;Москве;бензин, 2.0 л;192 л.с., налог;автомат;4WD;;коричневый;117 900 км;левый;2 поколение;;
BMW;X4;2016;2770378;https://auto.drom.ru/minsk/bmw/x4/53649482.html;;;;;Минске;дизель, 2.0 л;190 л.с., налог;АКПП;4WD;;синий;100 942 км;левый;1 поколение;;
BMW;X6;2016;3900000;https://auto.drom.ru/moscow/bmw/x6/227353913.html;Характеристики совпадают с ПТС;1 запись о регистрации;Не числится в розыске;Ограничений не обнаружено;Москве;дизель, 3.0 л;249 л.с., налог;АКПП;4WD;;белый;77 036 км;левый;2 поколение;;
BMW;X6;2016;4234202;https://auto.drom.ru/minsk/bmw/x6/53637310.html;;;;;Минске;дизель, 3.0 л;381 л.с., налог;АКПП;4WD;;черный;185 000 км;левый;2 поколение;;
BMW;3-Series;2016;2140000;https://auto.drom.ru/moscow/bmw/3-series/53648494.html;Характеристики совпадают с ПТС;4 записи о регистрации;Не числится в розыске;Ограничений не обнаружено;Москве;бензин, 2.0 л;184 л.с., налог;АКПП;задний;седан;;173 000 км;левый;6 поколение, рестайлинг;320i AT;
BMW;5-Series;2016;2700000;https://auto.drom.ru/moscow/bmw/5-series/53647111.html;Характеристики совпадают с ПТС;3 записи о регистрации;Не числится в розыске;Ограничений не обнаружено;Москве;бензин, 2.0 л;184 л.с., налог;АКПП;задний;седан;белый;85 000 км;левый;6 поколение, рестайлинг;520i AT M Sport;
BMW;X5;2016;4650000;https://auto.drom.ru/moscow/bmw/x5/677585833.html;Характеристики совпадают с ПТС;3 записи о регистрации;Не числится в розыске;Ограничений не обнаружено;Москве;бензин, 3.0 л;306 л.с., налог;АКПП;4WD;;черный;185 000 км;левый;3 поколение;xDrive 35i AT;
BMW;6-Series;2016;3229000;https://auto.drom.ru/spb/bmw/6-series/53243142.html;Характеристики совпадают с ПТС;2 записи о регистрации;Не числится в розыске;Ограничений не обнаружено;Санкт-Петербурге;дизель, 3.0 л;313 л.с., налог;АКПП;4WD;купе;белый;88 000 км;левый;3 поколение, рестайлинг;;
BMW;3-Series;2016;2135000;https://auto.drom.ru/spb/bmw/3-series/933156981.html;Характеристики совпадают с ПТС;2 записи о регистрации;Не числится в розыске;Ограничений не обнаружено;Санкт-Петербурге;дизель, 2.0 л;190 л.с., налог;АКПП;4WD;седан;синий;234 000 км;левый;6 поколение, рестайлинг;;
BMW;X4;2016;2749000;https://auto.drom.ru/kazan/bmw/x4/731412580.html;Характеристики совпадают с ПТС;1 запись о регистрации;Не числится в розыске;Ограничений не обнаружено;Казани;дизель, 2.0 л;190 л.с., налог;АКПП;4WD;;серый;169 518 км;левый;1 поколение;;
BMW;3-Series;2016;2400000;https://auto.drom.ru/moscow/bmw/3-series/616828769.html;Характеристики совпадают с ПТС;3 записи о регистрации;Не числится в розыске;Ограничений не обнаружено;Москве;дизель, 2.0 л;190 л.с., налог;АКПП;4WD;седан;черный;290 000 км;левый;6 поколение, рестайлинг;320d AT xDrive Luxury Line;
BMW;X1;2016;2310000;https://auto.drom.ru/kazan/bmw/x1/53904537.html;Характеристики совпадают с ПТС;1 запись о регистрации;Не числится в розыске;Ограничений не обнаружено;Казани;дизель, 2.0 л;190 л.с., налог;АКПП;4WD;;белый;150 000 км;левый;2 поколение;;
BMW;X5;2016;3150000;https://auto.drom.ru/saransk/bmw/x5/53630198.html;Характеристики совпадают с ПТС;4 записи о регистрации;Не числится в розыске;Ограничений не обнаружено;Саранске;2.0 л;245 л.с., налог;автомат;;;серебристый;164 961 км;левый;;;
BMW;3-Series;2016;2200000;https://auto.drom.ru/kazan/bmw/3-series/553172471.html;Характеристики совпадают с ПТС;1 запись о регистрации;Не числится в розыске;Ограничений не обнаружено;Казани;бензин, 2.0 л;184 л.с., налог;АКПП;задний;седан;черный;111 269 км;левый;6 поколение, рестайлинг;;
BMW;X6;2016;3945000;https://auto.drom.ru/spb/bmw/x6/210725108.html;Характеристики совпадают с ПТС;5 записей о регистрации;Не числится в розыске;Ограничений не обнаружено;Санкт-Петербурге;дизель, 3.0 л;313 л.с., налог;АКПП;4WD;;белый;188 000 км;левый;2 поколение;;
BMW;5-Series;2016;1590000;https://auto.drom.ru/moscow/bmw/5-series/108839029.html;Характеристики совпадают с ПТС;4 записи о регистрации;Не числится в розыске;Ограничений не обнаружено;Москве;дизель, 2.0 л;190 л.с., налог;АКПП;задний;седан;белый;340 501 км;левый;;;
BMW;5-Series;2016;2147987;https://auto.drom.ru/spb/bmw/5-series/366857516.html;Характеристики совпадают с ПТС;6 записей о регистрации;Не числится в розыске;Ограничений не обнаружено;Санкт-Петербурге;бензин, 2.0 л;184 л.с., налог;АКПП;задний;седан;белый;142 628 км;левый;;;
BMW;X6;2016;3945700;https://auto.drom.ru/moscow/bmw/x6/902348025.html;Характеристики совпадают с ПТС;5 записей о регистрации;Не числится в розыске;Ограничений не обнаружено;Москве;дизель, 3.0 л;313 л.с., налог;АКПП;4WD;;черный;152 889 км;левый;2 поколение;;
BMW;X5;2016;3980000;https://auto.drom.ru/moscow/bmw/x5/53962197.html;Характеристики совпадают с ПТС;3 записи о регистрации;Не числится в розыске;Ограничений не обнаружено;Москве;дизель, 3.0 л;249 л.с., налог;АКПП;4WD;;черный;143 000 км;левый;3 поколение;xDrive 30d AT Luxury;
BMW;4-Series;2016;2412000;https://auto.drom.ru/kazan/bmw/4-series/53962176.html;Характеристики совпадают с ПТС;3 записи о регистрации;Не числится в розыске;Ограничений не обнаружено;Казани;дизель, 2.0 л;190 л.с., налог;АКПП;задний;купе;белый;179 654 км;левый;1 поколение;;
BMW;X5;2016;5100000;https://auto.drom.ru/tula/bmw/x5/53956797.html;Характеристики совпадают с ПТС;3 записи о регистрации;Не числится в розыске;Ограничений не обнаружено;Туле;бензин, 4.4 л;575 л.с., налог;АКПП;4WD;;черный;88 000 км;левый;3 поколение;M;
BMW;i8;2016;6300000;https://auto.drom.ru/kazan/bmw/i8/53566571.html;;;;;Казани;бензин, 1.5 л, гибрид;231 л.с., налог;АКПП;4WD;купе;серый;93 000 км;левый;1 поколение;1.5 AT;
BMW;X5;2016;4410000;https://auto.drom.ru/moscow/bmw/x5/823397951.html;Характеристики совпадают с ПТС;4 записи о регистрации;Не числится в розыске;Ограничений не обнаружено;Москве;дизель, 3.0 л;381 л.с., налог;АКПП;4WD;;синий;146 731 км;левый;3 поколение;;
BMW;X5;2016;4099999;https://auto.drom.ru/kaluga/bmw/x5/428977986.html;Характеристики совпадают с ПТС;3 записи о регистрации;Не числится в розыске;Ограничений не обнаружено;Калуге;дизель, 3.0 л;249 л.с., налог;АКПП;4WD;;черный;175 000 км;левый;3 поколение;xDrive 30d AT Pure Experience;
BMW;3-Series;2016;2016000;https://auto.drom.ru/spb/bmw/3-series/111678225.html;Характеристики совпадают с ПТС;2 записи о регистрации;Не числится в розыске;Ограничений не обнаружено;Санкт-Петербурге;бензин, 2.0 л;184 л.с., налог;АКПП;задний;седан;серый;116 100 км;левый;6 поколение, рестайлинг;;
BMW;4-Series;2016;2900000;https://auto.drom.ru/moscow/bmw/4-series/913639748.html;Характеристики совпадают с ПТС;2 записи о регистрации;Не числится в розыске;Ограничений не обнаружено;Москве;дизель, 2.0 л;190 л.с., налог;АКПП;4WD;купе;черный;102 000 км;левый;1 поколение;420d AT xDrive;
BMW;1-Series;2016;1677000;https://auto.drom.ru/himki/bmw/1-series/53194812.html;Характеристики совпадают с ПТС;4 записи о регистрации;Не числится в розыске;Ограничений не обнаружено;Химках;бензин, 1.5 л;136 л.с., налог;АКПП;задний;хэтчбек 5 дв.;белый;114 925 км;левый;2 поколение, рестайлинг;;
BMW;3-Series;2016;1619000;https://auto.drom.ru/moscow/bmw/3-series/53949914.html;Характеристики совпадают с ПТС;3 записи о регистрации;Не числится в розыске;Ограничений не обнаружено;Москве;бензин, 1.5 л;136 л.с., налог;АКПП;задний;седан;красный;114 312 км;левый;6 поколение, рестайлинг;;
BMW;X5;2016;3448000;https://auto.drom.ru/moscow/bmw/x5/53599376.html;Характеристики совпадают с ПТС;5 записей о регистрации;Не числится в розыске;Ограничений не обнаружено;Москве;дизель, 3.0 л;249 л.с., налог;АКПП;4WD;;черный;154 331 км;левый;3 поколение;;
BMW;X5;2016;4280000;https://auto.drom.ru/moscow/bmw/x5/921475802.html;Характеристики совпадают с ПТС;3 записи о регистрации;Не числится в розыске;Ограничений не обнаружено;Москве;бензин, 3.0 л;306 л.с., налог;АКПП;4WD;;белый;120 000 км;левый;3 поколение;xDrive 35i AT Luxury;
BMW;i3;2016;2090000;https://auto.drom.ru/volgograd/bmw/i3/215852261.html;Мощность двигателя не совпадает с ПТС;2 записи о регистрации;Не числится в розыске;Ограничений не обнаружено;Волгограде;электро;170 л.с., налог;АКПП;задний;хэтчбек 5 дв.;белый;51 000 км;левый;1 поколение;;
BMW;5-Series;2016;3100000;https://auto.drom.ru/vidnoe/bmw/5-series/598496074.html;Год не совпадает с ПТС;2 записи о регистрации;Не числится в розыске;Ограничений не обнаружено;Видном;бензин, 3.0 л;306 л.с., налог;АКПП;4WD;седан;серый;162 000 км;левый;6 поколение, рестайлинг;;
BMW;X6;2016;4999000;https://auto.drom.ru/moscow/bmw/x6/394588402.html;Цвет не совпадает с ПТС;4 записи о регистрации;Не числится в розыске;Ограничений не обнаружено;Москве;дизель, 3.0 л;381 л.с., налог;АКПП;4WD;;синий;89 000 км;левый;2 поколение;;
BMW;X5;2016;4000000;https://auto.drom.ru/spb/bmw/x5/773473213.html;Характеристики совпадают с ПТС;2 записи о регистрации;Не числится в розыске;Ограничений не обнаружено;Санкт-Петербурге;дизель, 3.0 л;313 л.с., налог;АКПП;4WD;;серый;193 000 км;левый;3 поколение;xDrive 40d AT M Sport;
BMW;7-Series;2016;4077000;https://auto.drom.ru/kazan/bmw/7-series/745382659.html;Характеристики совпадают с ПТС;6 записей о регистрации;Не числится в розыске;Ограничений не обнаружено;Казани;дизель, 3.0 л;265 л.с., налог;АКПП;4WD;;черный;136 441 км;левый;6 поколение;;
BMW;X4;2016;3197000;https://auto.drom.ru/moscow/bmw/x4/51594445.html;Характеристики совпадают с ПТС;1 запись о регистрации;Не числится в розыске;Ограничений не обнаружено;Москве;дизель, 3.0 л;249 л.с., налог;АКПП;4WD;;черный;205 070 км;левый;1 поколение;xDrive 30d AT Exclusive;
BMW;3-Series;2016;1860000;https://auto.drom.ru/spb/bmw/3-series/222419576.html;Характеристики совпадают с ПТС;2 записи о регистрации;Не числится в розыске;Ограничений не обнаружено;Санкт-Петербурге;бензин, 1.5 л;136 л.с., налог;АКПП;задний;седан;белый;168 000 км;левый;6 поколение, рестайлинг;;
BMW;3-Series;2016;1549000;https://auto.drom.ru/lipetsk/bmw/3-series/52739334.html;Характеристики совпадают с ПТС;4 записи о регистрации;Не числится в розыске;Ограничений не обнаружено;Липецке;бензин, 1.5 л;136 л.с., налог;АКПП;задний;седан;белый;152 245 км;левый;6 поколение, рестайлинг;;
BMW;X6;2016;3990000;https://auto.drom.ru/volgograd/bmw/x6/52253758.html;Характеристики совпадают с ПТС;3 записи о регистрации;Не числится в розыске;Ограничений не обнаружено;Волгограде;дизель, 3.0 л;249 л.с., налог;АКПП;4WD;;белый;144 320 км;левый;2 поколение;;
BMW;X5;2016;3497000;https://auto.drom.ru/moscow/bmw/x5/206811233.html;Характеристики совпадают с ПТС;2 записи о регистрации;Не числится в розыске;Ограничений не обнаружено;Москве;дизель, 3.0 л;218 л.с., налог;АКПП;4WD;;серый;121 537 км;левый;3 поколение;xDrive 25d AT Business;
BMW;X1;2016;1939680;https://auto.drom.ru/kazan/bmw/x1/949874943.html;Характеристики совпадают с ПТС;3 записи о регистрации;Не числится в розыске;Ограничений не обнаружено;Казани;бензин;;автомат;;;черный;178 000 км;левый;2 поколение;;
BMW;X5;2016;3200000;https://auto.drom.ru/moscow/bmw/x5/48278551.html;;;;;Москве;дизель, 3.0 л;258 л.с., налог;АКПП;4WD;;коричневый;180 000 км, без пробега по РФ;левый;3 поколение;xDrive 30d AT;
BMW;3-Series;2016;2950000;https://auto.drom.ru/zhigulevsk/bmw/3-series/53524131.html;Характеристики совпадают с ПТС;3 записи о регистрации;Не числится в розыске;Ограничений не обнаружено;Жигулёвске;бензин, 2.0 л;184 л.с., налог;АКПП;задний;седан;белый;104 000 км;левый;6 поколение, рестайлинг;;
BMW;X6;2016;3800000;https://auto.drom.ru/spb/bmw/x6/896824734.html;Характеристики совпадают с ПТС;6 записей о регистрации;Не числится в розыске;Ограничений не обнаружено;Санкт-Петербурге;дизель, 3.0 л;313 л.с., налог;АКПП;4WD;;черный;147 000 км;левый;2 поколение;xDrive 40d AT M Sport;
BMW;X4;2016;2960000;https://auto.drom.ru/moscow/bmw/x4/53927728.html;Характеристики совпадают с ПТС;2 записи о регистрации;Не числится в розыске;Ограничений не обнаружено;Москве;бензин, 2.0 л;184 л.с., налог;АКПП;4WD;;серый;69 750 км;левый;1 поколение;xDrive 20i AT M Sport;
BMW;5-Series;2016;4500000;https://auto.drom.ru/moscow/bmw/5-series/53571054.html;Характеристики совпадают с ПТС;3 записи о регистрации;Не числится в розыске;Ограничений не обнаружено;Москве;дизель, 3.0 л;249 л.с., налог;автомат;4WD;седан;черный;79 000 км;левый;7 поколение;;
BMW;1-Series;2016;1480000;https://auto.drom.ru/spb/bmw/1-series/53562963.html;Характеристики совпадают с ПТС;3 записи о регистрации;Не числится в розыске;Ограничений не обнаружено;Санкт-Петербурге;бензин, 1.5 л;136 л.с., налог;АКПП;задний;хэтчбек 5 дв.;белый;141 000 км;левый;2 поколение, рестайлинг;;
BMW;X3;2016;2580000;https://auto.drom.ru/spb/bmw/x3/118426230.html;Характеристики совпадают с ПТС;1 запись о регистрации;Не числится в розыске;Ограничений не обнаружено;Санкт-Петербурге;бензин, 2.0 л;245 л.с., налог;АКПП;4WD;;белый;140 000 км;левый;2 поколение, рестайлинг;xDrive 28i AT Exclusive;
BMW;X6;2016;3949000;https://auto.drom.ru/moscow/bmw/x6/341078091.html;Характеристики совпадают с ПТС;1 запись о регистрации;Не числится в розыске;Ограничений не обнаружено;Москве;дизель, 3.0 л;381 л.с., налог;АКПП;4WD;;серый;151 000 км;левый;2 поколение;;
BMW;X4;2016;2850000;https://auto.drom.ru/moscow/bmw/x4/256770670.html;Характеристики совпадают с ПТС;2 записи о регистрации;Не числится в розыске;Ограничений не обнаружено;Москве;бензин, 2.0 л;245 л.с., налог;АКПП;4WD;;белый;109 500 км;левый;1 поколение;;
BMW;5-Series;2016;2730000;https://auto.drom.ru/kazan/bmw/5-series/53917411.html;Характеристики совпадают с ПТС;9 записей о регистрации;Не числится в розыске;Ограничений не обнаружено;Казани;дизель, 3.0 л;258 л.с., налог;АКПП;4WD;седан;коричневый;151 110 км;левый;6 поколение, рестайлинг;;
BMW;X6;2016;5100000;https://auto.drom.ru/moscow/bmw/x6/53914484.html;Характеристики совпадают с ПТС;3 записи о регистрации;Не числится в розыске;Ограничений не обнаружено;Москве;дизель, 3.0 л;249 л.с., налог;АКПП;4WD;;белый;53 000 км;левый;2 поколение;xDrive 30d AT M Sport;
BMW;X5;2016;4300000;https://auto.drom.ru/engels/bmw/x5/53146179.html;Характеристики совпадают с ПТС;1 запись о регистрации;Не числится в розыске;Ограничений не обнаружено;Энгельсе;дизель, 3.0 л;249 л.с., налог;АКПП;4WD;;синий;121 235 км;левый;3 поколение;;
BMW;X3;2016;2449000;https://auto.drom.ru/moscow/bmw/x3/52685098.html;Характеристики совпадают с ПТС;2 записи о регистрации;Не числится в розыске;Ограничений не обнаружено;Москве;бензин, 2.0 л;184 л.с., налог;АКПП;4WD;;коричневый;105 941 км;левый;2 поколение, рестайлинг;;
BMW;5-Series;2016;2200000;https://auto.drom.ru/spb/bmw/5-series/666734162.html;Характеристики совпадают с ПТС;4 записи о регистрации;Не числится в розыске;Ограничений не обнаружено;Санкт-Петербурге;бензин, 2.0 л;245 л.с., налог;АКПП;4WD;седан;черный;216 000 км;левый;6 поколение, рестайлинг;;
BMW;5-Series;2016;2800000;https://auto.drom.ru/moscow/bmw/5-series/877491943.html;Характеристики совпадают с ПТС;1 запись о регистрации;Не числится в розыске;Ограничений не обнаружено;Москве;дизель, 2.0 л;190 л.с., налог;АКПП;задний;седан;белый;104 531 км;левый;6 поколение, рестайлинг;520d AT 100 Years Edition;
BMW;7-Series;2016;3500000;https://auto.drom.ru/moscow/bmw/7-series/53549802.html;Характеристики совпадают с ПТС;1 запись о регистрации;Не числится в розыске;Ограничений не обнаружено;Москве;дизель, 3.0 л;265 л.с., налог;АКПП;4WD;;черный;175 200 км;левый;6 поколение;;
BMW;X3;2016;2400000;https://auto.drom.ru/spb/bmw/x3/53120436.html;Характеристики совпадают с ПТС;2 записи о регистрации;Не числится в розыске;Ограничений не обнаружено;Санкт-Петербурге;дизель, 2.0 л;190 л.с., налог;АКПП;4WD;;черный;250 000 км;левый;2 поколение, рестайлинг;xDrive 20d AT;
BMW;X4;2016;2725000;https://auto.drom.ru/moscow/bmw/x4/52657500.html;Характеристики совпадают с ПТС;1 запись о регистрации;Не числится в розыске;Ограничений не обнаружено;Москве;бензин, 2.0 л;245 л.с., налог;АКПП;4WD;;черный;112 317 км;левый;1 поколение;;
BMW;3-Series;2016;2650000;https://auto.drom.ru/donetsk/bmw/3-series/809867167.html;Мощность двигателя не совпадает с ПТС;1 запись о регистрации;Не числится в розыске;Ограничений не обнаружено;Донецке;дизель, 2.0 л;163 л.с., налог;АКПП;задний;седан;синий;80 000 км;левый;6 поколение, рестайлинг;320d AT EfficientDynamics Edition;
BMW;3-Series;2016;1730000;https://auto.drom.ru/moscow/bmw/3-series/859703363.html;Характеристики совпадают с ПТС;2 записи о регистрации;Не числится в розыске;Ограничений не обнаружено;Москве;бензин, 1.5 л;136 л.с., налог;АКПП;задний;седан;белый;125 890 км;левый;6 поколение, рестайлинг;;
BMW;X4;2016;3735000;https://auto.drom.ru/moscow/bmw/x4/274668309.html;Характеристики совпадают с ПТС;2 записи о регистрации;Не числится в розыске;Ограничений не обнаружено;Москве;дизель, 2.0 л;190 л.с., налог;АКПП;4WD;;черный;110 515 км;левый;1 поколение;;
BMW;5-Series;2016;3500000;https://auto.drom.ru/moscow/bmw/5-series/53888080.html;Характеристики совпадают с ПТС;3 записи о регистрации;Не числится в розыске;Ограничений не обнаружено;Москве;дизель, 2.0 л;190 л.с., налог;АКПП;задний;седан;черный;95 000 км;левый;6 поколение, рестайлинг;520d AT 100 Years Edition;
BMW;3-Series;2016;2018160;https://auto.drom.ru/voronezh/bmw/3-series/53886524.html;Характеристики совпадают с ПТС;6 записей о регистрации;Не числится в розыске;Ограничений не обнаружено;Воронеже;бензин, 2.0 л;184 л.с., налог;АКПП;4WD;седан;черный;109 000 км;левый;6 поколение, рестайлинг;;
BMW;X6;2016;4248000;https://auto.drom.ru/kazan/bmw/x6/53885140.html;Характеристики совпадают с ПТС;5 записей о регистрации;Не числится в розыске;Ограничений не обнаружено;Казани;дизель, 3.0 л;313 л.с., налог;АКПП;4WD;;черный;154 003 км;левый;2 поколение;;
BMW;X5;2016;3300000;https://auto.drom.ru/borisoglebsk/bmw/x5/52580699.html;Мощность двигателя не совпадает с ПТС;4 записи о регистрации;Не числится в розыске;Ограничений не обнаружено;Борисоглебске;дизель, 3.0 л;249 л.с., налог;АКПП;4WD;;синий;237 709 км;левый;3 поколение;xDrive 30d AT Pure Experience;
BMW;X5;2016;3450000;https://auto.drom.ru/moscow/bmw/x5/48589141.html;Характеристики совпадают с ПТС;2 записи о регистрации;Не числится в розыске;Ограничений не обнаружено;Москве;дизель, 3.0 л;218 л.с., налог;АКПП;4WD;;коричневый;169 000 км;левый;3 поколение;xDrive 25d AT Business;
BMW;7-Series;2016;4750000;https://auto.drom.ru/moscow/bmw/7-series/53497826.html;Характеристики совпадают с ПТС;4 записи о регистрации;Не числится в розыске;Ограничений не обнаружено;Москве;дизель, 3.0 л;265 л.с., налог;АКПП;4WD;;белый;78 800 км;левый;6 поколение;730d AT xDrive;
BMW;X1;2016;2450000;https://auto.drom.ru/moscow/bmw/x1/926694117.html;Характеристики совпадают с ПТС;1 запись о регистрации;Не числится в розыске;Ограничений не обнаружено;Москве;дизель, 2.0 л;190 л.с., налог;АКПП;4WD;;белый;94 413 км;левый;2 поколение;;
BMW;3-Series;2016;2499000;https://auto.drom.ru/korolev/bmw/3-series/817374270.html;Характеристики совпадают с ПТС;3 записи о регистрации;Не числится в розыске;Ограничений не обнаружено;Королёве;бензин, 2.0 л;184 л.с., налог;АКПП;4WD;седан;белый;155 000 км;левый;6 поколение, рестайлинг;320i AT xDrive 100 Years Edition;
BMW;5-Series;2016;2600000;https://auto.drom.ru/moscow/bmw/5-series/52809384.html;Характеристики совпадают с ПТС;1 запись о регистрации;Не числится в розыске;Ограничений не обнаружено;Москве;бензин, 2.0 л;184 л.с., налог;АКПП;задний;седан;черный;174 000 км;левый;6 поколение, рестайлинг;520i AT M Sport;
BMW;3-Series;2016;2590000;https://auto.drom.ru/moscow/bmw/3-series/133970735.html;Характеристики совпадают с ПТС;1 запись о регистрации;Не числится в розыске;Ограничений не обнаружено;Москве;бензин, 2.0 л;252 л.с., налог;АКПП;4WD;седан;черный;111 000 км;левый;6 поколение, рестайлинг;;
BMW;3-Series;2016;2035000;https://auto.drom.ru/moscow/bmw/3-series/53877358.html;Характеристики совпадают с ПТС;1 запись о регистрации;Не числится в розыске;Ограничений не обнаружено;Москве;бензин, 1.5 л;136 л.с., налог;АКПП;задний;седан;черный;86 433 км;левый;6 поколение, рестайлинг;;
BMW;2-Series Gran Tourer;2016;1800000;https://auto.drom.ru/moscow/bmw/2-series_gran_tourer/47659365.html;;;;;Москве;дизель, 1.5 л;116 л.с., налог;АКПП;передний;;черный;183 000 км;левый;1 поколение;216d AT;
BMW;X5;2016;4230000;https://auto.drom.ru/moscow/bmw/x5/54154845.html;Характеристики совпадают с ПТС;4 записи о регистрации;Не числится в розыске;Ограничений не обнаружено;Москве;дизель, 3.0 л;313 л.с., налог;АКПП;4WD;;черный;151 000 км;левый;3 поколение;;
BMW;7-Series;2016;3318000;https://auto.drom.ru/moscow/bmw/7-series/54153043.html;Характеристики совпадают с ПТС;5 записей о регистрации;Не числится в розыске;Ограничений не обнаружено;Москве;дизель, 3.0 л;265 л.с., налог;АКПП;4WD;;черный;158 402 км;левый;6 поколение;;
BMW;i3;2016;1617179;https://auto.drom.ru/minsk/bmw/i3/53486347.html;;;;;Минске;электро, 0.6 л, гибрид;34 л.с., налог;АКПП;задний;хэтчбек 5 дв.;белый;142 000 км;левый;1 поколение;;
BMW;3-Series Gran Turismo;2017;2990000;https://auto.drom.ru/obninsk/bmw/3-series_gran_turismo/923309641.html;Характеристики совпадают с ПТС;1 запись о регистрации;Не числится в розыске;Ограничений не обнаружено;Обнинске;дизель, 2.0 л;190 л.с., налог;автомат;4WD;;черный;115 000 км;левый;6 поколение, рестайлинг;;
BMW;X6;2017;4895000;https://auto.drom.ru/moscow/bmw/x6/322810278.html;Характеристики совпадают с ПТС;2 записи о регистрации;Не числится в розыске;Ограничений не обнаружено;Москве;дизель, 3.0 л;249 л.с., налог;АКПП;4WD;;черный;89 500 км;левый;2 поколение;xDrive 30d AT Luxury;
BMW;X5;2017;3950000;https://auto.drom.ru/togliatti/bmw/x5/601125727.html;Характеристики совпадают с ПТС;1 запись о регистрации;Не числится в розыске;Ограничений не обнаружено;Тольятти;дизель, 3.0 л;218 л.с., налог;АКПП;4WD;;белый;178 000 км;левый;3 поколение;xDrive 25d AT Business;
BMW;4-Series;2017;3249000;https://auto.drom.ru/moscow/bmw/4-series/53493856.html;Характеристики совпадают с ПТС;1 запись о регистрации;Не числится в розыске;Ограничений не обнаружено;Москве;дизель, 2.0 л;190 л.с., налог;АКПП;4WD;купе;черный;140 456 км;левый;1 поколение;;
BMW;5-Series;2017;2535000;https://auto.drom.ru/moscow/bmw/5-series/53471040.html;Характеристики совпадают с ПТС;3 записи о регистрации;Не числится в розыске;Есть ограничения;Москве;дизель, 2.0 л;190 л.с., налог;АКПП;задний;седан;черный;180 000 км;левый;7 поколение;520d AT Base;
BMW;5-Series;2017;2979000;https://auto.drom.ru/spb/bmw/5-series/53069918.html;Характеристики совпадают с ПТС;5 записей о регистрации;Не числится в розыске;Ограничений не обнаружено;Санкт-Петербурге;дизель, 2.0 л;190 л.с., налог;АКПП;4WD;седан;черный;151 406 км;левый;;;
BMW;5-Series;2017;3945700;https://auto.drom.ru/moscow/bmw/5-series/430274526.html;Характеристики совпадают с ПТС;2 записи о регистрации;Не числится в розыске;Ограничений не обнаружено;Москве;бензин, 2.0 л;249 л.с., налог;АКПП;4WD;седан;черный;120 551 км;левый;7 поколение;;
BMW;4-Series;2017;3150000;https://auto.drom.ru/tula/bmw/4-series/53421810.html;Характеристики совпадают с ПТС;1 запись о регистрации;Не числится в розыске;Ограничений не обнаружено;Туле;дизель, 2.0 л;190 л.с., налог;АКПП;задний;купе;черный;29 743 км;левый;1 поколение;420d AT;
BMW;6-Series Gran Turismo;2017;4950000;https://auto.drom.ru/himki/bmw/6-series_gran_turismo/705822670.html;Характеристики совпадают с ПТС;2 записи о регистрации;Не числится в розыске;Ограничений не обнаружено;Химках;дизель, 3.0 л;249 л.с., налог;АКПП;4WD;;черный;71 245 км;левый;1 поколение;;
BMW;X6;2017;5249000;https://auto.drom.ru/moscow/bmw/x6/442232622.html;Характеристики совпадают с ПТС;1 запись о регистрации;Не числится в розыске;Ограничений не обнаружено;Москве;дизель, 3.0 л;249 л.с., налог;АКПП;4WD;;черный;59 985 км;левый;2 поколение;;
BMW;7-Series;2017;6990000;https://auto.drom.ru/nizhniy-novgorod/bmw/7-series/54140892.html;Цвет не совпадает с ПТС;9 записей о регистрации;Не числится в розыске;Ограничений не обнаружено;Нижнем Новгороде;бензин, 6.6 л;609 л.с., налог;АКПП;4WD;;серый;135 000 км;левый;6 поколение;M760Li AT xDrive;
BMW;X6;2017;5837000;https://auto.drom.ru/moscow/bmw/x6/54137873.html;Характеристики совпадают с ПТС;3 записи о регистрации;Не числится в розыске;Ограничений не обнаружено;Москве;бензин, 4.4 л;575 л.с., налог;АКПП;4WD;;коричневый;45 125 км;левый;2 поколение;;
BMW;X6;2017;5999000;https://auto.drom.ru/moscow/bmw/x6/53476764.html;Характеристики совпадают с ПТС;3 записи о регистрации;Не числится в розыске;Ограничений не обнаружено;Москве;бензин, 4.4 л;575 л.с., налог;АКПП;4WD;;голубой;58 396 км;левый;2 поколение;;
BMW;3-Series;2017;1750000;https://auto.drom.ru/kazan/bmw/3-series/53475906.html;Характеристики совпадают с ПТС;4 записи о регистрации;Не числится в розыске;Ограничений не обнаружено;Казани;бензин, 2.0 л;184 л.с., налог;АКПП;задний;седан;черный;116 000 км;левый;6 поколение, рестайлинг;;
BMW;7-Series;2017;4600000;https://auto.drom.ru/moscow/bmw/7-series/54099242.html;Характеристики совпадают с ПТС;4 записи о регистрации;Не числится в розыске;Ограничений не обнаружено;Москве;дизель, 3.0 л;249 л.с., налог;автомат;4WD;;черный;102 700 км;левый;;;
BMW;X6;2017;4500000;https://auto.drom.ru/moscow/bmw/x6/810218566.html;Характеристики совпадают с ПТС;1 запись о регистрации;Не числится в розыске;Ограничений не обнаружено;Москве;дизель, 3.0 л;313 л.с., налог;АКПП;4WD;;черный;184 744 км;левый;2 поколение;;
BMW;X5;2017;4800000;https://auto.drom.ru/moscow/bmw/x5/863633350.html;Характеристики совпадают с ПТС;2 записи о регистрации;Не числится в розыске;Ограничений не обнаружено;Москве;дизель, 3.0 л;313 л.с., налог;АКПП;4WD;;серый;153 000 км;левый;3 поколение;xDrive 40d AT M Sport;
