Бренд;Модель;Год;Цена;URL;ПТС;Владельцы;Розыск;Ограничения;Город;Двигатель;Мощность;Коробка передач;Привод;Пробег;Руль;Поколение;Цвет;Тип кузова;Комплектация;Особые отметки;VIN;
Mercedes-Benz;Mercedes;1983;270000;https://auto.drom.ru/moscow/mercedes-benz/mercedes/53251750.html;Характеристики совпадают с ПТС;8 записей о регистрации;Не числится в розыске;Ограничений не обнаружено;Москве;бензин, 2.0 л;110 л.с., налог;механика;задний;303 000 км;левый;;черный;;;;;
Mercedes-Benz;E-Class;1983;148000;https://auto.drom.ru/penza/mercedes-benz/e-class/109003809.html;Мощность двигателя не совпадает с ПТС;5 записей о регистрации;Не числится в розыске;Ограничений не обнаружено;Пензе;дизель, 2.0 л;72 л.с., налог;механика;задний;;левый;;зеленый;седан;;;;
Mercedes-Benz;W123;1983;148000;https://auto.drom.ru/penza/mercedes-benz/w123/679824665.html;;;;;Пензе;бензин, 2.0 л;109 л.с., налог;механика;задний;;левый;1 поколение;;седан;;;;
Mercedes-Benz;Mercedes;1983;175000;https://auto.drom.ru/moscow/mercedes-benz/mercedes/53590581.html;Характеристики совпадают с ПТС;3 записи о регистрации;Не числится в розыске;Ограничений не обнаружено;Москве;бензин, 2.0 л;109 л.с., налог;механика;задний;499 000 км;левый;;бежевый;;;;;
Mercedes-Benz;Mercedes;1983;1000000;https://auto.drom.ru/moscow/mercedes-benz/mercedes/53551672.html;Характеристики совпадают с ПТС;5 записей о регистрации;Не числится в розыске;Ограничений не обнаружено;Москве;бензин, 2.5 л;135 л.с., налог;механика;задний;268 000 км;левый;;бордовый;;;;;
Mercedes-Benz;Mercedes;1984;299999;https://auto.drom.ru/moscow/mercedes-benz/mercedes/54133716.html;;;;;Москве;дизель, 3.0 л;88 л.с., налог;механика;задний;350 000 км;левый;;черный;;;;;
Mercedes-Benz;S-Class;1984;370000;https://auto.drom.ru/klin/mercedes-benz/s-class/51260078.html;;;;;Клину;бензин, 2.7 л;156 л.с., налог;механика;задний;587 455 км;левый;2 поколение;синий;седан;;;;
Mercedes-Benz;190;1984;110000;https://auto.drom.ru/smolensk/mercedes-benz/190/54021156.html;Характеристики совпадают с ПТС;2 записи о регистрации;Не числится в розыске;Ограничений не обнаружено;Смоленске;бензин, 2.0 л;105 л.с., налог;механика;задний;180 000 км;левый;1 поколение;серый;;;требуется ремонт или не на ходу;;
Mercedes-Benz;190;1984;75000;https://auto.drom.ru/volgograd/mercedes-benz/190/525535762.html;Объем двигателя не совпадает с ПТС;5 записей о регистрации;Не числится в розыске;Есть ограничения;Волгограде;бензин, 2.0 л, ГБО;105 л.с., налог;механика;задний;230 000 км;левый;1 поколение;серебристый;;;требуется ремонт или не на ходу;;
Mercedes-Benz;190;1985;70000;https://auto.drom.ru/kursk/mercedes-benz/190/642890813.html;Цвет не совпадает с ПТС;3 записи о регистрации;Не числится в розыске;Есть ограничения;Курске;бензин, 2.0 л;122 л.с., налог;механика;задний;300 000 км;левый;1 поколение;белый;;190 E 2.0 MT;;;
Mercedes-Benz;190;1985;135000;https://auto.drom.ru/moscow/mercedes-benz/190/675503946.html;Характеристики совпадают с ПТС;2 записи о регистрации;Не числится в розыске;Ограничений не обнаружено;Москве;бензин, 2.0 л;122 л.с., налог;механика;задний;77 777 км;левый;1 поколение;красный;;190 E 2.0 MT;;;
Mercedes-Benz;190;1985;240000;https://auto.drom.ru/krasnogorsk/mercedes-benz/190/53608512.html;Мощность двигателя не совпадает с ПТС;5 записей о регистрации;Не числится в розыске;Ограничений не обнаружено;Красногорске;бензин, 2.0 л;122 л.с., налог;механика;задний;408 000 км;левый;1 поколение;черный;;;;;
Mercedes-Benz;190;1985;900000;https://auto.drom.ru/togliatti/mercedes-benz/190/53546199.html;Характеристики совпадают с ПТС;2 записи о регистрации;Не числится в розыске;Ограничений не обнаружено;Тольятти;бензин, 2.0 л;94 л.с., налог;;задний;246 604 км;левый;1 поколение;серебристый;;;;;
Mercedes-Benz;E-Class;1985;195000;https://auto.drom.ru/moscow/mercedes-benz/e-class/54150503.html;Характеристики совпадают с ПТС;;Не числится в розыске;Ограничений не обнаружено;Москве;бензин, 2.5 л;166 л.с., налог;механика;задний;315 000 км;левый;;серый;седан;;требуется ремонт или не на ходу;;
Mercedes-Benz;Vaneo;1986;500000;https://auto.drom.ru/donetsk/mercedes-benz/vaneo/53829360.html;Характеристики совпадают с ПТС;3 записи о регистрации;Не числится в розыске;Есть ограничения;Донецке;;;;;400 000 км;левый;;серый;;;;;
Mercedes-Benz;190;1986;690000;https://auto.drom.ru/moscow/mercedes-benz/190/51679509.html;Характеристики совпадают с ПТС;6 записей о регистрации;Не числится в розыске;Ограничений не обнаружено;Москве;бензин, 2.0 л;122 л.с., налог;механика;задний;200 000 км;левый;1 поколение;белый;;190 E 2.0 MT;;;
Mercedes-Benz;190;1986;260000;https://auto.drom.ru/moscow/mercedes-benz/190/696809921.html;Характеристики совпадают с ПТС;3 записи о регистрации;Не числится в розыске;Ограничений не обнаружено;Москве;бензин, 2.0 л;105 л.с., налог;механика;задний;360 000 км;левый;1 поколение;синий;;190 2.0 MT ECE version;;;
Mercedes-Benz;Mercedes;1986;135000;https://auto.drom.ru/kresttsy/mercedes-benz/mercedes/54010955.html;Характеристики совпадают с ПТС;4 записи о регистрации;Не числится в розыске;Ограничений не обнаружено;Крестцах;дизель, 2.0 л;72 л.с., налог;механика;задний;584 000 км;левый;;черный;;;;;
Mercedes-Benz;190;1986;165000;https://auto.drom.ru/moscow/mercedes-benz/190/52883668.html;Мощность двигателя не совпадает с ПТС;5 записей о регистрации;Не числится в розыске;Ограничений не обнаружено;Москве;бензин, 2.0 л;122 л.с., налог;механика;задний;230 000 км;левый;1 поколение;серый;;;;;
Mercedes-Benz;190;1986;75000;https://auto.drom.ru/kirov/mercedes-benz/190/53658884.html;Характеристики совпадают с ПТС;6 записей о регистрации;Не числится в розыске;Ограничений не обнаружено;Кирове;бензин, 2.0 л;122 л.с., налог;механика;задний;300 000 км;левый;1 поколение;черный;;;требуется ремонт или не на ходу;;
Mercedes-Benz;Mercedes;1986;180000;https://auto.drom.ru/engels/mercedes-benz/mercedes/356018484.html;Модель не совпадает с ПТС;5 записей о регистрации;Не числится в розыске;Ограничений не обнаружено;Энгельсе;дизель, 2.0 л;72 л.с., налог;механика;задний;400 000 км;левый;;синий;;;;;
Mercedes-Benz;E-Class;1986;550000;https://auto.drom.ru/moscow/mercedes-benz/e-class/51302437.html;Характеристики совпадают с ПТС;9 записей о регистрации;Не числится в розыске;Ограничений не обнаружено;Москве;бензин, 2.6 л;166 л.с., налог;механика;задний;208 000 км;левый;1 поколение;серый;седан;260 E MT Base;;;
Mercedes-Benz;E-Class;1987;390000;https://auto.drom.ru/golitsyno/mercedes-benz/e-class/426219590.html;Характеристики совпадают с ПТС;8 записей о регистрации;Не числится в розыске;Ограничений не обнаружено;Голицыно;бензин, 2.3 л;136 л.с., налог;механика;задний;400 000 км;левый;1 поколение;коричневый;седан;;;;
Mercedes-Benz;G-Class;1987;3900000;https://auto.drom.ru/moscow/mercedes-benz/g-class/50912156.html;Объем двигателя не совпадает с ПТС;2 записи о регистрации;Не числится в розыске;Ограничений не обнаружено;Москве;бензин, 2.3 л;125 л.с., налог;АКПП;4WD;70 000 км;левый;1 поколение;серый;джип/suv 3 дв.;G 230 GE AT;;;
Mercedes-Benz;C-Class;1987;280000;https://auto.drom.ru/verhozim/mercedes-benz/c-class/53035104.html;Мощность двигателя не совпадает с ПТС;2 записи о регистрации;Не числится в розыске;Ограничений не обнаружено;Верхозиме;дизель, 2.0 л;75 л.с., налог;механика;задний;150 000 км;левый;;бежевый;седан;;;;
Mercedes-Benz;Mercedes;1987;160000;https://auto.drom.ru/spb/mercedes-benz/mercedes/52091435.html;Модель, мощность двигателя не совпадают с ПТС;4 записи о регистрации;Не числится в розыске;Ограничений не обнаружено;Санкт-Петербурге;бензин, 2.3 л;136 л.с., налог;механика;задний;350 000 км;левый;;синий;;;;;
Mercedes-Benz;190;1987;185000;https://auto.drom.ru/moscow/mercedes-benz/190/685919168.html;Характеристики совпадают с ПТС;5 записей о регистрации;Не числится в розыске;Ограничений не обнаружено;Москве;бензин, 2.0 л;118 л.с., налог;механика;задний;595 000 км;левый;1 поколение;черный;;;;;
Mercedes-Benz;E-Class;1987;440000;https://auto.drom.ru/novocheboksarsk/mercedes-benz/e-class/616538839.html;Характеристики совпадают с ПТС;4 записи о регистрации;Не числится в розыске;Ограничений не обнаружено;Новочебоксарске;бензин, 2.6 л;166 л.с., налог;механика;задний;342 000 км;левый;1 поколение;белый;седан;260 E MT Base;;;
Mercedes-Benz;Mercedes;1987;175000;https://auto.drom.ru/spb/mercedes-benz/mercedes/735323903.html;Объем двигателя не совпадает с ПТС;4 записи о регистрации;Не числится в розыске;Ограничений не обнаружено;Санкт-Петербурге;дизель, 2.0 л;75 л.с., налог;механика;задний;200 000 км;левый;;белый;;;;;
Mercedes-Benz;Mercedes;1987;162000;https://auto.drom.ru/kirovo-chepetsk/mercedes-benz/mercedes/710047035.html;Характеристики совпадают с ПТС;4 записи о регистрации;Не числится в розыске;Ограничений не обнаружено;Кирово-Чепецке;дизель, 2.0 л;;механика;задний;;левый;;;;;;;
Mercedes-Benz;Mercedes;1987;85000;https://auto.drom.ru/spb/mercedes-benz/mercedes/695746849.html;Модель, мощность двигателя не совпадают с ПТС;4 записи о регистрации;Не числится в розыске;Ограничений не обнаружено;Санкт-Петербурге;бензин, 2.3 л;140 л.с., налог;механика;задний;298 000 км;левый;;синий;;;требуется ремонт или не на ходу;;
Mercedes-Benz;E-Class;1987;250000;https://auto.drom.ru/spb/mercedes-benz/e-class/145903594.html;Характеристики совпадают с ПТС;10 записей о регистрации;Не числится в розыске;Ограничений не обнаружено;Санкт-Петербурге;бензин, 2.3 л;136 л.с., налог;механика;задний;150 000 км;левый;1 поколение;бежевый;седан;;;;
Mercedes-Benz;E-Class;1987;330000;https://auto.drom.ru/gagarin/mercedes-benz/e-class/364065426.html;Характеристики совпадают с ПТС;10 записей о регистрации;Не числится в розыске;Ограничений не обнаружено;Гагарине;бензин, 2.3 л;136 л.с., налог;механика;задний;273 000 км;левый;1 поколение;черный;седан;;;;
Mercedes-Benz;E-Class;1987;370000;https://auto.drom.ru/spb/mercedes-benz/e-class/53510474.html;Объем двигателя не совпадает с ПТС;10 записей о регистрации;Не числится в розыске;Ограничений не обнаружено;Санкт-Петербурге;бензин, 2.3 л;136 л.с., налог;АКПП;задний;370 000 км;левый;1 поколение;черный;седан;230 E AT Base;;;
Mercedes-Benz;Mercedes;1988;780000;https://auto.drom.ru/cherepovets/mercedes-benz/mercedes/53555894.html;Характеристики совпадают с ПТС;6 записей о регистрации;Не числится в розыске;Ограничений не обнаружено;Череповце;дизель, 2.5 л;90 л.с., налог;механика;задний;6 666 км;левый;1 поколение;белый;;;;;
Mercedes-Benz;E-Class;1988;240000;https://auto.drom.ru/spb/mercedes-benz/e-class/700834895.html;Характеристики совпадают с ПТС;5 записей о регистрации;Не числится в розыске;Ограничений не обнаружено;Санкт-Петербурге;бензин, 2.6 л;166 л.с., налог;механика;задний;608 000 км;левый;1 поколение;синий;седан;260 E MT Base;;;
Mercedes-Benz;E-Class;1988;165000;https://auto.drom.ru/moscow/mercedes-benz/e-class/425227816.html;Характеристики совпадают с ПТС;2 записи о регистрации;Не числится в розыске;Ограничений не обнаружено;Москве;бензин, 2.6 л;166 л.с., налог;механика;задний;199 000 км;левый;1 поколение;;седан;260 E MT Base;;;
Mercedes-Benz;E-Class;1988;240000;https://auto.drom.ru/tambov/mercedes-benz/e-class/588267997.html;Характеристики совпадают с ПТС;12 записей о регистрации;Не числится в розыске;Ограничений не обнаружено;Тамбове;бензин, 2.3 л;136 л.с., налог;механика;задний;300 000 км;левый;1 поколение;белый;седан;;;;
Mercedes-Benz;E-Class;1988;120000;https://auto.drom.ru/volgograd/mercedes-benz/e-class/53309540.html;Объем двигателя не совпадает с ПТС;5 записей о регистрации;Не числится в розыске;Ограничений не обнаружено;Волгограде;бензин, 2.3 л, ГБО;136 л.с., налог;АКПП;задний;230 000 км;левый;1 поколение;серый;седан;230 E AT Base;требуется ремонт или не на ходу;;
Mercedes-Benz;Mercedes;1988;135000;https://auto.drom.ru/moscow/mercedes-benz/mercedes/51581436.html;Характеристики совпадают с ПТС;2 записи о регистрации;Не числится в розыске;Ограничений не обнаружено;Москве;бензин, 2.3 л;132 л.с., налог;механика;задний;240 000 км;левый;;серый;;;требуется ремонт или не на ходу;;
Mercedes-Benz;Mercedes;1988;455000;https://auto.drom.ru/voronezh/mercedes-benz/mercedes/49286200.html;Характеристики совпадают с ПТС;6 записей о регистрации;Не числится в розыске;Ограничений не обнаружено;Воронеже;дизель, 2.0 л;75 л.с., налог;механика;задний;320 000 км;левый;;белый;;;;;
Mercedes-Benz;Mercedes;1988;420000;https://auto.drom.ru/moscow/mercedes-benz/mercedes/53661091.html;Характеристики совпадают с ПТС;4 записи о регистрации;Не числится в розыске;Ограничений не обнаружено;Москве;бензин, 2.3 л;132 л.с., налог;механика;задний;350 000 км;левый;1 поколение;бордовый;;;;;
Mercedes-Benz;190;1988;120000;https://auto.drom.ru/krasnaya-yaruga/mercedes-benz/190/53222739.html;Мощность двигателя не совпадает с ПТС;7 записей о регистрации;Не числится в розыске;Ограничений не обнаружено;Красной Яруге;бензин, 2.0 л;122 л.с., налог;механика;задний;400 000 км;левый;1 поколение;белый;;;;;
Mercedes-Benz;Mercedes;1988;300000;https://auto.drom.ru/pskov/mercedes-benz/mercedes/53954463.html;Год не совпадает с ПТС;4 записи о регистрации;Не числится в розыске;Ограничений не обнаружено;Пскове;бензин, 2.3 л;136 л.с., налог;механика;задний;220 000 км;левый;1 поколение;черный;;;;;
Mercedes-Benz;E-Class;1988;250000;https://auto.drom.ru/ryazan/mercedes-benz/e-class/53119751.html;Объем двигателя не совпадает с ПТС;7 записей о регистрации;Не числится в розыске;Ограничений не обнаружено;Рязани;бензин, 3.2 л;97 л.с., налог;автомат;задний;350 000 км;левый;1 поколение;бежевый;седан;;;;
Mercedes-Benz;E-Class;1988;250000;https://auto.drom.ru/lipetsk/mercedes-benz/e-class/650960872.html;;;;;Липецке;бензин, 2.3 л;136 л.с., налог;АКПП;задний;;левый;1 поколение;черный;седан;230 E AT Base;;;
Mercedes-Benz;Mercedes;1989;600000;https://auto.drom.ru/ryazan/mercedes-benz/mercedes/52138684.html;Модель не совпадает с ПТС;5 записей о регистрации;Не числится в розыске;Ограничений не обнаружено;Рязани;бензин, 2.3 л;132 л.с., налог;механика;задний;250 000 км;левый;;синий;;;;;
Mercedes-Benz;Mercedes;1989;200000;https://auto.drom.ru/belgorod/mercedes-benz/mercedes/654288682.html;Характеристики совпадают с ПТС;2 записи о регистрации;Не числится в розыске;Ограничений не обнаружено;Белгороде;бензин, 2.3 л;136 л.с., налог;автомат;задний;350 000 км;левый;;белый;;;;;
Mercedes-Benz;Mercedes;1989;270000;https://auto.drom.ru/moscow/mercedes-benz/mercedes/784489602.html;Год не совпадает с ПТС;3 записи о регистрации;Не числится в розыске;Ограничений не обнаружено;Москве;дизель, 2.5 л;92 л.с., налог;механика;задний;345 000 км;левый;1 поколение;черный;;;;;
Mercedes-Benz;190;1989;150000;https://auto.drom.ru/ryazan/mercedes-benz/190/234616738.html;Характеристики совпадают с ПТС;12 записей о регистрации;Не числится в розыске;Ограничений не обнаружено;Рязани;бензин, 2.0 л;122 л.с., налог;механика;задний;260 000 км;левый;1 поколение, рестайлинг;белый;;;;;
Mercedes-Benz;Mercedes;1989;37000;https://auto.drom.ru/alexin/mercedes-benz/mercedes/310463791.html;Объем двигателя, мощность двигателя не совпадают с ПТС;10 записей о регистрации;Не числится в розыске;Ограничений не обнаружено;Алексине;бензин, 2.3 л;136 л.с., налог;механика;задний;333 333 км;левый;;зеленый;;;требуется ремонт или не на ходу;;
Mercedes-Benz;E-Class;1989;155000;https://auto.drom.ru/spb/mercedes-benz/e-class/593100024.html;Характеристики совпадают с ПТС;4 записи о регистрации;Не числится в розыске;Ограничений не обнаружено;Санкт-Петербурге;бензин, 2.0 л;118 л.с., налог;механика;задний;400 000 км;левый;1 поколение;синий;седан;200 E MT Base;;;
Mercedes-Benz;E-Class;1989;250000;https://auto.drom.ru/anna-voronezh/mercedes-benz/e-class/368102771.html;Характеристики совпадают с ПТС;6 записей о регистрации;Не числится в розыске;Ограничений не обнаружено;Анне;бензин, 2.0 л;118 л.с., налог;механика;задний;350 575 км;левый;1 поколение;черный;седан;200 E MT Base;;;
Mercedes-Benz;E-Class;1989;266000;https://auto.drom.ru/moscow/mercedes-benz/e-class/53131959.html;Характеристики совпадают с ПТС;10 записей о регистрации;Не числится в розыске;Ограничений не обнаружено;Москве;бензин, 2.0 л;118 л.с., налог;механика;задний;250 000 км;левый;1 поколение;бежевый;универсал;200 TE MT Base;;;
Mercedes-Benz;Mercedes;1990;100000;https://auto.drom.ru/sychevka/mercedes-benz/mercedes/52433694.html;Модель не совпадает с ПТС;7 записей о регистрации;Не числится в розыске;Ограничений не обнаружено;Сычёвке;бензин, 2.6 л;170 л.с., налог;механика;задний;200 000 км;левый;;бордовый;;;требуется ремонт или не на ходу;;
Mercedes-Benz;G-Class;1990;1500000;https://auto.drom.ru/slantsy/mercedes-benz/g-class/117413282.html;Характеристики совпадают с ПТС;5 записей о регистрации;Не числится в розыске;Ограничений не обнаружено;Сланцах;дизель, 3.0 л;113 л.с., налог;АКПП;4WD;390 000 км;левый;2 поколение;черный;джип/suv 5 дв.;300 GD AT;;;
Mercedes-Benz;E-Class;1990;400000;https://auto.drom.ru/moscow/mercedes-benz/e-class/53989287.html;Объем двигателя, мощность двигателя не совпадают с ПТС;8 записей о регистрации;Не числится в розыске;Ограничений не обнаружено;Москве;бензин, 3.2 л;220 л.с., налог;механика;задний;285 545 км;левый;1 поколение;белый;седан;320 E MT Base;;;
Mercedes-Benz;190;1990;250000;https://auto.drom.ru/kazan/mercedes-benz/190/53969226.html;Характеристики совпадают с ПТС;2 записи о регистрации;Не числится в розыске;Ограничений не обнаружено;Казани;бензин, 2.3 л;132 л.с., налог;механика;задний;300 000 км;левый;1 поколение, рестайлинг;бежевый;;190 E 2.3 MT Catalyst;;;
Mercedes-Benz;E-Class;1990;230000;https://auto.drom.ru/kolyshley/mercedes-benz/e-class/53968787.html;Характеристики совпадают с ПТС;5 записей о регистрации;Не числится в розыске;Ограничений не обнаружено;Колышлее;бензин, 2.0 л;118 л.с., налог;механика;задний;350 000 км;левый;1 поколение;бежевый;седан;200 E MT Base;;;
Mercedes-Benz;190;1990;300000;https://auto.drom.ru/zvenigorod/mercedes-benz/190/53239235.html;Объем двигателя, мощность двигателя не совпадают с ПТС;4 записи о регистрации;Не числится в розыске;Есть ограничения;Звенигороде;бензин, 2.6 л;166 л.с., налог;АКПП;задний;150 000 км;левый;1 поколение, рестайлинг;золотистый;;190 E 2.6 AT RUF version;;;
Mercedes-Benz;E-Class;1990;399000;https://auto.drom.ru/ulyanovsk/mercedes-benz/e-class/629148041.html;Характеристики совпадают с ПТС;7 записей о регистрации;Не числится в розыске;Есть ограничения;Ульяновске;бензин, 2.0 л;118 л.с., налог;механика;задний;20 000 км;левый;1 поколение;синий;седан;;;;
Mercedes-Benz;S-Class;1990;1700000;https://auto.drom.ru/moscow/mercedes-benz/s-class/211149005.html;Характеристики совпадают с ПТС;6 записей о регистрации;Не числится в розыске;Ограничений не обнаружено;Москве;бензин, 5.5 л;300 л.с., налог;АКПП;задний;235 000 км;левый;2 поколение, рестайлинг;белый;седан;560 SEL AT;;;
Mercedes-Benz;E-Class;1990;380000;https://auto.drom.ru/spb/mercedes-benz/e-class/53929423.html;Мощность двигателя не совпадает с ПТС;11 записей о регистрации;Не числится в розыске;Ограничений не обнаружено;Санкт-Петербурге;бензин, 3.0 л;220 л.с., налог;АКПП;задний;395 000 км;левый;1 поколение;черный;седан;;;;
Mercedes-Benz;190;1990;150000;https://auto.drom.ru/andreevo/mercedes-benz/190/936026547.html;Характеристики совпадают с ПТС;7 записей о регистрации;Не числится в розыске;Ограничений не обнаружено;Андреево;бензин, 2.0 л;122 л.с., налог;механика;задний;69 600 км;левый;1 поколение, рестайлинг;зеленый;;190 E 2.0 MT RUF version;;;
Mercedes-Benz;E-Class;1990;350000;https://auto.drom.ru/velikiy-novgorod/mercedes-benz/e-class/53544696.html;;;;;Великом Новгороде;бензин, 2.0 л;105 л.с., налог;АКПП;задний;;левый;1 поколение;;седан;200 AT Base;;;
Mercedes-Benz;E-Class;1990;135000;https://auto.drom.ru/spb/mercedes-benz/e-class/630576656.html;Характеристики совпадают с ПТС;6 записей о регистрации;Не числится в розыске;Ограничений не обнаружено;Санкт-Петербурге;бензин, 2.0 л;118 л.с., налог;механика;задний;400 000 км;левый;1 поколение;черный;седан;200 E MT Base;;;
Mercedes-Benz;E-Class;1990;395000;https://auto.drom.ru/moscow/mercedes-benz/e-class/53043830.html;Характеристики совпадают с ПТС;;Не числится в розыске;Ограничений не обнаружено;Москве;бензин, 2.6 л;160 л.с., налог;АКПП;задний;775 км;левый;1 поколение;серебристый;седан;260 E AT Base;;;
Mercedes-Benz;E-Class;1991;259000;https://auto.drom.ru/dzerzhinsk/mercedes-benz/e-class/54137389.html;Мощность двигателя не совпадает с ПТС;6 записей о регистрации;Не числится в розыске;Ограничений не обнаружено;Дзержинске;бензин, 3.0 л;220 л.с., налог;АКПП;задний;350 000 км;левый;1 поколение;синий;седан;;;;
Mercedes-Benz;E-Class;1991;190000;https://auto.drom.ru/moscow/mercedes-benz/e-class/53060203.html;Мощность двигателя не совпадает с ПТС;5 записей о регистрации;Не числится в розыске;Ограничений не обнаружено;Москве;бензин, 2.3 л;132 л.с., налог;механика;задний;400 000 км;левый;1 поколение;синий;седан;230 E MT Base;документы с проблемами или отсутствуют;;
Mercedes-Benz;S-Class;1991;1940000;https://auto.drom.ru/moscow/mercedes-benz/s-class/654878516.html;Мощность двигателя не совпадает с ПТС;7 записей о регистрации;Не числится в розыске;Ограничений не обнаружено;Москве;бензин, 3.2 л;231 л.с., налог;АКПП;задний;400 000 км;левый;3 поколение;черный;седан;300 SE AT;;;
Mercedes-Benz;E-Class;1991;470000;https://auto.drom.ru/ivangorod/mercedes-benz/e-class/132870696.html;Характеристики совпадают с ПТС;8 записей о регистрации;Не числится в розыске;Ограничений не обнаружено;Ивангороде;бензин, 3.0 л;180 л.с., налог;АКПП;задний;592 219 км;левый;1 поколение;фиолетовый;универсал;300 TE AT Base;;;
Mercedes-Benz;E-Class;1991;160000;https://auto.drom.ru/volgograd/mercedes-benz/e-class/52925929.html;Год, объем двигателя, мощность двигателя не совпадают с ПТС;4 записи о регистрации;Не числится в розыске;Ограничений не обнаружено;Волгограде;бензин, 2.0 л;118 л.с., налог;механика;задний;440 000 км;левый;1 поколение;;седан;;;;
Mercedes-Benz;S-Class;1991;1250000;https://auto.drom.ru/moscow/mercedes-benz/s-class/52413881.html;;;;;Москве;бензин, 3.0 л;188 л.с., налог;АКПП;задний;330 000 км;левый;2 поколение, рестайлинг;серый;седан;300 SEL AT;;;
Mercedes-Benz;E-Class;1991;265000;https://auto.drom.ru/saratov/mercedes-benz/e-class/54019060.html;Характеристики совпадают с ПТС;9 записей о регистрации;Не числится в розыске;Есть ограничения;Саратове;бензин, 2.3 л;132 л.с., налог;механика;задний;355 555 км;левый;1 поколение;бордовый;седан;230 E MT Base;;;
Mercedes-Benz;Mercedes;1991;850000;https://auto.drom.ru/mihnevo/mercedes-benz/mercedes/53250644.html;;;;;Михнево;дизель, 2.5 л;90 л.с., налог;механика;задний;350 000 км;левый;;белый;;;;;
Mercedes-Benz;190;1991;280000;https://auto.drom.ru/podolsk/mercedes-benz/190/53619316.html;Характеристики совпадают с ПТС;8 записей о регистрации;Не числится в розыске;Ограничений не обнаружено;Подольске;бензин, 2.0 л;102 л.с., налог;АКПП;задний;249 000 км;левый;1 поколение, рестайлинг;голубой;;190 2.0 AT Catalyst;;;
Mercedes-Benz;S-Class;1991;1999999;https://auto.drom.ru/spb/mercedes-benz/s-class/865255196.html;Год, объем двигателя, мощность двигателя не совпадают с ПТС;2 записи о регистрации;Не числится в розыске;Ограничений не обнаружено;Санкт-Петербурге;бензин, 5.5 л;279 л.с., налог;АКПП;задний;50 000 км;левый;2 поколение, рестайлинг;;купе;560 SEC AT w/cat;;;
Mercedes-Benz;E-Class;1991;585000;https://auto.drom.ru/moscow/mercedes-benz/e-class/517353329.html;Характеристики совпадают с ПТС;4 записи о регистрации;Не числится в розыске;Ограничений не обнаружено;Москве;бензин, 2.6 л;135 л.с., налог;механика;задний;301 002 км;левый;1 поколение;белый;универсал;;;;
Mercedes-Benz;Mercedes;1991;310000;https://auto.drom.ru/tula/mercedes-benz/mercedes/639912672.html;Модель не совпадает с ПТС;3 записи о регистрации;Не числится в розыске;Ограничений не обнаружено;Туле;бензин, 2.3 л;132 л.с., налог;механика;задний;;левый;;коричневый;;;;;
Mercedes-Benz;E-Class;1991;280000;https://auto.drom.ru/moscow/mercedes-benz/e-class/53564441.html;Мощность двигателя не совпадает с ПТС;9 записей о регистрации;Не числится в розыске;Ограничений не обнаружено;Москве;бензин, 2.0 л;136 л.с., налог;механика;задний;355 000 км;левый;1 поколение;синий;седан;200 E (M 111 engine) MT Base;;;
Mercedes-Benz;G-Class;1991;1489990;https://auto.drom.ru/moscow/mercedes-benz/g-class/53776403.html;Характеристики совпадают с ПТС;5 записей о регистрации;Не числится в розыске;Ограничений не обнаружено;Москве;бензин, 3.0 л;170 л.с., налог;АКПП;4WD;400 000 км;левый;2 поколение;черный;джип/suv 3 дв.;300 GE AT;;;
Mercedes-Benz;E-Class;1991;650000;https://auto.drom.ru/moscow/mercedes-benz/e-class/52654645.html;Год не совпадает с ПТС;5 записей о регистрации;Не числится в розыске;Ограничений не обнаружено;Москве;бензин, 3.0 л;180 л.с., налог;АКПП;задний;233 000 км;левый;1 поколение;черный;купе;300 CE AT Base;;;
Mercedes-Benz;E-Class;1992;260000;https://auto.drom.ru/safonovo/mercedes-benz/e-class/51905419.html;Характеристики совпадают с ПТС;11 записей о регистрации;Не числится в розыске;Есть ограничения;Сафоновe;бензин, 2.8 л;197 л.с., налог;АКПП;задний;479 000 км;левый;1 поколение;синий;седан;280 E AT Base;;;
Mercedes-Benz;190;1992;70000;https://auto.drom.ru/moscow/mercedes-benz/190/54127949.html;Модель не совпадает с ПТС;5 записей о регистрации;Не числится в розыске;Ограничений не обнаружено;Москве;бензин, 1.8 л;109 л.с., налог;механика;задний;350 000 км;левый;1 поколение, рестайлинг;белый;;;;;
Mercedes-Benz;E-Class;1992;270000;https://auto.drom.ru/bryansk/mercedes-benz/e-class/687989265.html;Характеристики совпадают с ПТС;8 записей о регистрации;Не числится в розыске;Ограничений не обнаружено;Брянске;бензин, 2.3 л;132 л.с., налог;механика;задний;;левый;1 поколение;черный;седан;;;;
Mercedes-Benz;SL-Class;1992;700000;https://auto.drom.ru/moscow/mercedes-benz/sl-class/52020879.html;Объем двигателя, мощность двигателя не совпадают с ПТС;3 записи о регистрации;Не числится в розыске;Ограничений не обнаружено;Москве;бензин, 5.0 л;326 л.с., налог;АКПП;задний;195 331 км;левый;4 поколение;серебристый;открытый;500 SL AT;требуется ремонт или не на ходу;;
Mercedes-Benz;E-Class;1992;750000;https://auto.drom.ru/ruza/mercedes-benz/e-class/637579274.html;Год, объем двигателя не совпадают с ПТС;3 записи о регистрации;Не числится в розыске;Ограничений не обнаружено;Рузе;дизель, 2.5 л;94 л.с., налог;АКПП;задний;10 000 км;левый;1 поколение;серебристый;универсал;250 TD AT Base;;;
Mercedes-Benz;E-Class;1992;349000;https://auto.drom.ru/moscow/mercedes-benz/e-class/53207727.html;Мощность двигателя не совпадает с ПТС;2 записи о регистрации;Не числится в розыске;Есть ограничения;Москве;бензин, 3.0 л;180 л.с., налог;АКПП;задний;320 000 км;левый;1 поколение;серебристый;седан;300 E AT Base;документы с проблемами или отсутствуют;;
Mercedes-Benz;E-Class;1992;200000;https://auto.drom.ru/spb/mercedes-benz/e-class/297086901.html;Характеристики совпадают с ПТС;5 записей о регистрации;Не числится в розыске;Ограничений не обнаружено;Санкт-Петербурге;дизель, 2.0 л;75 л.с., налог;АКПП;задний;323 000 км;левый;1 поколение;бежевый;седан;200 D AT Base;;;
Mercedes-Benz;E-Class;1992;160000;https://auto.drom.ru/spb/mercedes-benz/e-class/584858090.html;Характеристики совпадают с ПТС;5 записей о регистрации;Не числится в розыске;Ограничений не обнаружено;Санкт-Петербурге;дизель, 2.0 л;75 л.с., налог;АКПП;задний;328 098 км;левый;1 поколение;бежевый;седан;200 D AT Base;;;
Mercedes-Benz;S-Class;1992;390000;https://auto.drom.ru/nizhniy-novgorod/mercedes-benz/s-class/50622550.html;Характеристики совпадают с ПТС;4 записи о регистрации;Не числится в розыске;Ограничений не обнаружено;Нижнем Новгороде;бензин, 5.0 л;320 л.с., налог;АКПП;задний;226 000 км;левый;3 поколение;серебристый;седан;S500 L;;;
Mercedes-Benz;S-Class;1992;2500000;https://auto.drom.ru/moscow/mercedes-benz/s-class/53114205.html;Характеристики совпадают с ПТС;6 записей о регистрации;Не числится в розыске;Есть ограничения;Москве;бензин, 4.2 л;279 л.с., налог;АКПП;задний;10 000 км;левый;3 поколение;черный;седан;S420;;;
Mercedes-Benz;E-Class;1992;400000;https://auto.drom.ru/dubna/mercedes-benz/e-class/52615246.html;Характеристики совпадают с ПТС;6 записей о регистрации;Не числится в розыске;Ограничений не обнаружено;Дубне;бензин, 2.0 л;118 л.с., налог;АКПП;задний;465 900 км;левый;1 поколение;серебристый;седан;200 E AT Base;;;
Mercedes-Benz;S-Class;1993;2549999;https://auto.drom.ru/spb/mercedes-benz/s-class/51271393.html;Характеристики совпадают с ПТС;3 записи о регистрации;Не числится в розыске;Ограничений не обнаружено;Санкт-Петербурге;дизель, 3.4 л;150 л.с., налог;АКПП;задний;146 000 км;левый;3 поколение;серебристый;седан;S 350 Turbodiesel AT;;;
Mercedes-Benz;G-Class;1993;2000000;https://auto.drom.ru/donetsk/mercedes-benz/g-class/54145570.html;Характеристики совпадают с ПТС;10 записей о регистрации;Не числится в розыске;Ограничений не обнаружено;Донецке;дизель, 3.4 л;136 л.с., налог;АКПП;4WD;298 569 км;левый;2 поколение;черный;джип/suv 5 дв.;G 350 Turbo AT;;;
Mercedes-Benz;S-Class;1993;490000;https://auto.drom.ru/zvenigorod/mercedes-benz/s-class/53045477.html;Характеристики совпадают с ПТС;6 записей о регистрации;Не числится в розыске;Ограничений не обнаружено;Звенигороде;бензин, 3.2 л;231 л.с., налог;АКПП;задний;297 900 км;левый;3 поколение;белый;седан;S 320 AT;;;
Mercedes-Benz;C-Class;1993;230000;https://auto.drom.ru/moscow/mercedes-benz/c-class/170645571.html;Характеристики совпадают с ПТС;13 записей о регистрации;Не числится в розыске;Ограничений не обнаружено;Москве;бензин, 1.8 л;122 л.с., налог;механика;задний;600 000 км;левый;1 поколение;серый;седан;C180 MT Elegance;;;
Mercedes-Benz;C-Class;1993;360000;https://auto.drom.ru/spb/mercedes-benz/c-class/788771861.html;Характеристики совпадают с ПТС;5 записей о регистрации;Не числится в розыске;Ограничений не обнаружено;Санкт-Петербурге;бензин, 1.8 л;122 л.с., налог;механика;задний;390 000 км;левый;1 поколение;зеленый;седан;C180 MT Classic;;;
Mercedes-Benz;E-Class;1993;585000;https://auto.drom.ru/moscow/mercedes-benz/e-class/53402580.html;Характеристики совпадают с ПТС;12 записей о регистрации;Не числится в розыске;Ограничений не обнаружено;Москве;бензин, 2.8 л;197 л.с., налог;АКПП;задний;417 000 км;левый;1 поколение, рестайлинг;серебристый;седан;;;;
Mercedes-Benz;C-Class;1993;75000;https://auto.drom.ru/nyandoma/mercedes-benz/c-class/536929851.html;Характеристики совпадают с ПТС;9 записей о регистрации;Не числится в розыске;Ограничений не обнаружено;Няндоме;бензин, 2.2 л;150 л.с., налог;механика;задний;390 000 км;левый;1 поколение;серый;седан;C220 MT Sport;требуется ремонт или не на ходу;;
Mercedes-Benz;C-Class;1993;244999;https://auto.drom.ru/yaroslavl/mercedes-benz/c-class/522838224.html;Характеристики совпадают с ПТС;7 записей о регистрации;Не числится в розыске;Ограничений не обнаружено;Ярославле;бензин, 1.8 л;122 л.с., налог;механика;задний;418 000 км;левый;1 поколение;черный;седан;C180 MT Classic;;;
Mercedes-Benz;S-Class;1993;850000;https://auto.drom.ru/moscow/mercedes-benz/s-class/697756136.html;Характеристики совпадают с ПТС;5 записей о регистрации;Не числится в розыске;Ограничений не обнаружено;Москве;бензин, 5.0 л;320 л.с., налог;АКПП;задний;134 532 км;левый;3 поколение;серебристый;купе;500 SEC AT;;;
Mercedes-Benz;C-Class;1993;400000;https://auto.drom.ru/zheleznodorozhniy/mercedes-benz/c-class/894747909.html;Характеристики совпадают с ПТС;7 записей о регистрации;Не числится в розыске;Ограничений не обнаружено;Железнодорожном;бензин, 1.8 л;122 л.с., налог;механика;задний;252 000 км;левый;1 поколение;красный;седан;C180 MT Classic;;;
Mercedes-Benz;S-Class;1993;1000000;https://auto.drom.ru/togliatti/mercedes-benz/s-class/426192179.html;Год не совпадает с ПТС;5 записей о регистрации;Не числится в розыске;Ограничений не обнаружено;Тольятти;бензин, 3.2 л;231 л.с., налог;АКПП;задний;360 000 км;левый;3 поколение;серый;седан;S 320 AT;;;
Mercedes-Benz;S-Class;1993;665000;https://auto.drom.ru/belgorod/mercedes-benz/s-class/52683699.html;Характеристики совпадают с ПТС;10 записей о регистрации;Не числится в розыске;Ограничений не обнаружено;Белгороде;дизель, 3.4 л;150 л.с., налог;АКПП;задний;293 041 км;левый;3 поколение;черный;седан;S 350 Turbodiesel AT;;;
Mercedes-Benz;C-Class;1993;195000;https://auto.drom.ru/moscow/mercedes-benz/c-class/49896665.html;Характеристики совпадают с ПТС;12 записей о регистрации;Не числится в розыске;Ограничений не обнаружено;Москве;дизель, 2.5 л;113 л.с., налог;механика;задний;470 000 км;левый;1 поколение;серебристый;седан;C250 D МT Sport;;;
Mercedes-Benz;C-Class;1993;290000;https://auto.drom.ru/moscow/mercedes-benz/c-class/54154548.html;Характеристики совпадают с ПТС;;Не числится в розыске;Ограничений не обнаружено;Москве;бензин, 2.2 л;150 л.с., налог;АКПП;задний;324 000 км;левый;1 поколение;черный;седан;;;;
Mercedes-Benz;E-Class;1994;1119000;https://auto.drom.ru/saratov/mercedes-benz/e-class/53863590.html;Характеристики совпадают с ПТС;9 записей о регистрации;Не числится в розыске;Ограничений не обнаружено;Саратове;бензин, 2.8 л;193 л.с., налог;автомат;задний;260 000 км;левый;;черный;седан;;;;
Mercedes-Benz;E-Class;1994;420000;https://auto.drom.ru/cheboksary/mercedes-benz/e-class/339037098.html;Характеристики совпадают с ПТС;7 записей о регистрации;Не числится в розыске;Ограничений не обнаружено;Чебоксарах;бензин, 2.2 л;150 л.с., налог;АКПП;задний;340 000 км;левый;1 поколение, рестайлинг;белый;седан;;;;
Mercedes-Benz;E-Class;1994;1200000;https://auto.drom.ru/spb/mercedes-benz/e-class/415007653.html;Характеристики совпадают с ПТС;6 записей о регистрации;Не числится в розыске;Ограничений не обнаружено;Санкт-Петербурге;бензин, 3.2 л;220 л.с., налог;АКПП;задний;300 000 км;левый;1 поколение, рестайлинг;черный;седан;E 320 AT;;;
Mercedes-Benz;C-Class;1994;480000;https://auto.drom.ru/moscow/mercedes-benz/c-class/144917431.html;Характеристики совпадают с ПТС;4 записи о регистрации;Не числится в розыске;Ограничений не обнаружено;Москве;бензин, 1.8 л;122 л.с., налог;механика;задний;293 000 км;левый;1 поколение;зеленый;седан;C180 MT Classic;;;
Mercedes-Benz;C-Class;1994;280000;https://auto.drom.ru/moscow/mercedes-benz/c-class/223496440.html;Характеристики совпадают с ПТС;5 записей о регистрации;Не числится в розыске;Есть ограничения;Москве;бензин, 1.8 л;122 л.с., налог;механика;задний;396 000 км;левый;1 поколение;черный;седан;C180 MT Esprit;;;
Mercedes-Benz;C-Class;1994;280000;https://auto.drom.ru/moscow/mercedes-benz/c-class/54120736.html;Мощность двигателя не совпадает с ПТС;8 записей о регистрации;Не числится в розыске;Ограничений не обнаружено;Москве;бензин, 1.8 л;122 л.с., налог;механика;задний;600 000 км;левый;1 поколение;голубой;седан;C180 MT Classic;;;
Mercedes-Benz;C-Class;1994;340000;https://auto.drom.ru/moscow/mercedes-benz/c-class/678461186.html;Характеристики совпадают с ПТС;2 записи о регистрации;Не числится в розыске;Ограничений не обнаружено;Москве;бензин, 1.8 л;122 л.с., налог;механика;задний;247 000 км;левый;1 поколение;белый;седан;C180 MT Classic;;;
Mercedes-Benz;C-Class;1994;215000;https://auto.drom.ru/buturlinovka/mercedes-benz/c-class/711894384.html;Характеристики совпадают с ПТС;5 записей о регистрации;Не числится в розыске;Ограничений не обнаружено;Бутурлиновке;бензин, 1.8 л;122 л.с., налог;АКПП;задний;285 356 км;левый;1 поколение;черный;седан;;;;
Mercedes-Benz;E-Class;1994;480000;https://auto.drom.ru/solnechnogorsk/mercedes-benz/e-class/217641026.html;Характеристики совпадают с ПТС;8 записей о регистрации;Не числится в розыске;Ограничений не обнаружено;Солнечногорске;бензин, 2.8 л;197 л.с., налог;АКПП;задний;375 000 км;левый;1 поколение, рестайлинг;серый;седан;E 280 AT;;;
Mercedes-Benz;S-Class;1994;730000;https://auto.drom.ru/porhov/mercedes-benz/s-class/483436216.html;Год не совпадает с ПТС;8 записей о регистрации;Не числится в розыске;Ограничений не обнаружено;Порхове;дизель, 3.4 л;150 л.с., налог;АКПП;задний;350 000 км;левый;3 поколение;черный;седан;S 350 Turbodiesel AT;;;
Mercedes-Benz;E-Class;1994;720000;https://auto.drom.ru/lyubertsy/mercedes-benz/e-class/47769899.html;Модель, мощность двигателя не совпадают с ПТС;7 записей о регистрации;Не числится в розыске;Ограничений не обнаружено;Люберцах;бензин, 4.2 л;279 л.с., налог;АКПП;задний;364 800 км;левый;1 поколение, рестайлинг;фиолетовый;седан;E 420 AT;;;
Mercedes-Benz;Mercedes;1994;220000;https://auto.drom.ru/penza/mercedes-benz/mercedes/52911266.html;Модель не совпадает с ПТС;6 записей о регистрации;Не числится в розыске;Ограничений не обнаружено;Пензе;бензин, 3.0 л;150 л.с., налог;автомат;задний;202 850 км;левый;;черный;;;;;
Mercedes-Benz;CL-Class;1994;850000;https://auto.drom.ru/moscow/mercedes-benz/cl-class/51624235.html;Модель не совпадает с ПТС;2 записи о регистрации;Не числится в розыске;Ограничений не обнаружено;Москве;бензин, 5.0 л;320 л.с., налог;АКПП;задний;342 000 км;левый;1 поколение;серый;;S 500 AT;;;
Mercedes-Benz;S-Class;1994;800000;https://auto.drom.ru/moscow/mercedes-benz/s-class/796092785.html;Характеристики совпадают с ПТС;1 запись о регистрации;Не числится в розыске;Ограничений не обнаружено;Москве;дизель, 3.4 л;150 л.с., налог;АКПП;задний;234 000 км;левый;3 поколение;белый;седан;;;;
Mercedes-Benz;C-Class;1994;110000;https://auto.drom.ru/voronezh/mercedes-benz/c-class/377560745.html;Характеристики совпадают с ПТС;11 записей о регистрации;Не числится в розыске;Есть ограничения;Воронеже;бензин, 1.8 л;122 л.с., налог;механика;задний;200 000 км;левый;1 поколение;красный;седан;C180 MT Elegance;требуется ремонт или не на ходу, документы с проблемами или отсутствуют;;
Mercedes-Benz;C-Class;1994;95000;https://auto.drom.ru/spb/mercedes-benz/c-class/385331272.html;Мощность двигателя не совпадает с ПТС;13 записей о регистрации;Не числится в розыске;Ограничений не обнаружено;Санкт-Петербурге;бензин, 2.0 л;136 л.с., налог;механика;задний;180 000 км;левый;1 поколение;;седан;;требуется ремонт или не на ходу;;
Mercedes-Benz;C-Class;1994;90000;https://auto.drom.ru/murino/mercedes-benz/c-class/178878940.html;Характеристики совпадают с ПТС;5 записей о регистрации;Не числится в розыске;Ограничений не обнаружено;Мурино;бензин, 2.8 л;193 л.с., налог;механика;задний;370 000 км;левый;1 поколение;серебристый;седан;;требуется ремонт или не на ходу;;
Mercedes-Benz;S-Class;1994;650000;https://auto.drom.ru/moscow/mercedes-benz/s-class/281247708.html;Характеристики совпадают с ПТС;10 записей о регистрации;Не числится в розыске;Ограничений не обнаружено;Москве;бензин, 5.0 л;320 л.с., налог;АКПП;задний;65 000 км;левый;3 поколение;серебристый;седан;S 500 AT L;;;
Mercedes-Benz;S-Class;1994;1450000;https://auto.drom.ru/orehovo-zuevo/mercedes-benz/s-class/53634121.html;Характеристики совпадают с ПТС;6 записей о регистрации;Не числится в розыске;Ограничений не обнаружено;Орехово-Зуево;бензин, 2.8 л;193 л.с., налог;АКПП;задний;438 000 км;левый;3 поколение;фиолетовый;седан;S 280 AT;;;
Mercedes-Benz;E-Class;1994;1100000;https://auto.drom.ru/saratov/mercedes-benz/e-class/51519799.html;Характеристики совпадают с ПТС;9 записей о регистрации;Не числится в розыске;Ограничений не обнаружено;Саратове;бензин, 2.8 л;197 л.с., налог;АКПП;задний;260 000 км;левый;1 поколение, рестайлинг;черный;седан;E 280 AT;;;
Mercedes-Benz;C-Class;1994;150000;https://auto.drom.ru/zhukov/mercedes-benz/c-class/833680204.html;Характеристики совпадают с ПТС;8 записей о регистрации;Не числится в розыске;Ограничений не обнаружено;Жукове;бензин, 2.0 л;136 л.с., налог;механика;задний;360 000 км;левый;1 поколение;серый;седан;;;;
Mercedes-Benz;S-Class;1994;190000;https://auto.drom.ru/kazan/mercedes-benz/s-class/348993327.html;Характеристики совпадают с ПТС;8 записей о регистрации;Не числится в розыске;Есть ограничения;Казани;бензин, 3.2 л;231 л.с., налог;АКПП;задний;205 850 км;левый;3 поколение;фиолетовый;седан;S 320 AT;;;
Mercedes-Benz;S-Class;1994;500000;https://auto.drom.ru/maloyaroslavets/mercedes-benz/s-class/607754923.html;Характеристики совпадают с ПТС;8 записей о регистрации;Не числится в розыске;Ограничений не обнаружено;Малоярославце;бензин, 4.2 л;279 л.с., налог;АКПП;задний;400 000 км;левый;3 поколение;синий;седан;S420;;;
Mercedes-Benz;E-Class;1994;235000;https://auto.drom.ru/kazan/mercedes-benz/e-class/53933134.html;Год не совпадает с ПТС;1 запись о регистрации;Не числится в розыске;Ограничений не обнаружено;Казани;бензин, 2.2 л;150 л.с., налог;механика;задний;220 000 км;левый;1 поколение, рестайлинг;серебристый;седан;;;;
Mercedes-Benz;S-Class;1994;350000;https://auto.drom.ru/vologda/mercedes-benz/s-class/53562453.html;Характеристики совпадают с ПТС;12 записей о регистрации;Не числится в розыске;Ограничений не обнаружено;Вологде;бензин, 3.2 л;231 л.с., налог;АКПП;задний;;левый;3 поколение;серебристый;седан;;требуется ремонт или не на ходу;;
Mercedes-Benz;SL-Class;1994;2470000;https://auto.drom.ru/spb/mercedes-benz/sl-class/49445023.html;Характеристики совпадают с ПТС;1 запись о регистрации;Не числится в розыске;Ограничений не обнаружено;Санкт-Петербурге;бензин, 5.0 л;326 л.с., налог;АКПП;задний;215 000 км;левый;4 поколение;серебристый;открытый;SL 500 AT;;;
Mercedes-Benz;E-Class;1994;150000;https://auto.drom.ru/moscow/mercedes-benz/e-class/54149829.html;Характеристики совпадают с ПТС;;Не числится в розыске;Ограничений не обнаружено;Москве;бензин, 3.2 л;220 л.с., налог;АКПП;задний;100 000 км;левый;1 поколение, рестайлинг;белый;седан;;;;
Mercedes-Benz;E-Class;1995;370000;https://auto.drom.ru/cheboksary/mercedes-benz/e-class/53863093.html;Характеристики совпадают с ПТС;11 записей о регистрации;Не числится в розыске;Ограничений не обнаружено;Чебоксарах;бензин, 2.3 л;150 л.с., налог;АКПП;задний;440 000 км;левый;2 поколение;серебристый;седан;E 230 АТ Avantgarde;;;
Mercedes-Benz;E-Class;1995;200000;https://auto.drom.ru/spb/mercedes-benz/e-class/53842838.html;Объем двигателя не совпадает с ПТС;6 записей о регистрации;Не числится в розыске;Ограничений не обнаружено;Санкт-Петербурге;бензин, 2.3 л;150 л.с., налог;АКПП;задний;430 000 км;левый;2 поколение;синий;седан;E 230 АТ Elegance;;;
Mercedes-Benz;S-Class;1995;920000;https://auto.drom.ru/spb/mercedes-benz/s-class/53820634.html;Характеристики совпадают с ПТС;4 записи о регистрации;Не числится в розыске;Ограничений не обнаружено;Санкт-Петербурге;бензин, 4.2 л;279 л.с., налог;автомат;задний;396 000 км;левый;3 поколение;синий;седан;;;;
Mercedes-Benz;S-Class;1995;1100000;https://auto.drom.ru/spb/mercedes-benz/s-class/54075279.html;Характеристики совпадают с ПТС;5 записей о регистрации;Не числится в розыске;Ограничений не обнаружено;Санкт-Петербурге;бензин, 6.0 л;394 л.с., налог;АКПП;задний;393 800 км;левый;3 поколение;черный;седан;S 600 AT Guard;;;
Mercedes-Benz;E-Class;1995;420000;https://auto.drom.ru/nizhniy-novgorod/mercedes-benz/e-class/48611793.html;Объем двигателя не совпадает с ПТС;2 записи о регистрации;Не числится в розыске;Ограничений не обнаружено;Нижнем Новгороде;бензин, 2.0 л;136 л.с., налог;АКПП;задний;400 000 км;левый;2 поколение;серебристый;седан;;;;
Mercedes-Benz;E-Class;1995;370000;https://auto.drom.ru/spb/mercedes-benz/e-class/53311594.html;Цвет не совпадает с ПТС;2 записи о регистрации;Не числится в розыске;Ограничений не обнаружено;Санкт-Петербурге;бензин, 2.0 л;136 л.с., налог;механика;задний;495 000 км;левый;1 поколение, рестайлинг;черный;седан;;;;
Mercedes-Benz;E-Class;1995;180000;https://auto.drom.ru/mytishchi/mercedes-benz/e-class/357629832.html;Характеристики совпадают с ПТС;4 записи о регистрации;Не числится в розыске;Ограничений не обнаружено;Мытищах;бензин, 2.2 л;150 л.с., налог;АКПП;задний;400 000 км;левый;1 поколение, рестайлинг;серебристый;седан;;;;
Mercedes-Benz;C-Class;1995;185000;https://auto.drom.ru/moscow/mercedes-benz/c-class/534601273.html;Характеристики совпадают с ПТС;4 записи о регистрации;Не числится в розыске;Ограничений не обнаружено;Москве;бензин, 1.8 л;122 л.с., налог;механика;задний;300 000 км;левый;1 поколение;синий;седан;C180 MT Classic;;;
Mercedes-Benz;C-Class;1995;260000;https://auto.drom.ru/voronezh/mercedes-benz/c-class/438151251.html;Год не совпадает с ПТС;5 записей о регистрации;Не числится в розыске;Ограничений не обнаружено;Воронеже;бензин, 1.8 л;122 л.с., налог;механика;задний;350 000 км;левый;1 поколение;серый;седан;;;;
Mercedes-Benz;C-Class;1995;310000;https://auto.drom.ru/volgograd/mercedes-benz/c-class/730909209.html;Характеристики совпадают с ПТС;12 записей о регистрации;Не числится в розыске;Ограничений не обнаружено;Волгограде;бензин, 2.0 л, ГБО;136 л.с., налог;механика;задний;350 000 км;левый;1 поколение;черный;седан;;;;
Mercedes-Benz;W180;1995;200000;https://auto.drom.ru/kingisepp/mercedes-benz/w180/126575808.html;Модель не совпадает с ПТС;5 записей о регистрации;Не числится в розыске;Ограничений не обнаружено;Кингисеппе;бензин, 1.8 л;122 л.с., налог;механика;задний;380 000 км;левый;;синий;седан;;документы с проблемами, только стс;;
Mercedes-Benz;C-Class;1995;295000;https://auto.drom.ru/bryansk/mercedes-benz/c-class/50750839.html;Характеристики совпадают с ПТС;2 записи о регистрации;Не числится в розыске;Ограничений не обнаружено;Брянске;дизель, 2.2 л;95 л.с., налог;механика;задний;168 000 км;левый;1 поколение;белый;седан;;;;
Mercedes-Benz;G-Class;1995;1600000;https://auto.drom.ru/moscow/mercedes-benz/g-class/52674754.html;Мощность двигателя не совпадает с ПТС;13 записей о регистрации;Не числится в розыске;Ограничений не обнаружено;Москве;бензин, 3.2 л;215 л.с., налог;автомат;4WD;258 844 км;левый;;черный;джип/suv 5 дв.;;;;
Mercedes-Benz;C-Class;1995;700000;https://auto.drom.ru/balashiha/mercedes-benz/c-class/51867342.html;Мощность двигателя не совпадает с ПТС;2 записи о регистрации;Не числится в розыске;Ограничений не обнаружено;Балашихе;бензин, 1.8 л;122 л.с., налог;АКПП;задний;253 182 км;левый;1 поколение;бежевый;седан;C180 AT Classic;;;
Mercedes-Benz;C-Class;1995;125321;https://auto.drom.ru/tver/mercedes-benz/c-class/796548585.html;Характеристики совпадают с ПТС;5 записей о регистрации;Не числится в розыске;Есть ограничения;Твери;бензин, 1.8 л;122 л.с., налог;механика;задний;300 000 км;левый;1 поколение;синий;седан;;документы с проблемами, запрет рег действий;;
Mercedes-Benz;C-Class;1995;220000;https://auto.drom.ru/kazan/mercedes-benz/c-class/526778040.html;Характеристики совпадают с ПТС;4 записи о регистрации;Не числится в розыске;Ограничений не обнаружено;Казани;бензин, 2.2 л;150 л.с., налог;механика;задний;461 000 км;левый;1 поколение;зеленый;седан;C220 MT Elegance;требуется ремонт или не на ходу;;
Mercedes-Benz;C-Class;1995;350000;https://auto.drom.ru/moscow/mercedes-benz/c-class/487454243.html;Характеристики совпадают с ПТС;6 записей о регистрации;Не числится в розыске;Ограничений не обнаружено;Москве;бензин, 1.8 л;122 л.с., налог;АКПП;задний;372 500 км;левый;1 поколение;синий;седан;C180 AT Classic;;;
Mercedes-Benz;S-Class;1995;800000;https://auto.drom.ru/moscow/mercedes-benz/s-class/53509615.html;Мощность двигателя не совпадает с ПТС;6 записей о регистрации;Не числится в розыске;Есть ограничения;Москве;бензин, 6.0 л;394 л.с., налог;АКПП;задний;300 000 км;левый;3 поколение;черный;седан;;;;
Mercedes-Benz;E-Class;1996;380000;https://auto.drom.ru/serpuhov/mercedes-benz/e-class/53496193.html;;;;;Серпухове;бензин, 3.2 л;220 л.с., налог;АКПП;задний;400 000 км;левый;2 поколение;синий;седан;E 320 АТ Avantgarde;документы с проблемами или отсутствуют;;
Mercedes-Benz;Mercedes;1996;150000;https://auto.drom.ru/donetsk/mercedes-benz/mercedes/54141369.html;;;;;Донецке;дизель, 2.9 л;;;;300 000 км;левый;;;;;требуется ремонт или не на ходу;;
Mercedes-Benz;S-Class;1996;600000;https://auto.drom.ru/engels/mercedes-benz/s-class/53846453.html;Характеристики совпадают с ПТС;9 записей о регистрации;Не числится в розыске;Ограничений не обнаружено;Энгельсе;бензин, 3.2 л, ГБО;230 л.с., налог;автомат;задний;400 000 км;левый;3 поколение;синий;седан;;;;
Mercedes-Benz;C-Class;1996;210000;https://auto.drom.ru/ivanteevka/mercedes-benz/c-class/361105844.html;Характеристики совпадают с ПТС;8 записей о регистрации;Не числится в розыске;Ограничений не обнаружено;Ивантеевке;бензин, 1.8 л;122 л.с., налог;механика;задний;400 000 км;левый;1 поколение;синий;седан;C180 MT Classic;;;
Mercedes-Benz;E-Class;1996;460000;https://auto.drom.ru/korolev/mercedes-benz/e-class/552649574.html;Характеристики совпадают с ПТС;3 записи о регистрации;Не числится в розыске;Ограничений не обнаружено;Королёве;бензин, 3.2 л;220 л.с., налог;АКПП;задний;280 000 км;левый;2 поколение;синий;седан;;;;
Mercedes-Benz;E-Class;1996;450000;https://auto.drom.ru/spb/mercedes-benz/e-class/930503099.html;Характеристики совпадают с ПТС;8 записей о регистрации;Не числится в розыске;Ограничений не обнаружено;Санкт-Петербурге;бензин, 3.2 л;220 л.с., налог;АКПП;задний;498 000 км;левый;2 поколение;белый;седан;E 320 АТ Avantgarde;;;
Mercedes-Benz;C-Class;1996;185000;https://auto.drom.ru/spb/mercedes-benz/c-class/839890613.html;Характеристики совпадают с ПТС;6 записей о регистрации;Не числится в розыске;Ограничений не обнаружено;Санкт-Петербурге;бензин, 2.8 л;193 л.с., налог;АКПП;задний;360 000 км;левый;1 поколение;фиолетовый;седан;C280 АT Sport;;;
Mercedes-Benz;S-Class;1996;1000000;https://auto.drom.ru/moscow/mercedes-benz/s-class/53420439.html;Характеристики совпадают с ПТС;5 записей о регистрации;Не числится в розыске;Ограничений не обнаружено;Москве;бензин, 6.0 л;394 л.с., налог;АКПП;задний;240 000 км;левый;3 поколение;;седан;;;;
Mercedes-Benz;E-Class;1996;550000;https://auto.drom.ru/yaroslavl/mercedes-benz/e-class/53408238.html;Характеристики совпадают с ПТС;8 записей о регистрации;Не числится в розыске;Ограничений не обнаружено;Ярославле;бензин, 3.2 л;220 л.с., налог;АКПП;задний;365 000 км;левый;2 поколение;серебристый;седан;E 320 АТ Avantgarde;;;
Mercedes-Benz;Vito;1996;550000;https://auto.drom.ru/kirov/mercedes-benz/vito/828673011.html;Характеристики совпадают с ПТС;11 записей о регистрации;Не числится в розыске;Ограничений не обнаружено;Кирове;дизель, 2.3 л;79 л.с., налог;механика;передний;344 000 км;левый;1 поколение;синий;;108 D MT;;;
Mercedes-Benz;S-Class;1996;970000;https://auto.drom.ru/tver/mercedes-benz/s-class/249246089.html;Характеристики совпадают с ПТС;3 записи о регистрации;Не числится в розыске;Ограничений не обнаружено;Твери;бензин, 3.2 л;230 л.с., налог;автомат;задний;190 000 км;левый;3 поколение;серебристый;седан;;;;
Mercedes-Benz;E-Class;1996;390000;https://auto.drom.ru/belgorod/mercedes-benz/e-class/54046023.html;Характеристики совпадают с ПТС;4 записи о регистрации;Не числится в розыске;Ограничений не обнаружено;Белгороде;бензин, 2.3 л;150 л.с., налог;АКПП;задний;125 455 км;левый;2 поколение;черный;седан;E 230 АТ Classic;;;
Mercedes-Benz;E-Class;1996;350000;https://auto.drom.ru/belgorod/mercedes-benz/e-class/53753872.html;Характеристики совпадают с ПТС;7 записей о регистрации;Не числится в розыске;Ограничений не обнаружено;Белгороде;бензин, 2.3 л;150 л.с., налог;АКПП;задний;450 000 км;левый;2 поколение;серебристый;седан;;;;
Mercedes-Benz;E-Class;1996;450000;https://auto.drom.ru/tuchkovo/mercedes-benz/e-class/54033992.html;Характеристики совпадают с ПТС;16 записей о регистрации;Не числится в розыске;Ограничений не обнаружено;Тучкове;бензин, 2.3 л;150 л.с., налог;АКПП;задний;400 000 км;левый;2 поколение;фиолетовый;седан;;;;
Mercedes-Benz;S-Class;1996;700000;https://auto.drom.ru/yaroslavl/mercedes-benz/s-class/54012216.html;Год не совпадает с ПТС;6 записей о регистрации;Не числится в розыске;Ограничений не обнаружено;Ярославле;дизель, 3.0 л;177 л.с., налог;автомат;задний;481 000 км;левый;3 поколение;белый;седан;;;;
Mercedes-Benz;Vito;1996;440000;https://auto.drom.ru/kirov/mercedes-benz/vito/53738946.html;Характеристики совпадают с ПТС;7 записей о регистрации;Не числится в розыске;Ограничений не обнаружено;Кирове;дизель, 2.3 л;98 л.с., налог;механика;передний;250 000 км;левый;1 поколение;зеленый;;110 D MT;;;
Mercedes-Benz;E-Class;1996;250000;https://auto.drom.ru/moscow/mercedes-benz/e-class/203741500.html;Характеристики совпадают с ПТС;6 записей о регистрации;Не числится в розыске;Ограничений не обнаружено;Москве;бензин, 3.2 л;220 л.с., налог;АКПП;задний;210 000 км;левый;2 поколение;черный;седан;;;;
Mercedes-Benz;E-Class;1996;370000;https://auto.drom.ru/minsk/mercedes-benz/e-class/53995525.html;;;;;Минске;бензин, 2.0 л;136 л.с., налог;механика;задний;304 418 км;левый;2 поколение;синий;седан;E 200 MТ Classic;;;
Mercedes-Benz;C-Class;1996;170000;https://auto.drom.ru/moscow/mercedes-benz/c-class/454897978.html;Характеристики совпадают с ПТС;4 записи о регистрации;Не числится в розыске;Ограничений не обнаружено;Москве;бензин, 1.8 л;122 л.с., налог;механика;задний;400 000 км;левый;1 поколение;черный;седан;C180 MT Sport;;;
Mercedes-Benz;C-Class;1996;385000;https://auto.drom.ru/orel/mercedes-benz/c-class/124943928.html;Характеристики совпадают с ПТС;5 записей о регистрации;Не числится в розыске;Ограничений не обнаружено;Орле;бензин, 1.8 л;122 л.с., налог;АКПП;задний;212 000 км;левый;1 поколение;серебристый;седан;C180 АT Elegance;;;
Mercedes-Benz;C-Class;1996;320000;https://auto.drom.ru/moscow/mercedes-benz/c-class/53657076.html;Характеристики совпадают с ПТС;7 записей о регистрации;Не числится в розыске;Ограничений не обнаружено;Москве;бензин, 2.3 л;193 л.с., налог;механика;задний;263 000 км;левый;1 поколение;синий;седан;C230 MT Kompressor Esprit;;;
Mercedes-Benz;E-Class;1996;450000;https://auto.drom.ru/belgorod/mercedes-benz/e-class/897344837.html;Мощность двигателя не совпадает с ПТС;4 записи о регистрации;Не числится в розыске;Ограничений не обнаружено;Белгороде;бензин, 2.0 л;186 л.с., налог;механика;задний;275 000 км;левый;2 поколение;зеленый;седан;E 200 Kompressor MT;;;
Mercedes-Benz;C-Class;1996;140000;https://auto.drom.ru/kazan/mercedes-benz/c-class/746969475.html;Характеристики совпадают с ПТС;5 записей о регистрации;Не числится в розыске;Ограничений не обнаружено;Казани;дизель, 2.0 л;136 л.с., налог;автомат;задний;;левый;1 поколение;белый;седан;;документы с проблемами или отсутствуют;;
Mercedes-Benz;S-Class;1996;835000;https://auto.drom.ru/moscow/mercedes-benz/s-class/53619208.html;Характеристики совпадают с ПТС;4 записи о регистрации;Не числится в розыске;Ограничений не обнаружено;Москве;бензин, 3.2 л;231 л.с., налог;АКПП;задний;400 000 км;левый;3 поколение, рестайлинг;зеленый;седан;S 320 AT;;;
Mercedes-Benz;S-Class;1996;2999000;https://auto.drom.ru/solnechnogorsk/mercedes-benz/s-class/53212068.html;Характеристики совпадают с ПТС;9 записей о регистрации;Не числится в розыске;Ограничений не обнаружено;Солнечногорске;бензин, 6.0 л;394 л.с., налог;АКПП;задний;180 021 км;левый;3 поколение;белый;седан;;;;
Mercedes-Benz;E-Class;1996;400000;https://auto.drom.ru/moscow/mercedes-benz/e-class/604446392.html;Характеристики совпадают с ПТС;5 записей о регистрации;Не числится в розыске;Ограничений не обнаружено;Москве;бензин, 2.3 л;150 л.с., налог;АКПП;задний;429 000 км;левый;2 поколение;серебристый;седан;E 230 АТ Elegance;;;
Mercedes-Benz;E-Class;1996;490000;https://auto.drom.ru/donetsk/mercedes-benz/e-class/53572456.html;Мощность двигателя не совпадает с ПТС;1 запись о регистрации;Не числится в розыске;Ограничений не обнаружено;Донецке;дизель, 2.2 л;95 л.с., налог;механика;задний;245 000 км;левый;2 поколение;белый;седан;;;;
Mercedes-Benz;E-Class;1996;175000;https://auto.drom.ru/bolshaya-izhora/mercedes-benz/e-class/51852864.html;Характеристики совпадают с ПТС;7 записей о регистрации;Не числится в розыске;Ограничений не обнаружено;Большой Ижоре;бензин, 2.3 л;150 л.с., налог;механика;задний;375 000 км;левый;2 поколение;серый;седан;;требуется ремонт или не на ходу;;
Mercedes-Benz;E-Class;1996;260000;https://auto.drom.ru/moscow/mercedes-benz/e-class/537225860.html;Характеристики совпадают с ПТС;9 записей о регистрации;Не числится в розыске;Ограничений не обнаружено;Москве;дизель, 2.2 л;95 л.с., налог;АКПП;задний;266 666 км;левый;2 поколение;белый;седан;E 220 Diesel АТ Elegance;;;
Mercedes-Benz;E-Class;1997;260000;https://auto.drom.ru/smolensk/mercedes-benz/e-class/54145975.html;Характеристики совпадают с ПТС;11 записей о регистрации;Не числится в розыске;Ограничений не обнаружено;Смоленске;бензин, 2.0 л;136 л.с., налог;механика;задний;600 000 км;левый;2 поколение;синий;седан;E 200 MТ Elegance;;;
Mercedes-Benz;C-Class;1997;350000;https://auto.drom.ru/moscow/mercedes-benz/c-class/767500089.html;;;;;Москве;дизель, 2.2 л;95 л.с., налог;АКПП;задний;;левый;1 поколение, рестайлинг;черный;седан;;;;
Mercedes-Benz;G-Class;1997;1550000;https://auto.drom.ru/moscow/mercedes-benz/g-class/757253727.html;Характеристики совпадают с ПТС;5 записей о регистрации;Не числится в розыске;Ограничений не обнаружено;Москве;бензин, 3.2 л;210 л.с., налог;АКПП;4WD;454 000 км;левый;2 поколение, рестайлинг;черный;джип/suv 5 дв.;;;;
Mercedes-Benz;CLK-Class;1997;500000;https://auto.drom.ru/moscow/mercedes-benz/clk-class/54099410.html;Модель не совпадает с ПТС;6 записей о регистрации;Не числится в розыске;Ограничений не обнаружено;Москве;бензин, 3.2 л;218 л.с., налог;АКПП;задний;405 000 км;левый;1 поколение;серебристый;купе;CLK 320 AT Sport;;;
Mercedes-Benz;M-Class;1997;600000;https://auto.drom.ru/voronezh/mercedes-benz/m-class/133184059.html;Характеристики совпадают с ПТС;8 записей о регистрации;Не числится в розыске;Ограничений не обнаружено;Воронеже;бензин, 3.2 л;218 л.с., налог;АКПП;4WD;310 000 км;левый;1 поколение;красный;;;;;
Mercedes-Benz;Vito;1997;470000;https://auto.drom.ru/obuhovo/mercedes-benz/vito/53756753.html;Характеристики совпадают с ПТС;4 записи о регистрации;Не числится в розыске;Ограничений не обнаружено;Обухово;бензин, 2.0 л, ГБО;129 л.с., налог;АКПП;передний;560 000 км;левый;1 поколение;серебристый;;113 AT;;;
Mercedes-Benz;G-Class;1997;16500000;https://auto.drom.ru/spb/mercedes-benz/g-class/53767918.html;Характеристики совпадают с ПТС;11 записей о регистрации;Не числится в розыске;Ограничений не обнаружено;Санкт-Петербурге;дизель, 3.0 л;177 л.с., налог;АКПП;4WD;2 000 км;левый;2 поколение, рестайлинг;черный;джип/suv 5 дв.;;;;
Mercedes-Benz;E-Class;1997;560000;https://auto.drom.ru/voronezh/mercedes-benz/e-class/52929284.html;Характеристики совпадают с ПТС;13 записей о регистрации;Не числится в розыске;Ограничений не обнаружено;Воронеже;бензин, 2.8 л;204 л.с., налог;АКПП;задний;230 000 км;левый;2 поколение;;седан;;;;
Mercedes-Benz;E-Class;1997;210000;https://auto.drom.ru/moscow/mercedes-benz/e-class/656496502.html;;;;;Москве;бензин, 2.3 л;150 л.с., налог;АКПП;задний;500 000 км;левый;2 поколение;черный;седан;E 230 АТ Elegance;;;
Mercedes-Benz;CL-Class;1997;975000;https://auto.drom.ru/moscow/mercedes-benz/cl-class/655194519.html;Характеристики совпадают с ПТС;9 записей о регистрации;Не числится в розыске;Ограничений не обнаружено;Москве;бензин, 5.0 л;320 л.с., налог;АКПП;задний;385 000 км;левый;1 поколение;;;CL 500 AT;;;
Mercedes-Benz;S-Class;1997;4300000;https://auto.drom.ru/moscow/mercedes-benz/s-class/45894578.html;Характеристики совпадают с ПТС;13 записей о регистрации;Не числится в розыске;Ограничений не обнаружено;Москве;бензин, 6.0 л;394 л.с., налог;АКПП;задний;192 096 км;левый;3 поколение;синий;седан;S600 L;;;
Mercedes-Benz;E-Class;1997;333000;https://auto.drom.ru/belgorod/mercedes-benz/e-class/53994902.html;Цвет не совпадает с ПТС;9 записей о регистрации;Не числится в розыске;Ограничений не обнаружено;Белгороде;бензин, 2.3 л;150 л.с., налог;АКПП;задний;379 000 км;левый;2 поколение;синий;седан;E 230 АТ Elegance;;;
Mercedes-Benz;Vito;1997;260000;https://auto.drom.ru/moscow/mercedes-benz/vito/648958019.html;Характеристики совпадают с ПТС;3 записи о регистрации;Не числится в розыске;Ограничений не обнаружено;Москве;дизель, 2.3 л;79 л.с., налог;механика;передний;346 000 км;левый;1 поколение;синий;;108 D MT;;;
Mercedes-Benz;E-Class;1997;800000;https://auto.drom.ru/klintsy/mercedes-benz/e-class/53694225.html;Характеристики совпадают с ПТС;10 записей о регистрации;Не числится в розыске;Есть ограничения;Клинцах;бензин, 2.4 л;170 л.с., налог;АКПП;задний;;левый;2 поколение;;седан;;;;
Mercedes-Benz;Vito;1997;300000;https://auto.drom.ru/zmievka/mercedes-benz/vito/52839840.html;Характеристики совпадают с ПТС;3 записи о регистрации;Не числится в розыске;Ограничений не обнаружено;Змиевке;дизель, 2.3 л;98 л.с., налог;механика;передний;250 000 км;левый;1 поколение;серебристый;;110 D MT;требуется ремонт или не на ходу;;
Mercedes-Benz;G-Class;1997;1850000;https://auto.drom.ru/kazan/mercedes-benz/g-class/542962563.html;;;;;Казани;бензин, 6.0 л;300 л.с., налог;автомат;4WD;;левый;2 поколение, рестайлинг;серебристый;джип/suv 5 дв.;;;;
Mercedes-Benz;E-Class;1997;400000;https://auto.drom.ru/moscow/mercedes-benz/e-class/521676834.html;Характеристики совпадают с ПТС;10 записей о регистрации;Не числится в розыске;Ограничений не обнаружено;Москве;бензин, 2.3 л;150 л.с., налог;АКПП;задний;320 000 км;левый;2 поколение;черный;седан;E 230 АТ Avantgarde;;;
Mercedes-Benz;C-Class;1997;290000;https://auto.drom.ru/bryansk/mercedes-benz/c-class/53650006.html;Характеристики совпадают с ПТС;13 записей о регистрации;Не числится в розыске;Ограничений не обнаружено;Брянске;бензин, 2.3 л;193 л.с., налог;АКПП;задний;466 000 км;левый;1 поколение;черный;седан;C230 АT Kompressor Esprit;;;
Mercedes-Benz;CL-Class;1997;8350000;https://auto.drom.ru/moscow/mercedes-benz/cl-class/272237787.html;Модель не совпадает с ПТС;5 записей о регистрации;Не числится в розыске;Есть ограничения;Москве;бензин, 5.0 л;320 л.с., налог;АКПП;задний;44 606 км;левый;1 поколение;черный;;CL 500 AT;;;
