Бренд;Модель;Год;Цена;URL;ПТС;Владельцы;Розыск;Ограничения;Город;Двигатель;Мощность;Коробка передач;Привод;Тип кузова;Цвет;Пробег;Руль;Поколение;Комплектация;Особые отметки;VIN;
Audi;A3;2014;1350000;https://auto.drom.ru/kirzhach/audi/a3/50814918.html;Характеристики совпадают с ПТС;3 записи о регистрации;Не числится в розыске;Ограничений не обнаружено;Киржаче;бензин, 1.2 л;105 л.с., налог;робот;передний;хэтчбек 5 дв.;белый;209 528 км;левый;3 поколение;1.2 TFSI S Tronic Ambiente;;;
Audi;A3;2014;1065000;https://auto.drom.ru/spb/audi/a3/776507535.html;Характеристики совпадают с ПТС;8 записей о регистрации;Не числится в розыске;Ограничений не обнаружено;Санкт-Петербурге;бензин, 1.4 л;122 л.с., налог;автомат;передний;седан;черный;215 728 км;левый;;;;;
Audi;A8;2014;2830000;https://auto.drom.ru/moscow/audi/a8/394738364.html;Характеристики совпадают с ПТС;3 записи о регистрации;Не числится в розыске;Ограничений не обнаружено;Москве;бензин, 4.0 л;435 л.с., налог;АКПП;4WD;;черный;153 307 км;левый;3 поколение, рестайлинг;;;;
Audi;A4;2014;1511000;https://auto.drom.ru/kazan/audi/a4/680929623.html;Характеристики совпадают с ПТС;7 записей о регистрации;Не числится в розыске;Ограничений не обнаружено;Казани;бензин, 1.8 л;120 л.с., налог;вариатор;передний;седан;коричневый;129 248 км;левый;4 поколение, рестайлинг;;;;
Audi;A6;2014;1600000;https://auto.drom.ru/spb/audi/a6/53711349.html;Характеристики совпадают с ПТС;6 записей о регистрации;Не числится в розыске;Ограничений не обнаружено;Санкт-Петербурге;бензин, 2.0 л;180 л.с., налог;вариатор;передний;седан;черный;340 000 км;левый;4 поколение;;;;
Audi;A5;2014;2450000;https://auto.drom.ru/yaroslavl/audi/a5/686687620.html;Характеристики совпадают с ПТС;1 запись о регистрации;Не числится в розыске;Ограничений не обнаружено;Ярославле;бензин, 2.0 л;225 л.с., налог;робот;4WD;лифтбек;белый;42 651 км;левый;1 поколение, рестайлинг;;;;
Audi;A6;2014;1988000;https://auto.drom.ru/himki/audi/a6/456928162.html;Характеристики совпадают с ПТС;3 записи о регистрации;Не числится в розыске;Ограничений не обнаружено;Химках;дизель, 3.0 л;245 л.с., налог;робот;4WD;седан;коричневый;296 711 км;левый;4 поколение;;;;
Audi;A6 allroad quattro;2014;2459000;https://auto.drom.ru/spb/audi/a6_allroad_quattro/53300397.html;Характеристики совпадают с ПТС;3 записи о регистрации;Не числится в розыске;Ограничений не обнаружено;Санкт-Петербурге;дизель, 3.0 л;245 л.с., налог;робот;4WD;;коричневый;227 000 км;левый;3 поколение;;;;
Audi;A6;2014;1700000;https://auto.drom.ru/moscow/audi/a6/709572530.html;Характеристики совпадают с ПТС;2 записи о регистрации;Не числится в розыске;Ограничений не обнаружено;Москве;бензин, 2.0 л;180 л.с., налог;вариатор;передний;седан;черный;147 000 км;левый;4 поколение;;;;
Audi;Q7;2014;2560000;https://auto.drom.ru/moscow/audi/q7/53640828.html;Характеристики совпадают с ПТС;5 записей о регистрации;Не числится в розыске;Ограничений не обнаружено;Москве;дизель, 3.0 л;245 л.с., налог;АКПП;4WD;;черный;150 683 км;левый;1 поколение, рестайлинг;;;;
Audi;A3;2014;1560000;https://auto.drom.ru/moscow/audi/a3/786975389.html;Характеристики совпадают с ПТС;3 записи о регистрации;Не числится в розыске;Ограничений не обнаружено;Москве;бензин, 1.4 л;122 л.с., налог;автомат;передний;седан;красный;78 027 км;левый;;;;;
Audi;Q5;2014;2290000;https://auto.drom.ru/moscow/audi/q5/917624170.html;Характеристики совпадают с ПТС;2 записи о регистрации;Не числится в розыске;Ограничений не обнаружено;Москве;бензин, 2.0 л;224 л.с., налог;автомат;4WD;;синий;137 190 км;левый;;;;;
Audi;Q5;2014;2100000;https://auto.drom.ru/belgorod/audi/q5/605431320.html;Характеристики совпадают с ПТС;4 записи о регистрации;Не числится в розыске;Ограничений не обнаружено;Белгороде;дизель, 2.0 л;177 л.с., налог;робот;4WD;;белый;167 300 км;левый;1 поколение, рестайлинг;2.0 TDI quattro S tronic Sport;;;
Audi;A3;2014;1250000;https://auto.drom.ru/kudinovo-mo/audi/a3/920632811.html;Характеристики совпадают с ПТС;3 записи о регистрации;Не числится в розыске;Ограничений не обнаружено;Кудинове;бензин, 1.4 л;125 л.с., налог;робот;передний;седан;белый;203 928 км;левый;3 поколение;;;;
Audi;A4;2014;1800000;https://auto.drom.ru/moscow/audi/a4/52702554.html;Характеристики совпадают с ПТС;4 записи о регистрации;Не числится в розыске;Ограничений не обнаружено;Москве;бензин, 2.0 л;225 л.с., налог;робот;4WD;седан;синий;126 000 км;левый;4 поколение, рестайлинг;;;;
Audi;A7;2014;3160000;https://auto.drom.ru/moscow/audi/a7/731069607.html;Характеристики совпадают с ПТС;4 записи о регистрации;Не числится в розыске;Ограничений не обнаружено;Москве;дизель, 3.0 л;245 л.с., налог;робот;4WD;;черный;84 000 км;левый;1 поколение;;;;
Audi;A6;2014;1630000;https://auto.drom.ru/spb/audi/a6/53566987.html;Характеристики совпадают с ПТС;2 записи о регистрации;Не числится в розыске;Ограничений не обнаружено;Санкт-Петербурге;бензин, 2.8 л;204 л.с., налог;робот;4WD;седан;черный;199 522 км;левый;4 поколение;;;;
Audi;A8;2014;2380000;https://auto.drom.ru/moscow/audi/a8/52278405.html;Характеристики совпадают с ПТС;9 записей о регистрации;Не числится в розыске;Ограничений не обнаружено;Москве;бензин, 4.0 л;435 л.с., налог;АКПП;4WD;;черный;143 975 км;левый;3 поколение, рестайлинг;;;;
Audi;A3;2014;1550000;https://auto.drom.ru/moscow/audi/a3/175423554.html;Характеристики совпадают с ПТС;3 записи о регистрации;Не числится в розыске;Ограничений не обнаружено;Москве;бензин, 1.4 л;125 л.с., налог;робот;передний;седан;красный;85 500 км;левый;3 поколение;1.4 TFSI S tronic Attraction;;;
Audi;Q7;2014;2460000;https://auto.drom.ru/spb/audi/q7/746222519.html;Характеристики совпадают с ПТС;4 записи о регистрации;Не числится в розыске;Ограничений не обнаружено;Санкт-Петербурге;дизель, 3.0 л;245 л.с., налог;АКПП;4WD;;черный;194 697 км;левый;1 поколение, рестайлинг;;;;
Audi;Q3;2014;1914500;https://auto.drom.ru/kazan/audi/q3/53908876.html;Характеристики совпадают с ПТС;2 записи о регистрации;Не числится в розыске;Ограничений не обнаружено;Казани;бензин, 2.0 л;170 л.с., налог;робот;4WD;;черный;113 000 км;левый;1 поколение;2.0 TFSI quattro S tronic;;;
Audi;A6;2014;1890000;https://auto.drom.ru/moscow/audi/a6/775747061.html;Характеристики совпадают с ПТС;1 запись о регистрации;Не числится в розыске;Ограничений не обнаружено;Москве;бензин, 2.0 л;180 л.с., налог;вариатор;передний;седан;серый;139 000 км;левый;4 поколение;2.0 TFSI Multitronic;;;
Audi;Q5;2014;2525000;https://auto.drom.ru/moscow/audi/q5/53542737.html;Характеристики совпадают с ПТС;1 запись о регистрации;Не числится в розыске;Ограничений не обнаружено;Москве;бензин, 2.0 л;225 л.с., налог;АКПП;4WD;;черный;134 179 км;левый;1 поколение, рестайлинг;2.0 TFSI quattro tiptronic;;;
Audi;A6;2014;2108789;https://auto.drom.ru/spb/audi/a6/52683777.html;Характеристики совпадают с ПТС;1 запись о регистрации;Не числится в розыске;Ограничений не обнаружено;Санкт-Петербурге;бензин, 1.8 л;190 л.с., налог;робот;передний;седан;черный;94 769 км;левый;4 поколение, рестайлинг;;;;
Audi;Q7;2014;2299000;https://auto.drom.ru/moscow/audi/q7/51669507.html;Характеристики совпадают с ПТС;3 записи о регистрации;Не числится в розыске;Ограничений не обнаружено;Москве;дизель, 3.0 л;245 л.с., налог;АКПП;4WD;;серый;238 000 км;левый;1 поколение, рестайлинг;3.0 TDI quattro tiptronic;;;
Audi;A3;2014;1340000;https://auto.drom.ru/moscow/audi/a3/232330554.html;Характеристики совпадают с ПТС;2 записи о регистрации;Не числится в розыске;Ограничений не обнаружено;Москве;бензин, 1.4 л;125 л.с., налог;робот;передний;седан;красный;97 063 км;левый;3 поколение;;;;
Audi;Q5;2014;1903333;https://auto.drom.ru/nizhniy-novgorod/audi/q5/53896435.html;Цвет не совпадает с ПТС;1 запись о регистрации;Не числится в розыске;Ограничений не обнаружено;Нижнем Новгороде;дизель, 2.0 л;177 л.с., налог;робот;4WD;;синий;276 000 км;левый;1 поколение, рестайлинг;2.0 TDI quattro S tronic;;;
Audi;A4;2014;1949000;https://auto.drom.ru/moscow/audi/a4/53535193.html;Характеристики совпадают с ПТС;4 записи о регистрации;Не числится в розыске;Ограничений не обнаружено;Москве;бензин, 2.0 л;225 л.с., налог;робот;4WD;седан;белый;161 000 км;левый;4 поколение, рестайлинг;;;;
Audi;Q3;2014;1910000;https://auto.drom.ru/voronezh/audi/q3/53883137.html;Характеристики совпадают с ПТС;3 записи о регистрации;Не числится в розыске;Ограничений не обнаружено;Воронеже;бензин, 2.0 л;170 л.с., налог;робот;4WD;;синий;125 000 км;левый;1 поколение;2.0 TFSI quattro S tronic;;;
Audi;Q5;2014;1690000;https://auto.drom.ru/novocheboksarsk/audi/q5/53881405.html;Характеристики совпадают с ПТС;3 записи о регистрации;Не числится в розыске;Ограничений не обнаружено;Новочебоксарске;бензин, 2.0 л;225 л.с., налог;АКПП;4WD;;серебристый;231 000 км;левый;1 поколение, рестайлинг;2.0 TFSI quattro tiptronic Sport;;;
Audi;A6;2014;1545450;https://auto.drom.ru/moscow/audi/a6/239214485.html;Характеристики совпадают с ПТС;2 записи о регистрации;Не числится в розыске;Ограничений не обнаружено;Москве;бензин, 2.0 л;180 л.с., налог;вариатор;передний;седан;черный;195 153 км;левый;4 поколение;;;;
Audi;Q5;2014;1950000;https://auto.drom.ru/kazan/audi/q5/430594447.html;Характеристики совпадают с ПТС;4 записи о регистрации;Не числится в розыске;Ограничений не обнаружено;Казани;бензин, 2.0 л;225 л.с., налог;АКПП;4WD;;серый;208 810 км;левый;1 поколение, рестайлинг;;;;
Audi;A8;2014;2180000;https://auto.drom.ru/spb/audi/a8/875288572.html;Характеристики совпадают с ПТС;6 записей о регистрации;Не числится в розыске;Ограничений не обнаружено;Санкт-Петербурге;бензин, 3.0 л;310 л.с., налог;АКПП;4WD;;черный;232 495 км;левый;3 поколение, рестайлинг;;;;
Audi;A3;2014;1400000;https://auto.drom.ru/vologda/audi/a3/741229915.html;Характеристики совпадают с ПТС;2 записи о регистрации;Не числится в розыске;Ограничений не обнаружено;Вологде;бензин, 1.4 л;125 л.с., налог;робот;передний;хэтчбек 3 дв.;синий;155 000 км;левый;3 поколение;;;;
Audi;Q5;2014;2141000;https://auto.drom.ru/moscow/audi/q5/53501617.html;Характеристики совпадают с ПТС;4 записи о регистрации;Не числится в розыске;Ограничений не обнаружено;Москве;бензин, 2.0 л;225 л.с., налог;АКПП;4WD;;серый;114 020 км;левый;1 поколение, рестайлинг;;;;
Audi;Q5;2014;1925433;https://auto.drom.ru/kazan/audi/q5/52628009.html;Характеристики совпадают с ПТС;4 записи о регистрации;Не числится в розыске;Ограничений не обнаружено;Казани;дизель, 2.0 л;177 л.с., налог;робот;4WD;;белый;217 000 км;левый;1 поколение, рестайлинг;;;;
Audi;A1;2014;1394000;https://auto.drom.ru/moscow/audi/a1/54153933.html;Характеристики совпадают с ПТС;3 записи о регистрации;Не числится в розыске;Ограничений не обнаружено;Москве;бензин, 1.4 л;122 л.с., налог;робот;передний;хэтчбек 5 дв.;красный;34 315 км;левый;1 поколение;;;;
Audi;A3;2014;1540000;https://auto.drom.ru/spb/audi/a3/54150029.html;Характеристики совпадают с ПТС;;Не числится в розыске;Ограничений не обнаружено;Санкт-Петербурге;бензин, 1.4 л;125 л.с., налог;робот;передний;седан;белый;114 000 км;левый;3 поколение;1.4 TFSI S Tronic Ambition;;;
Audi;Q7;2015;3499000;https://auto.drom.ru/saratov/audi/q7/53069042.html;Характеристики совпадают с ПТС;3 записи о регистрации;Не числится в розыске;Ограничений не обнаружено;Саратове;дизель, 3.0 л;249 л.с., налог;АКПП;4WD;;черный;157 461 км;левый;2 поколение;;;;
Audi;RS7;2015;5227000;https://auto.drom.ru/kazan/audi/rs7/874353739.html;Характеристики совпадают с ПТС;5 записей о регистрации;Не числится в розыске;Ограничений не обнаружено;Казани;бензин, 4.0 л;560 л.с., налог;АКПП;4WD;;серый;93 328 км;левый;1 поколение, рестайлинг;4.0 TFSI tiptronic quattro;;;
Audi;A6;2015;2250000;https://auto.drom.ru/saransk/audi/a6/53483716.html;Характеристики совпадают с ПТС;9 записей о регистрации;Не числится в розыске;Ограничений не обнаружено;Саранске;бензин, 1.8 л;190 л.с., налог;робот;передний;седан;черный;167 000 км;левый;4 поколение, рестайлинг;;;;
Audi;A4;2015;2180000;https://auto.drom.ru/voronezh/audi/a4/53067625.html;Характеристики совпадают с ПТС;;Не числится в розыске;Ограничений не обнаружено;Воронеже;бензин, 1.8 л;170 л.с., налог;вариатор;передний;седан;черный;66 450 км;левый;4 поколение, рестайлинг;1.8 TFSI Multitronic Comfort;;;
Audi;Q3;2015;2517000;https://auto.drom.ru/kazan/audi/q3/840468744.html;Характеристики совпадают с ПТС;2 записи о регистрации;Не числится в розыске;Ограничений не обнаружено;Казани;бензин, 2.0 л;180 л.с., налог;робот;4WD;;черный;105 465 км;левый;1 поколение, рестайлинг;;;;
Audi;Q7;2015;2558000;https://auto.drom.ru/moscow/audi/q7/946778710.html;Характеристики совпадают с ПТС;1 запись о регистрации;Не числится в розыске;Ограничений не обнаружено;Москве;дизель, 3.0 л;245 л.с., налог;АКПП;4WD;;коричневый;194 310 км;левый;1 поколение, рестайлинг;;;;
Audi;A4;2015;2000000;https://auto.drom.ru/moscow/audi/a4/917795892.html;Характеристики совпадают с ПТС;3 записи о регистрации;Не числится в розыске;Ограничений не обнаружено;Москве;бензин, 1.8 л;170 л.с., налог;вариатор;передний;седан;коричневый;70 000 км;левый;4 поколение, рестайлинг;1.8 TFSI Multitronic Comfort;;;
Audi;A6;2015;2390000;https://auto.drom.ru/spb/audi/a6/203351988.html;Характеристики совпадают с ПТС;2 записи о регистрации;Не числится в розыске;Ограничений не обнаружено;Санкт-Петербурге;бензин, 2.0 л;249 л.с., налог;робот;4WD;седан;черный;164 000 км;левый;4 поколение, рестайлинг;;;;
Audi;SQ5;2015;1849000;https://auto.drom.ru/volgograd/audi/sq5/54133364.html;Характеристики совпадают с ПТС;7 записей о регистрации;Не числится в розыске;Ограничений не обнаружено;Волгограде;бензин, 3.0 л;354 л.с., налог;АКПП;4WD;;серый;322 263 км;левый;1 поколение;3.0 TFSI quattro tiptronic;;;
Audi;A4;2015;1639000;https://auto.drom.ru/moscow/audi/a4/54132672.html;Характеристики совпадают с ПТС;5 записей о регистрации;Не числится в розыске;Ограничений не обнаружено;Москве;бензин, 1.8 л;170 л.с., налог;вариатор;передний;седан;черный;134 180 км;левый;4 поколение, рестайлинг;;;;
Audi;RS6;2015;5869000;https://auto.drom.ru/voronezh/audi/rs6/54127860.html;Характеристики совпадают с ПТС;4 записи о регистрации;Не числится в розыске;Ограничений не обнаружено;Воронеже;бензин, 4.0 л;560 л.с., налог;АКПП;4WD;универсал;серый;133 983 км;левый;4 поколение, рестайлинг;;;;
Audi;Q5;2015;2000000;https://auto.drom.ru/moscow/audi/q5/53465178.html;Характеристики совпадают с ПТС;4 записи о регистрации;Не числится в розыске;Ограничений не обнаружено;Москве;бензин, 2.0 л;225 л.с., налог;АКПП;4WD;;черный;185 000 км;левый;1 поколение, рестайлинг;;;;
Audi;A8;2015;3490000;https://auto.drom.ru/moscow/audi/a8/942304811.html;Характеристики совпадают с ПТС;5 записей о регистрации;Не числится в розыске;Ограничений не обнаружено;Москве;бензин, 3.0 л;310 л.с., налог;АКПП;4WD;;черный;152 380 км;левый;3 поколение, рестайлинг;;;;
Audi;A4;2015;1900000;https://auto.drom.ru/moscow/audi/a4/164338872.html;Характеристики совпадают с ПТС;4 записи о регистрации;Не числится в розыске;Ограничений не обнаружено;Москве;бензин, 1.8 л;170 л.с., налог;вариатор;передний;седан;черный;149 000 км;левый;4 поколение, рестайлинг;;;;
Audi;Q7;2015;3943302;https://auto.drom.ru/minsk/audi/q7/396000605.html;;;;;Минске;дизель, 3.0 л;272 л.с., налог;АКПП;4WD;;черный;247 000 км;левый;2 поколение;3.0 45 TDI quattro tiptronic;;;
Audi;SQ5;2015;2315000;https://auto.drom.ru/yaroslavl/audi/sq5/54083004.html;Характеристики совпадают с ПТС;2 записи о регистрации;Не числится в розыске;Ограничений не обнаружено;Ярославле;бензин, 3.0 л;354 л.с., налог;АКПП;4WD;;белый;173 000 км;левый;1 поколение;3.0 TFSI quattro tiptronic;;;
Audi;A4;2018;2490000;https://auto.drom.ru/spb/audi/a4/53451925.html;Характеристики совпадают с ПТС;3 записи о регистрации;Не числится в розыске;Ограничений не обнаружено;Санкт-Петербурге;дизель, 2.0 л;190 л.с., налог;робот;4WD;седан;синий;161 000 км;левый;5 поколение;;;;
Audi;A4;2018;2320000;https://auto.drom.ru/spb/audi/a4/604474652.html;Характеристики совпадают с ПТС;2 записи о регистрации;Не числится в розыске;Ограничений не обнаружено;Санкт-Петербурге;бензин, 1.4 л;150 л.с., налог;робот;передний;седан;черный;80 701 км;левый;5 поколение;;;;
Audi;TT;2018;3278389;https://auto.drom.ru/minsk/audi/tt/52192413.html;;;;;Минске;бензин, 1.8 л;180 л.с., налог;робот;передний;хэтчбек 3 дв.;;104 000 км;левый;3 поколение;1.8 TFSI S tronic;;;
Audi;A6;2019;6000000;https://auto.drom.ru/moscow/audi/a6/53260100.html;Характеристики совпадают с ПТС;1 запись о регистрации;Не числится в розыске;Ограничений не обнаружено;Москве;бензин, 2.0 л, гибрид;245 л.с., налог;робот;4WD;седан;черный;25 000 км;левый;5 поколение;2.0 45 TFSI quattro S tronic Design;;;
Audi;A4;2019;2400000;https://auto.drom.ru/moscow/audi/a4/310471529.html;;;;;Москве;дизель, 2.0 л, гибрид;163 л.с., налог;робот;передний;универсал;серый;120 000 км, без пробега по РФ;левый;5 поколение, рестайлинг;2.0 35 TDI S tronic;;;
Audi;A6;2019;3144483;https://auto.drom.ru/minsk/audi/a6/655468165.html;;;;;Минске;дизель, 2.0 л;204 л.с., налог;автомат;передний;седан;синий;105 000 км;левый;5 поколение;;;;
Audi;A6;2019;4588000;https://auto.drom.ru/moscow/audi/a6/383018109.html;Характеристики совпадают с ПТС;1 запись о регистрации;Не числится в розыске;Ограничений не обнаружено;Москве;дизель, 3.0 л;231 л.с., налог;автомат;4WD;универсал;черный;53 472 км;левый;;;;;
Audi;A5;2019;4269700;https://auto.drom.ru/moscow/audi/a5/720023277.html;Характеристики совпадают с ПТС;1 запись о регистрации;Не числится в розыске;Ограничений не обнаружено;Москве;бензин, 2.0 л;249 л.с., налог;робот;4WD;лифтбек;серый;74 808 км;левый;2 поколение;;;;
Audi;e-tron;2019;4936054;https://auto.drom.ru/minsk/audi/e-tron/52836108.html;;;;;Минске;электро;408 л.с., налог;АКПП;4WD;;;40 000 км;левый;1 поколение;;;;
Audi;e-tron;2019;3966390;https://auto.drom.ru/minsk/audi/e-tron/52837582.html;;;;;Минске;электро;408 л.с., налог;АКПП;4WD;;серый;36 000 км;левый;1 поколение;95 kWh 55 quattro e-tron Advanced;;;
Audi;A4;2019;3000000;https://auto.drom.ru/rossosh/audi/a4/52367392.html;Характеристики совпадают с ПТС;5 записей о регистрации;Не числится в розыске;Ограничений не обнаружено;Россоши;бензин, 1.4 л;150 л.с., налог;робот;передний;седан;белый;45 700 км;левый;5 поколение;;;;
Audi;A5;2019;3099000;https://auto.drom.ru/moscow/audi/a5/657315002.html;Характеристики совпадают с ПТС;1 запись о регистрации;Не числится в розыске;Ограничений не обнаружено;Москве;бензин, 2.0 л;190 л.с., налог;робот;передний;лифтбек;синий;143 610 км;левый;2 поколение;;;;
Audi;Q3;2019;3699000;https://auto.drom.ru/voronezh/audi/q3/53687138.html;Характеристики совпадают с ПТС;1 запись о регистрации;Не числится в розыске;Ограничений не обнаружено;Воронеже;бензин, 2.0 л;230 л.с., налог;автомат;4WD;;серый;47 424 км;левый;;;;;
Audi;A3;2019;2790000;https://auto.drom.ru/spb/audi/a3/53285807.html;;;;;Санкт-Петербурге;бензин, 2.0 л;228 л.с., налог;робот;4WD;седан;серый;38 800 км;левый;3 поколение, рестайлинг;2.0 45 TFSI S Tronic quattro Premium Plus;;;
Audi;A4;2019;2199400;https://auto.drom.ru/moscow/audi/a4/52396626.html;Характеристики совпадают с ПТС;2 записи о регистрации;Не числится в розыске;Есть ограничения;Москве;дизель, 2.0 л;150 л.с., налог;робот;передний;универсал;серый;119 065 км;левый;5 поколение;;;;
Audi;A3;2019;2257933;https://auto.drom.ru/minsk/audi/a3/789315553.html;;;;;Минске;бензин, 2.0 л;190 л.с., налог;робот;передний;седан;белый;76 200 км;левый;3 поколение, рестайлинг;;;;
Audi;A5;2019;3283469;https://auto.drom.ru/minsk/audi/a5/53751674.html;;;;;Минске;дизель, 3.0 л;231 л.с., налог;автомат;4WD;лифтбек;белый;230 500 км;левый;2 поколение;;;;
Audi;A3;2019;2465718;https://auto.drom.ru/minsk/audi/a3/53159070.html;;;;;Минске;бензин, 2.0 л;228 л.с., налог;робот;4WD;седан;серый;91 000 км, без пробега по РФ;левый;3 поколение, рестайлинг;2.0 45 TFSI S Tronic quattro Prestige;;;
Audi;A8;2019;5171544;https://auto.drom.ru/minsk/audi/a8/53163075.html;;;;;Минске;бензин, 3.0 л, гибрид;340 л.с., налог;АКПП;4WD;;синий;68 865 км, без пробега по РФ;левый;4 поколение;3.0 55 TFSI quattro tiptronic L Business;;;
Audi;Q5;2019;4249000;https://auto.drom.ru/spb/audi/q5/53276022.html;Характеристики совпадают с ПТС;2 записи о регистрации;Не числится в розыске;Ограничений не обнаружено;Санкт-Петербурге;бензин, 2.0 л;249 л.с., налог;робот;4WD;;серый;35 095 км;левый;2 поколение;;;;
Audi;A4;2019;3290000;https://auto.drom.ru/moscow/audi/a4/670312850.html;;;;;Москве;дизель, 2.0 л;190 л.с., налог;робот;4WD;универсал;белый;141 311 км;левый;5 поколение;;;;
Audi;A7;2019;4612833;https://auto.drom.ru/minsk/audi/a7/53097985.html;;;;;Минске;бензин, 3.0 л;340 л.с., налог;робот;4WD;;серый;92 000 км;левый;2 поколение;3.0 55 TFSI quattro S tronic Ocean GT;;;
Audi;A6;2019;3096000;https://auto.drom.ru/minsk/audi/a6/53202077.html;;;;;Минске;дизель, 2.0 л, гибрид;204 л.с., налог;робот;4WD;универсал;черный;136 000 км;левый;5 поколение;;;;
Audi;e-tron;2019;4294228;https://auto.drom.ru/minsk/audi/e-tron/52314767.html;;;;;Минске;электро;313 л.с., налог;АКПП;4WD;;серый;48 000 км;левый;1 поколение;71 kWh 50 quattro e-tron Advanced;;;
Audi;Q3;2019;3399000;https://auto.drom.ru/spb/audi/q3/51940202.html;;;;;Санкт-Петербурге;дизель, 2.0 л;150 л.с., налог;автомат;передний;;серый;68 492 км;левый;;;;;
Audi;A4;2019;3209000;https://auto.drom.ru/smolensk/audi/a4/52072130.html;;;;;Смоленске;дизель, 2.0 л;190 л.с., налог;робот;передний;седан;серый;119 874 км;левый;5 поколение;2.0 40 TDI S tronic Sport;;;
Audi;Q5;2019;3395950;https://auto.drom.ru/moscow/audi/q5/203138823.html;Характеристики совпадают с ПТС;5 записей о регистрации;Не числится в розыске;Ограничений не обнаружено;Москве;бензин, 2.0 л;249 л.с., налог;робот;4WD;;серый;125 340 км;левый;2 поколение;;;;
Audi;A4;2019;3750000;https://auto.drom.ru/spb/audi/a4/53236857.html;Характеристики совпадают с ПТС;1 запись о регистрации;Не числится в розыске;Ограничений не обнаружено;Санкт-Петербурге;дизель, 3.0 л;231 л.с., налог;автомат;4WD;универсал;черный;63 550 км;левый;;;;;
Audi;Q8;2019;7600000;https://auto.drom.ru/himki/audi/q8/161310147.html;;;;;Химках;дизель, 3.0 л;286 л.с., налог;автомат;4WD;;черный;80 000 км;левый;1 поколение;;;;
Audi;Q8;2019;6999000;https://auto.drom.ru/kazan/audi/q8/52922608.html;;;;;Казани;бензин, 3.0 л, гибрид;340 л.с., налог;АКПП;4WD;;черный;83 241 км;левый;1 поколение;3.0 55 TFSI quattro tiptronic Sport;;;
Audi;A4;2019;2570000;https://auto.drom.ru/moscow/audi/a4/51359394.html;Характеристики совпадают с ПТС;1 запись о регистрации;Не числится в розыске;Ограничений не обнаружено;Москве;дизель, 2.0 л;150 л.с., налог;робот;передний;седан;черный;159 000 км;левый;5 поколение;2.0 35 TDI S tronic Advance;;;
Audi;Q5;2019;3499000;https://auto.drom.ru/moscow/audi/q5/635373688.html;;;;;Москве;бензин, 2.0 л;252 л.с., налог;автомат;4WD;;серый;64 136 км;левый;2 поколение;;;;
Audi;Q8;2019;7500000;https://auto.drom.ru/moscow/audi/q8/53230059.html;Характеристики совпадают с ПТС;1 запись о регистрации;Не числится в розыске;Ограничений не обнаружено;Москве;дизель, 3.0 л;286 л.с., налог;автомат;4WD;;белый;69 000 км;левый;1 поколение;;;;
Audi;A6;2019;3450000;https://auto.drom.ru/minsk/audi/a6/53623385.html;;;;;Минске;бензин, 3.0 л, гибрид;340 л.с., налог;робот;4WD;седан;черный;169 000 км;левый;5 поколение;3.0 55 TFSI quattro S tronic Advance;;;
Audi;A7;2019;4795000;https://auto.drom.ru/moscow/audi/a7/53212289.html;Характеристики совпадают с ПТС;1 запись о регистрации;Не числится в розыске;Ограничений не обнаружено;Москве;дизель, 2.0 л;204 л.с., налог;автомат;передний;;белый;87 000 км;левый;;;;;
Audi;Q3;2019;2925000;https://auto.drom.ru/spb/audi/q3/517108513.html;Характеристики совпадают с ПТС;3 записи о регистрации;Не числится в розыске;Ограничений не обнаружено;Санкт-Петербурге;бензин, 1.4 л;150 л.с., налог;робот;передний;;оранжевый;81 635 км;левый;;;;;
Audi;Q5;2019;4400000;https://auto.drom.ru/kazan/audi/q5/802961537.html;;;;;Казани;дизель, 2.0 л;190 л.с., налог;робот;4WD;;черный;123 466 км, без пробега по РФ;левый;2 поколение;;;;
Audi;A6;2019;3499000;https://auto.drom.ru/moscow/audi/a6/627531096.html;Характеристики совпадают с ПТС;3 записи о регистрации;Не числится в розыске;Ограничений не обнаружено;Москве;бензин, 2.0 л, гибрид;245 л.с., налог;робот;4WD;седан;белый;120 000 км;левый;5 поколение;2.0 45 TFSI quattro S tronic Advance;;;
Audi;A4;2019;2550000;https://auto.drom.ru/alexeevka/audi/a4/53198391.html;Характеристики совпадают с ПТС;1 запись о регистрации;Не числится в розыске;Ограничений не обнаружено;Алексеевке;дизель, 2.0 л;150 л.с., налог;робот;передний;универсал;серый;215 000 км;левый;5 поколение;2.0 35 TDI S tronic Sport;;;
Audi;A6;2019;3100000;https://auto.drom.ru/moscow/audi/a6/53188435.html;Характеристики совпадают с ПТС;2 записи о регистрации;Не числится в розыске;Ограничений не обнаружено;Москве;дизель, 2.0 л;204 л.с., налог;автомат;передний;седан;черный;105 910 км;левый;;;;;
Audi;Q3;2019;3600000;https://auto.drom.ru/spb/audi/q3/51442724.html;;;;;Санкт-Петербурге;бензин, 2.0 л;180 л.с., налог;робот;4WD;;белый;62 000 км;левый;2 поколение;;документы с проблемами или отсутствуют;;
Audi;A5;2019;2899000;https://auto.drom.ru/moscow/audi/a5/53583823.html;Характеристики совпадают с ПТС;2 записи о регистрации;Не числится в розыске;Ограничений не обнаружено;Москве;бензин, 2.0 л;190 л.с., налог;автомат;передний;хэтчбек 5 дв.;белый;110 632 км;левый;;;;;
Audi;Q7;2019;6150000;https://auto.drom.ru/moscow/audi/q7/53168020.html;Характеристики совпадают с ПТС;1 запись о регистрации;Не числится в розыске;Ограничений не обнаружено;Москве;бензин, 3.0 л;340 л.с., налог;автомат;4WD;;черный;90 000 км;левый;;;;;
Audi;RS4;2019;6190000;https://auto.drom.ru/moscow/audi/rs4/52357120.html;Характеристики совпадают с ПТС;1 запись о регистрации;Не числится в розыске;Ограничений не обнаружено;Москве;бензин, 2.9 л;450 л.с., налог;АКПП;4WD;универсал;белый;44 800 км;левый;5 поколение;2.9 TFSI quattro tiptronic;;;
Audi;A6;2019;5100000;https://auto.drom.ru/mtsensk/audi/a6/784319562.html;Характеристики совпадают с ПТС;2 записи о регистрации;Не числится в розыске;Ограничений не обнаружено;Мценске;бензин, 2.0 л, гибрид;245 л.с., налог;робот;4WD;седан;синий;50 000 км;левый;5 поколение;2.0 45 TFSI quattro S tronic Sport;;;
Audi;Q7;2019;5869000;https://auto.drom.ru/voronezh/audi/q7/53152740.html;;;;;Воронеже;дизель, 3.0 л;286 л.с., налог;АКПП;4WD;;серый;80 607 км;левый;2 поколение;3.0 50 TDI quattro tiptronic;;;
Audi;Q3;2019;4490000;https://auto.drom.ru/spb/audi/q3/53151856.html;;;;;Санкт-Петербурге;бензин, 2.0 л;190 л.с., налог;автомат;4WD;;оранжевый;42 550 км;левый;;;;;
Audi;A4;2019;2863400;https://auto.drom.ru/moscow/audi/a4/894999219.html;Мощность двигателя не совпадает с ПТС;2 записи о регистрации;Не числится в розыске;Ограничений не обнаружено;Москве;бензин, 2.0 л;190 л.с., налог;робот;передний;седан;черный;76 722 км;левый;5 поколение;;;;
Audi;A6;2019;4800000;https://auto.drom.ru/spb/audi/a6/799134579.html;Характеристики совпадают с ПТС;1 запись о регистрации;Не числится в розыске;Ограничений не обнаружено;Санкт-Петербурге;дизель, 3.0 л, гибрид;286 л.с., налог;АКПП;4WD;седан;черный;70 000 км;левый;5 поколение;3.0 50 TDI quattro tiptronic Sport;;;
Audi;A3;2019;1990000;https://auto.drom.ru/yaroslavl/audi/a3/846000505.html;;;;;Ярославле;бензин, 1.0 л;116 л.с., налог;робот;передний;седан;синий;92 036 км, без пробега по РФ;левый;3 поколение, рестайлинг;1.0 30 TFSI S Tronic Design;;;
Audi;A1;2019;2593800;https://auto.drom.ru/spb/audi/a1/252441173.html;Характеристики совпадают с ПТС;1 запись о регистрации;Не числится в розыске;Ограничений не обнаружено;Санкт-Петербурге;бензин, 1.0 л;116 л.с., налог;робот;передний;хэтчбек 5 дв.;красный;74 403 км;левый;2 поколение;;;;
Audi;Q5;2019;3398443;https://auto.drom.ru/minsk/audi/q5/52694327.html;;;;;Минске;дизель, 2.0 л;190 л.с., налог;робот;4WD;;;192 000 км;левый;2 поколение;;;;
Audi;Q7;2019;5250000;https://auto.drom.ru/moscow/audi/q7/50902034.html;Характеристики совпадают с ПТС;1 запись о регистрации;Не числится в розыске;Ограничений не обнаружено;Москве;бензин, 2.0 л;252 л.с., налог;АКПП;4WD;;белый;32 000 км, без пробега по РФ;левый;2 поколение;2.0 45 TFSI quattro tiptronic Business;;;
Audi;A6;2019;3696000;https://auto.drom.ru/moscow/audi/a6/761872353.html;Характеристики совпадают с ПТС;3 записи о регистрации;Не числится в розыске;Ограничений не обнаружено;Москве;бензин, 2.0 л;245 л.с., налог;автомат;4WD;седан;черный;70 967 км;левый;;;;;
Audi;A4;2019;3700000;https://auto.drom.ru/bryansk/audi/a4/53149129.html;;;;;Брянске;бензин, 2.0 л;249 л.с., налог;робот;4WD;седан;белый;68 000 км;левый;5 поколение;2.0 45 TFSI quattro S tronic Sport;;;
Audi;Q5;2019;3000000;https://auto.drom.ru/minsk/audi/q5/53142498.html;;;;;Минске;бензин, 2.0 л;249 л.с., налог;робот;4WD;;белый;52 000 км;левый;2 поколение;;;;
Audi;Q5;2019;3550000;https://auto.drom.ru/moscow/audi/q5/554644544.html;;;;;Москве;бензин, 2.0 л;249 л.с., налог;робот;4WD;;синий;38 200 км;левый;2 поколение;2.0 45 TFSI quattro S tronic Advance;;;
Audi;A3;2019;2209000;https://auto.drom.ru/moscow/audi/a3/287854679.html;Характеристики совпадают с ПТС;1 запись о регистрации;Не числится в розыске;Ограничений не обнаружено;Москве;бензин, 1.4 л;150 л.с., налог;робот;передний;седан;красный;58 591 км;левый;3 поколение, рестайлинг;;;;
Audi;A6;2019;4612000;https://auto.drom.ru/pskov/audi/a6/841858585.html;;;;;Пскове;дизель, 3.0 л, гибрид;231 л.с., налог;АКПП;4WD;универсал;черный;97 000 км, без пробега по РФ;левый;5 поколение;;;;
Audi;A4;2019;3199000;https://auto.drom.ru/spb/audi/a4/53551873.html;Характеристики совпадают с ПТС;2 записи о регистрации;Не числится в розыске;Ограничений не обнаружено;Санкт-Петербурге;дизель, 2.0 л;190 л.с., налог;робот;4WD;универсал;черный;39 208 км;левый;5 поколение;;;;
Audi;A6;2019;3445000;https://auto.drom.ru/yaroslavl/audi/a6/53877078.html;Характеристики совпадают с ПТС;2 записи о регистрации;Не числится в розыске;Ограничений не обнаружено;Ярославле;дизель, 2.0 л, гибрид;204 л.с., налог;робот;передний;седан;черный;172 681 км;левый;5 поколение;2.0 40 TDI S tronic Design;;;
Audi;A6;2019;3752400;https://auto.drom.ru/moscow/audi/a6/837619817.html;Характеристики совпадают с ПТС;3 записи о регистрации;Не числится в розыске;Ограничений не обнаружено;Москве;бензин, 2.0 л;245 л.с., налог;автомат;4WD;седан;белый;106 978 км;левый;;;;;
Audi;Q2;2019;2234846;https://auto.drom.ru/minsk/audi/q2/53894975.html;;;;;Минске;бензин, 1.4 л;150 л.с., налог;автомат;передний;;белый;94 165 км;левый;1 поколение;;;;
Audi;Q7;2019;5489000;https://auto.drom.ru/himki/audi/q7/252973936.html;Характеристики совпадают с ПТС;1 запись о регистрации;Не числится в розыске;Ограничений не обнаружено;Химках;дизель, 3.0 л;249 л.с., налог;АКПП;4WD;;белый;99 200 км;левый;2 поколение;;;;
Audi;Q5;2019;3285000;https://auto.drom.ru/spb/audi/q5/779180406.html;Характеристики совпадают с ПТС;1 запись о регистрации;Не числится в розыске;Ограничений не обнаружено;Санкт-Петербурге;бензин, 2.0 л;249 л.с., налог;робот;4WD;;синий;126 306 км;левый;2 поколение;;;;
Audi;Q7;2019;6748000;https://auto.drom.ru/nizhniy-novgorod/audi/q7/52224564.html;;;;;Нижнем Новгороде;дизель, 3.0 л;286 л.с., налог;АКПП;4WD;;черный;86 898 км;левый;2 поколение;3.0 50 TDI quattro tiptronic;;;
Audi;Q3;2019;3100000;https://auto.drom.ru/spb/audi/q3/218603245.html;Характеристики совпадают с ПТС;3 записи о регистрации;Не числится в розыске;Ограничений не обнаружено;Санкт-Петербурге;бензин, 1.4 л;150 л.с., налог;робот;передний;;оранжевый;49 696 км;левый;;;;;
Audi;A3;2019;2249000;https://auto.drom.ru/moscow/audi/a3/796838459.html;Характеристики совпадают с ПТС;1 запись о регистрации;Не числится в розыске;Ограничений не обнаружено;Москве;бензин, 1.4 л;150 л.с., налог;робот;передний;седан;красный;72 566 км;левый;3 поколение, рестайлинг;;;;
Audi;A6;2019;4211114;https://auto.drom.ru/minsk/audi/a6/53522012.html;;;;;Минске;дизель, 3.0 л;231 л.с., налог;автомат;4WD;универсал;черный;135 000 км;левый;5 поколение;;;;
Audi;A4;2019;2490000;https://auto.drom.ru/spb/audi/a4/644738601.html;;;;;Санкт-Петербурге;бензин, 1.4 л;150 л.с., налог;робот;передний;универсал;белый;31 000 км;правый;5 поколение;Avant 1.4 35 TFSI Sport;;;
Audi;Q8;2019;6650000;https://auto.drom.ru/moscow/audi/q8/53509318.html;Характеристики совпадают с ПТС;1 запись о регистрации;Не числится в розыске;Ограничений не обнаружено;Москве;бензин, 3.0 л, гибрид;340 л.с., налог;АКПП;4WD;;коричневый;62 000 км;левый;1 поколение;3.0 55 TFSI quattro tiptronic Design;;;
Audi;A4;2019;2539000;https://auto.drom.ru/moscow/audi/a4/814605580.html;Характеристики совпадают с ПТС;2 записи о регистрации;Не числится в розыске;Ограничений не обнаружено;Москве;бензин, 1.4 л;150 л.с., налог;робот;передний;седан;синий;94 200 км;левый;5 поколение;;;;
Audi;A6;2019;2900000;https://auto.drom.ru/mogilev/audi/a6/53516169.html;;;;;Могилёве;дизель, 2.0 л, гибрид;204 л.с., налог;робот;передний;универсал;черный;101 800 км;левый;5 поколение;2.0 40 TDI S tronic;;;
Audi;S6;2019;5397000;https://auto.drom.ru/moscow/audi/s6/53107842.html;Характеристики совпадают с ПТС;1 запись о регистрации;Не числится в розыске;Ограничений не обнаружено;Москве;дизель, 3.0 л;349 л.с., налог;АКПП;4WD;универсал;серый;110 500 км;левый;5 поколение;3.0 TDI quattro tiptronic;;;
Audi;A5;2019;3870000;https://auto.drom.ru/moscow/audi/a5/163194120.html;Характеристики совпадают с ПТС;2 записи о регистрации;Не числится в розыске;Ограничений не обнаружено;Москве;бензин, 2.0 л;249 л.с., налог;робот;4WD;лифтбек;белый;69 500 км;левый;2 поколение;2.0 45 TFSI quattro S tronic Design;;;
Audi;A6;2019;3969000;https://auto.drom.ru/serpuhov/audi/a6/53719521.html;Характеристики совпадают с ПТС;1 запись о регистрации;Не числится в розыске;Ограничений не обнаружено;Серпухове;дизель, 2.0 л, гибрид;204 л.с., налог;робот;передний;седан;коричневый;117 000 км;левый;5 поколение;2.0 40 TDI S tronic;;;
Audi;A6;2019;2750000;https://auto.drom.ru/moscow/audi/a6/53502443.html;;;;;Москве;дизель, 2.0 л, гибрид;204 л.с., налог;робот;4WD;универсал;черный;155 000 км, без пробега по РФ;левый;5 поколение;;;;
Audi;Q3;2019;3815000;https://auto.drom.ru/spb/audi/q3/53498585.html;;;;;Санкт-Петербурге;бензин, 2.0 л;190 л.с., налог;автомат;4WD;;серый;90 000 км;левый;;;;;
Audi;Q5;2019;3400000;https://auto.drom.ru/moscow/audi/q5/52627621.html;;;;;Москве;бензин, 2.0 л;249 л.с., налог;робот;4WD;;синий;43 000 км, без пробега по РФ;левый;2 поколение;2.0 45 TFSI quattro S tronic;;;
Audi;A6;2019;3100000;https://auto.drom.ru/moscow/audi/a6/49252709.html;Характеристики совпадают с ПТС;1 запись о регистрации;Не числится в розыске;Ограничений не обнаружено;Москве;дизель, 2.0 л, гибрид;204 л.с., налог;робот;передний;универсал;черный;174 000 км;левый;5 поколение;;;;
Audi;A6;2019;4158459;https://auto.drom.ru/minsk/audi/a6/54151682.html;;;;;Минске;дизель, 2.0 л, гибрид;204 л.с., налог;робот;4WD;седан;серый;88 000 км;левый;5 поколение;;;;
Audi;A4;2019;2475000;https://auto.drom.ru/moscow/audi/a4/52155793.html;;;;;Москве;дизель, 2.0 л;122 л.с., налог;робот;передний;универсал;черный;217 537 км;левый;5 поколение;2.0 35 TDI S tronic;;;
Audi;A4;2019;2702998;https://auto.drom.ru/minsk/audi/a4/51972295.html;;;;;Минске;дизель, 2.0 л;150 л.с., налог;робот;передний;универсал;;110 000 км;левый;5 поколение;;;;
Audi;A4;2019;2650000;https://auto.drom.ru/moscow/audi/a4/53490885.html;Характеристики совпадают с ПТС;;Не числится в розыске;Ограничений не обнаружено;Москве;бензин, 1.4 л;150 л.с., налог;робот;передний;седан;серый;102 822 км;левый;5 поколение;1.4 35 TFSI S tronic Design;;;
Audi;e-tron;2020;4423517;https://auto.drom.ru/minsk/audi/e-tron/53477427.html;;;;;Минске;электро;408 л.с., налог;АКПП;4WD;;черный;100 000 км;левый;1 поколение;95 kWh 55 quattro e-tron;;;
Audi;Q6;2023;9994600;https://auto.drom.ru/spb/audi/q6/870856224.html;;;;;Санкт-Петербурге;бензин, 2.0 л;265 л.с., налог;робот;4WD;;черный;новый автомобиль;левый;1 поколение;2.0 45 TFSI quattro Roadjet;;LSV**************;
Audi;Q6;2023;9994600;https://auto.drom.ru/spb/audi/q6/884624086.html;;;;;Санкт-Петербурге;бензин, 2.0 л;265 л.с., налог;робот;4WD;;черный;новый автомобиль;левый;1 поколение;2.0 45 TFSI quattro Roadjet;;LSV**************;
Audi;Q6;2023;9994600;https://auto.drom.ru/spb/audi/q6/748328015.html;;;;;Санкт-Петербурге;бензин, 2.0 л;265 л.с., налог;робот;4WD;;черный;новый автомобиль;левый;1 поколение;2.0 45 TFSI quattro Roadjet;;LSV**************;
Audi;Q6;2023;13428500;https://auto.drom.ru/spb/audi/q6/433515605.html;;;;;Санкт-Петербурге;бензин, 2.5 л;299 л.с., налог;робот;4WD;;коричневый;новый автомобиль;левый;1 поколение;2.5 50 TFSI quattro Roadjet;;LSV**************;
Audi;Q6;2023;9994600;https://auto.drom.ru/spb/audi/q6/788283111.html;;;;;Санкт-Петербурге;бензин, 2.0 л;265 л.с., налог;робот;4WD;;черный;новый автомобиль;левый;1 поколение;2.0 45 TFSI quattro Roadjet;;LSV**************;
Audi;Q6;2023;9994600;https://auto.drom.ru/spb/audi/q6/910879614.html;;;;;Санкт-Петербурге;бензин, 2.0 л;265 л.с., налог;робот;4WD;;черный;новый автомобиль;левый;1 поколение;2.0 45 TFSI quattro Roadjet;;LSV**************;
Audi;Q6;2023;9994600;https://auto.drom.ru/spb/audi/q6/208957625.html;;;;;Санкт-Петербурге;бензин, 2.0 л;265 л.с., налог;робот;4WD;;черный;новый автомобиль;левый;1 поколение;2.0 45 TFSI quattro Roadjet;;LSV**************;
Audi;Q6;2023;9994600;https://auto.drom.ru/spb/audi/q6/274841037.html;;;;;Санкт-Петербурге;бензин, 2.0 л;265 л.с., налог;робот;4WD;;черный;новый автомобиль;левый;1 поколение;2.0 45 TFSI quattro Roadjet;;LSV**************;
Audi;S6;2023;10299000;https://auto.drom.ru/himki/audi/s6/53801560.html;;;;;Химках;дизель, 3.0 л;344 л.с., налог;автомат;4WD;седан;белый;10 км;левый;;;;;
Audi;Q5 Sportback;2023;8200000;https://auto.drom.ru/moscow/audi/q5_sportback/52536295.html;;;;;Москве;бензин, 2.0 л;265 л.с., налог;автомат;4WD;;белый;новый автомобиль;левый;;;;WAU**************;
Audi;Q5 Sportback;2023;8200000;https://auto.drom.ru/moscow/audi/q5_sportback/52536305.html;;;;;Москве;бензин, 2.0 л;265 л.с., налог;автомат;4WD;;белый;новый автомобиль;левый;;;;WAU**************;
Audi;Q8;2023;14947900;https://auto.drom.ru/moscow/audi/q8/770754645.html;Характеристики совпадают с ПТС;1 запись о регистрации;Не числится в розыске;Ограничений не обнаружено;Москве;дизель, 3.0 л;231 л.с., налог;АКПП;4WD;;черный;новый автомобиль;левый;2 поколение;3.0 45 TDI quattro tiptronic;;WAU**************;
Audi;Q8;2023;16550000;https://auto.drom.ru/moscow/audi/q8/54067948.html;;;;;Москве;дизель, 3.0 л;286 л.с., налог;АКПП;4WD;;черный;новый автомобиль;левый;2 поколение;3.0 50 TDI quattro tiptronic;;WAU**************;
Audi;Q8;2023;13900000;https://auto.drom.ru/moscow/audi/q8/536818346.html;;;;;Москве;дизель, 3.0 л;286 л.с., налог;АКПП;4WD;;серый;110 км;левый;2 поколение;3.0 50 TDI quattro tiptronic;;;
Audi;Q5;2023;7900000;https://auto.drom.ru/moscow/audi/q5/54059784.html;Модель не совпадает с ПТС;1 запись о регистрации;Не числится в розыске;Ограничений не обнаружено;Москве;дизель, 3.0 л;286 л.с., налог;автомат;4WD;;черный;9 341 км;левый;;;;;
Audi;Q7;2023;12100000;https://auto.drom.ru/tula/audi/q7/702460379.html;;;;;Туле;дизель, 3.0 л;231 л.с., налог;автомат;4WD;;белый;29 км;левый;;;;;
Audi;Q6;2023;10279120;https://auto.drom.ru/moscow/audi/q6/52816823.html;;;;;Москве;бензин, 2.0 л;265 л.с., налог;робот;4WD;;черный;новый автомобиль;левый;1 поколение;2.0 45 TFSI quattro Roadjet;;LSV**************;
Audi;Q8;2023;15900000;https://auto.drom.ru/moscow/audi/q8/53753822.html;;;;;Москве;дизель, 3.0 л;286 л.с., налог;АКПП;4WD;;серый;новый автомобиль;левый;2 поколение;3.0 50 TDI quattro tiptronic;;WAU**************;
Audi;A5;2023;6279732;https://auto.drom.ru/minsk/audi/a5/54041605.html;;;;;Минске;дизель, 2.0 л;204 л.с., налог;робот;передний;лифтбек;черный;1 200 км;левый;2 поколение, рестайлинг;2.0 40 TDI S tronic S line;;;
Audi;Q7;2023;10150000;https://auto.drom.ru/saratov/audi/q7/51235220.html;Год, мощность двигателя не совпадают с ПТС;2 записи о регистрации;Не числится в розыске;Ограничений не обнаружено;Саратове;3.0 л;231 л.с., налог;автомат;4WD;;серый;новый автомобиль;левый;;;;WAU**************;
Audi;Q6;2023;13550000;https://auto.drom.ru/spb/audi/q6/52911786.html;;;;;Санкт-Петербурге;бензин, 2.5 л;299 л.с., налог;робот;4WD;;коричневый;новый автомобиль;левый;1 поколение;2.5 50 TFSI quattro Roadjet;;LSV**************;
Audi;Q8;2023;15790000;https://auto.drom.ru/moscow/audi/q8/718977810.html;;;;;Москве;дизель, 3.0 л;286 л.с., налог;АКПП;4WD;;черный;41 км;левый;2 поколение;3.0 50 TDI quattro tiptronic;;;
Audi;Q7;2023;9580000;https://auto.drom.ru/moscow/audi/q7/518094629.html;;;;;Москве;бензин, 2.0 л;252 л.с., налог;автомат;4WD;;черный;41 км;левый;;;;;
Mercedes-Benz;S-Class;2007;1250000;https://auto.drom.ru/maloyaroslavets/mercedes-benz/s-class/52588881.html;Характеристики совпадают с ПТС;;Не числится в розыске;Ограничений не обнаружено;Малоярославце;бензин, 5.5 л;388 л.с., налог;АКПП;задний;седан;черный;292 613 км;левый;5 поколение;;;;
Mercedes-Benz;M-Class;2007;1130000;https://auto.drom.ru/moscow/mercedes-benz/m-class/51954014.html;Мощность двигателя не совпадает с ПТС;3 записи о регистрации;Не числится в розыске;Ограничений не обнаружено;Москве;дизель, 3.0 л;224 л.с., налог;АКПП;4WD;;черный;173 975 км;левый;2 поколение;;;;
Mercedes-Benz;GL-Class;2008;1400000;https://auto.drom.ru/skopin/mercedes-benz/gl-class/53015916.html;Характеристики совпадают с ПТС;5 записей о регистрации;Не числится в розыске;Ограничений не обнаружено;Скопине;бензин, 5.5 л, ГБО;388 л.с., налог;АКПП;4WD;;черный;380 000 км;левый;1 поколение;GL 500 4MATIC;;;
Mercedes-Benz;C-Class;2008;899030;https://auto.drom.ru/voronezh/mercedes-benz/c-class/54119356.html;Характеристики совпадают с ПТС;11 записей о регистрации;Не числится в розыске;Ограничений не обнаружено;Воронеже;бензин, 2.5 л;204 л.с., налог;АКПП;задний;седан;серый;224 131 км;левый;3 поколение;;;;
Mercedes-Benz;E-Class;2008;1100000;https://auto.drom.ru/moscow/mercedes-benz/e-class/53462591.html;Характеристики совпадают с ПТС;9 записей о регистрации;Не числится в розыске;Ограничений не обнаружено;Москве;бензин, 2.5 л;204 л.с., налог;АКПП;задний;седан;серебристый;305 000 км;левый;3 поколение, рестайлинг;E 230 АT Avantgarde;;;
Mercedes-Benz;M-Class;2008;1250000;https://auto.drom.ru/moscow/mercedes-benz/m-class/200339848.html;Характеристики совпадают с ПТС;6 записей о регистрации;Не числится в розыске;Ограничений не обнаружено;Москве;бензин, 3.5 л;272 л.с., налог;АКПП;4WD;;черный;270 000 км;левый;2 поколение, рестайлинг;ML 350 AT 4MATIC;;;
Mercedes-Benz;S-Class;2008;1159000;https://auto.drom.ru/kazan/mercedes-benz/s-class/495037534.html;Характеристики совпадают с ПТС;10 записей о регистрации;Не числится в розыске;Ограничений не обнаружено;Казани;бензин, 4.7 л;340 л.с., налог;АКПП;4WD;седан;черный;244 000 км;левый;5 поколение;S 450 AT L 4MATIC;требуется ремонт или не на ходу;;
Mercedes-Benz;C-Class;2008;1000000;https://auto.drom.ru/zelenodolsk/mercedes-benz/c-class/54098817.html;Характеристики совпадают с ПТС;12 записей о регистрации;Не числится в розыске;Ограничений не обнаружено;Зеленодольске;бензин, 1.8 л;184 л.с., налог;АКПП;задний;седан;белый;380 000 км;левый;3 поколение;C 200 Kompressor AT Avantgarde;;;
Mercedes-Benz;S-Class;2008;1150000;https://auto.drom.ru/nizhniy-novgorod/mercedes-benz/s-class/52533334.html;Характеристики совпадают с ПТС;6 записей о регистрации;Не числится в розыске;Ограничений не обнаружено;Нижнем Новгороде;бензин, 5.5 л;388 л.с., налог;АКПП;4WD;седан;черный;250 000 км;левый;5 поколение;;;;
Mercedes-Benz;C-Class;2008;1045000;https://auto.drom.ru/moscow/mercedes-benz/c-class/54086266.html;Характеристики совпадают с ПТС;5 записей о регистрации;Не числится в розыске;Ограничений не обнаружено;Москве;бензин, 1.8 л;184 л.с., налог;АКПП;задний;седан;серый;276 350 км;левый;3 поколение;;;;
Mercedes-Benz;E-Class;2008;975000;https://auto.drom.ru/nizhniy-novgorod/mercedes-benz/e-class/53414244.html;Характеристики совпадают с ПТС;6 записей о регистрации;Не числится в розыске;Ограничений не обнаружено;Нижнем Новгороде;бензин, 1.8 л;184 л.с., налог;АКПП;задний;универсал;бордовый;297 000 км;левый;3 поколение, рестайлинг;;;;
Mercedes-Benz;C-Class;2008;830000;https://auto.drom.ru/moskovskiy/mercedes-benz/c-class/708402449.html;Характеристики совпадают с ПТС;9 записей о регистрации;Не числится в розыске;Ограничений не обнаружено;Московском;бензин, 1.8 л;184 л.с., налог;АКПП;задний;седан;серебристый;185 000 км;левый;3 поколение;C 200 Kompressor AT Avantgarde;;;
Mercedes-Benz;R-Class;2008;920000;https://auto.drom.ru/ulyanovsk/mercedes-benz/r-class/53407901.html;Характеристики совпадают с ПТС;7 записей о регистрации;Не числится в розыске;Ограничений не обнаружено;Ульяновске;дизель, 3.0 л;190 л.с., налог;АКПП;задний;;черный;192 000 км;левый;1 поколение, рестайлинг;R 280 CDI L AT;;;
Mercedes-Benz;GL-Class;2008;1800000;https://auto.drom.ru/moscow/mercedes-benz/gl-class/53365807.html;Характеристики совпадают с ПТС;6 записей о регистрации;Не числится в розыске;Ограничений не обнаружено;Москве;бензин, 5.5 л;388 л.с., налог;АКПП;4WD;;серебристый;110 000 км;левый;1 поколение;GL 500 4MATIC;;;
Mercedes-Benz;C-Class;2008;685000;https://auto.drom.ru/ryazan/mercedes-benz/c-class/52502489.html;Характеристики совпадают с ПТС;8 записей о регистрации;Не числится в розыске;Ограничений не обнаружено;Рязани;бензин, 2.5 л;204 л.с., налог;АКПП;задний;седан;белый;260 000 км;левый;3 поколение;C 230 AT Avantgarde;требуется ремонт или не на ходу;;
Mercedes-Benz;C-Class;2008;750000;https://auto.drom.ru/moscow/mercedes-benz/c-class/873695926.html;Объем двигателя, мощность двигателя не совпадают с ПТС;8 записей о регистрации;Не числится в розыске;Ограничений не обнаружено;Москве;бензин, 2.5 л;204 л.с., налог;АКПП;задний;седан;белый;220 000 км;левый;3 поколение;C 230 AT Avantgarde;;;
Mercedes-Benz;E-Class;2008;950000;https://auto.drom.ru/spb/mercedes-benz/e-class/567672050.html;Характеристики совпадают с ПТС;3 записи о регистрации;Не числится в розыске;Ограничений не обнаружено;Санкт-Петербурге;бензин, 3.0 л;231 л.с., налог;АКПП;4WD;седан;серый;380 000 км;левый;3 поколение, рестайлинг;E 280 AT 4MATIC Avantgarde;;;
Mercedes-Benz;CLS-Class;2008;1898000;https://auto.drom.ru/moscow/mercedes-benz/cls-class/53754889.html;Характеристики совпадают с ПТС;4 записи о регистрации;Не числится в розыске;Ограничений не обнаружено;Москве;бензин, 3.0 л;231 л.с., налог;АКПП;задний;седан;коричневый;135 505 км;левый;1 поколение, рестайлинг;CLS 280 AT "Особая Серия";;;
Mercedes-Benz;Vito;2008;1075000;https://auto.drom.ru/moscow/mercedes-benz/vito/54033116.html;Цвет не совпадает с ПТС;4 записи о регистрации;Не числится в розыске;Ограничений не обнаружено;Москве;дизель, 2.1 л;150 л.с., налог;механика;задний;;белый;132 000 км;левый;2 поколение;;;;
Mercedes-Benz;CL-Class;2008;1309000;https://auto.drom.ru/spb/mercedes-benz/cl-class/391803126.html;Характеристики совпадают с ПТС;9 записей о регистрации;Не числится в розыске;Ограничений не обнаружено;Санкт-Петербурге;бензин, 5.5 л;388 л.с., налог;АКПП;задний;;серый;218 000 км;левый;3 поколение;CL 500 AT;;;
Mercedes-Benz;E-Class;2008;1490000;https://auto.drom.ru/volgograd/mercedes-benz/e-class/54006835.html;Характеристики совпадают с ПТС;6 записей о регистрации;Не числится в розыске;Ограничений не обнаружено;Волгограде;бензин, 2.5 л;204 л.с., налог;АКПП;задний;седан;черный;296 747 км;левый;3 поколение, рестайлинг;;;;
Mercedes-Benz;M-Class;2008;1500000;https://auto.drom.ru/baranovichi/mercedes-benz/m-class/52873193.html;;;;;Барановичах;бензин, 3.5 л;272 л.с., налог;АКПП;4WD;;черный;272 000 км;левый;2 поколение;ML 350 AT 4MATIC;;;
Mercedes-Benz;C-Class;2008;1130000;https://auto.drom.ru/volgograd/mercedes-benz/c-class/52706039.html;Характеристики совпадают с ПТС;9 записей о регистрации;Не числится в розыске;Ограничений не обнаружено;Волгограде;бензин, 2.5 л;204 л.с., налог;АКПП;задний;седан;белый;230 000 км;левый;3 поколение;C 230 AT Avantgarde;;;
Mercedes-Benz;Viano;2008;1650000;https://auto.drom.ru/dubna/mercedes-benz/viano/277271340.html;Характеристики совпадают с ПТС;5 записей о регистрации;Не числится в розыске;Ограничений не обнаружено;Дубне;дизель, 3.0 л;204 л.с., налог;АКПП;задний;;белый;100 000 км;левый;2 поколение;;;;
Mercedes-Benz;S-Class;2008;1100000;https://auto.drom.ru/odintsovo/mercedes-benz/s-class/485871879.html;Характеристики совпадают с ПТС;4 записи о регистрации;Не числится в розыске;Ограничений не обнаружено;Одинцове;бензин, 5.5 л;388 л.с., налог;АКПП;4WD;седан;черный;294 141 км;левый;5 поколение;;;;
Mercedes-Benz;E-Class;2008;980000;https://auto.drom.ru/moscow/mercedes-benz/e-class/53730267.html;Характеристики совпадают с ПТС;6 записей о регистрации;Не числится в розыске;Ограничений не обнаружено;Москве;бензин, 2.5 л;204 л.с., налог;АКПП;задний;седан;серый;151 000 км;левый;3 поколение, рестайлинг;E 230 AТ Avantgarde;;;
Mercedes-Benz;A-Class;2008;577000;https://auto.drom.ru/moscow/mercedes-benz/a-class/53981048.html;Характеристики совпадают с ПТС;4 записи о регистрации;Не числится в розыске;Ограничений не обнаружено;Москве;бензин, 1.7 л;116 л.с., налог;вариатор;передний;хэтчбек 3 дв.;красный;215 606 км;левый;2 поколение;;;;
Mercedes-Benz;M-Class;2008;1302121;https://auto.drom.ru/minsk/mercedes-benz/m-class/53895474.html;;;;;Минске;бензин, 3.5 л;272 л.с., налог;АКПП;4WD;;черный;243 000 км;левый;2 поколение;ML 350 AT 4MATIC;;;
Mercedes-Benz;S-Class;2008;3275000;https://auto.drom.ru/spb/mercedes-benz/s-class/53974375.html;;;;;Санкт-Петербурге;дизель, 3.0 л;235 л.с., налог;АКПП;4WD;седан;черный;450 000 км;левый;5 поколение;S 320 CDI AT L 4MATIC;;;
Mercedes-Benz;S-Class;2008;1180000;https://auto.drom.ru/nizhniy-novgorod/mercedes-benz/s-class/647593249.html;Характеристики совпадают с ПТС;9 записей о регистрации;Не числится в розыске;Ограничений не обнаружено;Нижнем Новгороде;бензин, 5.5 л;388 л.с., налог;АКПП;4WD;седан;бежевый;198 600 км;левый;5 поколение;S500 4MATIC L;;;
Mercedes-Benz;M-Class;2008;1650000;https://auto.drom.ru/nizhniy-novgorod/mercedes-benz/m-class/351368807.html;Характеристики совпадают с ПТС;2 записи о регистрации;Не числится в розыске;Ограничений не обнаружено;Нижнем Новгороде;дизель, 3.0 л;190 л.с., налог;АКПП;4WD;;серый;325 000 км;левый;2 поколение;ML 280 CDI AT 4MATIC;;;
Mercedes-Benz;S-Class;2008;1400000;https://auto.drom.ru/kstovo/mercedes-benz/s-class/514136211.html;Характеристики совпадают с ПТС;5 записей о регистрации;Не числится в розыске;Ограничений не обнаружено;Кстово;бензин, 5.5 л;388 л.с., налог;АКПП;4WD;седан;черный;229 000 км;левый;5 поколение;S500 4MATIC;;;
Mercedes-Benz;Viano;2008;1260000;https://auto.drom.ru/klintsy/mercedes-benz/viano/53622937.html;;;;;Клинцах;дизель, 3.0 л;204 л.с., налог;АКПП;задний;;серый;;левый;2 поколение;;;;
Mercedes-Benz;GL-Class;2008;1599990;https://auto.drom.ru/nizhniy-novgorod/mercedes-benz/gl-class/344979945.html;Характеристики совпадают с ПТС;2 записи о регистрации;Не числится в розыске;Ограничений не обнаружено;Нижнем Новгороде;бензин, 4.7 л;340 л.с., налог;АКПП;4WD;;красный;267 593 км;левый;1 поколение;;;;
Mercedes-Benz;GLK-Class;2008;1245000;https://auto.drom.ru/mytishchi/mercedes-benz/glk-class/576806655.html;Характеристики совпадают с ПТС;6 записей о регистрации;Не числится в розыске;Ограничений не обнаружено;Мытищах;бензин, 3.0 л;231 л.с., налог;АКПП;4WD;;бежевый;;левый;1 поколение;GLK 280 4MATIC AT Особая серия;;;
Mercedes-Benz;M-Class;2008;1100000;https://auto.drom.ru/klimovsk/mercedes-benz/m-class/53947693.html;Характеристики совпадают с ПТС;10 записей о регистрации;Не числится в розыске;Ограничений не обнаружено;Климовске;бензин, 3.5 л, ГБО;272 л.с., налог;АКПП;4WD;;бежевый;290 000 км;левый;2 поколение;ML 350 AT 4MATIC;;;
Mercedes-Benz;E-Class;2008;2000000;https://auto.drom.ru/sergiev-posad/mercedes-benz/e-class/51472122.html;Характеристики совпадают с ПТС;3 записи о регистрации;Не числится в розыске;Ограничений не обнаружено;Сергиевом Посаде;бензин, 2.5 л;204 л.с., налог;АКПП;задний;седан;бордовый;82 600 км;левый;3 поколение, рестайлинг;;;;
Mercedes-Benz;C-Class;2008;1090000;https://auto.drom.ru/nizhniy-novgorod/mercedes-benz/c-class/53558079.html;Характеристики совпадают с ПТС;2 записи о регистрации;Не числится в розыске;Ограничений не обнаружено;Нижнем Новгороде;бензин, 2.5 л;204 л.с., налог;АКПП;задний;седан;бежевый;224 200 км;левый;3 поколение;C230 AT;;;
