Бренд;Модель;Год;Цена;URL;ПТС;Владельцы;Розыск;Ограничения;Город;Двигатель;Мощность;Коробка передач;Привод;Пробег;Руль;Поколение;Цвет;Тип кузова;Комплектация;Особые отметки;VIN;
Mercedes-Benz;S-Class;2015;4980000;https://auto.drom.ru/moscow/mercedes-benz/s-class/583330432.html;Характеристики совпадают с ПТС;3 записи о регистрации;Не числится в розыске;Ограничений не обнаружено;Москве;дизель, 3.0 л;249 л.с., налог;АКПП;4WD;85 000 км;левый;6 поколение;черный;седан;S 350 d 4MATIC L;;;
Mercedes-Benz;GL-Class;2015;3865000;https://auto.drom.ru/moscow/mercedes-benz/gl-class/827142962.html;Характеристики совпадают с ПТС;3 записи о регистрации;Не числится в розыске;Ограничений не обнаружено;Москве;дизель, 3.0 л;249 л.с., налог;АКПП;4WD;130 000 км;левый;2 поколение;черный;;GL 350 BlueTEC 4MATIC AT Особая серия;;;
Mercedes-Benz;E-Class;2015;2500000;https://auto.drom.ru/stariy-oskol/mercedes-benz/e-class/50824526.html;Характеристики совпадают с ПТС;2 записи о регистрации;Не числится в розыске;Ограничений не обнаружено;Старом Осколе;бензин, 2.0 л;184 л.с., налог;АКПП;задний;170 000 км;левый;4 поколение, рестайлинг;белый;седан;;;;
Mercedes-Benz;GLE Coupe;2015;4617358;https://auto.drom.ru/minsk/mercedes-benz/gle_coupe/54033098.html;Характеристики совпадают с ПТС;3 записи о регистрации;Не числится в розыске;Ограничений не обнаружено;Минске;бензин, 3.0 л;367 л.с., налог;АКПП;4WD;85 000 км;левый;1 поколение;красный;;450 AMG 4MATIC Особая серия;;;
Mercedes-Benz;C-Class;2015;2290000;https://auto.drom.ru/moscow/mercedes-benz/c-class/53746601.html;;;;;Москве;бензин, 1.6 л;156 л.с., налог;АКПП;задний;75 900 км, без пробега по РФ;правый;4 поколение;белый;универсал;C 180 Sports;;;
Mercedes-Benz;GLE Coupe;2015;4849000;https://auto.drom.ru/moscow/mercedes-benz/gle_coupe/53739822.html;Характеристики совпадают с ПТС;5 записей о регистрации;Не числится в розыске;Ограничений не обнаружено;Москве;бензин, 3.0 л;367 л.с., налог;АКПП;4WD;100 536 км;левый;1 поколение;красный;;;;;
Mercedes-Benz;GLE;2015;3550000;https://auto.drom.ru/lyubertsy/mercedes-benz/gle-class/53353853.html;Характеристики совпадают с ПТС;2 записи о регистрации;Не числится в розыске;Ограничений не обнаружено;Люберцах;дизель, 3.0 л;249 л.с., налог;АКПП;4WD;138 828 км;левый;1 поколение;синий;;GLE 350d 4MATIC "Особая серия";;;
Mercedes-Benz;E-Class;2015;2234000;https://auto.drom.ru/moscow/mercedes-benz/e-class/866171180.html;Характеристики совпадают с ПТС;3 записи о регистрации;Не числится в розыске;Ограничений не обнаружено;Москве;бензин, 2.0 л;184 л.с., налог;АКПП;задний;100 950 км;левый;4 поколение, рестайлинг;серебристый;купе;;;;
Mercedes-Benz;M-Class;2015;2778000;https://auto.drom.ru/moscow/mercedes-benz/m-class/54032699.html;Характеристики совпадают с ПТС;3 записи о регистрации;Не числится в розыске;Ограничений не обнаружено;Москве;дизель, 2.1 л;204 л.с., налог;АКПП;4WD;178 698 км;левый;3 поколение;черный;;;;;
Mercedes-Benz;SLK-Class;2015;3299000;https://auto.drom.ru/spb/mercedes-benz/slk-class/355362193.html;Характеристики совпадают с ПТС;4 записи о регистрации;Не числится в розыске;Ограничений не обнаружено;Санкт-Петербурге;бензин, 2.0 л;184 л.с., налог;АКПП;задний;63 952 км;левый;3 поколение;серый;;;;;
Mercedes-Benz;S-Class;2015;10498000;https://auto.drom.ru/moscow/mercedes-benz/s-class/53357439.html;Характеристики совпадают с ПТС;2 записи о регистрации;Не числится в розыске;Ограничений не обнаружено;Москве;бензин, 6.0 л;530 л.с., налог;АКПП;задний;173 469 км;левый;6 поколение;белый;седан;;;;
Mercedes-Benz;C-Class;2015;2400000;https://auto.drom.ru/buinsk/mercedes-benz/c-class/52900314.html;Характеристики совпадают с ПТС;5 записей о регистрации;Не числится в розыске;Ограничений не обнаружено;Буинске;дизель, 2.1 л;204 л.с., налог;АКПП;4WD;160 000 км;левый;4 поколение;коричневый;седан;C 250 BlueTEC AT 4MATIC AMG Line;;;
Mercedes-Benz;S-Class;2015;4099000;https://auto.drom.ru/moscow/mercedes-benz/s-class/641775568.html;Характеристики совпадают с ПТС;2 записи о регистрации;Не числится в розыске;Ограничений не обнаружено;Москве;бензин, 3.0 л;333 л.с., налог;АКПП;4WD;138 200 км;левый;6 поколение;черный;седан;;;;
Mercedes-Benz;E-Class;2015;1700000;https://auto.drom.ru/belgorod/mercedes-benz/e-class/53938251.html;Характеристики совпадают с ПТС;3 записи о регистрации;Не числится в розыске;Ограничений не обнаружено;Белгороде;бензин, 2.0 л, ГБО;184 л.с., налог;АКПП;задний;170 000 км;левый;4 поколение, рестайлинг;черный;седан;E 200 AT Особая серия;;;
Mercedes-Benz;M-Class;2015;3084100;https://auto.drom.ru/kazan/mercedes-benz/m-class/892942615.html;Характеристики совпадают с ПТС;1 запись о регистрации;Не числится в розыске;Ограничений не обнаружено;Казани;дизель, 2.1 л;204 л.с., налог;автомат;4WD;179 000 км;;;черный;;;;;
Mercedes-Benz;V-Class;2015;3557000;https://auto.drom.ru/moscow/mercedes-benz/v-class/297158847.html;Модель не совпадает с ПТС;3 записи о регистрации;Не числится в розыске;Ограничений не обнаружено;Москве;дизель, 2.1 л;190 л.с., налог;АКПП;задний;147 000 км;левый;3 поколение;коричневый;;;;;
Mercedes-Benz;M-Class;2015;3323000;https://auto.drom.ru/moscow/mercedes-benz/m-class/292516590.html;Характеристики совпадают с ПТС;4 записи о регистрации;Не числится в розыске;Ограничений не обнаружено;Москве;бензин, 3.5 л;249 л.с., налог;АКПП;4WD;105 006 км;левый;3 поколение;белый;;ML 300 4MATIC AT Особая серия;;;
Mercedes-Benz;G-Class;2015;5990000;https://auto.drom.ru/volgograd/mercedes-benz/g-class/54021152.html;Характеристики совпадают с ПТС;5 записей о регистрации;Не числится в розыске;Ограничений не обнаружено;Волгограде;дизель, 3.0 л;211 л.с., налог;АКПП;4WD;175 015 км;левый;2 поколение, 6 рестайлинг;черный;джип/suv 5 дв.;G 350 BlueTEC;;;
Mercedes-Benz;A-Class;2015;1475000;https://auto.drom.ru/spb/mercedes-benz/a-class/744186291.html;Характеристики совпадают с ПТС;6 записей о регистрации;Не числится в розыске;Ограничений не обнаружено;Санкт-Петербурге;бензин, 1.6 л;122 л.с., налог;робот;передний;128 000 км;левый;3 поколение;белый;хэтчбек 5 дв.;;;;
Mercedes-Benz;GLE;2015;3399000;https://auto.drom.ru/moscow/mercedes-benz/gle-class/929447705.html;Характеристики совпадают с ПТС;3 записи о регистрации;Не числится в розыске;Ограничений не обнаружено;Москве;бензин, 3.5 л;249 л.с., налог;АКПП;4WD;191 709 км;левый;1 поколение;серый;;GLE 300 4MATIC "Особая серия";;;
Mercedes-Benz;S-Class;2015;8900000;https://auto.drom.ru/moscow/mercedes-benz/s-class/53730475.html;Характеристики совпадают с ПТС;5 записей о регистрации;Не числится в розыске;Ограничений не обнаружено;Москве;бензин, 5.5 л;585 л.с., налог;АКПП;4WD;62 000 км;левый;6 поколение;серый;купе;AMG S 63 4MATIC;;;
Mercedes-Benz;GLC;2015;3110000;https://auto.drom.ru/spb/mercedes-benz/glc-class/935838064.html;Характеристики совпадают с ПТС;2 записи о регистрации;Не числится в розыске;Ограничений не обнаружено;Санкт-Петербурге;дизель, 2.1 л;204 л.с., налог;АКПП;4WD;64 489 км;левый;1 поколение;синий;;;;;
Mercedes-Benz;CLA-Class;2015;1899170;https://auto.drom.ru/voronezh/mercedes-benz/cla-class/53339136.html;Цвет не совпадает с ПТС;3 записи о регистрации;Не числится в розыске;Ограничений не обнаружено;Воронеже;бензин, 1.6 л;156 л.с., налог;робот;передний;81 000 км;левый;1 поколение;черный;седан;;;;
Mercedes-Benz;C-Class;2015;2349000;https://auto.drom.ru/moscow/mercedes-benz/c-class/366471553.html;Характеристики совпадают с ПТС;4 записи о регистрации;Не числится в розыске;Ограничений не обнаружено;Москве;бензин, 2.0 л;211 л.с., налог;АКПП;задний;160 346 км;левый;4 поколение;синий;седан;;;;
Mercedes-Benz;CLA-Class;2015;1999000;https://auto.drom.ru/nizhniy-novgorod/mercedes-benz/cla-class/54011844.html;Характеристики совпадают с ПТС;1 запись о регистрации;Не числится в розыске;Ограничений не обнаружено;Нижнем Новгороде;бензин, 1.6 л;156 л.с., налог;робот;передний;145 493 км;левый;1 поколение;красный;седан;;;;
Mercedes-Benz;S-Class;2015;7770000;https://auto.drom.ru/moscow/mercedes-benz/s-class/53714700.html;Характеристики совпадают с ПТС;4 записи о регистрации;Не числится в розыске;Ограничений не обнаружено;Москве;бензин, 5.5 л;585 л.с., налог;АКПП;4WD;83 695 км;левый;6 поколение;зеленый;купе;AMG S 63 4MATIC;;;
Mercedes-Benz;GLA-Class;2015;2005400;https://auto.drom.ru/kazan/mercedes-benz/gla-class/52771047.html;Характеристики совпадают с ПТС;3 записи о регистрации;Не числится в розыске;Ограничений не обнаружено;Казани;бензин, 1.6 л;156 л.с., налог;автомат;передний;120 000 км;;;красный;;;;;
Mercedes-Benz;B-Class;2015;1709000;https://auto.drom.ru/spb/mercedes-benz/b-class/678027807.html;Цвет не совпадает с ПТС;3 записи о регистрации;Не числится в розыске;Ограничений не обнаружено;Санкт-Петербурге;бензин, 1.6 л;122 л.с., налог;робот;передний;91 000 км;левый;2 поколение, рестайлинг;черный;;;;;
Mercedes-Benz;Vito;2015;2999998;https://auto.drom.ru/moscow/mercedes-benz/vito/840247295.html;Характеристики совпадают с ПТС;4 записи о регистрации;Не числится в розыске;Ограничений не обнаружено;Москве;дизель, 2.1 л;190 л.с., налог;АКПП;4WD;349 000 км;левый;3 поколение;черный;;119 BLUETEC AT 4x4 Компактный Base;;;
Mercedes-Benz;Vito;2015;2950000;https://auto.drom.ru/rossosh/mercedes-benz/vito/51441015.html;Характеристики совпадают с ПТС;4 записи о регистрации;Не числится в розыске;Ограничений не обнаружено;Россоши;дизель, 1.6 л;114 л.с., налог;механика;передний;192 900 км;левый;3 поколение;белый;;111 CDI MT Tourer Удлиненный Base;;;
Mercedes-Benz;C-Class;2015;2400000;https://auto.drom.ru/moscow/mercedes-benz/c-class/698159293.html;Характеристики совпадают с ПТС;3 записи о регистрации;Не числится в розыске;Ограничений не обнаружено;Москве;бензин, 1.6 л;156 л.с., налог;АКПП;задний;124 400 км;левый;4 поколение;серебристый;седан;C 180 AT AMG Line;;;
Mercedes-Benz;CLA-Class;2015;1670000;https://auto.drom.ru/moscow/mercedes-benz/cla-class/379715987.html;Характеристики совпадают с ПТС;15 записей о регистрации;Не числится в розыске;Ограничений не обнаружено;Москве;бензин, 1.6 л;150 л.с., налог;робот;передний;143 200 км;левый;1 поколение;белый;седан;;;;
Mercedes-Benz;GL-Class;2015;3900000;https://auto.drom.ru/zhigulevsk/mercedes-benz/gl-class/50023517.html;Характеристики совпадают с ПТС;3 записи о регистрации;Не числится в розыске;Ограничений не обнаружено;Жигулёвске;дизель, 3.0 л;249 л.с., налог;АКПП;4WD;137 000 км;левый;2 поколение;черный;;GL 350 BlueTEC 4MATIC AT Особая серия;;;
Mercedes-Benz;S-Class;2015;4500000;https://auto.drom.ru/balashiha/mercedes-benz/s-class/53905962.html;Характеристики совпадают с ПТС;4 записи о регистрации;Не числится в розыске;Ограничений не обнаружено;Балашихе;бензин, 5.5 л;585 л.с., налог;робот;4WD;135 245 км;левый;6 поколение;серый;седан;AMG S 63 4MATIC L;;;
Mercedes-Benz;C-Class;2015;2470000;https://auto.drom.ru/volgograd/mercedes-benz/c-class/709625778.html;Характеристики совпадают с ПТС;5 записей о регистрации;Не числится в розыске;Ограничений не обнаружено;Волгограде;бензин, 2.0 л;211 л.с., налог;АКПП;задний;181 189 км;левый;4 поколение;серебристый;седан;;;;
Mercedes-Benz;GLC;2015;2658000;https://auto.drom.ru/moscow/mercedes-benz/glc-class/219489943.html;Характеристики совпадают с ПТС;2 записи о регистрации;Не числится в розыске;Ограничений не обнаружено;Москве;дизель, 2.1 л;204 л.с., налог;АКПП;4WD;170 693 км;левый;1 поколение;черный;;;;;
Mercedes-Benz;GLE Coupe;2015;5260000;https://auto.drom.ru/shchelkovo/mercedes-benz/gle_coupe/200152699.html;Характеристики совпадают с ПТС;1 запись о регистрации;Не числится в розыске;Ограничений не обнаружено;Щёлкове;дизель, 3.0 л;249 л.с., налог;АКПП;4WD;55 000 км;левый;1 поколение;черный;;350 d 4MATIC Особая серия;;;
Mercedes-Benz;GLE Coupe;2015;5300000;https://auto.drom.ru/moscow/mercedes-benz/gle_coupe/52854450.html;Характеристики совпадают с ПТС;2 записи о регистрации;Не числится в розыске;Ограничений не обнаружено;Москве;бензин, 3.0 л;333 л.с., налог;АКПП;4WD;144 000 км;левый;1 поколение;серый;;400 4MATIC Особая серия;;;
Mercedes-Benz;C-Class;2015;2189000;https://auto.drom.ru/moscow/mercedes-benz/c-class/389148653.html;Характеристики совпадают с ПТС;3 записи о регистрации;Не числится в розыске;Ограничений не обнаружено;Москве;бензин, 1.6 л;150 л.с., налог;АКПП;задний;66 807 км;левый;4 поколение;белый;седан;;;;
Mercedes-Benz;GL-Class;2015;3458000;https://auto.drom.ru/mytishchi/mercedes-benz/gl-class/911971632.html;Характеристики совпадают с ПТС;3 записи о регистрации;Не числится в розыске;Ограничений не обнаружено;Мытищах;дизель, 3.0 л;249 л.с., налог;АКПП;4WD;183 540 км;левый;2 поколение;черный;;GL 350 BlueTEC 4MATIC AT Особая серия;;;
Mercedes-Benz;E-Class;2015;2250000;https://auto.drom.ru/moscow/mercedes-benz/e-class/53692102.html;Характеристики совпадают с ПТС;10 записей о регистрации;Не числится в розыске;Ограничений не обнаружено;Москве;бензин, 3.5 л;249 л.с., налог;АКПП;4WD;220 000 км;левый;4 поколение, рестайлинг;черный;седан;E 300 4MATIC AT Особая серия;;;
Mercedes-Benz;GLA-Class;2015;2249000;https://auto.drom.ru/yaroslavl/mercedes-benz/gla-class/371692404.html;Характеристики совпадают с ПТС;3 записи о регистрации;Не числится в розыске;Ограничений не обнаружено;Ярославле;бензин, 1.6 л;150 л.с., налог;робот;передний;83 500 км;левый;1 поколение;серый;;GLA 200 Особая серия;;;
Mercedes-Benz;CLA-Class;2015;2085000;https://auto.drom.ru/moscow/mercedes-benz/cla-class/656643993.html;Характеристики совпадают с ПТС;4 записи о регистрации;Не числится в розыске;Ограничений не обнаружено;Москве;бензин, 1.6 л;156 л.с., налог;робот;передний;89 899 км;левый;1 поколение;белый;седан;;;;
Mercedes-Benz;GLA-Class;2015;1997000;https://auto.drom.ru/moscow/mercedes-benz/gla-class/843233076.html;Характеристики совпадают с ПТС;3 записи о регистрации;Не числится в розыске;Ограничений не обнаружено;Москве;бензин, 2.0 л;211 л.с., налог;робот;4WD;58 500 км;левый;1 поколение;красный;;;;;
Mercedes-Benz;C-Class;2015;2650000;https://auto.drom.ru/moscow/mercedes-benz/c-class/543023759.html;Характеристики совпадают с ПТС;9 записей о регистрации;Не числится в розыске;Ограничений не обнаружено;Москве;бензин, 2.0 л;211 л.с., налог;АКПП;задний;98 000 км;левый;4 поколение;синий;седан;;;;
Mercedes-Benz;GLE Coupe;2015;3999000;https://auto.drom.ru/moscow/mercedes-benz/gle_coupe/132991361.html;Характеристики совпадают с ПТС;6 записей о регистрации;Не числится в розыске;Ограничений не обнаружено;Москве;бензин, 3.0 л;333 л.с., налог;АКПП;4WD;177 742 км;левый;1 поколение;белый;;;;;
Mercedes-Benz;GLE Coupe;2015;4088669;https://auto.drom.ru/spb/mercedes-benz/gle_coupe/52708691.html;Характеристики совпадают с ПТС;2 записи о регистрации;Не числится в розыске;Ограничений не обнаружено;Санкт-Петербурге;дизель, 3.0 л;249 л.с., налог;АКПП;4WD;131 706 км;левый;1 поколение;красный;;350 d 4MATIC Особая серия;;;
Mercedes-Benz;CLA-Class;2015;2399000;https://auto.drom.ru/bryansk/mercedes-benz/cla-class/759937673.html;Характеристики совпадают с ПТС;1 запись о регистрации;Не числится в розыске;Ограничений не обнаружено;Брянске;бензин, 2.0 л;211 л.с., налог;робот;4WD;76 400 км;левый;1 поколение;белый;универсал;CLA 250 4MATIC DCT "Особая серия";;;
Mercedes-Benz;V-Class;2015;4450000;https://auto.drom.ru/moscow/mercedes-benz/v-class/52837345.html;Характеристики совпадают с ПТС;3 записи о регистрации;Не числится в розыске;Ограничений не обнаружено;Москве;дизель, 2.1 л;190 л.с., налог;АКПП;4WD;142 500 км;левый;3 поколение;коричневый;;;;;
Mercedes-Benz;A-Class;2015;1390000;https://auto.drom.ru/moscow/mercedes-benz/a-class/53987480.html;Характеристики совпадают с ПТС;2 записи о регистрации;Не числится в розыске;Ограничений не обнаружено;Москве;бензин, 1.6 л;122 л.с., налог;робот;передний;133 478 км;левый;3 поколение;красный;хэтчбек 5 дв.;;;;
Mercedes-Benz;GLC;2015;2949000;https://auto.drom.ru/spb/mercedes-benz/glc-class/53684217.html;Характеристики совпадают с ПТС;3 записи о регистрации;Не числится в розыске;Ограничений не обнаружено;Санкт-Петербурге;бензин, 2.0 л;245 л.с., налог;АКПП;4WD;131 000 км;левый;1 поколение;серый;;GLC 300 4MATIC "Особая серия";;;
Mercedes-Benz;GLA-Class;2015;2450000;https://auto.drom.ru/vologda/mercedes-benz/gla-class/53290205.html;Характеристики совпадают с ПТС;6 записей о регистрации;Не числится в розыске;Ограничений не обнаружено;Вологде;бензин, 2.0 л;211 л.с., налог;робот;4WD;114 000 км;левый;1 поколение;коричневый;;GLA 250 4MATIC Особая серия;;;
Mercedes-Benz;GLA-Class;2015;2130000;https://auto.drom.ru/kursk/mercedes-benz/gla-class/53276868.html;Характеристики совпадают с ПТС;4 записи о регистрации;Не числится в розыске;Ограничений не обнаружено;Курске;бензин, 2.0 л;211 л.с., налог;робот;4WD;73 261 км;левый;1 поколение;синий;;;;;
Mercedes-Benz;C-Class;2015;1700000;https://auto.drom.ru/moscow/mercedes-benz/c-class/53266718.html;Характеристики совпадают с ПТС;2 записи о регистрации;Не числится в розыске;Ограничений не обнаружено;Москве;бензин, 1.6 л;156 л.с., налог;АКПП;задний;123 598 км;левый;3 поколение, рестайлинг;белый;купе;;;;
Mercedes-Benz;Mercedes;2015;2000000;https://auto.drom.ru/velikiy-novgorod/mercedes-benz/mercedes/53187624.html;;;;;Великом Новгороде;дизель, 2.2 л;150 л.с., налог;механика;задний;370 000 км;левый;;бежевый;;;;;
Mercedes-Benz;GLC;2015;2640111;https://auto.drom.ru/moscow/mercedes-benz/glc-class/53270164.html;Характеристики совпадают с ПТС;2 записи о регистрации;Не числится в розыске;Ограничений не обнаружено;Москве;бензин, 2.0 л;211 л.с., налог;АКПП;4WD;147 000 км;левый;1 поколение;черный;;;;;
Mercedes-Benz;GLE Coupe;2015;3990000;https://auto.drom.ru/moscow/mercedes-benz/gle_coupe/52821683.html;Характеристики совпадают с ПТС;3 записи о регистрации;Не числится в розыске;Ограничений не обнаружено;Москве;дизель, 3.0 л;249 л.с., налог;АКПП;4WD;143 633 км;левый;1 поколение;синий;;350 d 4MATIC Особая серия;;;
Mercedes-Benz;E-Class;2015;2299000;https://auto.drom.ru/moscow/mercedes-benz/e-class/871513837.html;Характеристики совпадают с ПТС;3 записи о регистрации;Не числится в розыске;Ограничений не обнаружено;Москве;бензин, 2.0 л;184 л.с., налог;АКПП;задний;118 000 км;левый;4 поколение, рестайлинг;серый;купе;;;;
Mercedes-Benz;B-Class;2015;1691000;https://auto.drom.ru/spb/mercedes-benz/b-class/490351176.html;Характеристики совпадают с ПТС;3 записи о регистрации;Не числится в розыске;Ограничений не обнаружено;Санкт-Петербурге;бензин, 1.6 л;122 л.с., налог;робот;передний;49 300 км;левый;2 поколение, рестайлинг;белый;;;;;
Mercedes-Benz;M-Class;2015;3450000;https://auto.drom.ru/moscow/mercedes-benz/m-class/53886995.html;Характеристики совпадают с ПТС;1 запись о регистрации;Не числится в розыске;Ограничений не обнаружено;Москве;бензин, 3.5 л;249 л.с., налог;АКПП;4WD;91 000 км;левый;3 поколение;белый;;ML 300 4MATIC AT Особая серия;;;
Mercedes-Benz;M-Class;2015;3800000;https://auto.drom.ru/moscow/mercedes-benz/m-class/117166317.html;Характеристики совпадают с ПТС;4 записи о регистрации;Не числится в розыске;Ограничений не обнаружено;Москве;бензин, 3.0 л;333 л.с., налог;АКПП;4WD;154 000 км;левый;3 поколение;белый;;ML 400 4MATIC AT Особая серия;;;
Mercedes-Benz;GLE;2015;3219789;https://auto.drom.ru/spb/mercedes-benz/gle-class/127761908.html;Характеристики совпадают с ПТС;2 записи о регистрации;Не числится в розыске;Ограничений не обнаружено;Санкт-Петербурге;дизель, 3.0 л;249 л.с., налог;АКПП;4WD;278 355 км;левый;1 поколение;черный;;GLE 350d 4MATIC "Особая серия";;;
Mercedes-Benz;S-Class;2015;11222000;https://auto.drom.ru/moscow/mercedes-benz/s-class/47706939.html;Характеристики совпадают с ПТС;3 записи о регистрации;Не числится в розыске;Ограничений не обнаружено;Москве;бензин, 6.0 л;630 л.с., налог;АКПП;задний;67 000 км;левый;6 поколение;черный;седан;S 65 AMG AT;;;
Mercedes-Benz;E-Class;2015;2027000;https://auto.drom.ru/moscow/mercedes-benz/e-class/199348745.html;Характеристики совпадают с ПТС;3 записи о регистрации;Не числится в розыске;Ограничений не обнаружено;Москве;бензин, 2.0 л;184 л.с., налог;АКПП;задний;117 253 км;левый;4 поколение, рестайлинг;белый;купе;;;;
Mercedes-Benz;M-Class;2015;2500000;https://auto.drom.ru/moscow/mercedes-benz/m-class/53660948.html;Характеристики совпадают с ПТС;3 записи о регистрации;Не числится в розыске;Ограничений не обнаружено;Москве;дизель, 2.1 л;204 л.с., налог;АКПП;4WD;200 000 км;левый;3 поколение;белый;;ML 250 BlueTEC 4MATIC Особая серия;;;
Mercedes-Benz;C-Class;2015;1950000;https://auto.drom.ru/moscow/mercedes-benz/c-class/52808258.html;Характеристики совпадают с ПТС;2 записи о регистрации;Не числится в розыске;Ограничений не обнаружено;Москве;бензин, 1.6 л;156 л.с., налог;АКПП;задний;60 114 км;левый;4 поколение;белый;седан;;;;
Mercedes-Benz;S-Class;2015;5240000;https://auto.drom.ru/moscow/mercedes-benz/s-class/683178399.html;Характеристики совпадают с ПТС;1 запись о регистрации;Не числится в розыске;Ограничений не обнаружено;Москве;бензин, 4.7 л;455 л.с., налог;АКПП;4WD;91 322 км;левый;6 поколение;синий;седан;;;;
Mercedes-Benz;S-Class;2015;4825000;https://auto.drom.ru/moscow/mercedes-benz/s-class/651684514.html;Характеристики совпадают с ПТС;2 записи о регистрации;Не числится в розыске;Ограничений не обнаружено;Москве;дизель, 3.0 л;249 л.с., налог;АКПП;4WD;83 360 км;левый;6 поколение;черный;седан;;;;
Mercedes-Benz;B-Class;2015;1800000;https://auto.drom.ru/moscow/mercedes-benz/b-class/545056854.html;Мощность двигателя не совпадает с ПТС;1 запись о регистрации;Не числится в розыске;Ограничений не обнаружено;Москве;электро;179 л.с., налог;АКПП;передний;135 000 км;левый;2 поколение, рестайлинг;черный;;;;;
Mercedes-Benz;GLE Coupe;2015;4647000;https://auto.drom.ru/moscow/mercedes-benz/gle_coupe/592328583.html;Характеристики совпадают с ПТС;3 записи о регистрации;Не числится в розыске;Ограничений не обнаружено;Москве;бензин, 3.0 л;367 л.с., налог;АКПП;4WD;94 800 км;левый;1 поколение;красный;;;;;
Mercedes-Benz;B-Class;2015;1341000;https://auto.drom.ru/moscow/mercedes-benz/b-class/446245028.html;Характеристики совпадают с ПТС;2 записи о регистрации;Не числится в розыске;Ограничений не обнаружено;Москве;бензин, 1.6 л;122 л.с., налог;робот;передний;100 720 км;левый;2 поколение, рестайлинг;белый;;;;;
Mercedes-Benz;M-Class;2015;2650000;https://auto.drom.ru/moscow/mercedes-benz/m-class/331817571.html;Характеристики совпадают с ПТС;4 записи о регистрации;Не числится в розыске;Ограничений не обнаружено;Москве;дизель, 3.0 л;249 л.с., налог;АКПП;4WD;170 000 км;левый;3 поколение;белый;;ML 350 BlueTEC 4MATIC Особая серия;;;
Mercedes-Benz;GLE Coupe;2015;4350000;https://auto.drom.ru/moscow/mercedes-benz/gle_coupe/53650409.html;Характеристики совпадают с ПТС;1 запись о регистрации;Не числится в розыске;Ограничений не обнаружено;Москве;дизель, 3.0 л;249 л.с., налог;АКПП;4WD;161 736 км;левый;1 поколение;красный;;350 d 4MATIC Особая серия;;;
Mercedes-Benz;E-Class;2015;2689789;https://auto.drom.ru/spb/mercedes-benz/e-class/600756010.html;Характеристики совпадают с ПТС;2 записи о регистрации;Не числится в розыске;Ограничений не обнаружено;Санкт-Петербурге;бензин, 2.0 л;184 л.с., налог;АКПП;задний;50 212 км;левый;4 поколение, рестайлинг;белый;купе;;;;
Mercedes-Benz;CLS-Class;2015;3499000;https://auto.drom.ru/moscow/mercedes-benz/cls-class/325045339.html;Характеристики совпадают с ПТС;3 записи о регистрации;Не числится в розыске;Ограничений не обнаружено;Москве;бензин, 3.0 л;333 л.с., налог;АКПП;4WD;92 086 км;левый;2 поколение, рестайлинг;белый;седан;CLS 400 4MATIC;;;
Mercedes-Benz;GLE;2015;3500000;https://auto.drom.ru/moscow/mercedes-benz/gle-class/712054086.html;Характеристики совпадают с ПТС;6 записей о регистрации;Не числится в розыске;Ограничений не обнаружено;Москве;бензин, 3.0 л;333 л.с., налог;АКПП;4WD;210 000 км;левый;1 поколение;серый;;GLE 400 4MATIC "Особая серия";;;
Mercedes-Benz;A-Class;2015;1870254;https://auto.drom.ru/spb/mercedes-benz/a-class/609441833.html;Характеристики совпадают с ПТС;2 записи о регистрации;Не числится в розыске;Ограничений не обнаружено;Санкт-Петербурге;бензин, 1.6 л;122 л.с., налог;робот;передний;103 135 км;левый;3 поколение;белый;хэтчбек 5 дв.;;;;
Mercedes-Benz;GLA-Class;2015;2550000;https://auto.drom.ru/moscow/mercedes-benz/gla-class/419409653.html;Характеристики совпадают с ПТС;1 запись о регистрации;Не числится в розыске;Ограничений не обнаружено;Москве;бензин, 2.0 л;211 л.с., налог;робот;4WD;75 800 км;левый;1 поколение;черный;;GLA 250 4MATIC Особая серия;;;
Mercedes-Benz;GLE Coupe;2015;4854000;https://auto.drom.ru/voronezh/mercedes-benz/gle_coupe/576140417.html;Характеристики совпадают с ПТС;3 записи о регистрации;Не числится в розыске;Ограничений не обнаружено;Воронеже;бензин, 3.0 л;333 л.с., налог;АКПП;4WD;168 428 км;левый;1 поколение;черный;;;;;
Mercedes-Benz;CLS-Class;2015;3169000;https://auto.drom.ru/spb/mercedes-benz/cls-class/457850839.html;Характеристики совпадают с ПТС;6 записей о регистрации;Не числится в розыске;Ограничений не обнаружено;Санкт-Петербурге;бензин, 3.0 л;333 л.с., налог;АКПП;4WD;126 000 км;левый;2 поколение, рестайлинг;красный;седан;CLS 400 4MATIC;;;
Mercedes-Benz;S-Class;2015;4350000;https://auto.drom.ru/kazan/mercedes-benz/s-class/52922475.html;Характеристики совпадают с ПТС;6 записей о регистрации;Не числится в розыске;Ограничений не обнаружено;Казани;дизель, 3.0 л;249 л.с., налог;АКПП;4WD;164 851 км;левый;6 поколение;черный;седан;S 350 d 4MATIC L;;;
Mercedes-Benz;GLC;2015;2820000;https://auto.drom.ru/moscow/mercedes-benz/glc-class/53634581.html;Характеристики совпадают с ПТС;2 записи о регистрации;Не числится в розыске;Ограничений не обнаружено;Москве;дизель, 2.1 л;170 л.с., налог;АКПП;4WD;79 282 км;левый;1 поколение;черный;;;;;
Mercedes-Benz;A-Class;2015;2400000;https://auto.drom.ru/moscow/mercedes-benz/a-class/53633219.html;Характеристики совпадают с ПТС;1 запись о регистрации;Не числится в розыске;Ограничений не обнаружено;Москве;бензин, 2.0 л;360 л.с., налог;робот;4WD;157 281 км;левый;3 поколение;оранжевый;хэтчбек 5 дв.;;;;
Mercedes-Benz;V-Class;2015;3800000;https://auto.drom.ru/spb/mercedes-benz/v-class/53962876.html;Характеристики совпадают с ПТС;5 записей о регистрации;Не числится в розыске;Ограничений не обнаружено;Санкт-Петербурге;дизель, 2.1 л;163 л.с., налог;АКПП;4WD;181 000 км;левый;3 поколение;синий;;;;;
Mercedes-Benz;GLC;2015;2935000;https://auto.drom.ru/voronezh/mercedes-benz/glc-class/53624101.html;Характеристики совпадают с ПТС;1 запись о регистрации;Не числится в розыске;Ограничений не обнаружено;Воронеже;дизель, 2.1 л;170 л.с., налог;АКПП;4WD;127 804 км;левый;1 поколение;белый;;;;;
Mercedes-Benz;E-Class;2015;1885000;https://auto.drom.ru/himki/mercedes-benz/e-class/53225518.html;Характеристики совпадают с ПТС;4 записи о регистрации;Не числится в розыске;Ограничений не обнаружено;Химках;бензин, 2.0 л;184 л.с., налог;АКПП;задний;248 000 км;левый;4 поколение, рестайлинг;белый;седан;;;;
Mercedes-Benz;E-Class;2015;1995000;https://auto.drom.ru/moscow/mercedes-benz/e-class/53225547.html;Характеристики совпадают с ПТС;4 записи о регистрации;Не числится в розыске;Ограничений не обнаружено;Москве;бензин, 2.0 л;184 л.с., налог;АКПП;задний;248 000 км;левый;4 поколение, рестайлинг;белый;седан;;;;
Mercedes-Benz;S-Class;2015;12500000;https://auto.drom.ru/moscow/mercedes-benz/s-class/53224808.html;Характеристики совпадают с ПТС;1 запись о регистрации;Не числится в розыске;Ограничений не обнаружено;Москве;бензин, 6.0 л;530 л.с., налог;АКПП;задний;202 000 км;левый;6 поколение;черный;седан;S 600 L;;;
Mercedes-Benz;GLE Coupe;2015;4232400;https://auto.drom.ru/moscow/mercedes-benz/gle_coupe/143013348.html;Характеристики совпадают с ПТС;4 записи о регистрации;Не числится в розыске;Ограничений не обнаружено;Москве;бензин, 3.0 л;367 л.с., налог;АКПП;4WD;160 000 км;левый;1 поколение;красный;;;;;
Mercedes-Benz;GL-Class;2015;3900000;https://auto.drom.ru/spb/mercedes-benz/gl-class/902394361.html;Характеристики совпадают с ПТС;3 записи о регистрации;Не числится в розыске;Ограничений не обнаружено;Санкт-Петербурге;дизель, 3.0 л;249 л.с., налог;АКПП;4WD;160 000 км;левый;2 поколение;белый;;GL 350 BlueTEC 4MATIC AT Особая серия;;;
Mercedes-Benz;GL-Class;2015;4650000;https://auto.drom.ru/spb/mercedes-benz/gl-class/848062425.html;Характеристики совпадают с ПТС;1 запись о регистрации;Не числится в розыске;Ограничений не обнаружено;Санкт-Петербурге;дизель, 3.0 л;249 л.с., налог;АКПП;4WD;85 995 км;левый;2 поколение;белый;;GL 350 BlueTEC 4MATIC AT Особая серия;;;
Mercedes-Benz;E-Class;2015;2000000;https://auto.drom.ru/spb/mercedes-benz/e-class/175320823.html;Характеристики совпадают с ПТС;2 записи о регистрации;Не числится в розыске;Ограничений не обнаружено;Санкт-Петербурге;бензин, 2.0 л;184 л.с., налог;АКПП;задний;170 000 км;левый;4 поколение, рестайлинг;черный;седан;E 200 AT Особая серия;;;
Mercedes-Benz;V-Class;2015;3888000;https://auto.drom.ru/moscow/mercedes-benz/v-class/573467598.html;Характеристики совпадают с ПТС;3 записи о регистрации;Не числится в розыске;Ограничений не обнаружено;Москве;дизель, 2.1 л;190 л.с., налог;АКПП;задний;108 640 км;левый;3 поколение;белый;;;;;
Mercedes-Benz;E-Class;2015;2250000;https://auto.drom.ru/pskov/mercedes-benz/e-class/624632412.html;;;;;Пскове;бензин, 2.0 л;184 л.с., налог;АКПП;задний;124 000 км;левый;4 поколение, рестайлинг;черный;седан;E 200 AT Особая серия;;;
Mercedes-Benz;GLK-Class;2015;2530000;https://auto.drom.ru/moscow/mercedes-benz/glk-class/317192167.html;Характеристики совпадают с ПТС;2 записи о регистрации;Не числится в розыске;Ограничений не обнаружено;Москве;дизель, 2.1 л;170 л.с., налог;АКПП;4WD;118 389 км;левый;1 поколение, рестайлинг;белый;;GLK 220 CDI 4MATIC AT Особая серия;;;
Mercedes-Benz;GLE;2015;3625000;https://auto.drom.ru/moscow/mercedes-benz/gle-class/678044439.html;Характеристики совпадают с ПТС;5 записей о регистрации;Не числится в розыске;Ограничений не обнаружено;Москве;дизель, 3.0 л;249 л.с., налог;АКПП;4WD;153 200 км;левый;1 поколение;коричневый;;GLE 350d 4MATIC "Особая серия";;;
Mercedes-Benz;S-Class;2015;3349000;https://auto.drom.ru/moscow/mercedes-benz/s-class/352840888.html;Характеристики совпадают с ПТС;2 записи о регистрации;Не числится в розыске;Ограничений не обнаружено;Москве;бензин, 3.0 л;333 л.с., налог;АКПП;4WD;257 045 км;левый;6 поколение;белый;седан;;;;
Mercedes-Benz;GLK-Class;2015;2199777;https://auto.drom.ru/spb/mercedes-benz/glk-class/515794168.html;Характеристики совпадают с ПТС;3 записи о регистрации;Не числится в розыске;Ограничений не обнаружено;Санкт-Петербурге;дизель, 2.1 л;170 л.с., налог;АКПП;4WD;165 000 км;левый;1 поколение, рестайлинг;черный;;GLK 220 CDI 4MATIC AT Особая серия;;;
Mercedes-Benz;CLS-Class;2015;3390000;https://auto.drom.ru/moscow/mercedes-benz/cls-class/53962501.html;Характеристики совпадают с ПТС;3 записи о регистрации;Не числится в розыске;Ограничений не обнаружено;Москве;бензин, 3.0 л;333 л.с., налог;АКПП;4WD;97 208 км;левый;2 поколение, рестайлинг;черный;седан;CLS 400 4MATIC;;;
Mercedes-Benz;GLE Coupe;2015;4219000;https://auto.drom.ru/moscow/mercedes-benz/gle_coupe/53958727.html;Характеристики совпадают с ПТС;4 записи о регистрации;Не числится в розыске;Ограничений не обнаружено;Москве;дизель, 3.0 л;249 л.с., налог;АКПП;4WD;207 479 км;левый;1 поколение;белый;;350 d 4MATIC Особая серия;;;
Mercedes-Benz;E-Class;2015;2450000;https://auto.drom.ru/moscow/mercedes-benz/e-class/53623185.html;Характеристики совпадают с ПТС;1 запись о регистрации;Не числится в розыске;Ограничений не обнаружено;Москве;бензин, 2.0 л;211 л.с., налог;АКПП;задний;95 225 км;левый;4 поколение, рестайлинг;белый;седан;;;;
Mercedes-Benz;GLA-Class;2015;1750000;https://auto.drom.ru/spb/mercedes-benz/gla-class/53618550.html;Характеристики совпадают с ПТС;6 записей о регистрации;Не числится в розыске;Ограничений не обнаружено;Санкт-Петербурге;бензин, 2.0 л;211 л.с., налог;робот;4WD;145 000 км;левый;1 поколение;голубой;;GLA 250 DCT 4MATIC Style;;;
Mercedes-Benz;GLC;2015;2875000;https://auto.drom.ru/kirov/mercedes-benz/glc-class/52756156.html;Характеристики совпадают с ПТС;2 записи о регистрации;Не числится в розыске;Ограничений не обнаружено;Кирове;бензин, 2.0 л;211 л.с., налог;АКПП;4WD;57 432 км;левый;1 поколение;белый;;;;;
Mercedes-Benz;GLE;2015;3950000;https://auto.drom.ru/moscow/mercedes-benz/gle-class/797965457.html;Характеристики совпадают с ПТС;2 записи о регистрации;Не числится в розыске;Ограничений не обнаружено;Москве;дизель, 3.0 л;249 л.с., налог;АКПП;4WD;74 777 км;левый;1 поколение;белый;;GLE 350d 4MATIC "Особая серия";;;
Mercedes-Benz;CLA-Class;2015;1890000;https://auto.drom.ru/spb/mercedes-benz/cla-class/195336413.html;Характеристики совпадают с ПТС;3 записи о регистрации;Не числится в розыске;Ограничений не обнаружено;Санкт-Петербурге;бензин, 1.6 л;156 л.с., налог;робот;передний;107 481 км;левый;1 поколение;фиолетовый;седан;;;;
Mercedes-Benz;E-Class;2015;2950000;https://auto.drom.ru/moscow/mercedes-benz/e-class/54029953.html;Характеристики совпадают с ПТС;3 записи о регистрации;Не числится в розыске;Ограничений не обнаружено;Москве;бензин, 3.0 л;333 л.с., налог;АКПП;4WD;145 692 км;левый;4 поколение, рестайлинг;черный;седан;E 400 4MATIC AT Особая серия;;;
Mercedes-Benz;GLE;2015;3495000;https://auto.drom.ru/moscow/mercedes-benz/gle-class/53949878.html;Характеристики совпадают с ПТС;3 записи о регистрации;Не числится в розыске;Ограничений не обнаружено;Москве;дизель, 2.1 л;204 л.с., налог;АКПП;4WD;131 800 км;левый;1 поколение;черный;;;;;
Mercedes-Benz;C-Class;2015;3165000;https://auto.drom.ru/moscow/mercedes-benz/c-class/155733232.html;Характеристики совпадают с ПТС;2 записи о регистрации;Не числится в розыске;Ограничений не обнаружено;Москве;дизель, 2.1 л;204 л.с., налог;АКПП;4WD;70 172 км;левый;4 поколение;белый;седан;;;;
Mercedes-Benz;GLE;2015;4750000;https://auto.drom.ru/moscow/mercedes-benz/gle-class/233495042.html;Характеристики совпадают с ПТС;7 записей о регистрации;Не числится в розыске;Ограничений не обнаружено;Москве;бензин, 5.5 л;557 л.с., налог;робот;4WD;123 152 км;левый;1 поколение;белый;;;;;
Mercedes-Benz;GLE Coupe;2015;4800000;https://auto.drom.ru/kazan/mercedes-benz/gle_coupe/53607446.html;Характеристики совпадают с ПТС;4 записи о регистрации;Не числится в розыске;Ограничений не обнаружено;Казани;бензин, 5.5 л;558 л.с., налог;автомат;4WD;166 649 км;левый;;черный;;;;;
Mercedes-Benz;B-Class;2015;1350000;https://auto.drom.ru/moscow/mercedes-benz/b-class/53592537.html;Характеристики совпадают с ПТС;6 записей о регистрации;Не числится в розыске;Ограничений не обнаружено;Москве;бензин, 1.6 л;122 л.с., налог;робот;передний;200 000 км;левый;2 поколение, рестайлинг;черный;;;;;
Mercedes-Benz;GLC;2015;3120000;https://auto.drom.ru/moscow/mercedes-benz/glc-class/487164561.html;Характеристики совпадают с ПТС;3 записи о регистрации;Не числится в розыске;Ограничений не обнаружено;Москве;дизель, 2.1 л;170 л.с., налог;АКПП;4WD;119 169 км;левый;1 поколение;коричневый;;;;;
Mercedes-Benz;S-Class;2015;3980000;https://auto.drom.ru/moscow/mercedes-benz/s-class/53583775.html;Характеристики совпадают с ПТС;5 записей о регистрации;Не числится в розыске;Ограничений не обнаружено;Москве;бензин, 4.7 л;455 л.с., налог;АКПП;4WD;65 200 км;левый;6 поколение;белый;седан;S 500 AT 4MATIC;;;
Mercedes-Benz;GLA-Class;2015;1975000;https://auto.drom.ru/serpuhov/mercedes-benz/gla-class/524520767.html;Характеристики совпадают с ПТС;5 записей о регистрации;Не числится в розыске;Ограничений не обнаружено;Серпухове;бензин, 2.0 л;211 л.с., налог;робот;4WD;101 000 км;левый;1 поколение;белый;;;;;
Mercedes-Benz;GLC;2015;3250000;https://auto.drom.ru/ivanovo/mercedes-benz/glc-class/905015695.html;Характеристики совпадают с ПТС;1 запись о регистрации;Не числится в розыске;Ограничений не обнаружено;Иваново;дизель, 2.1 л;170 л.с., налог;АКПП;4WD;91 000 км;левый;1 поколение;белый;;GLC 220d 4MATIC "Особая серия";;;
Mercedes-Benz;M-Class;2015;3028000;https://auto.drom.ru/moscow/mercedes-benz/m-class/53192128.html;Характеристики совпадают с ПТС;3 записи о регистрации;Не числится в розыске;Ограничений не обнаружено;Москве;бензин, 3.5 л;249 л.с., налог;АКПП;4WD;113 468 км;левый;3 поколение;коричневый;;ML 300 4MATIC AT Особая серия;;;
Mercedes-Benz;S-Class;2015;6300000;https://auto.drom.ru/spb/mercedes-benz/s-class/53943715.html;Характеристики совпадают с ПТС;7 записей о регистрации;Не числится в розыске;Ограничений не обнаружено;Санкт-Петербурге;бензин, 4.7 л;455 л.с., налог;АКПП;4WD;126 000 км;левый;6 поколение;черный;седан;Mercedes-Maybach S 500 4MATIC;;;
Mercedes-Benz;G-Class;2015;6500000;https://auto.drom.ru/moscow/mercedes-benz/g-class/53941253.html;Характеристики совпадают с ПТС;4 записи о регистрации;Не числится в розыске;Ограничений не обнаружено;Москве;бензин, 5.5 л;544 л.с., налог;АКПП;4WD;93 251 км;левый;2 поколение, 6 рестайлинг;черный;джип/suv 5 дв.;G 63 AMG;;;
Mercedes-Benz;C-Class;2015;1829000;https://auto.drom.ru/spb/mercedes-benz/c-class/53598434.html;Характеристики совпадают с ПТС;4 записи о регистрации;Не числится в розыске;Ограничений не обнаружено;Санкт-Петербурге;бензин, 1.6 л;156 л.с., налог;АКПП;задний;163 700 км;левый;4 поколение;коричневый;седан;;;;
Mercedes-Benz;GL-Class;2015;3550000;https://auto.drom.ru/tula/mercedes-benz/gl-class/53595023.html;Характеристики совпадают с ПТС;3 записи о регистрации;Не числится в розыске;Ограничений не обнаружено;Туле;дизель, 3.0 л;249 л.с., налог;АКПП;4WD;179 000 км;левый;2 поколение;белый;;GL 350 BlueTEC 4MATIC AT Особая серия;;;
Mercedes-Benz;G-Class;2015;6700000;https://auto.drom.ru/spb/mercedes-benz/g-class/53587305.html;Характеристики совпадают с ПТС;5 записей о регистрации;Не числится в розыске;Ограничений не обнаружено;Санкт-Петербурге;бензин, 5.5 л;544 л.с., налог;АКПП;4WD;101 601 км;левый;2 поколение, 6 рестайлинг;синий;джип/suv 5 дв.;G 63 AMG;;;
Mercedes-Benz;B-Class;2015;1438000;https://auto.drom.ru/moscow/mercedes-benz/b-class/499655195.html;Характеристики совпадают с ПТС;3 записи о регистрации;Не числится в розыске;Ограничений не обнаружено;Москве;бензин, 1.6 л;122 л.с., налог;робот;передний;145 855 км;левый;2 поколение, рестайлинг;черный;;;;;
Mercedes-Benz;GLE;2015;3099550;https://auto.drom.ru/spb/mercedes-benz/gle-class/52282027.html;Характеристики совпадают с ПТС;2 записи о регистрации;Не числится в розыске;Ограничений не обнаружено;Санкт-Петербурге;бензин, 3.5 л;249 л.с., налог;АКПП;4WD;192 453 км;левый;1 поколение;коричневый;;GLE 300 4MATIC "Особая серия";;;
Mercedes-Benz;GLE;2015;3735000;https://auto.drom.ru/moscow/mercedes-benz/gle-class/305236325.html;Характеристики совпадают с ПТС;2 записи о регистрации;Не числится в розыске;Ограничений не обнаружено;Москве;дизель, 3.0 л;249 л.с., налог;АКПП;4WD;124 534 км;левый;1 поколение;коричневый;;GLE 350d 4MATIC "Особая серия";;;
Mercedes-Benz;C-Class;2015;2550000;https://auto.drom.ru/odintsovo/mercedes-benz/c-class/471251294.html;Характеристики совпадают с ПТС;2 записи о регистрации;Не числится в розыске;Ограничений не обнаружено;Одинцове;бензин, 1.6 л;156 л.с., налог;АКПП;задний;89 000 км;левый;4 поколение;белый;седан;C 180 AT Exclusive;;;
Mercedes-Benz;S-Class;2015;3499000;https://auto.drom.ru/tula/mercedes-benz/s-class/53925790.html;Характеристики совпадают с ПТС;2 записи о регистрации;Не числится в розыске;Ограничений не обнаружено;Туле;дизель, 3.0 л;249 л.с., налог;АКПП;4WD;223 574 км;левый;6 поколение;черный;седан;;;;
Mercedes-Benz;GLA-Class;2015;1755000;https://auto.drom.ru/spb/mercedes-benz/gla-class/53562928.html;Характеристики совпадают с ПТС;7 записей о регистрации;Не числится в розыске;Ограничений не обнаружено;Санкт-Петербурге;бензин, 2.0 л;211 л.с., налог;робот;4WD;169 000 км;левый;1 поколение;серый;;;;;
Mercedes-Benz;E-Class;2015;2199999;https://auto.drom.ru/ramenskoe/mercedes-benz/e-class/53151121.html;Характеристики совпадают с ПТС;11 записей о регистрации;Не числится в розыске;Ограничений не обнаружено;Раменском;бензин, 2.0 л;184 л.с., налог;АКПП;задний;210 000 км;левый;4 поколение, рестайлинг;синий;седан;E 200 AТ Avantgarde;;;
Mercedes-Benz;C-Class;2015;2249000;https://auto.drom.ru/kazan/mercedes-benz/c-class/280318416.html;Характеристики совпадают с ПТС;6 записей о регистрации;Не числится в розыске;Ограничений не обнаружено;Казани;бензин, 1.6 л;156 л.с., налог;АКПП;задний;126 246 км;левый;4 поколение;синий;седан;;;;
Mercedes-Benz;C-Class;2015;2550000;https://auto.drom.ru/moscow/mercedes-benz/c-class/776458416.html;Характеристики совпадают с ПТС;3 записи о регистрации;Не числится в розыске;Ограничений не обнаружено;Москве;бензин, 2.0 л;241 л.с., налог;АКПП;4WD;177 284 км;левый;4 поколение;синий;седан;C 300 AT 4MATIC;;;
Mercedes-Benz;C-Class;2015;2860000;https://auto.drom.ru/moscow/mercedes-benz/c-class/103036515.html;Характеристики совпадают с ПТС;3 записи о регистрации;Не числится в розыске;Ограничений не обнаружено;Москве;дизель, 2.1 л;204 л.с., налог;АКПП;4WD;106 000 км;левый;4 поколение;синий;седан;;;;
Mercedes-Benz;B-Class;2015;1749000;https://auto.drom.ru/voronezh/mercedes-benz/b-class/53916882.html;Характеристики совпадают с ПТС;1 запись о регистрации;Не числится в розыске;Ограничений не обнаружено;Воронеже;бензин, 2.0 л;211 л.с., налог;робот;4WD;78 429 км;левый;2 поколение, рестайлинг;серый;;;;;
Mercedes-Benz;S-Class;2015;5100000;https://auto.drom.ru/moscow/mercedes-benz/s-class/53560914.html;Характеристики совпадают с ПТС;2 записи о регистрации;Не числится в розыске;Ограничений не обнаружено;Москве;бензин, 3.0 л;333 л.с., налог;АКПП;4WD;132 000 км;левый;6 поколение;белый;седан;Mercedes-Maybach S 400 4MATIC;;;
Mercedes-Benz;GLA-Class;2015;2120000;https://auto.drom.ru/moscow/mercedes-benz/gla-class/53406920.html;Характеристики совпадают с ПТС;4 записи о регистрации;Не числится в розыске;Ограничений не обнаружено;Москве;бензин, 2.0 л;211 л.с., налог;робот;4WD;99 647 км;левый;1 поколение;черный;;;;;
Mercedes-Benz;GLA-Class;2015;2220111;https://auto.drom.ru/moscow/mercedes-benz/gla-class/53147191.html;Характеристики совпадают с ПТС;3 записи о регистрации;Не числится в розыске;Ограничений не обнаружено;Москве;бензин, 2.0 л;211 л.с., налог;робот;4WD;89 997 км;левый;1 поколение;серебристый;;;;;
Mercedes-Benz;C-Class;2015;2195000;https://auto.drom.ru/vladimir/mercedes-benz/c-class/52684276.html;Характеристики совпадают с ПТС;4 записи о регистрации;Не числится в розыске;Ограничений не обнаружено;Владимире;дизель, 2.1 л;204 л.с., налог;автомат;;150 000 км;левый;4 поколение;белый;седан;;;;
Mercedes-Benz;V-Class;2015;3850000;https://auto.drom.ru/moscow/mercedes-benz/v-class/211455534.html;Характеристики совпадают с ПТС;5 записей о регистрации;Не числится в розыске;Ограничений не обнаружено;Москве;дизель, 2.1 л;190 л.с., налог;АКПП;задний;236 000 км;левый;3 поколение;черный;;250 d AT Avantgarde Длинный;;;
Mercedes-Benz;GLA-Class;2015;1780000;https://auto.drom.ru/moscow/mercedes-benz/gla-class/53906278.html;Характеристики совпадают с ПТС;4 записи о регистрации;Не числится в розыске;Ограничений не обнаружено;Москве;2.0 л;;автомат;;125 299 км;левый;1 поколение;белый;;;;;
Mercedes-Benz;M-Class;2015;4200000;https://auto.drom.ru/spb/mercedes-benz/m-class/830604574.html;Характеристики совпадают с ПТС;3 записи о регистрации;Не числится в розыске;Ограничений не обнаружено;Санкт-Петербурге;бензин, 5.5 л;558 л.с., налог;АКПП;4WD;64 491 км;левый;3 поколение;белый;;;;;
Mercedes-Benz;CLA-Class;2015;2104000;https://auto.drom.ru/moscow/mercedes-benz/cla-class/404717127.html;Характеристики совпадают с ПТС;3 записи о регистрации;Не числится в розыске;Ограничений не обнаружено;Москве;бензин, 1.6 л;156 л.с., налог;робот;передний;80 000 км;левый;1 поколение;красный;седан;;;;
Mercedes-Benz;C-Class;2015;1975000;https://auto.drom.ru/moscow/mercedes-benz/c-class/53907906.html;Характеристики совпадают с ПТС;2 записи о регистрации;Не числится в розыске;Ограничений не обнаружено;Москве;бензин, 1.6 л;156 л.с., налог;АКПП;задний;149 949 км;левый;4 поколение;черный;седан;;;;
Mercedes-Benz;C-Class;2015;1979000;https://auto.drom.ru/spb/mercedes-benz/c-class/53898350.html;Характеристики совпадают с ПТС;3 записи о регистрации;Не числится в розыске;Ограничений не обнаружено;Санкт-Петербурге;бензин, 1.6 л;156 л.с., налог;АКПП;задний;98 000 км;левый;4 поколение;серый;седан;;;;
Mercedes-Benz;GL-Class;2015;3479355;https://auto.drom.ru/moscow/mercedes-benz/gl-class/53548179.html;Характеристики совпадают с ПТС;4 записи о регистрации;Не числится в розыске;Ограничений не обнаружено;Москве;дизель, 3.0 л;249 л.с., налог;АКПП;4WD;193 000 км;левый;2 поколение;черный;;GL 350 BlueTEC 4MATIC AT Особая серия;;;
Mercedes-Benz;E-Class;2015;2500000;https://auto.drom.ru/moscow/mercedes-benz/e-class/53545776.html;Характеристики совпадают с ПТС;4 записи о регистрации;Не числится в розыске;Ограничений не обнаружено;Москве;бензин, 2.0 л;184 л.с., налог;АКПП;задний;156 000 км;левый;4 поколение, рестайлинг;белый;седан;E 200 AТ Elegance;;;
Mercedes-Benz;GLA-Class;2015;2590000;https://auto.drom.ru/moscow/mercedes-benz/gla-class/53129606.html;Характеристики совпадают с ПТС;5 записей о регистрации;Не числится в розыске;Ограничений не обнаружено;Москве;бензин, 2.0 л;360 л.с., налог;робот;4WD;110 500 км;левый;1 поколение;серый;;AMG GLA 45 4MATIC;;;
Mercedes-Benz;S-Class;2015;3599000;https://auto.drom.ru/moscow/mercedes-benz/s-class/53260635.html;Характеристики совпадают с ПТС;3 записи о регистрации;Не числится в розыске;Ограничений не обнаружено;Москве;дизель, 3.0 л;249 л.с., налог;АКПП;4WD;138 426 км;левый;6 поколение;черный;седан;;;;
Mercedes-Benz;S-Class;2015;4500000;https://auto.drom.ru/moscow/mercedes-benz/s-class/53896068.html;Характеристики совпадают с ПТС;7 записей о регистрации;Не числится в розыске;Ограничений не обнаружено;Москве;дизель, 3.0 л;249 л.с., налог;АКПП;4WD;186 000 км;левый;6 поколение;синий;седан;S 350 d 4MATIC L;;;
Mercedes-Benz;E-Class;2015;1974789;https://auto.drom.ru/spb/mercedes-benz/e-class/53108706.html;Характеристики совпадают с ПТС;1 запись о регистрации;Не числится в розыске;Ограничений не обнаружено;Санкт-Петербурге;бензин, 2.0 л;184 л.с., налог;АКПП;задний;117 418 км;левый;4 поколение, рестайлинг;белый;купе;;;;
Mercedes-Benz;G-Class;2015;7350000;https://auto.drom.ru/moscow/mercedes-benz/g-class/52224258.html;Характеристики совпадают с ПТС;7 записей о регистрации;Не числится в розыске;Ограничений не обнаружено;Москве;бензин, 5.5 л;571 л.с., налог;АКПП;4WD;177 000 км;левый;2 поколение, 7 рестайлинг;черный;джип/suv 5 дв.;G 63 AMG;;;
Mercedes-Benz;GLE Coupe;2015;5950000;https://auto.drom.ru/spb/mercedes-benz/gle_coupe/51018858.html;Характеристики совпадают с ПТС;4 записи о регистрации;Не числится в розыске;Ограничений не обнаружено;Санкт-Петербурге;бензин, 5.5 л;557 л.с., налог;АКПП;4WD;73 000 км;левый;1 поколение;синий;;;;;
Mercedes-Benz;S-Class;2015;6390000;https://auto.drom.ru/spb/mercedes-benz/s-class/212414861.html;Характеристики совпадают с ПТС;4 записи о регистрации;Не числится в розыске;Ограничений не обнаружено;Санкт-Петербурге;бензин, 4.7 л;455 л.с., налог;АКПП;4WD;87 449 км;левый;6 поколение;черный;седан;;;;
Mercedes-Benz;GLA-Class;2015;1990000;https://auto.drom.ru/ivanovo/mercedes-benz/gla-class/532151585.html;Объем двигателя, цвет не совпадают с ПТС;7 записей о регистрации;Не числится в розыске;Ограничений не обнаружено;Иваново;бензин, 1.6 л;156 л.с., налог;робот;передний;126 000 км;левый;1 поколение;черный;;;;;
Mercedes-Benz;S-Class;2015;6500000;https://auto.drom.ru/moscow/mercedes-benz/s-class/105519057.html;Характеристики совпадают с ПТС;4 записи о регистрации;Не числится в розыске;Ограничений не обнаружено;Москве;бензин, 6.0 л;530 л.с., налог;АКПП;задний;117 828 км;левый;6 поколение;коричневый;седан;S 600 AT L;;;
Mercedes-Benz;E-Class;2015;1987713;https://auto.drom.ru/kazan/mercedes-benz/e-class/53105129.html;Характеристики совпадают с ПТС;6 записей о регистрации;Не числится в розыске;Ограничений не обнаружено;Казани;бензин, 2.0 л;184 л.с., налог;АКПП;задний;121 498 км;левый;4 поколение, рестайлинг;синий;купе;;;;
Mercedes-Benz;E-Class;2015;1920859;https://auto.drom.ru/minsk/mercedes-benz/e-class/464808352.html;Характеристики совпадают с ПТС;4 записи о регистрации;Не числится в розыске;Ограничений не обнаружено;Минске;дизель, 2.1 л;170 л.с., налог;АКПП;задний;213 663 км;левый;4 поколение, рестайлинг;черный;седан;;;;
Mercedes-Benz;GLC;2015;3220000;https://auto.drom.ru/volgograd/mercedes-benz/glc-class/52632836.html;Характеристики совпадают с ПТС;2 записи о регистрации;Не числится в розыске;Ограничений не обнаружено;Волгограде;дизель, 2.1 л;204 л.с., налог;АКПП;4WD;60 400 км;левый;1 поколение;коричневый;;;;;
Mercedes-Benz;Mercedes;2015;950000;https://auto.drom.ru/obninsk/mercedes-benz/mercedes/426236507.html;Характеристики совпадают с ПТС;4 записи о регистрации;Не числится в розыске;Ограничений не обнаружено;Обнинске;дизель, 2.2 л, ГБО;109 л.с., налог;механика;задний;500 000 км;левый;;белый;;;;;
Mercedes-Benz;CLA-Class;2015;1839789;https://auto.drom.ru/spb/mercedes-benz/cla-class/517005152.html;Характеристики совпадают с ПТС;6 записей о регистрации;Не числится в розыске;Ограничений не обнаружено;Санкт-Петербурге;бензин, 2.0 л;211 л.с., налог;робот;4WD;158 968 км;левый;1 поколение;серый;седан;;;;
Mercedes-Benz;A-Class;2015;1578000;https://auto.drom.ru/moscow/mercedes-benz/a-class/649961966.html;Характеристики совпадают с ПТС;1 запись о регистрации;Не числится в розыске;Ограничений не обнаружено;Москве;бензин, 1.6 л;122 л.с., налог;робот;передний;144 183 км;левый;3 поколение;красный;хэтчбек 5 дв.;;;;
Mercedes-Benz;GL-Class;2015;3719777;https://auto.drom.ru/spb/mercedes-benz/gl-class/53873330.html;Характеристики совпадают с ПТС;3 записи о регистрации;Не числится в розыске;Ограничений не обнаружено;Санкт-Петербурге;дизель, 3.0 л;249 л.с., налог;АКПП;4WD;93 185 км;левый;2 поколение;белый;;GL 350 BlueTEC 4MATIC AT Особая серия;;;
Mercedes-Benz;GLA-Class;2015;1927544;https://auto.drom.ru/kazan/mercedes-benz/gla-class/52628029.html;Характеристики совпадают с ПТС;3 записи о регистрации;Не числится в розыске;Ограничений не обнаружено;Казани;бензин, 1.6 л;156 л.с., налог;робот;передний;78 200 км;левый;1 поколение;фиолетовый;;;;;
Mercedes-Benz;A-Class;2015;1790000;https://auto.drom.ru/spb/mercedes-benz/a-class/54152468.html;Характеристики совпадают с ПТС;;Не числится в розыске;Ограничений не обнаружено;Санкт-Петербурге;бензин, 1.6 л;122 л.с., налог;робот;передний;102 000 км;левый;3 поколение, рестайлинг;белый;хэтчбек 5 дв.;A 180 DCT AMG Line;;;
Mercedes-Benz;GLC;2015;3150000;https://auto.drom.ru/bryansk/mercedes-benz/glc-class/53429662.html;Характеристики совпадают с ПТС;;Не числится в розыске;Ограничений не обнаружено;Брянске;дизель, 2.1 л;170 л.с., налог;АКПП;4WD;90 000 км;левый;1 поколение;белый;;;;;
Mercedes-Benz;C-Class;2016;2800000;https://auto.drom.ru/spb/mercedes-benz/c-class/54152109.html;Характеристики совпадают с ПТС;1 запись о регистрации;Не числится в розыске;Ограничений не обнаружено;Санкт-Петербурге;бензин, 2.0 л;184 л.с., налог;АКПП;4WD;62 000 км;левый;4 поколение;белый;купе;;;;
Mercedes-Benz;GLA-Class;2016;1957000;https://auto.drom.ru/moscow/mercedes-benz/gla-class/53866703.html;Характеристики совпадают с ПТС;3 записи о регистрации;Не числится в розыске;Ограничений не обнаружено;Москве;бензин, 1.6 л;150 л.с., налог;робот;передний;95 439 км;левый;1 поколение;белый;;GLA 200 Особая серия;;;
Mercedes-Benz;S-Class;2016;3530000;https://auto.drom.ru/moscow/mercedes-benz/s-class/52170889.html;Характеристики совпадают с ПТС;2 записи о регистрации;Не числится в розыске;Ограничений не обнаружено;Москве;бензин;;автомат;;249 080 км;левый;6 поколение;синий;седан;;;;
Mercedes-Benz;S-Class;2016;3410000;https://auto.drom.ru/moscow/mercedes-benz/s-class/49999787.html;Характеристики совпадают с ПТС;2 записи о регистрации;Не числится в розыске;Ограничений не обнаружено;Москве;бензин;;автомат;;251 722 км;левый;6 поколение;синий;седан;;;;
Mercedes-Benz;S-Class;2016;3850000;https://auto.drom.ru/moscow/mercedes-benz/s-class/49923950.html;Характеристики совпадают с ПТС;2 записи о регистрации;Не числится в розыске;Ограничений не обнаружено;Москве;бензин;;автомат;;184 941 км;левый;6 поколение;синий;седан;;;;
Mercedes-Benz;S-Class;2016;3520000;https://auto.drom.ru/moscow/mercedes-benz/s-class/49817756.html;Характеристики совпадают с ПТС;2 записи о регистрации;Не числится в розыске;Ограничений не обнаружено;Москве;бензин;;автомат;;242 981 км;левый;6 поколение;синий;седан;;;;
Mercedes-Benz;S-Class;2016;4500000;https://auto.drom.ru/moscow/mercedes-benz/s-class/261379313.html;Мощность двигателя не совпадает с ПТС;2 записи о регистрации;Не числится в розыске;Ограничений не обнаружено;Москве;дизель, 2.1 л, гибрид;204 л.с., налог;АКПП;задний;87 500 км;левый;6 поколение;серый;седан;S 300 h AT;;;
Mercedes-Benz;GLE Coupe;2016;4800000;https://auto.drom.ru/spb/mercedes-benz/gle_coupe/355155856.html;Характеристики совпадают с ПТС;2 записи о регистрации;Не числится в розыске;Ограничений не обнаружено;Санкт-Петербурге;дизель, 3.0 л;249 л.с., налог;АКПП;4WD;138 917 км;левый;1 поколение;черный;;350 d 4MATIC Особая серия;;;
Mercedes-Benz;GLA-Class;2016;2850000;https://auto.drom.ru/moscow/mercedes-benz/gla-class/455016150.html;Характеристики совпадают с ПТС;2 записи о регистрации;Не числится в розыске;Ограничений не обнаружено;Москве;бензин, 2.0 л;211 л.с., налог;робот;4WD;63 000 км;левый;1 поколение;красный;;;;;
Mercedes-Benz;GLC Coupe;2016;3998000;https://auto.drom.ru/moscow/mercedes-benz/glc_coupe/208402951.html;Характеристики совпадают с ПТС;1 запись о регистрации;Не числится в розыске;Ограничений не обнаружено;Москве;дизель, 2.1 л;204 л.с., налог;АКПП;4WD;76 733 км;левый;1 поколение;синий;;;;;
Mercedes-Benz;E-Class;2016;2250000;https://auto.drom.ru/moscow/mercedes-benz/e-class/111965425.html;Характеристики совпадают с ПТС;4 записи о регистрации;Не числится в розыске;Ограничений не обнаружено;Москве;бензин, 2.0 л;184 л.с., налог;АКПП;задний;204 667 км;левый;5 поколение;черный;седан;;;;
Mercedes-Benz;S-Class;2016;9700000;https://auto.drom.ru/moscow/mercedes-benz/s-class/53754315.html;Характеристики совпадают с ПТС;2 записи о регистрации;Не числится в розыске;Ограничений не обнаружено;Москве;бензин, 5.5 л;585 л.с., налог;робот;4WD;90 000 км;левый;6 поколение;черный;седан;AMG S 63 4MATIC L;;;
Mercedes-Benz;E-Class;2016;3299000;https://auto.drom.ru/spb/mercedes-benz/e-class/304208725.html;Характеристики совпадают с ПТС;3 записи о регистрации;Не числится в розыске;Ограничений не обнаружено;Санкт-Петербурге;бензин, 2.0 л;184 л.с., налог;АКПП;задний;125 000 км;левый;5 поколение;белый;седан;E 200 Sport Plus;;;
Mercedes-Benz;GLS-Class;2016;5250000;https://auto.drom.ru/moscow/mercedes-benz/gls-class/51754845.html;Характеристики совпадают с ПТС;1 запись о регистрации;Не числится в розыске;Ограничений не обнаружено;Москве;дизель, 3.0 л;249 л.с., налог;АКПП;4WD;71 000 км;левый;1 поколение;черный;;350 d 4MATIC Особая серия;;;
Mercedes-Benz;CLS-Class;2016;3997000;https://auto.drom.ru/moscow/mercedes-benz/cls-class/183719143.html;Характеристики совпадают с ПТС;1 запись о регистрации;Не числится в розыске;Ограничений не обнаружено;Москве;дизель, 3.0 л;249 л.с., налог;АКПП;4WD;89 815 км;левый;2 поколение, рестайлинг;черный;седан;CLS 350 d 4MATIC;;;
Mercedes-Benz;CLA-Class;2016;1959000;https://auto.drom.ru/spb/mercedes-benz/cla-class/54143259.html;Характеристики совпадают с ПТС;1 запись о регистрации;Не числится в розыске;Ограничений не обнаружено;Санкт-Петербурге;бензин, 1.6 л;150 л.с., налог;робот;передний;105 694 км;левый;1 поколение;белый;седан;;;;
Mercedes-Benz;C-Class;2016;2669000;https://auto.drom.ru/moscow/mercedes-benz/c-class/54141089.html;Характеристики совпадают с ПТС;4 записи о регистрации;Не числится в розыске;Ограничений не обнаружено;Москве;бензин, 2.0 л;184 л.с., налог;АКПП;4WD;89 221 км;левый;4 поколение;голубой;купе;;;;
Mercedes-Benz;GLE;2016;3999000;https://auto.drom.ru/spb/mercedes-benz/gle-class/53055476.html;Характеристики совпадают с ПТС;2 записи о регистрации;Не числится в розыске;Ограничений не обнаружено;Санкт-Петербурге;дизель, 3.0 л;249 л.с., налог;АКПП;4WD;149 241 км;левый;1 поколение;синий;;GLE 350d 4MATIC "Особая серия";;;
Mercedes-Benz;GLA-Class;2016;1899000;https://auto.drom.ru/moscow/mercedes-benz/gla-class/53053724.html;Характеристики совпадают с ПТС;2 записи о регистрации;Не числится в розыске;Ограничений не обнаружено;Москве;бензин, 2.0 л;211 л.с., налог;робот;4WD;173 078 км;левый;1 поколение;белый;;;;;
Mercedes-Benz;C-Class;2016;2698000;https://auto.drom.ru/moscow/mercedes-benz/c-class/53475425.html;Характеристики совпадают с ПТС;2 записи о регистрации;Не числится в розыске;Ограничений не обнаружено;Москве;бензин, 2.0 л;184 л.с., налог;АКПП;4WD;57 960 км;левый;4 поколение;серый;седан;;;;
Mercedes-Benz;GLS-Class;2016;6888888;https://auto.drom.ru/moscow/mercedes-benz/gls-class/675766396.html;Характеристики совпадают с ПТС;1 запись о регистрации;Не числится в розыске;Ограничений не обнаружено;Москве;бензин, 5.5 л;585 л.с., налог;АКПП;4WD;70 300 км;левый;1 поколение;черный;;AMG 63 4MATIC Особая серия;;;
Mercedes-Benz;B-Class;2016;1927000;https://auto.drom.ru/moscow/mercedes-benz/b-class/53831845.html;Характеристики совпадают с ПТС;2 записи о регистрации;Не числится в розыске;Ограничений не обнаружено;Москве;бензин, 1.6 л;122 л.с., налог;робот;передний;62 871 км;левый;2 поколение, рестайлинг;черный;;;;;
Mercedes-Benz;GLA-Class;2016;2490000;https://auto.drom.ru/spb/mercedes-benz/gla-class/334243933.html;Характеристики совпадают с ПТС;3 записи о регистрации;Не числится в розыске;Ограничений не обнаружено;Санкт-Петербурге;бензин, 2.0 л;211 л.с., налог;робот;4WD;62 539 км;левый;1 поколение;коричневый;;;;;
Mercedes-Benz;B-Class;2016;1345000;https://auto.drom.ru/himki/mercedes-benz/b-class/52583112.html;Характеристики совпадают с ПТС;3 записи о регистрации;Не числится в розыске;Ограничений не обнаружено;Химках;бензин, 1.6 л;122 л.с., налог;робот;передний;130 038 км;левый;2 поколение, рестайлинг;серый;;;;;
Mercedes-Benz;C-Class;2016;2090000;https://auto.drom.ru/spb/mercedes-benz/c-class/765470343.html;Характеристики совпадают с ПТС;3 записи о регистрации;Не числится в розыске;Ограничений не обнаружено;Санкт-Петербурге;бензин, 1.6 л;156 л.с., налог;АКПП;задний;155 000 км;левый;4 поколение;белый;седан;;;;
Mercedes-Benz;A-Class;2016;1445000;https://auto.drom.ru/moscow/mercedes-benz/a-class/54134434.html;Характеристики совпадают с ПТС;2 записи о регистрации;Не числится в розыске;Ограничений не обнаружено;Москве;бензин, 1.6 л;122 л.с., налог;робот;передний;199 593 км;левый;3 поколение, рестайлинг;черный;хэтчбек 5 дв.;;;;
Mercedes-Benz;C-Class;2016;1990000;https://auto.drom.ru/spb/mercedes-benz/c-class/54128412.html;Характеристики совпадают с ПТС;5 записей о регистрации;Не числится в розыске;Ограничений не обнаружено;Санкт-Петербурге;бензин, 1.6 л;150 л.с., налог;АКПП;задний;122 000 км;левый;4 поколение;белый;седан;;;;
Mercedes-Benz;G-Class;2016;7025000;https://auto.drom.ru/moscow/mercedes-benz/g-class/53842772.html;Характеристики совпадают с ПТС;4 записи о регистрации;Не числится в розыске;Ограничений не обнаружено;Москве;дизель, 3.0 л;245 л.с., налог;АКПП;4WD;137 000 км;левый;2 поколение, 7 рестайлинг;черный;джип/suv 5 дв.;G 350 d;;;
Mercedes-Benz;S-Class;2016;4700000;https://auto.drom.ru/odintsovo/mercedes-benz/s-class/51738274.html;Характеристики совпадают с ПТС;1 запись о регистрации;Не числится в розыске;Ограничений не обнаружено;Одинцове;дизель, 2.1 л, гибрид;204 л.с., налог;АКПП;задний;93 000 км;левый;6 поколение;черный;седан;S 300 h AT;;;
Mercedes-Benz;E-Class;2016;3190000;https://auto.drom.ru/moscow/mercedes-benz/e-class/50931723.html;Характеристики совпадают с ПТС;4 записи о регистрации;Не числится в розыске;Ограничений не обнаружено;Москве;бензин, 2.0 л;184 л.с., налог;АКПП;задний;109 000 км;левый;5 поколение;черный;седан;E 200 Luxury;;;
Mercedes-Benz;SLC-Class;2016;2300000;https://auto.drom.ru/moscow/mercedes-benz/slc-class/52901987.html;Электронный ПТС выдан;;Не числится в розыске;Ограничений не обнаружено;Москве;бензин, 1.6 л;156 л.с., налог;автомат;задний;92 000 км, без пробега по РФ;правый;;белый;открытый;;;;
Mercedes-Benz;GLC;2016;5000000;https://auto.drom.ru/spb/mercedes-benz/glc-class/484097585.html;Характеристики совпадают с ПТС;2 записи о регистрации;Не числится в розыске;Ограничений не обнаружено;Санкт-Петербурге;бензин, 3.0 л;367 л.с., налог;АКПП;4WD;69 000 км;левый;1 поколение;белый;;AMG GLC 43 4MATIC "Особая серия";;;
Mercedes-Benz;CLA-Class;2016;1750000;https://auto.drom.ru/vitebsk/mercedes-benz/cla-class/50529658.html;;;;;Витебске;дизель, 2.1 л;136 л.с., налог;робот;передний;182 000 км;левый;1 поколение, рестайлинг;серый;универсал;CLA 200 d DCT;;;
Mercedes-Benz;C-Class;2016;2567000;https://auto.drom.ru/moscow/mercedes-benz/c-class/371563827.html;Характеристики совпадают с ПТС;5 записей о регистрации;Не числится в розыске;Ограничений не обнаружено;Москве;бензин, 1.6 л;150 л.с., налог;АКПП;задний;105 300 км;левый;4 поколение;синий;седан;;;;
Mercedes-Benz;GLS-Class;2016;4199000;https://auto.drom.ru/yaroslavl/mercedes-benz/gls-class/943279610.html;;;;;Ярославле;дизель, 3.0 л;249 л.с., налог;АКПП;4WD;300 332 км;левый;1 поколение;белый;;350 d 4MATIC Особая серия;;;
Mercedes-Benz;CLS-Class;2016;3249000;https://auto.drom.ru/moscow/mercedes-benz/cls-class/53211858.html;Характеристики совпадают с ПТС;2 записи о регистрации;Не числится в розыске;Ограничений не обнаружено;Москве;дизель, 2.1 л;204 л.с., налог;АКПП;4WD;125 000 км;левый;2 поколение, рестайлинг;белый;седан;CLS 250 d 4MATIC;;;
Mercedes-Benz;E-Class;2016;2238000;https://auto.drom.ru/moscow/mercedes-benz/e-class/53451779.html;Характеристики совпадают с ПТС;4 записи о регистрации;Не числится в розыске;Ограничений не обнаружено;Москве;бензин, 2.0 л;184 л.с., налог;АКПП;задний;210 000 км;левый;5 поколение;черный;седан;;;;
