Бренд;Модель;Год;Цена;URL;ПТС;Владельцы;Розыск;Ограничения;Город;Двигатель;Мощность;Коробка передач;Привод;Пробег;Руль;Поколение;Цвет;Тип кузова;Комплектация;Особые отметки;VIN;
Mercedes-Benz;CLS-Class;2014;3100000;https://auto.drom.ru/moscow/mercedes-benz/cls-class/304747853.html;Характеристики совпадают с ПТС;4 записи о регистрации;Не числится в розыске;Ограничений не обнаружено;Москве;бензин, 3.0 л;333 л.с., налог;АКПП;4WD;120 000 км;левый;2 поколение, рестайлинг;серебристый;седан;CLS 400 4MATIC;;;
Mercedes-Benz;C-Class;2014;2570000;https://auto.drom.ru/moscow/mercedes-benz/c-class/53656499.html;Характеристики совпадают с ПТС;4 записи о регистрации;Не числится в розыске;Ограничений не обнаружено;Москве;бензин, 1.6 л;156 л.с., налог;АКПП;задний;114 500 км;левый;4 поколение;коричневый;седан;C 180 AT AMG Line;;;
Mercedes-Benz;B-Class;2014;1650000;https://auto.drom.ru/moscow/mercedes-benz/b-class/288241506.html;Характеристики совпадают с ПТС;6 записей о регистрации;Не числится в розыске;Ограничений не обнаружено;Москве;бензин, 1.6 л;122 л.с., налог;робот;передний;91 000 км;левый;2 поколение;белый;;B 180 DCT;;;
Mercedes-Benz;M-Class;2014;2840000;https://auto.drom.ru/moscow/mercedes-benz/m-class/798339338.html;Характеристики совпадают с ПТС;3 записи о регистрации;Не числится в розыске;Ограничений не обнаружено;Москве;бензин, 3.0 л;333 л.с., налог;АКПП;4WD;135 965 км;левый;3 поколение;белый;;;;;
Mercedes-Benz;G-Class;2014;7000000;https://auto.drom.ru/nizhniy-novgorod/mercedes-benz/g-class/53461964.html;Характеристики совпадают с ПТС;2 записи о регистрации;Не числится в розыске;Ограничений не обнаружено;Нижнем Новгороде;бензин, 5.5 л;544 л.с., налог;АКПП;4WD;108 000 км;левый;2 поколение, 6 рестайлинг;коричневый;джип/suv 5 дв.;G 63 AMG;;;
Mercedes-Benz;E-Class;2014;1569841;https://auto.drom.ru/minsk/mercedes-benz/e-class/53200982.html;Характеристики совпадают с ПТС;4 записи о регистрации;Не числится в розыске;Ограничений не обнаружено;Минске;бензин, 2.0 л;184 л.с., налог;АКПП;задний;149 567 км;левый;4 поколение, рестайлинг;черный;седан;;;;
Mercedes-Benz;CLS-Class;2014;2480000;https://auto.drom.ru/moscow/mercedes-benz/cls-class/53622902.html;Цвет не совпадает с ПТС;4 записи о регистрации;Не числится в розыске;Ограничений не обнаружено;Москве;дизель, 2.1 л;204 л.с., налог;АКПП;задний;135 000 км;левый;2 поколение;бежевый;седан;CLS 250 CDI AT;;;
Mercedes-Benz;C-Class;2014;2200000;https://auto.drom.ru/moscow/mercedes-benz/c-class/53245161.html;Характеристики совпадают с ПТС;4 записи о регистрации;Не числится в розыске;Ограничений не обнаружено;Москве;бензин, 1.6 л;156 л.с., налог;АКПП;задний;155 000 км;левый;3 поколение, рестайлинг;синий;купе;C 180 AT;;;
Mercedes-Benz;Viano;2014;3200000;https://auto.drom.ru/moscow/mercedes-benz/viano/53968296.html;Характеристики совпадают с ПТС;6 записей о регистрации;Не числится в розыске;Ограничений не обнаружено;Москве;дизель, 2.1 л;;автомат;4WD;223 000 км;левый;2 поколение, рестайлинг;черный;;;;;
Mercedes-Benz;C-Class;2014;1739444;https://auto.drom.ru/spb/mercedes-benz/c-class/53649151.html;Характеристики совпадают с ПТС;3 записи о регистрации;Не числится в розыске;Ограничений не обнаружено;Санкт-Петербурге;бензин, 1.6 л;156 л.с., налог;АКПП;задний;101 338 км;левый;3 поколение, рестайлинг;белый;купе;;;;
Mercedes-Benz;S-Class;2014;4800000;https://auto.drom.ru/moscow/mercedes-benz/s-class/53238072.html;;;;;Москве;дизель, 3.0 л;258 л.с., налог;АКПП;4WD;32 000 км;левый;6 поколение;черный;седан;;;;
Mercedes-Benz;M-Class;2014;2895000;https://auto.drom.ru/spb/mercedes-benz/m-class/53231461.html;Характеристики совпадают с ПТС;2 записи о регистрации;Не числится в розыске;Ограничений не обнаружено;Санкт-Петербурге;бензин, 3.5 л;249 л.с., налог;АКПП;4WD;133 641 км;левый;3 поколение;белый;;;;;
Mercedes-Benz;CLA-Class;2014;1690000;https://auto.drom.ru/spb/mercedes-benz/cla-class/946895058.html;Характеристики совпадают с ПТС;2 записи о регистрации;Не числится в розыске;Ограничений не обнаружено;Санкт-Петербурге;бензин, 1.6 л;156 л.с., налог;робот;передний;159 652 км;левый;1 поколение;серый;седан;;;;
Mercedes-Benz;GLK-Class;2014;2149000;https://auto.drom.ru/moscow/mercedes-benz/glk-class/641273601.html;Характеристики совпадают с ПТС;2 записи о регистрации;Не числится в розыске;Ограничений не обнаружено;Москве;дизель, 2.1 л;170 л.с., налог;АКПП;4WD;153 633 км;левый;1 поколение, рестайлинг;красный;;GLK 220 CDI 4MATIC AT Особая серия;;;
Mercedes-Benz;S-Class;2014;4095000;https://auto.drom.ru/kazan/mercedes-benz/s-class/53618514.html;Характеристики совпадают с ПТС;3 записи о регистрации;Не числится в розыске;Ограничений не обнаружено;Казани;бензин, 4.7 л;455 л.с., налог;АКПП;4WD;130 868 км;левый;6 поколение;синий;седан;;;;
Mercedes-Benz;SLK-Class;2014;2500000;https://auto.drom.ru/kazan/mercedes-benz/slk-class/51457162.html;Характеристики совпадают с ПТС;6 записей о регистрации;Не числится в розыске;Ограничений не обнаружено;Казани;бензин, 1.8 л;204 л.с., налог;АКПП;задний;65 821 км;левый;3 поколение;красный;;;;;
Mercedes-Benz;GLA-Class;2014;1827000;https://auto.drom.ru/moscow/mercedes-benz/gla-class/53630875.html;Характеристики совпадают с ПТС;2 записи о регистрации;Не числится в розыске;Ограничений не обнаружено;Москве;бензин, 2.0 л;211 л.с., налог;робот;4WD;106 310 км;левый;1 поколение;коричневый;;;;;
Mercedes-Benz;S-Class;2014;3045000;https://auto.drom.ru/moscow/mercedes-benz/s-class/53628741.html;Характеристики совпадают с ПТС;6 записей о регистрации;Не числится в розыске;Ограничений не обнаружено;Москве;бензин, 3.0 л;333 л.с., налог;АКПП;задний;174 098 км;левый;6 поколение;серебристый;седан;S 400 L;;;
Mercedes-Benz;B-Class;2014;1279000;https://auto.drom.ru/volgograd/mercedes-benz/b-class/53962856.html;Характеристики совпадают с ПТС;5 записей о регистрации;Не числится в розыске;Ограничений не обнаружено;Волгограде;бензин, 1.6 л;122 л.с., налог;робот;передний;179 490 км;левый;2 поколение;белый;;;;;
Mercedes-Benz;E-Class;2014;2295000;https://auto.drom.ru/moscow/mercedes-benz/e-class/53637047.html;Характеристики совпадают с ПТС;3 записи о регистрации;Не числится в розыске;Ограничений не обнаружено;Москве;бензин, 3.5 л;249 л.с., налог;АКПП;4WD;210 000 км;левый;4 поколение, рестайлинг;черный;седан;E 300 4MATIC AT Особая серия;;;
Mercedes-Benz;S-Class;2014;3349000;https://auto.drom.ru/moscow/mercedes-benz/s-class/53633783.html;Характеристики совпадают с ПТС;1 запись о регистрации;Не числится в розыске;Ограничений не обнаружено;Москве;бензин;;автомат;;251 023 км;левый;6 поколение;черный;седан;;;;
Mercedes-Benz;GLA-Class;2014;2260000;https://auto.drom.ru/smolensk/mercedes-benz/gla-class/53224889.html;Характеристики совпадают с ПТС;2 записи о регистрации;Не числится в розыске;Ограничений не обнаружено;Смоленске;бензин, 2.0 л;211 л.с., налог;робот;4WD;125 000 км;левый;1 поколение;фиолетовый;;GLA 250 4MATIC Особая серия;;;
Mercedes-Benz;GL-Class;2014;3500000;https://auto.drom.ru/kazan/mercedes-benz/gl-class/773352138.html;Характеристики совпадают с ПТС;5 записей о регистрации;Не числится в розыске;Ограничений не обнаружено;Казани;дизель, 3.0 л;249 л.с., налог;АКПП;4WD;97 500 км;левый;2 поколение;черный;;GL 350 BlueTEC 4MATIC AT Особая серия;;;
Mercedes-Benz;C-Class;2014;1788000;https://auto.drom.ru/moscow/mercedes-benz/c-class/395713391.html;Характеристики совпадают с ПТС;3 записи о регистрации;Не числится в розыске;Ограничений не обнаружено;Москве;бензин, 1.6 л;156 л.с., налог;АКПП;задний;165 944 км;левый;;белый;седан;;;;
Mercedes-Benz;GLA-Class;2014;1820000;https://auto.drom.ru/moscow/mercedes-benz/gla-class/654560608.html;Характеристики совпадают с ПТС;1 запись о регистрации;Не числится в розыске;Ограничений не обнаружено;Москве;бензин, 2.0 л;211 л.с., налог;робот;4WD;126 300 км;левый;1 поколение;синий;;;;;
Mercedes-Benz;GL-Class;2014;2999000;https://auto.drom.ru/moscow/mercedes-benz/gl-class/53962557.html;Характеристики совпадают с ПТС;2 записи о регистрации;Не числится в розыске;Ограничений не обнаружено;Москве;дизель, 3.0 л;249 л.с., налог;АКПП;4WD;229 579 км;левый;2 поколение;черный;;GL 350 BlueTEC 4MATIC AT Особая серия;;;
Mercedes-Benz;M-Class;2014;3490000;https://auto.drom.ru/moscow/mercedes-benz/m-class/423597979.html;Характеристики совпадают с ПТС;2 записи о регистрации;Не числится в розыске;Ограничений не обнаружено;Москве;бензин, 3.0 л;333 л.с., налог;АКПП;4WD;39 177 км;левый;3 поколение;серый;;;;;
Mercedes-Benz;GLA-Class;2014;1947510;https://auto.drom.ru/spb/mercedes-benz/gla-class/489717026.html;Характеристики совпадают с ПТС;1 запись о регистрации;Не числится в розыске;Ограничений не обнаружено;Санкт-Петербурге;бензин, 2.0 л;211 л.с., налог;робот;4WD;119 480 км;левый;1 поколение;фиолетовый;;;;;
Mercedes-Benz;GLA-Class;2014;2157005;https://auto.drom.ru/spb/mercedes-benz/gla-class/762285477.html;Характеристики совпадают с ПТС;5 записей о регистрации;Не числится в розыске;Ограничений не обнаружено;Санкт-Петербурге;бензин, 2.0 л;211 л.с., налог;робот;4WD;110 260 км;левый;1 поколение;коричневый;;;;;
Mercedes-Benz;GLA-Class;2014;2070000;https://auto.drom.ru/moscow/mercedes-benz/gla-class/52767469.html;Характеристики совпадают с ПТС;1 запись о регистрации;Не числится в розыске;Ограничений не обнаружено;Москве;бензин, 2.0 л;211 л.с., налог;робот;4WD;122 002 км;левый;1 поколение;черный;;;;;
Mercedes-Benz;M-Class;2014;3300000;https://auto.drom.ru/spb/mercedes-benz/m-class/53959320.html;Характеристики совпадают с ПТС;4 записи о регистрации;Не числится в розыске;Ограничений не обнаружено;Санкт-Петербурге;дизель, 3.0 л;249 л.с., налог;АКПП;4WD;163 000 км;левый;3 поколение;коричневый;;ML 350 BlueTEC 4MATIC Особая серия;;;
Mercedes-Benz;C-Class;2014;2350000;https://auto.drom.ru/spb/mercedes-benz/c-class/53620758.html;Характеристики совпадают с ПТС;1 запись о регистрации;Не числится в розыске;Ограничений не обнаружено;Санкт-Петербурге;бензин, 1.6 л;156 л.с., налог;АКПП;задний;57 500 км;левый;4 поколение;серый;седан;C 180 AT;;;
Mercedes-Benz;Mercedes;2014;1790000;https://auto.drom.ru/syzran/mercedes-benz/mercedes/51509157.html;Характеристики совпадают с ПТС;3 записи о регистрации;Не числится в розыске;Ограничений не обнаружено;Сызрани;дизель, 2.2 л;109 л.с., налог;механика;задний;221 000 км;левый;;белый;;;;;
Mercedes-Benz;C-Class;2014;2150000;https://auto.drom.ru/kazan/mercedes-benz/c-class/52495049.html;Электронный ПТС выдан;;Не числится в розыске;Ограничений не обнаружено;Казани;бензин, 1.6 л;156 л.с., налог;АКПП;задний;75 000 км, без пробега по РФ;правый;4 поколение;серебристый;универсал;C 180 Sports;;;
Mercedes-Benz;CLA-Class;2014;1639000;https://auto.drom.ru/spb/mercedes-benz/cla-class/868841093.html;Характеристики совпадают с ПТС;3 записи о регистрации;Не числится в розыске;Ограничений не обнаружено;Санкт-Петербурге;бензин, 1.6 л;156 л.с., налог;робот;передний;125 824 км;левый;1 поколение;фиолетовый;седан;;;;
Mercedes-Benz;S-Class;2014;4047000;https://auto.drom.ru/moscow/mercedes-benz/s-class/439425317.html;Характеристики совпадают с ПТС;2 записи о регистрации;Не числится в розыске;Ограничений не обнаружено;Москве;дизель, 3.0 л;249 л.с., налог;автомат;4WD;140 000 км;левый;6 поколение;коричневый;седан;;;;
Mercedes-Benz;M-Class;2014;2200000;https://auto.drom.ru/moscow/mercedes-benz/m-class/653868673.html;;;;;Москве;бензин, 3.5 л;249 л.с., налог;АКПП;4WD;131 369 км;левый;3 поколение;белый;;ML 300 4MATIC AT;;;
Mercedes-Benz;M-Class;2014;2920000;https://auto.drom.ru/spb/mercedes-benz/m-class/53956283.html;Характеристики совпадают с ПТС;3 записи о регистрации;Не числится в розыске;Ограничений не обнаружено;Санкт-Петербурге;бензин, 3.0 л;333 л.с., налог;АКПП;4WD;133 000 км;левый;3 поколение;белый;;ML 400 4MATIC AT Особая серия;;;
Mercedes-Benz;GL-Class;2014;3849000;https://auto.drom.ru/yaroslavl/mercedes-benz/gl-class/53955002.html;Характеристики совпадают с ПТС;4 записи о регистрации;Не числится в розыске;Ограничений не обнаружено;Ярославле;дизель, 3.0 л;249 л.с., налог;АКПП;4WD;119 297 км;левый;2 поколение;черный;;GL 350 BlueTEC 4MATIC AT Особая серия;;;
Mercedes-Benz;E-Class;2014;3400000;https://auto.drom.ru/moscow/mercedes-benz/e-class/53195923.html;Характеристики совпадают с ПТС;2 записи о регистрации;Не числится в розыске;Ограничений не обнаружено;Москве;бензин, 2.0 л;184 л.с., налог;АКПП;задний;25 000 км;левый;4 поколение, рестайлинг;белый;седан;;;;
Mercedes-Benz;Vito;2014;2400000;https://auto.drom.ru/moscow/mercedes-benz/vito/51089280.html;Характеристики совпадают с ПТС;3 записи о регистрации;Не числится в розыске;Ограничений не обнаружено;Москве;дизель, 2.1 л;136 л.с., налог;АКПП;задний;192 000 км;левый;2 поколение, рестайлинг;белый;;113 CDI AT L2;;;
Mercedes-Benz;M-Class;2014;3250000;https://auto.drom.ru/moscow/mercedes-benz/m-class/48792019.html;Характеристики совпадают с ПТС;3 записи о регистрации;Не числится в розыске;Ограничений не обнаружено;Москве;бензин, 3.5 л;249 л.с., налог;АКПП;4WD;181 000 км;левый;3 поколение;белый;;ML 300 4MATIC AT Особая серия;;;
Mercedes-Benz;CLA-Class;2014;2010000;https://auto.drom.ru/moscow/mercedes-benz/cla-class/807509256.html;Цвет не совпадает с ПТС;4 записи о регистрации;Не числится в розыске;Ограничений не обнаружено;Москве;бензин, 2.0 л;211 л.с., налог;робот;4WD;170 000 км;левый;1 поколение;серебристый;седан;;;;
Mercedes-Benz;E-Class;2014;2279000;https://auto.drom.ru/moscow/mercedes-benz/e-class/461746461.html;Характеристики совпадают с ПТС;2 записи о регистрации;Не числится в розыске;Ограничений не обнаружено;Москве;бензин, 2.0 л;184 л.с., налог;АКПП;задний;100 549 км;левый;4 поколение, рестайлинг;коричневый;купе;;;;
Mercedes-Benz;E-Class;2014;1925950;https://auto.drom.ru/moscow/mercedes-benz/e-class/811941469.html;Характеристики совпадают с ПТС;6 записей о регистрации;Не числится в розыске;Ограничений не обнаружено;Москве;бензин, 2.0 л;184 л.с., налог;АКПП;задний;109 016 км;левый;4 поколение, рестайлинг;коричневый;купе;;;;
Mercedes-Benz;GL-Class;2014;4030000;https://auto.drom.ru/moscow/mercedes-benz/gl-class/548853053.html;Характеристики совпадают с ПТС;2 записи о регистрации;Не числится в розыске;Есть ограничения;Москве;бензин, 4.7 л;435 л.с., налог;АКПП;4WD;220 000 км;левый;2 поколение;белый;;GL 500 4MATIC AT Особая серия;;;
Mercedes-Benz;GLA-Class;2014;1740000;https://auto.drom.ru/kazan/mercedes-benz/gla-class/53948261.html;Характеристики совпадают с ПТС;2 записи о регистрации;Не числится в розыске;Ограничений не обнаружено;Казани;бензин, 1.6 л;156 л.с., налог;автомат;передний;144 934 км;;;серый;;;;;
Mercedes-Benz;B-Class;2014;1425000;https://auto.drom.ru/krasnoznamensk-moscow/mercedes-benz/b-class/273623547.html;Характеристики совпадают с ПТС;5 записей о регистрации;Не числится в розыске;Ограничений не обнаружено;Краснознаменске;дизель, 1.5 л;109 л.с., налог;робот;передний;142 000 км;левый;2 поколение, рестайлинг;белый;;B 180 d DCT;;;
Mercedes-Benz;GL-Class;2014;4600000;https://auto.drom.ru/moscow/mercedes-benz/gl-class/921498459.html;Характеристики совпадают с ПТС;5 записей о регистрации;Не числится в розыске;Ограничений не обнаружено;Москве;дизель, 3.0 л;249 л.с., налог;АКПП;4WD;144 021 км;левый;2 поколение;белый;;GL 350 BlueTEC 4MATIC AT Особая серия;;;
Mercedes-Benz;M-Class;2014;2650000;https://auto.drom.ru/kazan/mercedes-benz/m-class/638839406.html;Характеристики совпадают с ПТС;3 записи о регистрации;Не числится в розыске;Ограничений не обнаружено;Казани;бензин, 3.0 л;333 л.с., налог;АКПП;4WD;242 000 км;левый;3 поколение;белый;;ML 400 4MATIC AT Особая серия;;;
Mercedes-Benz;SLK-Class;2014;3750000;https://auto.drom.ru/moscow/mercedes-benz/slk-class/352137071.html;Характеристики совпадают с ПТС;1 запись о регистрации;Не числится в розыске;Ограничений не обнаружено;Москве;бензин, 1.8 л;204 л.с., налог;АКПП;задний;9 772 км;левый;3 поколение;белый;;;;;
Mercedes-Benz;S-Class;2014;7500000;https://auto.drom.ru/voronezh/mercedes-benz/s-class/386748114.html;Характеристики совпадают с ПТС;8 записей о регистрации;Не числится в розыске;Ограничений не обнаружено;Воронеже;бензин, 5.5 л;585 л.с., налог;АКПП;4WD;58 680 км;левый;6 поколение;белый;купе;AMG S 63 4MATIC;;;
Mercedes-Benz;C-Class;2014;1902000;https://auto.drom.ru/spb/mercedes-benz/c-class/594363394.html;Характеристики совпадают с ПТС;2 записи о регистрации;Не числится в розыске;Ограничений не обнаружено;Санкт-Петербурге;бензин, 1.6 л;156 л.с., налог;АКПП;задний;147 983 км;левый;;белый;седан;;;;
Mercedes-Benz;CLA-Class;2014;1750000;https://auto.drom.ru/togliatti/mercedes-benz/cla-class/53936614.html;Характеристики совпадают с ПТС;3 записи о регистрации;Не числится в розыске;Ограничений не обнаружено;Тольятти;бензин, 1.6 л;156 л.с., налог;робот;передний;120 000 км;левый;1 поколение;белый;седан;;;;
Mercedes-Benz;GL-Class;2014;3400000;https://auto.drom.ru/moscow/mercedes-benz/gl-class/114058359.html;Объем двигателя, мощность двигателя не совпадают с ПТС;5 записей о регистрации;Не числится в розыске;Ограничений не обнаружено;Москве;бензин, 4.7 л;435 л.с., налог;АКПП;4WD;200 000 км;левый;2 поколение;черный;;GL 500 4MATIC;;;
Mercedes-Benz;S-Class;2014;4119000;https://auto.drom.ru/moscow/mercedes-benz/s-class/53930578.html;Характеристики совпадают с ПТС;4 записи о регистрации;Не числится в розыске;Ограничений не обнаружено;Москве;бензин, 4.7 л;455 л.с., налог;АКПП;4WD;97 966 км;левый;6 поколение;черный;купе;S 500 4MATIC;;;
Mercedes-Benz;GLA-Class;2014;1900000;https://auto.drom.ru/cherepovets/mercedes-benz/gla-class/53930257.html;Характеристики совпадают с ПТС;3 записи о регистрации;Не числится в розыске;Ограничений не обнаружено;Череповце;дизель, 2.1 л;136 л.с., налог;робот;передний;167 326 км;левый;1 поколение;белый;;;;;
Mercedes-Benz;GLK-Class;2014;2200000;https://auto.drom.ru/kazan/mercedes-benz/glk-class/53173305.html;Характеристики совпадают с ПТС;4 записи о регистрации;Не числится в розыске;Ограничений не обнаружено;Казани;бензин, 2.0 л;211 л.с., налог;АКПП;4WD;170 992 км;левый;1 поколение, рестайлинг;белый;;;;;
Mercedes-Benz;M-Class;2014;2800000;https://auto.drom.ru/moscow/mercedes-benz/m-class/52722568.html;Характеристики совпадают с ПТС;3 записи о регистрации;Не числится в розыске;Ограничений не обнаружено;Москве;бензин, 3.0 л;333 л.с., налог;АКПП;4WD;105 000 км;левый;3 поколение;белый;;ML 400 4MATIC AT Особая серия;;;
Mercedes-Benz;CLA-Class;2014;2250000;https://auto.drom.ru/togliatti/mercedes-benz/cla-class/757760693.html;Характеристики совпадают с ПТС;2 записи о регистрации;Не числится в розыске;Ограничений не обнаружено;Тольятти;бензин, 1.6 л;156 л.с., налог;робот;передний;129 000 км;левый;1 поколение;фиолетовый;седан;;;;
Mercedes-Benz;C-Class;2014;1985000;https://auto.drom.ru/moscow/mercedes-benz/c-class/888352063.html;Характеристики совпадают с ПТС;1 запись о регистрации;Не числится в розыске;Ограничений не обнаружено;Москве;бензин, 1.6 л;156 л.с., налог;АКПП;задний;78 000 км, без пробега по РФ;правый;4 поколение;серый;седан;;;;
Mercedes-Benz;M-Class;2014;3550000;https://auto.drom.ru/moscow/mercedes-benz/m-class/772697600.html;Характеристики совпадают с ПТС;1 запись о регистрации;Не числится в розыске;Ограничений не обнаружено;Москве;бензин, 3.5 л;249 л.с., налог;АКПП;4WD;74 664 км;левый;3 поколение;черный;;;;;
Mercedes-Benz;M-Class;2014;3500000;https://auto.drom.ru/moscow/mercedes-benz/m-class/184019954.html;Характеристики совпадают с ПТС;2 записи о регистрации;Не числится в розыске;Ограничений не обнаружено;Москве;дизель, 3.0 л;249 л.с., налог;АКПП;4WD;102 052 км;левый;3 поколение;черный;;;;;
Mercedes-Benz;E-Class;2014;2500000;https://auto.drom.ru/moscow/mercedes-benz/e-class/53570069.html;Характеристики совпадают с ПТС;2 записи о регистрации;Не числится в розыске;Ограничений не обнаружено;Москве;бензин, 2.0 л;184 л.с., налог;АКПП;задний;212 000 км;левый;4 поколение, рестайлинг;белый;купе;E 200 AT Особая серия;;;
Mercedes-Benz;E-Class;2014;2730000;https://auto.drom.ru/voronezh/mercedes-benz/e-class/53165270.html;Характеристики совпадают с ПТС;1 запись о регистрации;Не числится в розыске;Ограничений не обнаружено;Воронеже;бензин, 2.0 л;184 л.с., налог;АКПП;задний;70 322 км;левый;4 поколение, рестайлинг;серебристый;седан;;;;
Mercedes-Benz;C-Class;2014;2340000;https://auto.drom.ru/bryansk/mercedes-benz/c-class/423799655.html;Характеристики совпадают с ПТС;4 записи о регистрации;Не числится в розыске;Ограничений не обнаружено;Брянске;бензин, 1.6 л;156 л.с., налог;АКПП;задний;173 879 км;левый;4 поколение;серебристый;седан;C 180 AT;;;
Mercedes-Benz;GLK-Class;2014;1999990;https://auto.drom.ru/nizhniy-novgorod/mercedes-benz/glk-class/716522243.html;Характеристики совпадают с ПТС;6 записей о регистрации;Не числится в розыске;Ограничений не обнаружено;Нижнем Новгороде;бензин, 2.0 л;211 л.с., налог;АКПП;4WD;152 542 км;левый;1 поколение, рестайлинг;черный;;;;;
Mercedes-Benz;GLA-Class;2014;2240000;https://auto.drom.ru/spb/mercedes-benz/gla-class/160479166.html;Характеристики совпадают с ПТС;4 записи о регистрации;Не числится в розыске;Ограничений не обнаружено;Санкт-Петербурге;бензин, 2.0 л;211 л.с., налог;робот;4WD;107 424 км;левый;1 поколение;белый;;;;;
Mercedes-Benz;E-Class;2014;2450000;https://auto.drom.ru/moscow/mercedes-benz/e-class/193788215.html;Характеристики совпадают с ПТС;3 записи о регистрации;Не числится в розыске;Ограничений не обнаружено;Москве;бензин, 2.0 л;184 л.с., налог;АКПП;задний;117 247 км;левый;4 поколение, рестайлинг;коричневый;купе;;;;
Mercedes-Benz;GLA-Class;2014;1729000;https://auto.drom.ru/spb/mercedes-benz/gla-class/183625730.html;Характеристики совпадают с ПТС;4 записи о регистрации;Не числится в розыске;Ограничений не обнаружено;Санкт-Петербурге;бензин, 1.6 л;156 л.с., налог;робот;передний;147 387 км;левый;1 поколение;фиолетовый;;;;;
Mercedes-Benz;C-Class;2014;2700000;https://auto.drom.ru/moscow/mercedes-benz/c-class/741565262.html;Характеристики совпадают с ПТС;4 записи о регистрации;Не числится в розыске;Есть ограничения;Москве;бензин, 1.6 л;156 л.с., налог;АКПП;задний;190 000 км;левый;4 поколение;синий;седан;C 180;;;
Mercedes-Benz;B-Class;2014;1319000;https://auto.drom.ru/yaroslavl/mercedes-benz/b-class/53147400.html;Характеристики совпадают с ПТС;1 запись о регистрации;Не числится в розыске;Ограничений не обнаружено;Ярославле;бензин, 1.6 л;122 л.с., налог;робот;передний;182 258 км;левый;2 поколение;голубой;;;;;
Mercedes-Benz;C-Class;2014;2400000;https://auto.drom.ru/himki/mercedes-benz/c-class/53139414.html;Характеристики совпадают с ПТС;3 записи о регистрации;Не числится в розыске;Ограничений не обнаружено;Химках;бензин, 1.6 л;156 л.с., налог;АКПП;задний;200 000 км;левый;4 поколение;черный;седан;C 180 Sport;;;
Mercedes-Benz;CLA-Class;2014;1620000;https://auto.drom.ru/moscow/mercedes-benz/cla-class/52684358.html;Характеристики совпадают с ПТС;3 записи о регистрации;Не числится в розыске;Ограничений не обнаружено;Москве;бензин, 1.6 л;156 л.с., налог;робот;передний;69 574 км;левый;1 поколение;красный;седан;;;;
Mercedes-Benz;GLA-Class;2014;2360000;https://auto.drom.ru/spb/mercedes-benz/gla-class/53907623.html;Характеристики совпадают с ПТС;1 запись о регистрации;Не числится в розыске;Ограничений не обнаружено;Санкт-Петербурге;бензин, 1.6 л;156 л.с., налог;робот;передний;29 161 км;левый;1 поколение;коричневый;;;;;
Mercedes-Benz;C-Class;2014;1797667;https://auto.drom.ru/spb/mercedes-benz/c-class/53903910.html;Характеристики совпадают с ПТС;6 записей о регистрации;Не числится в розыске;Ограничений не обнаружено;Санкт-Петербурге;бензин, 1.6 л;156 л.с., налог;АКПП;задний;189 319 км;левый;;черный;седан;;;;
Mercedes-Benz;B-Class;2014;1320000;https://auto.drom.ru/moscow/mercedes-benz/b-class/53550465.html;Характеристики совпадают с ПТС;2 записи о регистрации;Не числится в розыске;Ограничений не обнаружено;Москве;бензин, 1.6 л;122 л.с., налог;робот;передний;141 532 км;левый;2 поколение;черный;;;;;
Mercedes-Benz;AMG GT;2014;8100000;https://auto.drom.ru/moscow/mercedes-benz/amg_gt/53540469.html;Характеристики совпадают с ПТС;1 запись о регистрации;Не числится в розыске;Ограничений не обнаружено;Москве;бензин, 4.0 л;510 л.с., налог;робот;задний;46 268 км;левый;1 поколение;серый;хэтчбек 3 дв.;4.0 DCT AMG GT S;;;
Mercedes-Benz;V-Class;2014;3469000;https://auto.drom.ru/moscow/mercedes-benz/v-class/53128248.html;Характеристики совпадают с ПТС;7 записей о регистрации;Не числится в розыске;Ограничений не обнаружено;Москве;дизель, 2.1 л;190 л.с., налог;АКПП;задний;155 346 км;левый;3 поколение;коричневый;;;;;
Mercedes-Benz;M-Class;2014;2849000;https://auto.drom.ru/nizhniy-novgorod/mercedes-benz/m-class/53122242.html;Характеристики совпадают с ПТС;2 записи о регистрации;Не числится в розыске;Ограничений не обнаружено;Нижнем Новгороде;бензин, 3.0 л;333 л.с., налог;АКПП;4WD;221 530 км;левый;3 поколение;черный;;;;;
Mercedes-Benz;GL-Class;2014;3400000;https://auto.drom.ru/moscow/mercedes-benz/gl-class/52669516.html;Характеристики совпадают с ПТС;4 записи о регистрации;Не числится в розыске;Ограничений не обнаружено;Москве;бензин, 3.0 л;333 л.с., налог;АКПП;4WD;40 000 км;левый;2 поколение;черный;;GL 400 4MATIC AT Особая серия;;;
Mercedes-Benz;CLA-Class;2014;1800000;https://auto.drom.ru/moscow/mercedes-benz/cla-class/594909185.html;Характеристики совпадают с ПТС;3 записи о регистрации;Не числится в розыске;Ограничений не обнаружено;Москве;бензин, 1.6 л;156 л.с., налог;робот;передний;205 000 км;левый;1 поколение;белый;седан;CLA 200 DCT Особая серия;;;
Mercedes-Benz;CLS-Class;2014;3499000;https://auto.drom.ru/moscow/mercedes-benz/cls-class/273255729.html;Характеристики совпадают с ПТС;2 записи о регистрации;Не числится в розыске;Ограничений не обнаружено;Москве;дизель, 3.0 л;249 л.с., налог;АКПП;4WD;105 815 км;левый;2 поколение, рестайлинг;коричневый;седан;CLS 350 BlueTEC 4MATIC;;;
Mercedes-Benz;E-Class;2014;1750000;https://auto.drom.ru/spb/mercedes-benz/e-class/671851390.html;Характеристики совпадают с ПТС;6 записей о регистрации;Не числится в розыске;Ограничений не обнаружено;Санкт-Петербурге;бензин, 2.0 л;211 л.с., налог;АКПП;задний;177 542 км;левый;4 поколение, рестайлинг;черный;седан;;;;
Mercedes-Benz;A-Class;2014;2250000;https://auto.drom.ru/spb/mercedes-benz/a-class/53893297.html;Характеристики совпадают с ПТС;7 записей о регистрации;Не числится в розыске;Ограничений не обнаружено;Санкт-Петербурге;бензин, 2.0 л;360 л.с., налог;робот;4WD;127 000 км;левый;3 поколение;белый;хэтчбек 5 дв.;A 45 AMG DCT 4 MATIC Особая серия;;;
Mercedes-Benz;CLS-Class;2014;4550000;https://auto.drom.ru/voronezh/mercedes-benz/cls-class/53889123.html;Характеристики совпадают с ПТС;5 записей о регистрации;Не числится в розыске;Ограничений не обнаружено;Воронеже;бензин, 5.5 л;558 л.с., налог;робот;4WD;89 000 км;левый;2 поколение;серый;седан;CLS 63 AMG 4MATIC;;;
Mercedes-Benz;GLK-Class;2014;2350000;https://auto.drom.ru/cheboksary/mercedes-benz/glk-class/53534866.html;Характеристики совпадают с ПТС;3 записи о регистрации;Не числится в розыске;Ограничений не обнаружено;Чебоксарах;дизель, 2.1 л;170 л.с., налог;АКПП;4WD;210 000 км;левый;1 поколение, рестайлинг;черный;;GLK 220 CDI 4MATIC AT Особая серия;;;
Mercedes-Benz;C-Class;2014;2295000;https://auto.drom.ru/moscow/mercedes-benz/c-class/525660270.html;Характеристики совпадают с ПТС;2 записи о регистрации;Не числится в розыске;Ограничений не обнаружено;Москве;бензин, 1.6 л;156 л.с., налог;АКПП;задний;235 000 км;левый;4 поколение;белый;седан;C 180 AT Avantgarde;;;
Mercedes-Benz;M-Class;2014;3249000;https://auto.drom.ru/yaroslavl/mercedes-benz/m-class/407977602.html;Характеристики совпадают с ПТС;3 записи о регистрации;Не числится в розыске;Ограничений не обнаружено;Ярославле;дизель, 3.0 л;249 л.с., налог;АКПП;4WD;191 906 км;левый;3 поколение;черный;;;;;
Mercedes-Benz;GLA-Class;2014;2077852;https://auto.drom.ru/minsk/mercedes-benz/gla-class/167433075.html;;;;;Минске;бензин, 2.0 л;211 л.с., налог;робот;4WD;158 000 км;левый;1 поколение;черный;;GLA 250 DCT 4MATIC Style;;;
Mercedes-Benz;GLA-Class;2014;1970000;https://auto.drom.ru/moscow/mercedes-benz/gla-class/623865931.html;Характеристики совпадают с ПТС;1 запись о регистрации;Не числится в розыске;Ограничений не обнаружено;Москве;бензин, 1.6 л;156 л.с., налог;робот;передний;56 000 км;левый;1 поколение;коричневый;;;;;
Mercedes-Benz;GL-Class;2014;2858202;https://auto.drom.ru/minsk/mercedes-benz/gl-class/875485715.html;;;;;Минске;дизель, 3.0 л;249 л.с., налог;АКПП;4WD;420 000 км;левый;2 поколение;черный;;GL 350 BlueTEC 4MATIC AT Особая серия;;;
Mercedes-Benz;S-Class;2014;5450000;https://auto.drom.ru/moscow/mercedes-benz/s-class/53271372.html;Характеристики совпадают с ПТС;6 записей о регистрации;Не числится в розыске;Ограничений не обнаружено;Москве;бензин, 6.0 л;530 л.с., налог;АКПП;задний;82 000 км;левый;6 поколение;черный;седан;S 600 AT L;;;
Mercedes-Benz;GLA-Class;2014;1770000;https://auto.drom.ru/spb/mercedes-benz/gla-class/53886513.html;Характеристики совпадают с ПТС;2 записи о регистрации;Не числится в розыске;Ограничений не обнаружено;Санкт-Петербурге;бензин, 2.0 л;211 л.с., налог;робот;4WD;127 890 км;левый;1 поколение;красный;;GLA 250 4MATIC Особая серия;;;
Mercedes-Benz;S-Class;2014;3750000;https://auto.drom.ru/spb/mercedes-benz/s-class/53879108.html;Характеристики совпадают с ПТС;4 записи о регистрации;Не числится в розыске;Ограничений не обнаружено;Санкт-Петербурге;бензин, 4.7 л;455 л.с., налог;АКПП;4WD;281 243 км;левый;6 поколение;синий;седан;;;;
Mercedes-Benz;CLS-Class;2014;2465000;https://auto.drom.ru/spb/mercedes-benz/cls-class/53098347.html;Характеристики совпадают с ПТС;5 записей о регистрации;Не числится в розыске;Ограничений не обнаружено;Санкт-Петербурге;дизель, 3.0 л;265 л.с., налог;АКПП;4WD;115 462 км;левый;2 поколение;коричневый;седан;;;;
Mercedes-Benz;GLK-Class;2014;2100000;https://auto.drom.ru/spb/mercedes-benz/glk-class/537140622.html;Характеристики совпадают с ПТС;4 записи о регистрации;Не числится в розыске;Ограничений не обнаружено;Санкт-Петербурге;бензин, 2.0 л;211 л.с., налог;АКПП;4WD;201 000 км;левый;1 поколение, рестайлинг;коричневый;;GLK 250 4MATIC AT;;;
Mercedes-Benz;C-Class;2014;1800000;https://auto.drom.ru/spb/mercedes-benz/c-class/157502947.html;Характеристики совпадают с ПТС;3 записи о регистрации;Не числится в розыске;Ограничений не обнаружено;Санкт-Петербурге;бензин, 1.6 л;156 л.с., налог;АКПП;задний;194 000 км;левый;3 поколение, рестайлинг;белый;купе;;;;
Mercedes-Benz;GLA-Class;2014;2150000;https://auto.drom.ru/yaroslavl/mercedes-benz/gla-class/155544857.html;Характеристики совпадают с ПТС;3 записи о регистрации;Не числится в розыске;Ограничений не обнаружено;Ярославле;бензин, 1.6 л;156 л.с., налог;робот;передний;84 924 км;левый;1 поколение;синий;;;;;
Mercedes-Benz;S-Class;2014;14500000;https://auto.drom.ru/moscow/mercedes-benz/s-class/50128044.html;;;;;Москве;бензин, 6.0 л;523 л.с., налог;АКПП;задний;75 000 км;левый;6 поколение;черный;седан;S 600 AT;;;
Mercedes-Benz;V-Class;2014;3857000;https://auto.drom.ru/moscow/mercedes-benz/v-class/53874417.html;Характеристики совпадают с ПТС;3 записи о регистрации;Не числится в розыске;Ограничений не обнаружено;Москве;дизель, 2.1 л;190 л.с., налог;АКПП;задний;145 475 км;левый;3 поколение;черный;;;;;
Mercedes-Benz;GL-Class;2014;3600000;https://auto.drom.ru/moscow/mercedes-benz/gl-class/54155265.html;Характеристики совпадают с ПТС;4 записи о регистрации;Не числится в розыске;Ограничений не обнаружено;Москве;бензин, 4.7 л;435 л.с., налог;АКПП;4WD;143 000 км;левый;2 поколение;черный;;GL 500 4MATIC AT Особая серия;;;
Mercedes-Benz;CLA-Class;2014;1820000;https://auto.drom.ru/moscow/mercedes-benz/cla-class/53090179.html;Характеристики совпадают с ПТС;1 запись о регистрации;Не числится в розыске;Ограничений не обнаружено;Москве;бензин, 1.6 л;156 л.с., налог;робот;передний;119 359 км;левый;1 поколение;красный;седан;;;;
Mercedes-Benz;GLA-Class;2014;1936456;https://auto.drom.ru/kazan/mercedes-benz/gla-class/52628084.html;Характеристики совпадают с ПТС;2 записи о регистрации;Не числится в розыске;Ограничений не обнаружено;Казани;бензин, 1.6 л;156 л.с., налог;робот;передний;161 000 км;левый;1 поколение;серый;;;;;
Mercedes-Benz;C-Class;2014;1940254;https://auto.drom.ru/spb/mercedes-benz/c-class/54153166.html;Характеристики совпадают с ПТС;5 записей о регистрации;Не числится в розыске;Ограничений не обнаружено;Санкт-Петербурге;бензин, 1.6 л;156 л.с., налог;АКПП;задний;166 717 км;левый;;белый;седан;;;;
Mercedes-Benz;GLK-Class;2014;1999000;https://auto.drom.ru/moscow/mercedes-benz/glk-class/53076406.html;Характеристики совпадают с ПТС;3 записи о регистрации;Не числится в розыске;Ограничений не обнаружено;Москве;дизель, 2.1 л;170 л.с., налог;АКПП;4WD;148 000 км;левый;1 поколение, рестайлинг;белый;;GLK 220 CDI 4MATIC AT Особая серия;;;
Mercedes-Benz;GLE;2015;3550000;https://auto.drom.ru/moscow/mercedes-benz/gle-class/613299930.html;Характеристики совпадают с ПТС;3 записи о регистрации;Не числится в розыске;Ограничений не обнаружено;Москве;бензин, 3.5 л;249 л.с., налог;АКПП;4WD;153 000 км;левый;1 поколение;серый;;GLE 300 4MATIC "Особая серия";;;
Mercedes-Benz;GLE;2015;3340000;https://auto.drom.ru/voronezh/mercedes-benz/gle-class/54146552.html;Характеристики совпадают с ПТС;4 записи о регистрации;Не числится в розыске;Ограничений не обнаружено;Воронеже;бензин, 3.5 л;249 л.с., налог;АКПП;4WD;115 066 км;левый;1 поколение;черный;;GLE 300 4MATIC "Особая серия";;;
Mercedes-Benz;M-Class;2015;2999550;https://auto.drom.ru/spb/mercedes-benz/m-class/53068689.html;Характеристики совпадают с ПТС;5 записей о регистрации;Не числится в розыске;Ограничений не обнаружено;Санкт-Петербурге;бензин, 3.5 л;249 л.с., налог;АКПП;4WD;99 561 км;левый;3 поколение;черный;;ML 300 4MATIC AT Особая серия;;;
Mercedes-Benz;S-Class;2015;3859000;https://auto.drom.ru/moscow/mercedes-benz/s-class/52078732.html;Характеристики совпадают с ПТС;2 записи о регистрации;Не числится в розыске;Ограничений не обнаружено;Москве;бензин;;автомат;;235 278 км;левый;6 поколение;черный;седан;;;;
Mercedes-Benz;G-Class;2015;11500000;https://auto.drom.ru/moscow/mercedes-benz/g-class/275123052.html;Характеристики совпадают с ПТС;3 записи о регистрации;Не числится в розыске;Ограничений не обнаружено;Москве;бензин, 6.0 л;612 л.с., налог;АКПП;4WD;70 338 км;левый;2 поколение, 6 рестайлинг;черный;джип/suv 5 дв.;G 65 AMG;;;
Mercedes-Benz;S-Class;2015;6700000;https://auto.drom.ru/moscow/mercedes-benz/s-class/523872977.html;Характеристики совпадают с ПТС;3 записи о регистрации;Не числится в розыске;Ограничений не обнаружено;Москве;бензин, 4.7 л;455 л.с., налог;АКПП;4WD;66 000 км;левый;6 поколение;черный;купе;;;;
Mercedes-Benz;CLA-Class;2015;1878000;https://auto.drom.ru/moscow/mercedes-benz/cla-class/648596106.html;Характеристики совпадают с ПТС;1 запись о регистрации;Не числится в розыске;Ограничений не обнаружено;Москве;бензин, 1.6 л;150 л.с., налог;робот;передний;177 601 км;левый;1 поколение;белый;седан;;;;
Mercedes-Benz;M-Class;2015;3699000;https://auto.drom.ru/vologda/mercedes-benz/m-class/53853659.html;Характеристики совпадают с ПТС;6 записей о регистрации;Не числится в розыске;Ограничений не обнаружено;Вологде;бензин, 5.5 л;525 л.с., налог;АКПП;4WD;144 715 км;левый;3 поколение;черный;;ML 63 AMG Особая серия;;;
Mercedes-Benz;G-Class;2015;9777777;https://auto.drom.ru/moscow/mercedes-benz/g-class/53549221.html;Характеристики совпадают с ПТС;5 записей о регистрации;Не числится в розыске;Ограничений не обнаружено;Москве;бензин, 5.5 л;544 л.с., налог;АКПП;4WD;60 000 км;левый;2 поколение, 6 рестайлинг;черный;джип/suv 5 дв.;G 63 AMG;;;
Mercedes-Benz;E-Class;2015;2120000;https://auto.drom.ru/moscow/mercedes-benz/e-class/54141420.html;Характеристики совпадают с ПТС;5 записей о регистрации;Не числится в розыске;Ограничений не обнаружено;Москве;бензин, 2.0 л;184 л.с., налог;АКПП;задний;141 888 км;левый;4 поколение, рестайлинг;белый;седан;E 200 AТ Elegance;;;
Mercedes-Benz;CLA-Class;2015;2299950;https://auto.drom.ru/spb/mercedes-benz/cla-class/180305024.html;Характеристики совпадают с ПТС;2 записи о регистрации;Не числится в розыске;Ограничений не обнаружено;Санкт-Петербурге;бензин, 2.0 л;360 л.с., налог;робот;4WD;164 000 км;левый;1 поколение;красный;седан;;;;
Mercedes-Benz;CLA-Class;2015;1990000;https://auto.drom.ru/moscow/mercedes-benz/cla-class/350842609.html;Характеристики совпадают с ПТС;2 записи о регистрации;Не числится в розыске;Ограничений не обнаружено;Москве;бензин, 1.6 л;156 л.с., налог;робот;передний;80 813 км;левый;1 поколение;красный;седан;;;;
Mercedes-Benz;V-Class;2015;3198000;https://auto.drom.ru/moscow/mercedes-benz/v-class/53475820.html;Характеристики совпадают с ПТС;3 записи о регистрации;Не числится в розыске;Ограничений не обнаружено;Москве;дизель, 2.1 л;190 л.с., налог;АКПП;задний;177 800 км;левый;3 поколение;черный;;;;;
Mercedes-Benz;GLE;2015;3850000;https://auto.drom.ru/kazan/mercedes-benz/gle-class/54140812.html;Характеристики совпадают с ПТС;2 записи о регистрации;Не числится в розыске;Ограничений не обнаружено;Казани;дизель, 3.0 л;249 л.с., налог;АКПП;4WD;139 200 км;левый;1 поколение;белый;;GLE 350d 4MATIC "Особая серия";;;
Mercedes-Benz;C-Class;2015;2415000;https://auto.drom.ru/spb/mercedes-benz/c-class/54138249.html;Характеристики совпадают с ПТС;1 запись о регистрации;Не числится в розыске;Ограничений не обнаружено;Санкт-Петербурге;бензин, 1.6 л;156 л.с., налог;АКПП;задний;66 564 км;левый;4 поколение;белый;седан;;;;
Mercedes-Benz;C-Class;2015;2200000;https://auto.drom.ru/nizhniy-novgorod/mercedes-benz/c-class/53847505.html;Характеристики совпадают с ПТС;6 записей о регистрации;Не числится в розыске;Есть ограничения;Нижнем Новгороде;бензин, 1.6 л;156 л.с., налог;АКПП;задний;101 800 км;левый;4 поколение;черный;седан;C 180 AT Avantgarde;;;
Mercedes-Benz;AMG GT;2015;9470000;https://auto.drom.ru/moscow/mercedes-benz/amg_gt/292283996.html;Характеристики совпадают с ПТС;8 записей о регистрации;Не числится в розыске;Ограничений не обнаружено;Москве;бензин, 4.0 л;510 л.с., налог;робот;задний;30 000 км;левый;1 поколение;красный;хэтчбек 3 дв.;4.0 DCT AMG GT S;;;
Mercedes-Benz;M-Class;2015;3999999;https://auto.drom.ru/moscow/mercedes-benz/m-class/864437273.html;Характеристики совпадают с ПТС;2 записи о регистрации;Не числится в розыске;Ограничений не обнаружено;Москве;дизель, 3.0 л;249 л.с., налог;АКПП;4WD;175 000 км;левый;3 поколение;серый;;ML 350 BlueTEC 4MATIC Особая серия;;;
Mercedes-Benz;A-Class;2015;2249789;https://auto.drom.ru/spb/mercedes-benz/a-class/838185284.html;Характеристики совпадают с ПТС;4 записи о регистрации;Не числится в розыске;Ограничений не обнаружено;Санкт-Петербурге;бензин, 2.0 л;211 л.с., налог;робот;4WD;108 500 км;левый;3 поколение;черный;хэтчбек 5 дв.;;;;
Mercedes-Benz;GLC;2015;2695000;https://auto.drom.ru/moscow/mercedes-benz/glc-class/287136486.html;Характеристики совпадают с ПТС;1 запись о регистрации;Не числится в розыске;Ограничений не обнаружено;Москве;дизель, 2.1 л;204 л.с., налог;АКПП;4WD;186 000 км;левый;1 поколение;коричневый;;GLC 250d 4MATIC "Особая серия";;;
Mercedes-Benz;S-Class;2015;6600000;https://auto.drom.ru/moscow/mercedes-benz/s-class/53392583.html;Характеристики совпадают с ПТС;1 запись о регистрации;Не числится в розыске;Ограничений не обнаружено;Москве;бензин, 5.5 л;585 л.с., налог;робот;4WD;63 500 км;левый;6 поколение;серый;седан;AMG S 63 4MATIC L;;;
Mercedes-Benz;E-Class;2015;2699000;https://auto.drom.ru/moscow/mercedes-benz/e-class/566544388.html;;;;;Москве;дизель, 2.1 л;204 л.с., налог;АКПП;4WD;159 500 км;левый;4 поколение, рестайлинг;белый;седан;;;;
Mercedes-Benz;E-Class;2015;2340000;https://auto.drom.ru/moscow/mercedes-benz/e-class/708732260.html;Характеристики совпадают с ПТС;3 записи о регистрации;Не числится в розыске;Ограничений не обнаружено;Москве;бензин, 2.0 л;184 л.с., налог;АКПП;задний;166 000 км;левый;4 поколение, рестайлинг;белый;купе;E 200 AТ;;;
Mercedes-Benz;GL-Class;2015;3900000;https://auto.drom.ru/moscow/mercedes-benz/gl-class/588946308.html;Характеристики совпадают с ПТС;6 записей о регистрации;Не числится в розыске;Ограничений не обнаружено;Москве;бензин, 5.5 л;558 л.с., налог;АКПП;4WD;121 348 км;левый;2 поколение;белый;;GL 63 AMG 4MATIC;;;
Mercedes-Benz;S-Class;2015;6949000;https://auto.drom.ru/moscow/mercedes-benz/s-class/53831489.html;Характеристики совпадают с ПТС;3 записи о регистрации;Не числится в розыске;Ограничений не обнаружено;Москве;бензин, 5.5 л;585 л.с., налог;АКПП;4WD;105 250 км;левый;6 поколение;черный;купе;AMG S 63 4MATIC;;;
Mercedes-Benz;GLE Coupe;2015;4099000;https://auto.drom.ru/kazan/mercedes-benz/gle_coupe/54131723.html;Характеристики совпадают с ПТС;5 записей о регистрации;Не числится в розыске;Ограничений не обнаружено;Казани;дизель, 3.0 л;249 л.с., налог;АКПП;4WD;188 948 км;левый;1 поколение;белый;;350 d 4MATIC Особая серия;;;
Mercedes-Benz;GLA-Class;2015;1785000;https://auto.drom.ru/moscow/mercedes-benz/gla-class/54123257.html;Характеристики совпадают с ПТС;4 записи о регистрации;Не числится в розыске;Ограничений не обнаружено;Москве;бензин, 2.0 л;211 л.с., налог;робот;4WD;112 658 км;левый;1 поколение;черный;;;;;
Mercedes-Benz;C-Class;2015;2250000;https://auto.drom.ru/moscow/mercedes-benz/c-class/53836095.html;Характеристики совпадают с ПТС;2 записи о регистрации;Не числится в розыске;Ограничений не обнаружено;Москве;бензин, 1.6 л;156 л.с., налог;АКПП;задний;135 000 км;левый;4 поколение;черный;седан;C 180 Особая серия;;;
Mercedes-Benz;GLE Coupe;2015;5850000;https://auto.drom.ru/moscow/mercedes-benz/gle_coupe/53835411.html;Характеристики совпадают с ПТС;4 записи о регистрации;Не числится в розыске;Ограничений не обнаружено;Москве;бензин, 5.5 л;585 л.с., налог;АКПП;4WD;91 000 км;левый;1 поколение;белый;;AMG 63 S 4MATIC Особая серия;;;
Mercedes-Benz;GLE Coupe;2015;5390000;https://auto.drom.ru/penza/mercedes-benz/gle_coupe/53462017.html;Характеристики совпадают с ПТС;6 записей о регистрации;Не числится в розыске;Ограничений не обнаружено;Пензе;бензин, 5.5 л;557 л.с., налог;АКПП;4WD;139 900 км;левый;1 поколение;;;;;;
Mercedes-Benz;E-Class;2015;1569841;https://auto.drom.ru/minsk/mercedes-benz/e-class/54120696.html;Характеристики совпадают с ПТС;1 запись о регистрации;Не числится в розыске;Ограничений не обнаружено;Минске;бензин, 2.0 л;184 л.с., налог;АКПП;задний;338 210 км;левый;4 поколение, рестайлинг;черный;седан;;;;
Mercedes-Benz;E-Class;2015;2490000;https://auto.drom.ru/lyubertsy/mercedes-benz/e-class/52115501.html;Характеристики совпадают с ПТС;7 записей о регистрации;Не числится в розыске;Ограничений не обнаружено;Люберцах;бензин, 2.0 л;184 л.с., налог;АКПП;задний;108 000 км;левый;4 поколение, рестайлинг;синий;седан;;;;
Mercedes-Benz;E-Class;2015;3154000;https://auto.drom.ru/moscow/mercedes-benz/e-class/674385543.html;Характеристики совпадают с ПТС;3 записи о регистрации;Не числится в розыске;Ограничений не обнаружено;Москве;бензин, 2.0 л;211 л.с., налог;АКПП;задний;57 858 км;левый;4 поколение, рестайлинг;белый;купе;;;;
Mercedes-Benz;S-Class;2015;5200000;https://auto.drom.ru/moscow/mercedes-benz/s-class/834881283.html;Характеристики совпадают с ПТС;3 записи о регистрации;Не числится в розыске;Ограничений не обнаружено;Москве;бензин, 4.7 л;456 л.с., налог;автомат;4WD;119 804 км;левый;;черный;седан;;;;
Mercedes-Benz;E-Class;2015;2049000;https://auto.drom.ru/moscow/mercedes-benz/e-class/53031527.html;Характеристики совпадают с ПТС;;Не числится в розыске;Ограничений не обнаружено;Москве;бензин, 2.0 л;184 л.с., налог;АКПП;задний;156 374 км;левый;4 поколение, рестайлинг;серебристый;седан;;;;
Mercedes-Benz;GLE;2015;3681000;https://auto.drom.ru/spb/mercedes-benz/gle-class/935459837.html;Характеристики совпадают с ПТС;4 записи о регистрации;Не числится в розыске;Ограничений не обнаружено;Санкт-Петербурге;дизель, 3.0 л;249 л.с., налог;АКПП;4WD;156 799 км;левый;1 поколение;черный;;GLE 350d 4MATIC "Особая серия";;;
Mercedes-Benz;CLS-Class;2015;2899000;https://auto.drom.ru/moscow/mercedes-benz/cls-class/53817516.html;Характеристики совпадают с ПТС;4 записи о регистрации;Не числится в розыске;Ограничений не обнаружено;Москве;дизель, 2.1 л;204 л.с., налог;АКПП;4WD;149 187 км;левый;2 поколение, рестайлинг;черный;седан;;;;
Mercedes-Benz;GLA-Class;2015;1949000;https://auto.drom.ru/moscow/mercedes-benz/gla-class/53011649.html;Характеристики совпадают с ПТС;2 записи о регистрации;Не числится в розыске;Ограничений не обнаружено;Москве;бензин, 1.6 л;156 л.с., налог;робот;передний;110 000 км;левый;1 поколение;серый;;;;;
Mercedes-Benz;GLA-Class;2015;2355000;https://auto.drom.ru/spb/mercedes-benz/gla-class/53448866.html;Характеристики совпадают с ПТС;1 запись о регистрации;Не числится в розыске;Ограничений не обнаружено;Санкт-Петербурге;бензин, 2.0 л;211 л.с., налог;робот;4WD;90 000 км;левый;1 поколение;зеленый;;;;;
Mercedes-Benz;GLC;2015;3080000;https://auto.drom.ru/spb/mercedes-benz/glc-class/53005766.html;Характеристики совпадают с ПТС;2 записи о регистрации;Не числится в розыске;Ограничений не обнаружено;Санкт-Петербурге;дизель, 2.1 л;204 л.с., налог;АКПП;4WD;86 574 км;левый;1 поколение;белый;;;;;
Mercedes-Benz;GL-Class;2015;4100000;https://auto.drom.ru/moscow/mercedes-benz/gl-class/449119586.html;Характеристики совпадают с ПТС;1 запись о регистрации;Не числится в розыске;Ограничений не обнаружено;Москве;дизель, 3.0 л;249 л.с., налог;АКПП;4WD;91 000 км;левый;2 поколение;белый;;GL 350 BlueTEC 4MATIC AT Особая серия;;;
Mercedes-Benz;GLE Coupe;2015;4950000;https://auto.drom.ru/spb/mercedes-benz/gle_coupe/267606940.html;Характеристики совпадают с ПТС;6 записей о регистрации;Не числится в розыске;Ограничений не обнаружено;Санкт-Петербурге;бензин, 5.5 л;585 л.с., налог;АКПП;4WD;120 000 км;левый;1 поколение;белый;;;;;
Mercedes-Benz;CLS-Class;2015;3099000;https://auto.drom.ru/moscow/mercedes-benz/cls-class/239771584.html;Характеристики совпадают с ПТС;7 записей о регистрации;Не числится в розыске;Ограничений не обнаружено;Москве;дизель, 3.0 л;249 л.с., налог;АКПП;4WD;188 035 км;левый;2 поколение, рестайлинг;черный;универсал;;;;
Mercedes-Benz;GLC;2015;3150000;https://auto.drom.ru/saratov/mercedes-benz/glc-class/923285093.html;Характеристики совпадают с ПТС;3 записи о регистрации;Не числится в розыске;Ограничений не обнаружено;Саратове;дизель, 2.1 л;170 л.с., налог;АКПП;4WD;125 000 км;левый;1 поколение;белый;;;;;
Mercedes-Benz;C-Class;2015;2399000;https://auto.drom.ru/moscow/mercedes-benz/c-class/220948412.html;Характеристики совпадают с ПТС;2 записи о регистрации;Не числится в розыске;Ограничений не обнаружено;Москве;бензин, 1.6 л;156 л.с., налог;АКПП;задний;135 376 км;левый;4 поколение;синий;седан;;;;
Mercedes-Benz;M-Class;2015;5555555;https://auto.drom.ru/moscow/mercedes-benz/m-class/53804524.html;Характеристики совпадают с ПТС;3 записи о регистрации;Не числится в розыске;Ограничений не обнаружено;Москве;бензин, 5.5 л;558 л.с., налог;АКПП;4WD;103 000 км;левый;3 поколение;белый;;;;;
Mercedes-Benz;GLA-Class;2015;2250000;https://auto.drom.ru/moscow/mercedes-benz/gla-class/180275790.html;Характеристики совпадают с ПТС;3 записи о регистрации;Не числится в розыске;Ограничений не обнаружено;Москве;бензин, 1.6 л;156 л.с., налог;робот;передний;83 205 км;левый;1 поколение;серый;;;;;
Mercedes-Benz;C-Class;2015;2320000;https://auto.drom.ru/moscow/mercedes-benz/c-class/519414026.html;Характеристики совпадают с ПТС;6 записей о регистрации;Не числится в розыске;Ограничений не обнаружено;Москве;бензин, 1.6 л;156 л.с., налог;АКПП;задний;177 320 км;левый;4 поколение;синий;седан;;;;
Mercedes-Benz;S-Class;2015;4900000;https://auto.drom.ru/zelenograd/mercedes-benz/s-class/715792110.html;Характеристики совпадают с ПТС;8 записей о регистрации;Не числится в розыске;Ограничений не обнаружено;Зеленограде;бензин, 3.0 л;333 л.с., налог;АКПП;4WD;157 000 км;левый;6 поколение;черный;седан;S 400 4MATIC L;;;
Mercedes-Benz;GLA-Class;2015;1878000;https://auto.drom.ru/moscow/mercedes-benz/gla-class/528710342.html;Характеристики совпадают с ПТС;4 записи о регистрации;Не числится в розыске;Ограничений не обнаружено;Москве;бензин, 2.0 л;211 л.с., налог;робот;4WD;124 476 км;левый;1 поколение;белый;;;;;
Mercedes-Benz;GLK-Class;2015;2129000;https://auto.drom.ru/spb/mercedes-benz/glk-class/364783000.html;Характеристики совпадают с ПТС;2 записи о регистрации;Не числится в розыске;Ограничений не обнаружено;Санкт-Петербурге;бензин, 2.0 л;211 л.с., налог;АКПП;4WD;151 654 км;левый;1 поколение, рестайлинг;белый;;;;;
Mercedes-Benz;C-Class;2015;2000000;https://auto.drom.ru/moscow/mercedes-benz/c-class/573125508.html;Характеристики совпадают с ПТС;2 записи о регистрации;Не числится в розыске;Ограничений не обнаружено;Москве;бензин, 1.6 л;150 л.с., налог;АКПП;задний;115 000 км;левый;4 поколение;белый;седан;;;;
Mercedes-Benz;B-Class;2015;1520000;https://auto.drom.ru/moscow/mercedes-benz/b-class/54087920.html;Характеристики совпадают с ПТС;1 запись о регистрации;Не числится в розыске;Ограничений не обнаружено;Москве;бензин;;автомат;;133 722 км;левый;2 поколение, рестайлинг;черный;;;;;
Mercedes-Benz;A-Class;2015;1435000;https://auto.drom.ru/moscow/mercedes-benz/a-class/54087325.html;Характеристики совпадают с ПТС;3 записи о регистрации;Не числится в розыске;Ограничений не обнаружено;Москве;бензин, 1.6 л;156 л.с., налог;робот;передний;166 053 км;левый;3 поколение;белый;хэтчбек 5 дв.;;;;
Mercedes-Benz;C-Class;2015;2074550;https://auto.drom.ru/spb/mercedes-benz/c-class/54085296.html;Характеристики совпадают с ПТС;2 записи о регистрации;Не числится в розыске;Ограничений не обнаружено;Санкт-Петербурге;бензин, 1.6 л;156 л.с., налог;АКПП;задний;77 832 км;левый;4 поколение;черный;седан;;;;
Mercedes-Benz;GLC;2015;2860000;https://auto.drom.ru/moscow/mercedes-benz/glc-class/54082071.html;Характеристики совпадают с ПТС;3 записи о регистрации;Не числится в розыске;Ограничений не обнаружено;Москве;бензин, 2.0 л;245 л.с., налог;АКПП;4WD;117 200 км;левый;1 поколение;синий;;GLC 300 4MATIC "Особая серия";;;
Mercedes-Benz;E-Class;2015;3200000;https://auto.drom.ru/moscow/mercedes-benz/e-class/54076542.html;Характеристики совпадают с ПТС;3 записи о регистрации;Не числится в розыске;Ограничений не обнаружено;Москве;дизель, 2.1 л;204 л.с., налог;АКПП;4WD;43 934 км;левый;4 поколение, рестайлинг;серебристый;седан;E 250 BlueTEC 4MATIC AT Особая серия;;;
Mercedes-Benz;CLA-Class;2015;2167235;https://auto.drom.ru/kazan/mercedes-benz/cla-class/53791779.html;Характеристики совпадают с ПТС;1 запись о регистрации;Не числится в розыске;Ограничений не обнаружено;Казани;бензин, 2.0 л;211 л.с., налог;робот;4WD;157 657 км;левый;1 поколение;красный;седан;;;;
Mercedes-Benz;GLA-Class;2015;1788000;https://auto.drom.ru/moscow/mercedes-benz/gla-class/52979170.html;Характеристики совпадают с ПТС;4 записи о регистрации;Не числится в розыске;Ограничений не обнаружено;Москве;бензин, 2.0 л;211 л.с., налог;робот;4WD;135 484 км;левый;1 поколение;черный;;;;;
Mercedes-Benz;GLA-Class;2015;1950000;https://auto.drom.ru/spb/mercedes-benz/gla-class/553365362.html;Характеристики совпадают с ПТС;5 записей о регистрации;Не числится в розыске;Ограничений не обнаружено;Санкт-Петербурге;бензин, 2.0 л;211 л.с., налог;робот;4WD;144 700 км;левый;1 поколение;серый;;GLA 250 4MATIC Особая серия;;;
Mercedes-Benz;GL-Class;2015;4149000;https://auto.drom.ru/moscow/mercedes-benz/gl-class/692353563.html;Характеристики совпадают с ПТС;2 записи о регистрации;Не числится в розыске;Ограничений не обнаружено;Москве;бензин, 5.5 л;557 л.с., налог;АКПП;4WD;156 884 км;левый;2 поколение;серый;;;;;
Mercedes-Benz;GL-Class;2015;3823000;https://auto.drom.ru/moscow/mercedes-benz/gl-class/493976787.html;Характеристики совпадают с ПТС;2 записи о регистрации;Не числится в розыске;Ограничений не обнаружено;Москве;дизель, 3.0 л;249 л.с., налог;АКПП;4WD;141 263 км;левый;2 поколение;коричневый;;GL 350 BlueTEC 4MATIC AT Особая серия;;;
Mercedes-Benz;GLE;2015;3469789;https://auto.drom.ru/spb/mercedes-benz/gle-class/143489237.html;Характеристики совпадают с ПТС;3 записи о регистрации;Не числится в розыске;Ограничений не обнаружено;Санкт-Петербурге;дизель, 2.1 л;204 л.с., налог;АКПП;4WD;138 286 км;левый;1 поколение;черный;;;;;
Mercedes-Benz;S-Class;2015;5200000;https://auto.drom.ru/moscow/mercedes-benz/s-class/54075131.html;Характеристики совпадают с ПТС;6 записей о регистрации;Не числится в розыске;Ограничений не обнаружено;Москве;бензин, 3.0 л;333 л.с., налог;АКПП;4WD;102 754 км;левый;6 поколение;белый;седан;;;;
Mercedes-Benz;GLC;2015;3098000;https://auto.drom.ru/volgograd/mercedes-benz/glc-class/54074371.html;Характеристики совпадают с ПТС;2 записи о регистрации;Не числится в розыске;Ограничений не обнаружено;Волгограде;дизель, 2.1 л;204 л.с., налог;АКПП;4WD;134 169 км;левый;1 поколение;коричневый;;GLC 250d 4MATIC "Особая серия";;;
Mercedes-Benz;M-Class;2015;2484000;https://auto.drom.ru/spb/mercedes-benz/m-class/54073373.html;Характеристики совпадают с ПТС;6 записей о регистрации;Не числится в розыске;Ограничений не обнаружено;Санкт-Петербурге;бензин, 3.0 л;333 л.с., налог;АКПП;4WD;260 000 км;левый;3 поколение;серый;;;;;
Mercedes-Benz;E-Class;2015;2150000;https://auto.drom.ru/moscow/mercedes-benz/e-class/53784497.html;Характеристики совпадают с ПТС;3 записи о регистрации;Не числится в розыске;Ограничений не обнаружено;Москве;дизель, 2.1 л;204 л.с., налог;АКПП;4WD;230 000 км;левый;4 поколение, рестайлинг;коричневый;седан;E 250 BlueTEC 4MATIC AТ Avantgarde;;;
Mercedes-Benz;G-Class;2015;10000000;https://auto.drom.ru/moscow/mercedes-benz/g-class/639684221.html;Характеристики совпадают с ПТС;6 записей о регистрации;Не числится в розыске;Ограничений не обнаружено;Москве;бензин, 5.5 л;544 л.с., налог;АКПП;4WD;46 800 км;левый;2 поколение, 6 рестайлинг;черный;джип/suv 5 дв.;G 63 AMG;;;
Mercedes-Benz;GLA-Class;2015;2314000;https://auto.drom.ru/moscow/mercedes-benz/gla-class/687273579.html;Характеристики совпадают с ПТС;1 запись о регистрации;Не числится в розыске;Ограничений не обнаружено;Москве;бензин, 2.0 л;211 л.с., налог;робот;4WD;70 248 км;левый;1 поколение;белый;;;;;
Mercedes-Benz;C-Class;2015;3069000;https://auto.drom.ru/spb/mercedes-benz/c-class/909655297.html;Характеристики совпадают с ПТС;5 записей о регистрации;Не числится в розыске;Ограничений не обнаружено;Санкт-Петербурге;бензин, 2.0 л;211 л.с., налог;АКПП;задний;33 900 км;левый;4 поколение;синий;седан;;;;
Mercedes-Benz;GL-Class;2015;3499000;https://auto.drom.ru/moscow/mercedes-benz/gl-class/320872163.html;Характеристики совпадают с ПТС;2 записи о регистрации;Не числится в розыске;Ограничений не обнаружено;Москве;бензин, 3.0 л;333 л.с., налог;АКПП;4WD;124 390 км;левый;2 поколение;черный;;;;;
Mercedes-Benz;M-Class;2015;2765000;https://auto.drom.ru/moscow/mercedes-benz/m-class/53777337.html;Характеристики совпадают с ПТС;1 запись о регистрации;Не числится в розыске;Ограничений не обнаружено;Москве;дизель, 2.1 л;204 л.с., налог;АКПП;4WD;141 101 км;левый;3 поколение;черный;;;;;
Mercedes-Benz;CLA-Class;2015;2014000;https://auto.drom.ru/spb/mercedes-benz/cla-class/54066311.html;Характеристики совпадают с ПТС;4 записи о регистрации;Не числится в розыске;Ограничений не обнаружено;Санкт-Петербурге;бензин, 1.6 л;156 л.с., налог;робот;передний;131 053 км;левый;1 поколение;черный;седан;;;;
Mercedes-Benz;S-Class;2015;6497000;https://auto.drom.ru/moscow/mercedes-benz/s-class/54064546.html;Характеристики совпадают с ПТС;6 записей о регистрации;Не числится в розыске;Ограничений не обнаружено;Москве;бензин, 5.5 л;585 л.с., налог;АКПП;4WD;83 300 км;левый;6 поколение;белый;купе;AMG S 63 4MATIC;;;
Mercedes-Benz;GLK-Class;2015;2049000;https://auto.drom.ru/spb/mercedes-benz/glk-class/54062045.html;Характеристики совпадают с ПТС;1 запись о регистрации;Не числится в розыске;Ограничений не обнаружено;Санкт-Петербурге;бензин, 2.0 л;211 л.с., налог;АКПП;4WD;153 000 км;левый;1 поколение, рестайлинг;белый;;;;;
Mercedes-Benz;GL-Class;2015;4200000;https://auto.drom.ru/kazan/mercedes-benz/gl-class/53778718.html;Характеристики совпадают с ПТС;3 записи о регистрации;Не числится в розыске;Ограничений не обнаружено;Казани;дизель, 3.0 л;249 л.с., налог;АКПП;4WD;120 000 км;левый;2 поколение;черный;;GL 350 BlueTEC 4MATIC AT Особая серия;;;
Mercedes-Benz;C-Class;2015;2329000;https://auto.drom.ru/voronezh/mercedes-benz/c-class/53770549.html;Характеристики совпадают с ПТС;2 записи о регистрации;Не числится в розыске;Ограничений не обнаружено;Воронеже;бензин, 1.6 л;156 л.с., налог;АКПП;задний;180 987 км;левый;4 поколение;белый;седан;;;;
Mercedes-Benz;GLE Coupe;2015;4499700;https://auto.drom.ru/moscow/mercedes-benz/gle_coupe/53392762.html;Характеристики совпадают с ПТС;2 записи о регистрации;Не числится в розыске;Ограничений не обнаружено;Москве;дизель, 3.0 л;249 л.с., налог;АКПП;4WD;74 513 км;левый;1 поколение;черный;;350 d 4MATIC Особая серия;;;
Mercedes-Benz;GLE;2015;3387000;https://auto.drom.ru/moscow/mercedes-benz/gle-class/865549783.html;Характеристики совпадают с ПТС;3 записи о регистрации;Не числится в розыске;Ограничений не обнаружено;Москве;бензин, 3.5 л;249 л.с., налог;АКПП;4WD;214 368 км;левый;1 поколение;черный;;GLE 300 4MATIC "Особая серия";;;
Mercedes-Benz;M-Class;2015;3300000;https://auto.drom.ru/moscow/mercedes-benz/m-class/829556915.html;Характеристики совпадают с ПТС;4 записи о регистрации;Не числится в розыске;Ограничений не обнаружено;Москве;дизель, 3.0 л;249 л.с., налог;АКПП;4WD;150 000 км;левый;3 поколение;черный;;ML 350 BlueTEC 4MATIC Особая серия;;;
Mercedes-Benz;B-Class;2015;1529000;https://auto.drom.ru/moscow/mercedes-benz/b-class/604936100.html;Мощность двигателя не совпадает с ПТС;1 запись о регистрации;Не числится в розыске;Ограничений не обнаружено;Москве;электро;179 л.с., налог;АКПП;передний;134 921 км;левый;2 поколение, рестайлинг;синий;;;;;
Mercedes-Benz;GLE;2015;3740000;https://auto.drom.ru/moscow/mercedes-benz/gle-class/399923012.html;Характеристики совпадают с ПТС;1 запись о регистрации;Не числится в розыске;Ограничений не обнаружено;Москве;бензин, 3.0 л;333 л.с., налог;АКПП;4WD;188 570 км;левый;1 поколение;белый;;;;;
Mercedes-Benz;CLA-Class;2015;1627745;https://auto.drom.ru/spb/mercedes-benz/cla-class/251639955.html;Характеристики совпадают с ПТС;3 записи о регистрации;Не числится в розыске;Ограничений не обнаружено;Санкт-Петербурге;бензин, 1.6 л;156 л.с., налог;робот;передний;187 674 км;левый;1 поколение;серебристый;седан;;;;
Mercedes-Benz;C-Class;2015;2320000;https://auto.drom.ru/moscow/mercedes-benz/c-class/53759499.html;Характеристики совпадают с ПТС;3 записи о регистрации;Не числится в розыске;Ограничений не обнаружено;Москве;бензин, 1.6 л;150 л.с., налог;АКПП;задний;66 000 км;левый;4 поколение;черный;седан;;;;
Mercedes-Benz;GL-Class;2015;3998000;https://auto.drom.ru/moscow/mercedes-benz/gl-class/53766959.html;Характеристики совпадают с ПТС;3 записи о регистрации;Не числится в розыске;Ограничений не обнаружено;Москве;бензин, 3.0 л;333 л.с., налог;АКПП;4WD;146 996 км;левый;2 поколение;белый;;;;;
Mercedes-Benz;GLA-Class;2015;2150000;https://auto.drom.ru/moscow/mercedes-benz/gla-class/53767503.html;Характеристики совпадают с ПТС;1 запись о регистрации;Не числится в розыске;Ограничений не обнаружено;Москве;бензин, 1.6 л;156 л.с., налог;робот;передний;111 700 км;левый;1 поколение;серый;;GLA 200 Особая серия;;;
Mercedes-Benz;C-Class;2015;1829789;https://auto.drom.ru/spb/mercedes-benz/c-class/53758643.html;Характеристики совпадают с ПТС;5 записей о регистрации;Не числится в розыске;Ограничений не обнаружено;Санкт-Петербурге;бензин, 1.6 л;156 л.с., налог;АКПП;задний;168 800 км;левый;4 поколение;белый;седан;;;;
Mercedes-Benz;CLS-Class;2015;2761235;https://auto.drom.ru/minsk/mercedes-benz/cls-class/53751783.html;;;;;Минске;дизель, 2.1 л;170 л.с., налог;автомат;задний;116 000 км;левый;2 поколение, рестайлинг;черный;седан;;;;
Mercedes-Benz;GLE Coupe;2015;5097000;https://auto.drom.ru/penza/mercedes-benz/gle_coupe/52930232.html;Характеристики совпадают с ПТС;2 записи о регистрации;Не числится в розыске;Ограничений не обнаружено;Пензе;бензин, 3.0 л;333 л.с., налог;АКПП;4WD;119 700 км;левый;1 поколение;;;;;;
Mercedes-Benz;G-Class;2015;13100000;https://auto.drom.ru/moscow/mercedes-benz/g-class/47843303.html;Мощность двигателя не совпадает с ПТС;3 записи о регистрации;Не числится в розыске;Ограничений не обнаружено;Москве;бензин, 6.0 л;630 л.с., налог;АКПП;4WD;61 000 км;левый;2 поколение, 7 рестайлинг;черный;джип/suv 5 дв.;G 65 AMG;;;
Mercedes-Benz;GLC;2015;3199000;https://auto.drom.ru/spb/mercedes-benz/glc-class/742234693.html;Характеристики совпадают с ПТС;1 запись о регистрации;Не числится в розыске;Ограничений не обнаружено;Санкт-Петербурге;дизель, 2.1 л;204 л.с., налог;АКПП;4WD;102 000 км;левый;1 поколение;серый;;;;;
Mercedes-Benz;GL-Class;2015;2798000;https://auto.drom.ru/moscow/mercedes-benz/gl-class/54045335.html;Характеристики совпадают с ПТС;7 записей о регистрации;Не числится в розыске;Ограничений не обнаружено;Москве;бензин, 4.7 л;435 л.с., налог;АКПП;4WD;169 971 км;левый;2 поколение;черный;;;;;
Mercedes-Benz;E-Class;2015;2250000;https://auto.drom.ru/spb/mercedes-benz/e-class/53748237.html;Характеристики совпадают с ПТС;1 запись о регистрации;Не числится в розыске;Ограничений не обнаружено;Санкт-Петербурге;бензин, 2.0 л;184 л.с., налог;АКПП;задний;130 672 км;левый;4 поколение, рестайлинг;черный;седан;;;;
Mercedes-Benz;M-Class;2015;3100000;https://auto.drom.ru/tambov/mercedes-benz/m-class/52931884.html;Характеристики совпадают с ПТС;1 запись о регистрации;Не числится в розыске;Ограничений не обнаружено;Тамбове;дизель, 3.0 л;249 л.с., налог;АКПП;4WD;176 000 км;левый;3 поколение;красный;;ML 350 BlueTEC 4MATIC Особая серия;;;
