Бренд;Модель;Год;Цена;URL;ПТС;Владельцы;Розыск;Ограничения;Город;Двигатель;Мощность;Коробка передач;Привод;Тип кузова;Цвет;Пробег;Руль;Поколение;Комплектация;Особые отметки;VIN;
Mercedes-Benz;GLS-Class;2022;17900000;https://auto.drom.ru/moscow/mercedes-benz/gls-class/52139612.html;;;;;Москве;дизель, 2.9 л;330 л.с., налог;АКПП;4WD;;черный;новый автомобиль;левый;2 поколение;;;Z9M**************;
Mercedes-Benz;GLE;2022;11450000;https://auto.drom.ru/moscow/mercedes-benz/gle-class/52139614.html;;;;;Москве;дизель, 2.0 л;245 л.с., налог;АКПП;4WD;;белый;новый автомобиль;левый;2 поколение;;;Z9M**************;
Mercedes-Benz;GLS-Class;2022;17300000;https://auto.drom.ru/moscow/mercedes-benz/gls-class/52139619.html;;;;;Москве;дизель, 2.9 л;330 л.с., налог;АКПП;4WD;;серый;новый автомобиль;левый;2 поколение;;;Z9M**************;
Mercedes-Benz;GLS-Class;2022;17600000;https://auto.drom.ru/moscow/mercedes-benz/gls-class/52139620.html;;;;;Москве;дизель, 2.9 л;330 л.с., налог;АКПП;4WD;;серый;новый автомобиль;левый;2 поколение;;;Z9M**************;
Mercedes-Benz;GLE;2022;14300000;https://auto.drom.ru/moscow/mercedes-benz/gle-class/52139604.html;;;;;Москве;бензин, 3.0 л;367 л.с., налог;АКПП;4WD;;белый;новый автомобиль;левый;2 поколение;;;Z9M**************;
Mercedes-Benz;GLE;2022;12900000;https://auto.drom.ru/moscow/mercedes-benz/gle-class/52139608.html;;;;;Москве;дизель, 2.0 л;245 л.с., налог;АКПП;4WD;;черный;новый автомобиль;левый;2 поколение;;;Z9M**************;
Mercedes-Benz;GLE;2022;13846000;https://auto.drom.ru/moscow/mercedes-benz/gle-class/51340509.html;;;;;Москве;дизель, 2.0 л;245 л.с., налог;АКПП;4WD;;черный;новый автомобиль;левый;2 поколение;GLE 300 d 4MATIC Sport Plus;;Z9M**************;
Mercedes-Benz;GLC;2022;7292320;https://auto.drom.ru/moscow/mercedes-benz/glc-class/53737348.html;;;;;Москве;дизель, 2.0 л;194 л.с., налог;АКПП;4WD;;белый;новый автомобиль;левый;1 поколение, рестайлинг;GLC 220d AT 4MATIC;;Z9M**************;
Mercedes-Benz;GLC;2022;7292320;https://auto.drom.ru/moscow/mercedes-benz/glc-class/52217957.html;;;;;Москве;дизель, 2.0 л;194 л.с., налог;АКПП;4WD;;белый;новый автомобиль;левый;1 поколение, рестайлинг;GLC 220d AT 4MATIC;;Z9M**************;
Mercedes-Benz;E-Class;2022;8485000;https://auto.drom.ru/moscow/mercedes-benz/e-class/293803118.html;;;;;Москве;дизель, 2.0 л;194 л.с., налог;АКПП;4WD;седан;белый;21 км;левый;5 поколение, рестайлинг;;;;
Mercedes-Benz;V-Class;2022;15000000;https://auto.drom.ru/moscow/mercedes-benz/v-class/49336737.html;;;;;Москве;дизель, 2.1 л;235 л.с., налог;автомат;4WD;;черный;24 км;левый;3 поколение, рестайлинг;;;;
Mercedes-Benz;GLE;2022;16168000;https://auto.drom.ru/spb/mercedes-benz/gle-class/52569442.html;;;;;Санкт-Петербурге;дизель, 2.9 л;330 л.с., налог;АКПП;4WD;;черный;новый автомобиль;левый;2 поколение;GLE 400 d 4MATIC Luxury;;Z9M**************;
Mercedes-Benz;GLC;2022;7292320;https://auto.drom.ru/moscow/mercedes-benz/glc-class/52203085.html;;;;;Москве;дизель, 2.0 л;194 л.с., налог;АКПП;4WD;;белый;новый автомобиль;левый;1 поколение, рестайлинг;GLC 220d AT 4MATIC;;Z9M**************;
Mercedes-Benz;AMG GT;2022;14420000;https://auto.drom.ru/himki/mercedes-benz/amg_gt/248148022.html;Характеристики совпадают с ПТС;2 записи о регистрации;Не числится в розыске;Ограничений не обнаружено;Химках;бензин, 3.0 л;367 л.с., налог;АКПП;4WD;лифтбек;серый;9 034 км;левый;1 поколение, рестайлинг;3.0 AT GT 43 4MATIC+;;;
Mercedes-Benz;V-Class;2022;11698000;https://auto.drom.ru/moscow/mercedes-benz/v-class/54100091.html;Характеристики совпадают с ПТС;1 запись о регистрации;Не числится в розыске;Ограничений не обнаружено;Москве;дизель, 2.0 л;163 л.с., налог;автомат;4WD;;черный;2 640 км;левый;;;;;
Mercedes-Benz;GLE;2022;16231000;https://auto.drom.ru/spb/mercedes-benz/gle-class/52569927.html;;;;;Санкт-Петербурге;дизель, 2.9 л;330 л.с., налог;АКПП;4WD;;черный;новый автомобиль;левый;2 поколение;GLE 400 d 4MATIC Luxury;;Z9M**************;
Mercedes-Benz;GLS-Class;2022;19080000;https://auto.drom.ru/spb/mercedes-benz/gls-class/52569928.html;;;;;Санкт-Петербурге;дизель, 2.9 л;330 л.с., налог;АКПП;4WD;;черный;новый автомобиль;левый;2 поколение;GLS 400 d 4MATIC Luxury;;Z9M**************;
Mercedes-Benz;S-Class;2022;14100000;https://auto.drom.ru/moscow/mercedes-benz/s-class/53005332.html;Характеристики совпадают с ПТС;4 записи о регистрации;Не числится в розыске;Ограничений не обнаружено;Москве;3.0 л;517 л.с., налог;автомат;задний;седан;серый;25 236 км;левый;;;;;
Mercedes-Benz;GLE;2022;16343495;https://auto.drom.ru/moscow/mercedes-benz/gle-class/52561511.html;;;;;Москве;дизель, 2.9 л;330 л.с., налог;АКПП;4WD;;белый;новый автомобиль;левый;2 поколение;;;Z9M**************;
Mercedes-Benz;GLE;2022;13821480;https://auto.drom.ru/moscow/mercedes-benz/gle-class/52561580.html;;;;;Москве;дизель, 2.0 л;245 л.с., налог;АКПП;4WD;;белый;новый автомобиль;левый;2 поколение;;;Z9M**************;
Mercedes-Benz;GLS-Class;2022;19602000;https://auto.drom.ru/moscow/mercedes-benz/gls-class/52066909.html;;;;;Москве;дизель, 2.9 л;330 л.с., налог;АКПП;4WD;;черный;новый автомобиль;левый;2 поколение;GLS 400 d 4MATIC Luxury;;Z9M**************;
Mercedes-Benz;GLC;2022;7292320;https://auto.drom.ru/moscow/mercedes-benz/glc-class/52191519.html;;;;;Москве;дизель, 2.0 л;194 л.с., налог;АКПП;4WD;;белый;новый автомобиль;левый;1 поколение, рестайлинг;GLC 220d AT 4MATIC;;Z9M**************;
Mercedes-Benz;V-Class;2022;14250000;https://auto.drom.ru/moscow/mercedes-benz/v-class/630001907.html;Характеристики совпадают с ПТС;1 запись о регистрации;Не числится в розыске;Ограничений не обнаружено;Москве;дизель, 2.0 л;237 л.с., налог;автомат;4WD;;черный;новый автомобиль;левый;;;;W1V**************;
Mercedes-Benz;GLE;2022;16864935;https://auto.drom.ru/moscow/mercedes-benz/gle-class/52760662.html;;;;;Москве;дизель, 2.9 л;330 л.с., налог;АКПП;4WD;;белый;новый автомобиль;левый;2 поколение;;;Z9M**************;
Mercedes-Benz;GLS-Class;2022;13490000;https://auto.drom.ru/moscow/mercedes-benz/gls-class/401175203.html;Характеристики совпадают с ПТС;2 записи о регистрации;Не числится в розыске;Ограничений не обнаружено;Москве;дизель, 2.9 л;330 л.с., налог;АКПП;4WD;;белый;22 000 км;левый;2 поколение;;;;
Mercedes-Benz;GLS-Class;2022;19621000;https://auto.drom.ru/moscow/mercedes-benz/gls-class/52066853.html;;;;;Москве;дизель, 2.9 л;330 л.с., налог;АКПП;4WD;;черный;новый автомобиль;левый;2 поколение;GLS 400 d 4MATIC Luxury;;Z9M**************;
Mercedes-Benz;S-Class;2022;30536000;https://auto.drom.ru/moscow/mercedes-benz/s-class/53426711.html;;;;;Москве;бензин, 4.0 л;503 л.с., налог;АКПП;4WD;седан;черный;новый автомобиль;левый;7 поколение;Mercedes-Maybach S580 4MATIC;;W1K**************;
Mercedes-Benz;GLE Coupe;2022;13600000;https://auto.drom.ru/moscow/mercedes-benz/gle_coupe/53803548.html;;;;;Москве;дизель, 2.9 л;330 л.с., налог;АКПП;4WD;;черный;698 км;левый;2 поколение;GLE 400d 4MATIC;;;
Mercedes-Benz;GLS-Class;2022;19406975;https://auto.drom.ru/moscow/mercedes-benz/gls-class/52547699.html;;;;;Москве;бензин, 3.0 л;367 л.с., налог;автомат;4WD;;белый;новый автомобиль;левый;;;;Z9M**************;
Mercedes-Benz;GLE;2022;13938830;https://auto.drom.ru/moscow/mercedes-benz/gle-class/52547452.html;;;;;Москве;дизель, 2.0 л;245 л.с., налог;АКПП;4WD;;белый;новый автомобиль;левый;2 поколение;;;Z9M**************;
Mercedes-Benz;GLS-Class;2022;19480145;https://auto.drom.ru/moscow/mercedes-benz/gls-class/52547600.html;;;;;Москве;дизель, 2.9 л;330 л.с., налог;АКПП;4WD;;белый;новый автомобиль;левый;2 поколение;;;Z9M**************;
Mercedes-Benz;GLS-Class;2022;19470045;https://auto.drom.ru/moscow/mercedes-benz/gls-class/52547606.html;;;;;Москве;дизель, 2.9 л;330 л.с., налог;АКПП;4WD;;серый;новый автомобиль;левый;2 поколение;;;Z9M**************;
Mercedes-Benz;S-Class;2022;18100000;https://auto.drom.ru/moscow/mercedes-benz/s-class/52110726.html;Характеристики совпадают с ПТС;1 запись о регистрации;Не числится в розыске;Ограничений не обнаружено;Москве;бензин, 3.0 л;367 л.с., налог;АКПП;4WD;седан;черный;10 000 км;левый;7 поколение;S450 4MATIC Luxury;;;
Mercedes-Benz;GLE;2022;16602445;https://auto.drom.ru/moscow/mercedes-benz/gle-class/53794909.html;;;;;Москве;дизель, 2.9 л;330 л.с., налог;АКПП;4WD;;черный;новый автомобиль;левый;2 поколение;;;Z9M**************;
Mercedes-Benz;GLE;2022;8850000;https://auto.drom.ru/smolensk/mercedes-benz/gle-class/51231633.html;;;;;Смоленске;дизель, 2.0 л;245 л.с., налог;АКПП;4WD;;белый;24 500 км, без пробега по РФ;левый;2 поколение;GLE 300 d 4MATIC Sport Plus;;;
Mercedes-Benz;GLC Coupe;2022;6100000;https://auto.drom.ru/moscow/mercedes-benz/glc_coupe/52669482.html;Модель не совпадает с ПТС;1 запись о регистрации;Не числится в розыске;Ограничений не обнаружено;Москве;2.0 л;;автомат;;;серый;39 125 км;левый;1 поколение, рестайлинг;;;;
Mercedes-Benz;GLE;2022;12995650;https://auto.drom.ru/moscow/mercedes-benz/gle-class/906113803.html;;;;;Москве;дизель, 2.0 л;245 л.с., налог;АКПП;4WD;;коричневый;новый автомобиль;левый;2 поколение;GLE 300 d 4MATIC Sport Plus;;Z9M**************;
Mercedes-Benz;GLE;2022;9299000;https://auto.drom.ru/moscow/mercedes-benz/gle-class/53636045.html;Характеристики совпадают с ПТС;1 запись о регистрации;Не числится в розыске;Ограничений не обнаружено;Москве;дизель, 2.0 л;245 л.с., налог;АКПП;4WD;;серый;27 408 км;левый;2 поколение;GLE 300 d 4MATIC Premium;;;
Mercedes-Benz;GLS-Class;2022;12999000;https://auto.drom.ru/moscow/mercedes-benz/gls-class/51676193.html;;;;;Москве;дизель, 2.9 л;330 л.с., налог;АКПП;4WD;;черный;32 км;левый;2 поколение;;;;
Mercedes-Benz;AMG GT;2022;15000000;https://auto.drom.ru/moscow/mercedes-benz/amg_gt/49151067.html;;;;;Москве;бензин, 3.0 л, гибрид;367 л.с., налог;АКПП;4WD;лифтбек;черный;30 км;левый;1 поколение, рестайлинг;3.0 AT 43 4MATIC+ Особая Серия;;;
Mercedes-Benz;S-Class;2022;17000000;https://auto.drom.ru/moscow/mercedes-benz/s-class/49151059.html;;;;;Москве;бензин, 3.0 л;367 л.с., налог;АКПП;4WD;седан;серый;30 км;левый;7 поколение;;;;
Mercedes-Benz;GLE;2022;15861000;https://auto.drom.ru/moscow/mercedes-benz/gle-class/52540769.html;;;;;Москве;дизель, 2.9 л;330 л.с., налог;АКПП;4WD;;черный;новый автомобиль;левый;2 поколение;GLE 400 d 4MATIC Luxury;;Z9M**************;
Mercedes-Benz;S-Class;2022;26096000;https://auto.drom.ru/moscow/mercedes-benz/s-class/45969678.html;;;;;Москве;бензин, 4.0 л;503 л.с., налог;АКПП;4WD;седан;черный;новый автомобиль;левый;7 поколение;S580 4MATIC Luxury;;W1K**************;
Mercedes-Benz;V-Class;2022;9980000;https://auto.drom.ru/spb/mercedes-benz/v-class/53791847.html;Характеристики совпадают с ПТС;1 запись о регистрации;Не числится в розыске;Ограничений не обнаружено;Санкт-Петербурге;дизель, 2.0 л;237 л.с., налог;автомат;4WD;;черный;37 250 км;левый;;;;;
Mercedes-Benz;GLE;2022;8690000;https://auto.drom.ru/moscow/mercedes-benz/gle-class/700050726.html;Характеристики совпадают с ПТС;2 записи о регистрации;Не числится в розыске;Ограничений не обнаружено;Москве;дизель, 2.0 л;245 л.с., налог;АКПП;4WD;;белый;78 192 км;левый;2 поколение;;;;
Mercedes-Benz;G-Class;2022;26999000;https://auto.drom.ru/moscow/mercedes-benz/g-class/53410165.html;;;;;Москве;бензин, 4.0 л;585 л.с., налог;автомат;4WD;джип/suv 5 дв.;зеленый;930 км;левый;3 поколение;;;;
Mercedes-Benz;GLC;2022;7292320;https://auto.drom.ru/moscow/mercedes-benz/glc-class/53771696.html;;;;;Москве;дизель, 2.0 л;194 л.с., налог;АКПП;4WD;;белый;новый автомобиль;левый;1 поколение, рестайлинг;GLC 220d AT 4MATIC;;Z9M**************;
Mercedes-Benz;G-Class;2022;25900000;https://auto.drom.ru/moscow/mercedes-benz/g-class/54030086.html;;;;;Москве;бензин, 4.0 л;585 л.с., налог;АКПП;4WD;джип/suv 5 дв.;серый;14 908 км;левый;3 поколение;G 63 AMG;;;
Mercedes-Benz;GLS-Class;2022;17990320;https://auto.drom.ru/moscow/mercedes-benz/gls-class/164480244.html;;;;;Москве;дизель, 2.9 л;330 л.с., налог;АКПП;4WD;;белый;новый автомобиль;левый;2 поколение;;;Z9M**************;
Mercedes-Benz;GLS-Class;2022;17990320;https://auto.drom.ru/moscow/mercedes-benz/gls-class/424156206.html;;;;;Москве;дизель, 2.9 л;330 л.с., налог;АКПП;4WD;;черный;новый автомобиль;левый;2 поколение;;;Z9M**************;
Mercedes-Benz;S-Class;2022;23990750;https://auto.drom.ru/moscow/mercedes-benz/s-class/683184589.html;;;;;Москве;бензин, 4.0 л;503 л.с., налог;АКПП;4WD;седан;белый;новый автомобиль;левый;7 поколение;;;W1K**************;
Mercedes-Benz;GLC;2022;7292320;https://auto.drom.ru/moscow/mercedes-benz/glc-class/53771726.html;;;;;Москве;дизель, 2.0 л;194 л.с., налог;АКПП;4WD;;белый;новый автомобиль;левый;1 поколение, рестайлинг;GLC 220d AT 4MATIC;;Z9M**************;
Mercedes-Benz;G-Class;2022;23950000;https://auto.drom.ru/solnechnogorsk/mercedes-benz/g-class/766682136.html;;;;;Солнечногорске;бензин, 4.0 л;585 л.с., налог;автомат;4WD;джип/suv 5 дв.;белый;22 997 км;левый;3 поколение;;;;
Mercedes-Benz;GLC;2022;7292320;https://auto.drom.ru/moscow/mercedes-benz/glc-class/246656634.html;;;;;Москве;дизель, 2.0 л;194 л.с., налог;АКПП;4WD;;белый;новый автомобиль;левый;1 поколение, рестайлинг;GLC 220d AT 4MATIC;;Z9M**************;
Mercedes-Benz;GLC;2022;7292320;https://auto.drom.ru/moscow/mercedes-benz/glc-class/353210452.html;;;;;Москве;дизель, 2.0 л;194 л.с., налог;АКПП;4WD;;белый;новый автомобиль;левый;1 поколение, рестайлинг;GLC 220d AT 4MATIC;;Z9M**************;
Mercedes-Benz;GLS-Class;2022;17990320;https://auto.drom.ru/moscow/mercedes-benz/gls-class/188978740.html;;;;;Москве;дизель, 2.9 л;330 л.с., налог;АКПП;4WD;;белый;новый автомобиль;левый;2 поколение;;;Z9M**************;
Mercedes-Benz;GLS-Class;2022;17990320;https://auto.drom.ru/moscow/mercedes-benz/gls-class/612545491.html;;;;;Москве;дизель, 2.9 л;330 л.с., налог;АКПП;4WD;;черный;новый автомобиль;левый;2 поколение;;;Z9M**************;
Mercedes-Benz;V-Class;2022;14599320;https://auto.drom.ru/moscow/mercedes-benz/v-class/243384405.html;;;;;Москве;дизель, 2.0 л;237 л.с., налог;автомат;4WD;;черный;новый автомобиль;левый;;;;W1V**************;
Mercedes-Benz;GLS-Class;2022;31900120;https://auto.drom.ru/moscow/mercedes-benz/gls-class/281728186.html;;;;;Москве;бензин, 4.0 л, гибрид;558 л.с., налог;АКПП;4WD;;черный;новый автомобиль;левый;2 поколение;Mercedes-Maybach GLS 600 4MATIC;;W1N**************;
Mercedes-Benz;S-Class;2022;31998000;https://auto.drom.ru/moscow/mercedes-benz/s-class/421162635.html;;;;;Москве;бензин, 4.0 л;503 л.с., налог;АКПП;4WD;седан;черный;новый автомобиль;левый;7 поколение;;;W1K**************;
Mercedes-Benz;V-Class;2022;14599320;https://auto.drom.ru/moscow/mercedes-benz/v-class/51686027.html;;;;;Москве;дизель, 2.0 л;237 л.с., налог;автомат;4WD;;черный;новый автомобиль;левый;;;;W1V**************;
Mercedes-Benz;GLS-Class;2022;31999000;https://auto.drom.ru/moscow/mercedes-benz/gls-class/572851615.html;;;;;Москве;бензин, 4.0 л, гибрид;558 л.с., налог;АКПП;4WD;;черный;новый автомобиль;левый;2 поколение;Mercedes-Maybach GLS 600 4MATIC;;W1N**************;
Mercedes-Benz;G-Class;2022;25000000;https://auto.drom.ru/spb/mercedes-benz/g-class/53398471.html;Характеристики совпадают с ПТС;1 запись о регистрации;Не числится в розыске;Ограничений не обнаружено;Санкт-Петербурге;бензин, 4.0 л;422 л.с., налог;АКПП;4WD;джип/suv 5 дв.;серый;11 357 км, без пробега по РФ;левый;3 поколение;;;;
Mercedes-Benz;V-Class;2022;17766545;https://auto.drom.ru/moscow/mercedes-benz/v-class/52516868.html;;;;;Москве;дизель, 2.0 л;237 л.с., налог;автомат;4WD;;черный;новый автомобиль;левый;;;;W1V**************;
Mercedes-Benz;GLE;2022;5999999;https://auto.drom.ru/minsk/mercedes-benz/gle-class/53884546.html;;;;;Минске;бензин, 2.0 л;258 л.с., налог;АКПП;4WD;;черный;35 000 км, без пробега по РФ;левый;2 поколение;GLE 350 4MATIC;;;
Mercedes-Benz;GLC;2022;8290000;https://auto.drom.ru/moscow/mercedes-benz/glc-class/54058690.html;;;;;Москве;дизель, 2.0 л;197 л.с., налог;АКПП;4WD;;черный;6 862 км;левый;2 поколение;;;;
Mercedes-Benz;GLC;2022;7292320;https://auto.drom.ru/moscow/mercedes-benz/glc-class/53771728.html;;;;;Москве;дизель, 2.0 л;194 л.с., налог;АКПП;4WD;;белый;новый автомобиль;левый;1 поколение, рестайлинг;GLC 220d AT 4MATIC;;Z9M**************;
Mercedes-Benz;GLC;2022;7292320;https://auto.drom.ru/moscow/mercedes-benz/glc-class/53771724.html;;;;;Москве;дизель, 2.0 л;194 л.с., налог;АКПП;4WD;;белый;новый автомобиль;левый;1 поколение, рестайлинг;GLC 220d AT 4MATIC;;Z9M**************;
Mercedes-Benz;GLC;2022;7292320;https://auto.drom.ru/moscow/mercedes-benz/glc-class/53771714.html;;;;;Москве;дизель, 2.0 л;194 л.с., налог;АКПП;4WD;;белый;новый автомобиль;левый;1 поколение, рестайлинг;GLC 220d AT 4MATIC;;Z9M**************;
Mercedes-Benz;GLC;2022;7292320;https://auto.drom.ru/moscow/mercedes-benz/glc-class/53771701.html;;;;;Москве;дизель, 2.0 л;194 л.с., налог;АКПП;4WD;;белый;новый автомобиль;левый;1 поколение, рестайлинг;GLC 220d AT 4MATIC;;Z9M**************;
Mercedes-Benz;GLC;2022;7292320;https://auto.drom.ru/moscow/mercedes-benz/glc-class/53771691.html;;;;;Москве;дизель, 2.0 л;194 л.с., налог;АКПП;4WD;;белый;новый автомобиль;левый;1 поколение, рестайлинг;GLC 220d AT 4MATIC;;Z9M**************;
Mercedes-Benz;GLC;2022;7292320;https://auto.drom.ru/moscow/mercedes-benz/glc-class/53771685.html;;;;;Москве;дизель, 2.0 л;194 л.с., налог;АКПП;4WD;;белый;новый автомобиль;левый;1 поколение, рестайлинг;GLC 220d AT 4MATIC;;Z9M**************;
Mercedes-Benz;GLC;2022;7292320;https://auto.drom.ru/moscow/mercedes-benz/glc-class/53771690.html;;;;;Москве;дизель, 2.0 л;194 л.с., налог;АКПП;4WD;;белый;новый автомобиль;левый;1 поколение, рестайлинг;GLC 220d AT 4MATIC;;Z9M**************;
Mercedes-Benz;GLC;2022;7292320;https://auto.drom.ru/moscow/mercedes-benz/glc-class/53771683.html;;;;;Москве;дизель, 2.0 л;194 л.с., налог;АКПП;4WD;;белый;новый автомобиль;левый;1 поколение, рестайлинг;GLC 220d AT 4MATIC;;Z9M**************;
Mercedes-Benz;GLC;2022;7292320;https://auto.drom.ru/moscow/mercedes-benz/glc-class/53771680.html;;;;;Москве;дизель, 2.0 л;194 л.с., налог;АКПП;4WD;;белый;новый автомобиль;левый;1 поколение, рестайлинг;GLC 220d AT 4MATIC;;Z9M**************;
Mercedes-Benz;GLC;2022;7292320;https://auto.drom.ru/moscow/mercedes-benz/glc-class/53771657.html;;;;;Москве;дизель, 2.0 л;194 л.с., налог;АКПП;4WD;;белый;новый автомобиль;левый;1 поколение, рестайлинг;GLC 220d AT 4MATIC;;Z9M**************;
Mercedes-Benz;GLS-Class;2022;19715000;https://auto.drom.ru/moscow/mercedes-benz/gls-class/52066855.html;;;;;Москве;дизель, 2.9 л;330 л.с., налог;АКПП;4WD;;белый;новый автомобиль;левый;2 поколение;GLS 400 d 4MATIC Luxury;;Z9M**************;
Mercedes-Benz;V-Class;2022;11655000;https://auto.drom.ru/moscow/mercedes-benz/v-class/48282193.html;;;;;Москве;дизель, 2.0 л;190 л.с., налог;автомат;задний;;черный;новый автомобиль;левый;;;;W1V**************;
Mercedes-Benz;GLC;2022;7292320;https://auto.drom.ru/moscow/mercedes-benz/glc-class/53772079.html;;;;;Москве;дизель, 2.0 л;194 л.с., налог;АКПП;4WD;;белый;новый автомобиль;левый;1 поколение, рестайлинг;GLC 220d AT 4MATIC;;Z9M**************;
Mercedes-Benz;GLC;2022;7292320;https://auto.drom.ru/moscow/mercedes-benz/glc-class/53772080.html;;;;;Москве;дизель, 2.0 л;194 л.с., налог;АКПП;4WD;;белый;новый автомобиль;левый;1 поколение, рестайлинг;GLC 220d AT 4MATIC;;Z9M**************;
Mercedes-Benz;GLC;2022;7292320;https://auto.drom.ru/moscow/mercedes-benz/glc-class/53772035.html;;;;;Москве;дизель, 2.0 л;194 л.с., налог;АКПП;4WD;;белый;новый автомобиль;левый;1 поколение, рестайлинг;GLC 220d AT 4MATIC;;Z9M**************;
Mercedes-Benz;GLC;2022;7292320;https://auto.drom.ru/moscow/mercedes-benz/glc-class/53772049.html;;;;;Москве;дизель, 2.0 л;194 л.с., налог;АКПП;4WD;;белый;новый автомобиль;левый;1 поколение, рестайлинг;GLC 220d AT 4MATIC;;Z9M**************;
Mercedes-Benz;GLC;2022;7292320;https://auto.drom.ru/moscow/mercedes-benz/glc-class/53772053.html;;;;;Москве;дизель, 2.0 л;194 л.с., налог;АКПП;4WD;;белый;новый автомобиль;левый;1 поколение, рестайлинг;GLC 220d AT 4MATIC;;Z9M**************;
Mercedes-Benz;GLC;2022;7292320;https://auto.drom.ru/moscow/mercedes-benz/glc-class/53772057.html;;;;;Москве;дизель, 2.0 л;194 л.с., налог;АКПП;4WD;;белый;новый автомобиль;левый;1 поколение, рестайлинг;GLC 220d AT 4MATIC;;Z9M**************;
Mercedes-Benz;GLC;2022;7292320;https://auto.drom.ru/moscow/mercedes-benz/glc-class/53772064.html;;;;;Москве;дизель, 2.0 л;194 л.с., налог;АКПП;4WD;;белый;новый автомобиль;левый;1 поколение, рестайлинг;GLC 220d AT 4MATIC;;Z9M**************;
Mercedes-Benz;GLC;2022;7292320;https://auto.drom.ru/moscow/mercedes-benz/glc-class/53772066.html;;;;;Москве;дизель, 2.0 л;194 л.с., налог;АКПП;4WD;;белый;новый автомобиль;левый;1 поколение, рестайлинг;GLC 220d AT 4MATIC;;Z9M**************;
Mercedes-Benz;GLC;2022;7292320;https://auto.drom.ru/moscow/mercedes-benz/glc-class/53772072.html;;;;;Москве;дизель, 2.0 л;194 л.с., налог;АКПП;4WD;;белый;новый автомобиль;левый;1 поколение, рестайлинг;GLC 220d AT 4MATIC;;Z9M**************;
Mercedes-Benz;GLC;2022;7292320;https://auto.drom.ru/moscow/mercedes-benz/glc-class/53772075.html;;;;;Москве;дизель, 2.0 л;194 л.с., налог;АКПП;4WD;;белый;новый автомобиль;левый;1 поколение, рестайлинг;GLC 220d AT 4MATIC;;Z9M**************;
Mercedes-Benz;GLC;2022;7292320;https://auto.drom.ru/moscow/mercedes-benz/glc-class/53772028.html;;;;;Москве;дизель, 2.0 л;194 л.с., налог;АКПП;4WD;;белый;новый автомобиль;левый;1 поколение, рестайлинг;GLC 220d AT 4MATIC;;Z9M**************;
Mercedes-Benz;V-Class;2022;11350000;https://auto.drom.ru/spb/mercedes-benz/v-class/53384867.html;Характеристики совпадают с ПТС;1 запись о регистрации;Не числится в розыске;Ограничений не обнаружено;Санкт-Петербурге;дизель, 2.0 л;237 л.с., налог;автомат;4WD;;серый;34 992 км;левый;;;;;
Mercedes-Benz;GLS-Class;2022;19112505;https://auto.drom.ru/moscow/mercedes-benz/gls-class/52070214.html;;;;;Москве;дизель, 2.9 л;330 л.с., налог;АКПП;4WD;;черный;новый автомобиль;левый;2 поколение;;;Z9M**************;
Mercedes-Benz;GLS-Class;2022;19227005;https://auto.drom.ru/moscow/mercedes-benz/gls-class/52070243.html;;;;;Москве;дизель, 2.9 л;330 л.с., налог;АКПП;4WD;;черный;новый автомобиль;левый;2 поколение;;;Z9M**************;
Mercedes-Benz;GLS-Class;2022;19601000;https://auto.drom.ru/moscow/mercedes-benz/gls-class/52066908.html;;;;;Москве;дизель, 2.9 л;330 л.с., налог;АКПП;4WD;;черный;новый автомобиль;левый;2 поколение;GLS 400 d 4MATIC Luxury;;Z9M**************;
Mercedes-Benz;E-Class;2022;7999000;https://auto.drom.ru/moscow/mercedes-benz/e-class/655885556.html;;;;;Москве;бензин, 2.0 л;299 л.с., налог;автомат;4WD;седан;серый;7 500 км, без пробега по РФ;левый;5 поколение, рестайлинг;;;;
Mercedes-Benz;S-Class;2022;27761000;https://auto.drom.ru/moscow/mercedes-benz/s-class/51073275.html;;;;;Москве;бензин, 4.0 л;503 л.с., налог;АКПП;4WD;седан;белый;новый автомобиль;левый;7 поколение;;;W1K**************;
Mercedes-Benz;V-Class;2022;14250000;https://auto.drom.ru/moscow/mercedes-benz/v-class/54054251.html;;;;;Москве;дизель, 2.0 л;237 л.с., налог;автомат;4WD;;черный;новый автомобиль;левый;;;;W1V**************;
Mercedes-Benz;SL-Class;2022;29385740;https://auto.drom.ru/moscow/mercedes-benz/sl-class/54054217.html;;;;;Москве;бензин, 4.0 л;585 л.с., налог;АКПП;4WD;открытый;черный;новый автомобиль;левый;7 поколение;;;W1K**************;
Mercedes-Benz;GLE Coupe;2023;18999000;https://auto.drom.ru/moscow/mercedes-benz/gle_coupe/602214860.html;;;;;Москве;дизель, 3.0 л;370 л.с., налог;АКПП;4WD;;черный;новый автомобиль;левый;2 поколение, рестайлинг;;;W1N**************;
BMW;7-Series;2016;5395000;https://auto.drom.ru/himki/bmw/7-series/268224796.html;Характеристики совпадают с ПТС;3 записи о регистрации;Не числится в розыске;Ограничений не обнаружено;Химках;дизель, 3.0 л;320 л.с., налог;АКПП;4WD;;черный;112 268 км;левый;6 поколение;;;;
BMW;X5;2016;5299789;https://auto.drom.ru/spb/bmw/x5/372564047.html;Характеристики совпадают с ПТС;1 запись о регистрации;Не числится в розыске;Ограничений не обнаружено;Санкт-Петербурге;дизель, 3.0 л;381 л.с., налог;АКПП;4WD;;белый;87 007 км;левый;3 поколение;;;;
BMW;3-Series;2016;2328000;https://auto.drom.ru/moscow/bmw/3-series/54109247.html;Характеристики совпадают с ПТС;3 записи о регистрации;Не числится в розыске;Ограничений не обнаружено;Москве;дизель, 2.0 л;190 л.с., налог;автомат;4WD;лифтбек;белый;164 897 км;левый;;;;;
BMW;X5;2016;4168000;https://auto.drom.ru/moscow/bmw/x5/52472079.html;Характеристики совпадают с ПТС;4 записи о регистрации;Не числится в розыске;Ограничений не обнаружено;Москве;дизель, 3.0 л;313 л.с., налог;АКПП;4WD;;черный;134 772 км;левый;3 поколение;;;;
BMW;X6;2016;3700000;https://auto.drom.ru/tula/bmw/x6/54098659.html;Характеристики совпадают с ПТС;2 записи о регистрации;Не числится в розыске;Ограничений не обнаружено;Туле;дизель, 3.0 л;249 л.с., налог;АКПП;4WD;;белый;218 000 км;левый;2 поколение;xDrive 30d AT Luxury;;;
BMW;5-Series;2016;2979000;https://auto.drom.ru/moscow/bmw/5-series/54096985.html;Характеристики совпадают с ПТС;3 записи о регистрации;Не числится в розыске;Ограничений не обнаружено;Москве;бензин, 2.0 л;245 л.с., налог;АКПП;4WD;седан;белый;85 129 км;левый;6 поколение, рестайлинг;;;;
BMW;5-Series Gran Turismo;2016;3200000;https://auto.drom.ru/moscow/bmw/5-series_gran_turismo/54086977.html;Модель не совпадает с ПТС;1 запись о регистрации;Не числится в розыске;Ограничений не обнаружено;Москве;дизель, 2.0 л;184 л.с., налог;АКПП;задний;;черный;64 000 км;левый;6 поколение, рестайлинг;520d AT;;;
BMW;3-Series;2016;1999000;https://auto.drom.ru/spb/bmw/3-series/52527172.html;Характеристики совпадают с ПТС;3 записи о регистрации;Не числится в розыске;Ограничений не обнаружено;Санкт-Петербурге;бензин, 1.5 л;136 л.с., налог;АКПП;задний;седан;белый;68 736 км;левый;6 поколение, рестайлинг;;;;
BMW;4-Series;2016;2990000;https://auto.drom.ru/moscow/bmw/4-series/808989589.html;Характеристики совпадают с ПТС;2 записи о регистрации;Не числится в розыске;Ограничений не обнаружено;Москве;дизель, 2.0 л;190 л.с., налог;АКПП;4WD;купе;коричневый;86 200 км;левый;1 поколение;420d AT xDrive;;;
BMW;X4;2016;2980000;https://auto.drom.ru/moscow/bmw/x4/366001994.html;Характеристики совпадают с ПТС;2 записи о регистрации;Не числится в розыске;Ограничений не обнаружено;Москве;бензин, 2.0 л;245 л.с., налог;АКПП;4WD;;красный;109 802 км;левый;1 поколение;;;;
BMW;5-Series;2016;1999000;https://auto.drom.ru/moscow/bmw/5-series/585301805.html;Характеристики совпадают с ПТС;2 записи о регистрации;Не числится в розыске;Ограничений не обнаружено;Москве;бензин, 2.0 л;184 л.с., налог;АКПП;задний;седан;черный;222 813 км;левый;;;;;
BMW;3-Series;2016;2295000;https://auto.drom.ru/tver/bmw/3-series/54067919.html;Характеристики совпадают с ПТС;3 записи о регистрации;Не числится в розыске;Ограничений не обнаружено;Твери;дизель, 2.0 л;190 л.с., налог;автомат;4WD;лифтбек;белый;283 457 км;левый;;;;;
BMW;X6;2016;5099999;https://auto.drom.ru/moscow/bmw/x6/50594430.html;Характеристики совпадают с ПТС;2 записи о регистрации;Не числится в розыске;Ограничений не обнаружено;Москве;дизель, 3.0 л;249 л.с., налог;АКПП;4WD;;серый;68 600 км;левый;2 поколение;xDrive 30d AT M Sport;;;
BMW;5-Series;2016;2300000;https://auto.drom.ru/spb/bmw/5-series/696747090.html;Характеристики совпадают с ПТС;3 записи о регистрации;Не числится в розыске;Ограничений не обнаружено;Санкт-Петербурге;бензин, 2.0 л;184 л.с., налог;АКПП;задний;седан;черный;150 000 км;левый;;;;;
BMW;7-Series;2016;6464338;https://auto.drom.ru/minsk/bmw/7-series/52942228.html;Год не совпадает с ПТС;2 записи о регистрации;Не числится в розыске;Ограничений не обнаружено;Минске;дизель, 3.0 л;265 л.с., налог;АКПП;4WD;;белый;82 000 км;левый;6 поколение;730Ld AT xDrive;;;
BMW;5-Series;2016;2365000;https://auto.drom.ru/moscow/bmw/5-series/54066328.html;Характеристики совпадают с ПТС;1 запись о регистрации;Не числится в розыске;Ограничений не обнаружено;Москве;бензин, 2.0 л;184 л.с., налог;АКПП;задний;седан;серый;62 252 км;левый;;;;;
BMW;5-Series;2016;2350000;https://auto.drom.ru/spb/bmw/5-series/53773404.html;Характеристики совпадают с ПТС;4 записи о регистрации;Не числится в розыске;Ограничений не обнаружено;Санкт-Петербурге;бензин, 2.0 л;184 л.с., налог;АКПП;задний;седан;серый;161 100 км;левый;6 поколение, рестайлинг;520i AT;;;
BMW;3-Series;2016;2329000;https://auto.drom.ru/spb/bmw/3-series/53384980.html;Характеристики совпадают с ПТС;5 записей о регистрации;Не числится в розыске;Ограничений не обнаружено;Санкт-Петербурге;бензин, 2.0 л;184 л.с., налог;АКПП;4WD;седан;серый;166 171 км;левый;6 поколение, рестайлинг;;;;
BMW;X4;2016;3799000;https://auto.drom.ru/nizhniy-novgorod/bmw/x4/52495922.html;Характеристики совпадают с ПТС;1 запись о регистрации;Не числится в розыске;Ограничений не обнаружено;Нижнем Новгороде;бензин, 2.0 л;184 л.с., налог;АКПП;4WD;;черный;45 401 км;левый;1 поколение;xDrive 20i AT M Sport;;;
BMW;3-Series;2016;2559000;https://auto.drom.ru/spb/bmw/3-series/796553785.html;Характеристики совпадают с ПТС;2 записи о регистрации;Не числится в розыске;Ограничений не обнаружено;Санкт-Петербурге;дизель, 2.0 л;190 л.с., налог;АКПП;4WD;седан;белый;146 000 км;левый;6 поколение, рестайлинг;;;;
BMW;X6;2016;4300000;https://auto.drom.ru/moscow/bmw/x6/53759515.html;Характеристики совпадают с ПТС;7 записей о регистрации;Не числится в розыске;Ограничений не обнаружено;Москве;бензин, 4.4 л;575 л.с., налог;АКПП;4WD;;белый;115 952 км;левый;2 поколение;;;;
BMW;7-Series;2016;3990000;https://auto.drom.ru/saratov/bmw/7-series/53763071.html;Характеристики совпадают с ПТС;4 записи о регистрации;Не числится в розыске;Ограничений не обнаружено;Саратове;бензин, 4.4 л;449 л.с., налог;АКПП;4WD;;черный;121 000 км;левый;6 поколение;;;;
BMW;3-Series;2016;2100000;https://auto.drom.ru/moscow/bmw/3-series/52936738.html;Характеристики совпадают с ПТС;2 записи о регистрации;Не числится в розыске;Ограничений не обнаружено;Москве;бензин, 2.0 л;184 л.с., налог;автомат;задний;лифтбек;коричневый;112 535 км;левый;;;;;
BMW;5-Series;2016;2530000;https://auto.drom.ru/moscow/bmw/5-series/52458109.html;Характеристики совпадают с ПТС;2 записи о регистрации;Не числится в розыске;Ограничений не обнаружено;Москве;бензин, 2.0 л;184 л.с., налог;АКПП;задний;седан;белый;122 000 км;левый;;;;;
BMW;X5;2016;3949000;https://auto.drom.ru/kazan/bmw/x5/828624328.html;Характеристики совпадают с ПТС;6 записей о регистрации;Не числится в розыске;Ограничений не обнаружено;Казани;дизель, 3.0 л;249 л.с., налог;АКПП;4WD;;белый;195 000 км;левый;3 поколение;;;;
BMW;5-Series;2016;2100000;https://auto.drom.ru/kaluga/bmw/5-series/52921774.html;Характеристики совпадают с ПТС;3 записи о регистрации;Не числится в розыске;Ограничений не обнаружено;Калуге;дизель, 2.0 л;190 л.с., налог;АКПП;задний;седан;белый;220 000 км;левый;6 поколение, рестайлинг;520d AT;;;
BMW;3-Series Gran Turismo;2016;2250000;https://auto.drom.ru/moscow/bmw/3-series_gran_turismo/54042332.html;Характеристики совпадают с ПТС;3 записи о регистрации;Не числится в розыске;Ограничений не обнаружено;Москве;дизель, 2.0 л;190 л.с., налог;АКПП;4WD;;черный;133 000 км;левый;6 поколение;;;;
BMW;X5;2016;3199000;https://auto.drom.ru/moscow/bmw/x5/53756206.html;Характеристики совпадают с ПТС;4 записи о регистрации;Не числится в розыске;Ограничений не обнаружено;Москве;бензин, 3.0 л;306 л.с., налог;АКПП;4WD;;серый;133 000 км;левый;3 поколение;;;;
BMW;X5;2016;3448000;https://auto.drom.ru/moscow/bmw/x5/53754971.html;Характеристики совпадают с ПТС;3 записи о регистрации;Не числится в розыске;Ограничений не обнаружено;Москве;дизель, 3.0 л;249 л.с., налог;АКПП;4WD;;черный;247 500 км;левый;3 поколение;xDrive 30d AT Exclusive;;;
BMW;3-Series;2016;2550000;https://auto.drom.ru/volgograd/bmw/3-series/53369555.html;Характеристики совпадают с ПТС;3 записи о регистрации;Не числится в розыске;Ограничений не обнаружено;Волгограде;бензин, 2.0 л;184 л.с., налог;АКПП;4WD;седан;красный;118 419 км;левый;6 поколение, рестайлинг;;;;
BMW;3-Series;2016;2675000;https://auto.drom.ru/solnechnogorsk/bmw/3-series/730319727.html;Характеристики совпадают с ПТС;3 записи о регистрации;Не числится в розыске;Ограничений не обнаружено;Солнечногорске;бензин, 2.0 л;184 л.с., налог;АКПП;4WD;седан;белый;135 107 км;левый;6 поколение, рестайлинг;;;;
BMW;5-Series;2016;2545000;https://auto.drom.ru/moscow/bmw/5-series/857464618.html;Характеристики совпадают с ПТС;2 записи о регистрации;Не числится в розыске;Ограничений не обнаружено;Москве;дизель, 2.0 л;190 л.с., налог;АКПП;задний;седан;белый;135 000 км;левый;;;;;
BMW;7-Series;2016;4800000;https://auto.drom.ru/moscow/bmw/7-series/325259408.html;Характеристики совпадают с ПТС;2 записи о регистрации;Не числится в розыске;Ограничений не обнаружено;Москве;дизель, 3.0 л;265 л.с., налог;АКПП;4WD;;черный;120 000 км;левый;6 поколение;730Ld AT xDrive;;;
BMW;7-Series;2016;3850000;https://auto.drom.ru/kazan/bmw/7-series/941675622.html;Характеристики совпадают с ПТС;5 записей о регистрации;Не числится в розыске;Ограничений не обнаружено;Казани;бензин, 2.0 л;258 л.с., налог;АКПП;задний;;синий;136 000 км;левый;6 поколение;730i AT;;;
BMW;X6;2016;4300000;https://auto.drom.ru/kazan/bmw/x6/54014575.html;Характеристики совпадают с ПТС;3 записи о регистрации;Не числится в розыске;Ограничений не обнаружено;Казани;дизель, 3.0 л;249 л.с., налог;АКПП;4WD;;белый;170 000 км;левый;2 поколение;;;;
BMW;X6;2016;4398000;https://auto.drom.ru/moscow/bmw/x6/52893323.html;Характеристики совпадают с ПТС;1 запись о регистрации;Не числится в розыске;Ограничений не обнаружено;Москве;бензин, 3.0 л;306 л.с., налог;АКПП;4WD;;белый;73 000 км;левый;2 поколение;;;;
BMW;3-Series;2016;1750000;https://auto.drom.ru/moscow/bmw/3-series/576677820.html;Характеристики совпадают с ПТС;1 запись о регистрации;Не числится в розыске;Ограничений не обнаружено;Москве;бензин, 1.5 л;136 л.с., налог;АКПП;задний;седан;черный;129 524 км;левый;6 поколение, рестайлинг;;;;
BMW;5-Series Gran Turismo;2016;2000000;https://auto.drom.ru/moscow/bmw/5-series_gran_turismo/52479790.html;;;;;Москве;бензин, 3.0 л;306 л.с., налог;АКПП;задний;;белый;168 000 км, без пробега по РФ;левый;6 поколение, рестайлинг;535i AT;;;
BMW;X5;2016;4100000;https://auto.drom.ru/moscow/bmw/x5/54011662.html;Характеристики совпадают с ПТС;1 запись о регистрации;Не числится в розыске;Ограничений не обнаружено;Москве;дизель, 3.0 л;218 л.с., налог;АКПП;4WD;;синий;125 000 км;левый;3 поколение;xDrive 25d AT Business;;;
BMW;X1;2016;2700000;https://auto.drom.ru/kazan/bmw/x1/54009896.html;Характеристики совпадают с ПТС;3 записи о регистрации;Не числится в розыске;Ограничений не обнаружено;Казани;бензин, 2.0 л;192 л.с., налог;АКПП;4WD;;белый;79 500 км;левый;2 поколение;;;;
BMW;3-Series;2016;2490000;https://auto.drom.ru/lyubertsy/bmw/3-series/53721408.html;Характеристики совпадают с ПТС;4 записи о регистрации;Не числится в розыске;Ограничений не обнаружено;Люберцах;бензин, 2.0 л;184 л.с., налог;АКПП;задний;седан;белый;69 900 км;левый;6 поколение, рестайлинг;320i AT SE;;;
BMW;7-Series;2016;3500000;https://auto.drom.ru/moscow/bmw/7-series/51196573.html;Характеристики совпадают с ПТС;3 записи о регистрации;Не числится в розыске;Ограничений не обнаружено;Москве;бензин, 3.0 л;326 л.с., налог;АКПП;4WD;;синий;189 000 км;левый;6 поколение;740Li AT xDrive;;;
BMW;X6;2016;3965000;https://auto.drom.ru/moscow/bmw/x6/578899645.html;Характеристики совпадают с ПТС;5 записей о регистрации;Не числится в розыске;Ограничений не обнаружено;Москве;дизель, 3.0 л;249 л.с., налог;АКПП;4WD;;белый;158 843 км;левый;2 поколение;;;;
BMW;X3;2016;3080000;https://auto.drom.ru/kazan/bmw/x3/168099700.html;Характеристики совпадают с ПТС;2 записи о регистрации;Не числится в розыске;Ограничений не обнаружено;Казани;дизель, 3.0 л;249 л.с., налог;АКПП;4WD;;черный;133 000 км;левый;2 поколение, рестайлинг;;;;
BMW;3-Series;2016;2090000;https://auto.drom.ru/moscow/bmw/3-series/728900302.html;Характеристики совпадают с ПТС;3 записи о регистрации;Не числится в розыске;Ограничений не обнаружено;Москве;бензин, 2.0 л;184 л.с., налог;АКПП;задний;седан;черный;129 603 км;левый;6 поколение, рестайлинг;;;;
BMW;X1;2016;1830000;https://auto.drom.ru/moscow/bmw/x1/53628546.html;Характеристики совпадают с ПТС;4 записи о регистрации;Не числится в розыске;Ограничений не обнаружено;Москве;бензин, 1.5 л;136 л.с., налог;АКПП;передний;;серый;94 725 км;левый;2 поколение;;;;
BMW;5-Series;2016;2456483;https://auto.drom.ru/minsk/bmw/5-series/659679055.html;;;;;Минске;дизель, 3.0 л;258 л.с., налог;АКПП;задний;универсал;черный;320 652 км;левый;6 поколение, рестайлинг;530d AT;;;
BMW;5-Series;2016;2100000;https://auto.drom.ru/spb/bmw/5-series/441496008.html;Характеристики совпадают с ПТС;3 записи о регистрации;Не числится в розыске;Ограничений не обнаружено;Санкт-Петербурге;бензин, 2.0 л;184 л.с., налог;АКПП;задний;седан;серый;168 000 км;левый;6 поколение, рестайлинг;520i AT M Sport;;;
BMW;1-Series;2016;1431409;https://auto.drom.ru/minsk/bmw/1-series/53996061.html;;;;;Минске;дизель, 1.5 л;116 л.с., налог;механика;задний;хэтчбек 5 дв.;;105 000 км;левый;2 поколение, рестайлинг;;;;
BMW;X5;2016;3650000;https://auto.drom.ru/moscow/bmw/x5/654326829.html;Характеристики совпадают с ПТС;4 записи о регистрации;Не числится в розыске;Ограничений не обнаружено;Москве;бензин, 3.0 л;306 л.с., налог;АКПП;4WD;;коричневый;147 213 км;левый;3 поколение;;;;
BMW;X1;2016;2088000;https://auto.drom.ru/moscow/bmw/x1/53989492.html;Характеристики совпадают с ПТС;1 запись о регистрации;Не числится в розыске;Ограничений не обнаружено;Москве;2.0 л;;автомат;;;черный;123 489 км;левый;2 поколение;;;;
BMW;X1;2016;1828510;https://auto.drom.ru/minsk/bmw/x1/53987668.html;;;;;Минске;дизель, 1.5 л;116 л.с., налог;механика;передний;;коричневый;141 000 км;левый;2 поколение;;;;
BMW;X4;2016;2568000;https://auto.drom.ru/moscow/bmw/x4/52831617.html;Характеристики совпадают с ПТС;2 записи о регистрации;Не числится в розыске;Ограничений не обнаружено;Москве;бензин, 2.0 л;184 л.с., налог;АКПП;4WD;;черный;104 000 км;левый;1 поколение;xDrive 20i AT M Sport;;;
BMW;X1;2016;1970000;https://auto.drom.ru/spb/bmw/x1/53981615.html;Характеристики совпадают с ПТС;3 записи о регистрации;Не числится в розыске;Ограничений не обнаружено;Санкт-Петербурге;бензин, 1.5 л;136 л.с., налог;АКПП;передний;;белый;125 194 км;левый;2 поколение;;;;
BMW;X5;2016;3920215;https://auto.drom.ru/minsk/bmw/x5/53941243.html;;;;;Минске;дизель, 3.0 л;313 л.с., налог;АКПП;4WD;;белый;128 000 км;левый;3 поколение;xDrive 40d AT;;;
BMW;X1;2016;2548832;https://auto.drom.ru/minsk/bmw/x1/52388582.html;;;;;Минске;бензин, 2.0 л;192 л.с., налог;АКПП;4WD;;серый;75 075 км;левый;2 поколение;;;;
BMW;3-Series;2017;2499000;https://auto.drom.ru/donetsk/bmw/3-series/52342211.html;;;;;Донецке;бензин, 2.0 л;184 л.с., налог;АКПП;задний;седан;серебристый;71 000 км;левый;6 поколение, рестайлинг;320i AT SE;;;
BMW;X5;2017;3950000;https://auto.drom.ru/spb/bmw/x5/679147887.html;Цвет не совпадает с ПТС;3 записи о регистрации;Не числится в розыске;Ограничений не обнаружено;Санкт-Петербурге;бензин, 4.4 л;575 л.с., налог;АКПП;4WD;;черный;122 574 км;левый;3 поколение;M;;;
BMW;1-Series;2017;1849000;https://auto.drom.ru/moscow/bmw/1-series/552418341.html;Характеристики совпадают с ПТС;3 записи о регистрации;Не числится в розыске;Ограничений не обнаружено;Москве;бензин, 1.5 л;136 л.с., налог;АКПП;задний;хэтчбек 5 дв.;белый;54 000 км;левый;2 поколение;;;;
BMW;X1;2019;2510000;https://auto.drom.ru/moscow/bmw/x1/53808149.html;Характеристики совпадают с ПТС;1 запись о регистрации;Не числится в розыске;Ограничений не обнаружено;Москве;бензин, 2.0 л;192 л.с., налог;автомат;4WD;;серый;162 660 км;левый;2 поколение;;;;
BMW;X3;2019;4900000;https://auto.drom.ru/moscow/bmw/x3/53864828.html;;;;;Москве;бензин, 3.0 л;354 л.с., налог;автомат;4WD;;белый;44 727 км;левый;;;;;
BMW;5-Series;2020;6199000;https://auto.drom.ru/moscow/bmw/5-series/506770044.html;Характеристики совпадают с ПТС;3 записи о регистрации;Не числится в розыске;Ограничений не обнаружено;Москве;дизель, 3.0 л;249 л.с., налог;АКПП;4WD;седан;черный;69 409 км;левый;7 поколение;;;;
BMW;5-Series;2020;5980000;https://auto.drom.ru/moscow/bmw/5-series/54009788.html;;;;;Москве;дизель, 3.0 л;286 л.с., налог;АКПП;4WD;универсал;синий;65 920 км, без пробега по РФ;левый;7 поколение, рестайлинг;530d AT xDrive;;;
BMW;X7;2020;8000000;https://auto.drom.ru/bryansk/bmw/x7/521475785.html;;;;;Брянске;бензин, 3.0 л;340 л.с., налог;АКПП;4WD;;серый;56 000 км;левый;1 поколение;;;;
BMW;X5;2020;6650000;https://auto.drom.ru/tula/bmw/x5/53816613.html;Характеристики совпадают с ПТС;2 записи о регистрации;Не числится в розыске;Ограничений не обнаружено;Туле;дизель, 3.0 л;340 л.с., налог;АКПП;4WD;;черный;126 000 км;левый;4 поколение;;;;
BMW;3-Series;2020;3370000;https://auto.drom.ru/istra/bmw/3-series/53133821.html;;;;;Истре;дизель, 2.0 л;190 л.с., налог;АКПП;4WD;универсал;белый;100 000 км, без пробега по РФ;левый;7 поколение;320d AT xDrive Luxury;;;
BMW;X5;2020;6900000;https://auto.drom.ru/moscow/bmw/x5/52627390.html;;;;;Москве;дизель, 3.0 л;265 л.с., налог;АКПП;4WD;;белый;95 000 км;левый;4 поколение;xDrive30d AT M Sport;;;
BMW;5-Series;2020;3945000;https://auto.drom.ru/voronezh/bmw/5-series/54109801.html;Характеристики совпадают с ПТС;1 запись о регистрации;Не числится в розыске;Ограничений не обнаружено;Воронеже;дизель, 2.0 л;190 л.с., налог;АКПП;задний;седан;серый;82 350 км;левый;7 поколение;;;;
BMW;X7;2020;9399000;https://auto.drom.ru/moscow/bmw/x7/54109327.html;Характеристики совпадают с ПТС;1 запись о регистрации;Не числится в розыске;Ограничений не обнаружено;Москве;дизель, 3.0 л;249 л.с., налог;АКПП;4WD;;черный;37 724 км;левый;1 поколение;;;;
BMW;5-Series;2020;4250000;https://auto.drom.ru/spb/bmw/5-series/911508741.html;;;;;Санкт-Петербурге;дизель, 3.0 л;265 л.с., налог;АКПП;4WD;универсал;серый;86 500 км;левый;7 поколение;530d AT xDrive;;;
BMW;6-Series Gran Turismo;2020;6350000;https://auto.drom.ru/spb/bmw/6-series_gran_turismo/54106323.html;Характеристики совпадают с ПТС;2 записи о регистрации;Не числится в розыске;Ограничений не обнаружено;Санкт-Петербурге;дизель, 3.0 л;249 л.с., налог;АКПП;4WD;;серый;97 074 км;левый;1 поколение;;;;
BMW;X3;2020;4495000;https://auto.drom.ru/moscow/bmw/x3/53443993.html;Характеристики совпадают с ПТС;2 записи о регистрации;Не числится в розыске;Ограничений не обнаружено;Москве;дизель, 2.0 л;190 л.с., налог;АКПП;4WD;;синий;50 630 км;левый;3 поколение;;;;
BMW;3-Series;2020;3690000;https://auto.drom.ru/spb/bmw/3-series/53012118.html;Характеристики совпадают с ПТС;1 запись о регистрации;Не числится в розыске;Ограничений не обнаружено;Санкт-Петербурге;бензин, 2.0 л;184 л.с., налог;АКПП;4WD;седан;оранжевый;85 000 км;левый;7 поколение;;;;
BMW;6-Series Gran Turismo;2020;4837000;https://auto.drom.ru/moscow/bmw/6-series_gran_turismo/823474689.html;Характеристики совпадают с ПТС;1 запись о регистрации;Не числится в розыске;Ограничений не обнаружено;Москве;дизель, 2.0 л;190 л.с., налог;АКПП;4WD;;черный;51 671 км;левый;1 поколение;;;;
BMW;6-Series Gran Turismo;2020;7700000;https://auto.drom.ru/moscow/bmw/6-series_gran_turismo/326321998.html;Характеристики совпадают с ПТС;1 запись о регистрации;Не числится в розыске;Ограничений не обнаружено;Москве;дизель, 3.0 л;249 л.с., налог;АКПП;4WD;;черный;44 681 км;левый;1 поколение;;;;
BMW;3-Series;2020;2650416;https://auto.drom.ru/minsk/bmw/3-series/54098311.html;;;;;Минске;дизель, 2.0 л;190 л.с., налог;АКПП;задний;универсал;черный;195 000 км;левый;7 поколение;320d AT Luxury;;;
BMW;X5;2020;6749000;https://auto.drom.ru/spb/bmw/x5/247202941.html;Характеристики совпадают с ПТС;1 запись о регистрации;Не числится в розыске;Ограничений не обнаружено;Санкт-Петербурге;дизель, 3.0 л;249 л.с., налог;АКПП;4WD;;черный;135 000 км;левый;4 поколение;;;;
BMW;5-Series;2020;4229000;https://auto.drom.ru/moscow/bmw/5-series/877695115.html;;;;;Москве;дизель, 2.0 л;190 л.с., налог;АКПП;4WD;универсал;синий;82 000 км;левый;7 поколение, рестайлинг;520d AT xDrive;;;
BMW;X5;2020;10790000;https://auto.drom.ru/moscow/bmw/x5/520920177.html;Характеристики совпадают с ПТС;2 записи о регистрации;Не числится в розыске;Ограничений не обнаружено;Москве;дизель, 3.0 л;400 л.с., налог;АКПП;4WD;;черный;103 699 км;левый;4 поколение;;;;
BMW;X1;2020;2680000;https://auto.drom.ru/pskov/bmw/x1/53000494.html;Характеристики совпадают с ПТС;1 запись о регистрации;Не числится в розыске;Ограничений не обнаружено;Пскове;дизель, 1.5 л;116 л.с., налог;робот;передний;;черный;55 000 км;левый;2 поколение, рестайлинг;;;;
BMW;X6;2020;7999000;https://auto.drom.ru/nizhniy-novgorod/bmw/x6/866897425.html;;;;;Нижнем Новгороде;бензин, 3.0 л;340 л.с., налог;АКПП;4WD;;белый;56 290 км, без пробега по РФ;левый;3 поколение;xDrive 40i AT M Sport Pro;;;
BMW;3-Series;2020;2710000;https://auto.drom.ru/moscow/bmw/3-series/515518641.html;;;;;Москве;дизель, 2.0 л;150 л.с., налог;АКПП;задний;универсал;черный;93 727 км;левый;7 поколение;;;;
BMW;X3;2020;4199000;https://auto.drom.ru/moscow/bmw/x3/798178740.html;;;;;Москве;дизель, 2.0 л;190 л.с., налог;АКПП;4WD;;черный;81 000 км;левый;3 поколение;;;;
BMW;X4;2020;4359000;https://auto.drom.ru/moscow/bmw/x4/108451714.html;;;;;Москве;дизель, 2.0 л;190 л.с., налог;АКПП;4WD;;серебристый;76 000 км;левый;2 поколение;;;;
BMW;5-Series;2020;4199000;https://auto.drom.ru/moscow/bmw/5-series/823324313.html;;;;;Москве;дизель, 3.0 л;265 л.с., налог;АКПП;4WD;седан;черный;88 000 км;левый;7 поколение;530d AT xDrive;;;
BMW;3-Series;2020;4800000;https://auto.drom.ru/kirov/bmw/3-series/53427720.html;Характеристики совпадают с ПТС;3 записи о регистрации;Не числится в розыске;Ограничений не обнаружено;Кирове;дизель, 2.0 л;190 л.с., налог;АКПП;4WD;седан;черный;69 000 км;левый;7 поколение;320d AT xDrive M Sport;;;
BMW;5-Series;2020;5900000;https://auto.drom.ru/moscow/bmw/5-series/54082105.html;;;;;Москве;дизель, 3.0 л;286 л.с., налог;АКПП;4WD;универсал;белый;12 500 км, без пробега по РФ;левый;7 поколение, рестайлинг;530d AT xDrive;;;
BMW;3-Series;2020;4170000;https://auto.drom.ru/moscow/bmw/3-series/52147475.html;Характеристики совпадают с ПТС;3 записи о регистрации;Не числится в розыске;Ограничений не обнаружено;Москве;дизель, 2.0 л;190 л.с., налог;АКПП;4WD;седан;синий;52 300 км;левый;7 поколение;;;;
BMW;X3;2020;4148000;https://auto.drom.ru/moscow/bmw/x3/809449459.html;Характеристики совпадают с ПТС;3 записи о регистрации;Не числится в розыске;Ограничений не обнаружено;Москве;бензин, 2.0 л;184 л.с., налог;АКПП;4WD;;черный;46 900 км;левый;3 поколение;;;;
BMW;3-Series;2020;4350000;https://auto.drom.ru/moscow/bmw/3-series/541582718.html;Характеристики совпадают с ПТС;2 записи о регистрации;Не числится в розыске;Ограничений не обнаружено;Москве;дизель, 2.0 л;190 л.с., налог;АКПП;4WD;седан;черный;60 000 км;левый;7 поколение;;;;
BMW;X6;2020;11999000;https://auto.drom.ru/lyubertsy/bmw/x6/53810550.html;Характеристики совпадают с ПТС;1 запись о регистрации;Не числится в розыске;Ограничений не обнаружено;Люберцах;дизель, 3.0 л;400 л.с., налог;АКПП;4WD;;черный;86 851 км;левый;3 поколение;;;;
BMW;4-Series;2020;4777500;https://auto.drom.ru/kazan/bmw/4-series/54094557.html;;;;;Казани;дизель, 2.0 л;190 л.с., налог;АКПП;задний;купе;черный;84 001 км;левый;;;;;
BMW;2-Series;2020;3278000;https://auto.drom.ru/moscow/bmw/2-series/368879458.html;Характеристики совпадают с ПТС;2 записи о регистрации;Не числится в розыске;Ограничений не обнаружено;Москве;бензин, 1.5 л;140 л.с., налог;робот;передний;седан;белый;52 057 км;левый;1 поколение, рестайлинг;;;;
BMW;2-Series;2020;2925000;https://auto.drom.ru/spb/bmw/2-series/54092971.html;Характеристики совпадают с ПТС;1 запись о регистрации;Не числится в розыске;Ограничений не обнаружено;Санкт-Петербурге;бензин, 1.5 л;140 л.с., налог;робот;передний;седан;серый;86 979 км;левый;1 поколение, рестайлинг;218i DCT M Sport Pro;;;
BMW;5-Series;2020;5280000;https://auto.drom.ru/volgograd/bmw/5-series/53810389.html;Характеристики совпадают с ПТС;1 запись о регистрации;Не числится в розыске;Ограничений не обнаружено;Волгограде;дизель, 2.0 л;190 л.с., налог;АКПП;4WD;седан;синий;104 368 км;левый;7 поколение;;;;
BMW;3-Series;2020;3290000;https://auto.drom.ru/moscow/bmw/3-series/53808087.html;Характеристики совпадают с ПТС;1 запись о регистрации;Не числится в розыске;Ограничений не обнаружено;Москве;бензин, 2.0 л;184 л.с., налог;АКПП;4WD;седан;белый;138 634 км;левый;7 поколение;320i AT xDrive M Sport Pure;;;
BMW;X3;2020;5259000;https://auto.drom.ru/moscow/bmw/x3/53425326.html;Характеристики совпадают с ПТС;2 записи о регистрации;Не числится в розыске;Ограничений не обнаружено;Москве;дизель, 3.0 л;249 л.с., налог;АКПП;4WD;;черный;55 330 км;левый;3 поколение;xDrive 30d AT M Sport;;;
BMW;X4;2020;4270000;https://auto.drom.ru/moscow/bmw/x4/53425330.html;Характеристики совпадают с ПТС;3 записи о регистрации;Не числится в розыске;Ограничений не обнаружено;Москве;дизель, 2.0 л;190 л.с., налог;АКПП;4WD;;синий;65 300 км;левый;2 поколение;xDrive 20d AT xLine;;;
BMW;5-Series;2020;7700000;https://auto.drom.ru/smolensk/bmw/5-series/53423716.html;Характеристики совпадают с ПТС;1 запись о регистрации;Не числится в розыске;Ограничений не обнаружено;Смоленске;дизель, 3.0 л;249 л.с., налог;АКПП;4WD;седан;черный;32 150 км;левый;7 поколение;;;;
BMW;X5;2020;7140000;https://auto.drom.ru/spb/bmw/x5/52998703.html;;;;;Санкт-Петербурге;дизель, 3.0 л;265 л.с., налог;АКПП;4WD;;серый;79 000 км;левый;4 поколение;;;;
BMW;5-Series;2020;4535000;https://auto.drom.ru/moscow/bmw/5-series/52991801.html;Характеристики совпадают с ПТС;1 запись о регистрации;Не числится в розыске;Ограничений не обнаружено;Москве;бензин, 2.0 л;184 л.с., налог;АКПП;задний;седан;синий;31 485 км;левый;7 поколение;;;;
BMW;X2;2020;3699000;https://auto.drom.ru/moscow/bmw/x2/52544042.html;;;;;Москве;бензин, 2.0 л;192 л.с., налог;автомат;4WD;;белый;13 236 км, без пробега по РФ;левый;1 поколение;;;;
