Бренд;Модель;Год;Цена;URL;ПТС;Владельцы;Розыск;Ограничения;Город;Двигатель;Мощность;Коробка передач;Привод;Пробег;Руль;Поколение;Цвет;Тип кузова;Комплектация;Особые отметки;VIN;
Mercedes-Benz;E-Class;2020;5100000;https://auto.drom.ru/moscow/mercedes-benz/e-class/582255507.html;Характеристики совпадают с ПТС;1 запись о регистрации;Не числится в розыске;Ограничений не обнаружено;Москве;дизель, 2.0 л;194 л.с., налог;АКПП;4WD;50 000 км;левый;5 поколение, рестайлинг;синий;седан;E 220 d 4MATIC Sport;;;
Mercedes-Benz;S-Class;2020;8050000;https://auto.drom.ru/moscow/mercedes-benz/s-class/53693732.html;Характеристики совпадают с ПТС;1 запись о регистрации;Не числится в розыске;Ограничений не обнаружено;Москве;дизель, 2.9 л;249 л.с., налог;АКПП;4WD;185 000 км;левый;6 поколение, рестайлинг;черный;седан;S 350 d 4MATIC L;;;
Mercedes-Benz;GLB-Class;2020;4100000;https://auto.drom.ru/minsk/mercedes-benz/glb/256087935.html;;;;;Минске;бензин, 2.0 л;224 л.с., налог;робот;4WD;37 281 км, без пробега по РФ;левый;1 поколение;бордовый;;GLB 250 4MATIC Sport;;;
Mercedes-Benz;GLS-Class;2020;12990000;https://auto.drom.ru/moscow/mercedes-benz/gls-class/53698577.html;Год не совпадает с ПТС;1 запись о регистрации;Не числится в розыске;Ограничений не обнаружено;Москве;бензин, 3.0 л;362 л.с., налог;АКПП;4WD;55 000 км;левый;2 поколение;белый;;GLS 450 4MATIC;;;
Mercedes-Benz;GLS-Class;2020;23500000;https://auto.drom.ru/moscow/mercedes-benz/gls-class/53692611.html;Характеристики совпадают с ПТС;1 запись о регистрации;Не числится в розыске;Ограничений не обнаружено;Москве;бензин, 4.0 л, гибрид;558 л.с., налог;АКПП;4WD;25 000 км;левый;2 поколение;черный;;Mercedes-Maybach GLS 600 4MATIC;;;
Mercedes-Benz;CLS-Class;2020;7065000;https://auto.drom.ru/moscow/mercedes-benz/cls-class/53689589.html;Характеристики совпадают с ПТС;1 запись о регистрации;Не числится в розыске;Ограничений не обнаружено;Москве;дизель, 2.9 л;249 л.с., налог;АКПП;4WD;37 417 км;левый;3 поколение;серый;седан;;;;
Mercedes-Benz;G-Class;2020;17777777;https://auto.drom.ru/voronezh/mercedes-benz/g-class/53298177.html;Характеристики совпадают с ПТС;1 запись о регистрации;Не числится в розыске;Ограничений не обнаружено;Воронеже;бензин, 4.0 л;422 л.с., налог;АКПП;4WD;38 015 км;левый;3 поколение;серый;джип/suv 5 дв.;;;;
Mercedes-Benz;E-Class;2020;4450000;https://auto.drom.ru/spb/mercedes-benz/e-class/53298060.html;Характеристики совпадают с ПТС;1 запись о регистрации;Не числится в розыске;Ограничений не обнаружено;Санкт-Петербурге;дизель, 2.0 л;194 л.с., налог;АКПП;4WD;61 689 км;левый;5 поколение;белый;седан;;;;
Mercedes-Benz;GLC;2020;4335000;https://auto.drom.ru/moscow/mercedes-benz/glc-class/53298010.html;Характеристики совпадают с ПТС;2 записи о регистрации;Не числится в розыске;Ограничений не обнаружено;Москве;дизель, 2.0 л;245 л.с., налог;АКПП;4WD;80 088 км;левый;1 поколение, рестайлинг;синий;;;;;
Mercedes-Benz;GLE;2020;7550000;https://auto.drom.ru/spb/mercedes-benz/gle-class/53291026.html;Характеристики совпадают с ПТС;1 запись о регистрации;Не числится в розыске;Ограничений не обнаружено;Санкт-Петербурге;дизель, 2.9 л;330 л.с., налог;АКПП;4WD;105 459 км;левый;2 поколение;серый;;GLE 400 d 4MATIC Sport;;;
Mercedes-Benz;GLC;2020;5990000;https://auto.drom.ru/moscow/mercedes-benz/glc-class/53290408.html;Характеристики совпадают с ПТС;1 запись о регистрации;Не числится в розыске;Ограничений не обнаружено;Москве;дизель, 2.0 л;245 л.с., налог;АКПП;4WD;50 700 км;левый;1 поколение, рестайлинг;черный;;;;;
Mercedes-Benz;GLE;2020;8100000;https://auto.drom.ru/moscow/mercedes-benz/gle-class/52861864.html;;;;;Москве;дизель, 2.9 л;272 л.с., налог;АКПП;4WD;64 200 км;левый;2 поколение;белый;;GLE 350d 4MATIC;;;
Mercedes-Benz;S-Class;2020;9000000;https://auto.drom.ru/spb/mercedes-benz/s-class/53136371.html;Характеристики совпадают с ПТС;5 записей о регистрации;Не числится в розыске;Ограничений не обнаружено;Санкт-Петербурге;бензин, 3.0 л;367 л.с., налог;АКПП;4WD;174 360 км;левый;;черный;седан;;;;
Mercedes-Benz;GLE Coupe;2020;12000000;https://auto.drom.ru/moscow/mercedes-benz/gle_coupe/578114157.html;Характеристики совпадают с ПТС;1 запись о регистрации;Не числится в розыске;Ограничений не обнаружено;Москве;бензин, 3.0 л, гибрид;435 л.с., налог;АКПП;4WD;17 600 км;левый;2 поколение;серый;;GLE 53 4MATIC+;;;
Mercedes-Benz;S-Class;2020;9900000;https://auto.drom.ru/moscow/mercedes-benz/s-class/54096562.html;;;;;Москве;дизель, 2.9 л;286 л.с., налог;АКПП;4WD;89 000 км, без пробега по РФ;левый;7 поколение;серый;седан;S350 d 4MATIC L;;;
Mercedes-Benz;GLS-Class;2020;3300000;https://auto.drom.ru/moscow/mercedes-benz/gls-class/225340886.html;Электронный ПТС не выдавался;;;;Москве;бензин, 2.0 л;249 л.с., налог;автомат;4WD;55 000 км, без пробега по РФ;левый;2 поколение;черный;;;документы с проблемами или отсутствуют;;
Mercedes-Benz;GLS-Class;2020;10245000;https://auto.drom.ru/moscow/mercedes-benz/gls-class/523240859.html;Характеристики совпадают с ПТС;2 записи о регистрации;Не числится в розыске;Ограничений не обнаружено;Москве;бензин, 3.0 л;367 л.с., налог;автомат;4WD;66 752 км;левый;;синий;;;;;
Mercedes-Benz;C-Class;2020;7500000;https://auto.drom.ru/moscow/mercedes-benz/c-class/53980970.html;;;;;Москве;бензин, 3.0 л;390 л.с., налог;АКПП;4WD;43 000 км, без пробега по РФ;левый;4 поколение, рестайлинг;серый;универсал;AMG C 43 4MATIC;;;
Mercedes-Benz;V-Class;2020;7920000;https://auto.drom.ru/minsk/mercedes-benz/v-class/51531044.html;Цвет, мощность двигателя не совпадают с ПТС;2 записи о регистрации;Не числится в розыске;Ограничений не обнаружено;Минске;дизель, 2.1 л;190 л.с., налог;АКПП;4WD;52 000 км;левый;3 поколение;черный;;;;;
Mercedes-Benz;E-Class;2020;4790000;https://auto.drom.ru/moscow/mercedes-benz/e-class/617542858.html;Характеристики совпадают с ПТС;1 запись о регистрации;Не числится в розыске;Ограничений не обнаружено;Москве;бензин, 2.0 л;197 л.с., налог;АКПП;4WD;82 710 км;левый;5 поколение;черный;седан;;;;
Mercedes-Benz;V-Class;2020;6700000;https://auto.drom.ru/moscow/mercedes-benz/v-class/718376718.html;Характеристики совпадают с ПТС;1 запись о регистрации;Не числится в розыске;Ограничений не обнаружено;Москве;бензин, 2.0 л;211 л.с., налог;АКПП;задний;42 470 км;левый;3 поколение;черный;;;;;
Mercedes-Benz;E-Class;2020;3990000;https://auto.drom.ru/moscow/mercedes-benz/e-class/53987031.html;Характеристики совпадают с ПТС;1 запись о регистрации;Не числится в розыске;Ограничений не обнаружено;Москве;бензин, 2.0 л;197 л.с., налог;АКПП;задний;44 977 км;левый;5 поколение;синий;седан;;;;
Mercedes-Benz;EQC;2020;4940671;https://auto.drom.ru/minsk/mercedes-benz/eqc/53670774.html;;;;;Минске;электро;408 л.с., налог;АКПП;4WD;54 000 км;левый;1 поколение;белый;;EQC 400 4MATIC Limited Edition;;;
Mercedes-Benz;GLB-Class;2020;5500000;https://auto.drom.ru/spb/mercedes-benz/glb/471283667.html;Характеристики совпадают с ПТС;3 записи о регистрации;Не числится в розыске;Ограничений не обнаружено;Санкт-Петербурге;дизель, 2.0 л;190 л.с., налог;робот;4WD;37 761 км;левый;1 поколение;черный;;;;;
Mercedes-Benz;GLA-Class;2020;4290000;https://auto.drom.ru/spb/mercedes-benz/gla-class/53980055.html;Характеристики совпадают с ПТС;2 записи о регистрации;Не числится в розыске;Ограничений не обнаружено;Санкт-Петербурге;бензин, 2.0 л;224 л.с., налог;робот;4WD;45 021 км;левый;2 поколение;черный;;GLA 250 4MATIC Sport;;;
Mercedes-Benz;V-Class;2020;6190000;https://auto.drom.ru/moscow/mercedes-benz/v-class/53975726.html;Цвет не совпадает с ПТС;1 запись о регистрации;Не числится в розыске;Ограничений не обнаружено;Москве;бензин, 2.0 л;211 л.с., налог;АКПП;задний;34 608 км;левый;3 поколение;красный;;;;;
Mercedes-Benz;GLE;2020;9600000;https://auto.drom.ru/moscow/mercedes-benz/gle-class/53663696.html;Характеристики совпадают с ПТС;2 записи о регистрации;Не числится в розыске;Ограничений не обнаружено;Москве;бензин, 3.0 л;435 л.с., налог;АКПП;4WD;63 200 км;левый;2 поколение;синий;;AMG GLE 53 4MATIC+;;;
Mercedes-Benz;GLC;2020;6120000;https://auto.drom.ru/moscow/mercedes-benz/glc-class/52822885.html;Характеристики совпадают с ПТС;1 запись о регистрации;Не числится в розыске;Ограничений не обнаружено;Москве;бензин, 2.0 л;249 л.с., налог;АКПП;4WD;66 890 км;левый;1 поколение, рестайлинг;серый;;GLC 300 4MATIC AT Sport Plus;;;
Mercedes-Benz;E-Class;2020;5300000;https://auto.drom.ru/moscow/mercedes-benz/e-class/247704160.html;Характеристики совпадают с ПТС;6 записей о регистрации;Не числится в розыске;Ограничений не обнаружено;Москве;бензин, 2.0 л;197 л.с., налог;АКПП;4WD;75 000 км;левый;5 поколение, рестайлинг;серый;седан;E 200 4MATIC Sport;;;
Mercedes-Benz;GLC Coupe;2020;4399000;https://auto.drom.ru/moscow/mercedes-benz/glc_coupe/505846424.html;Характеристики совпадают с ПТС;1 запись о регистрации;Не числится в розыске;Ограничений не обнаружено;Москве;дизель, 2.0 л;194 л.с., налог;АКПП;4WD;103 746 км;левый;1 поколение, рестайлинг;синий;;;;;
Mercedes-Benz;GLC;2020;5129987;https://auto.drom.ru/minsk/mercedes-benz/glc-class/53139235.html;;;;;Минске;бензин, 2.0 л;197 л.с., налог;АКПП;4WD;9 000 км;левый;1 поколение, рестайлинг;черный;;GLC 200 4MATIC AT Premium Plus;;;
Mercedes-Benz;GLE;2020;7879000;https://auto.drom.ru/moscow/mercedes-benz/gle-class/216942717.html;Характеристики совпадают с ПТС;1 запись о регистрации;Не числится в розыске;Ограничений не обнаружено;Москве;дизель, 2.9 л;272 л.с., налог;АКПП;4WD;74 079 км;левый;2 поколение;серебристый;;GLE 350d 4MATIC;;;
Mercedes-Benz;C-Class;2020;3799000;https://auto.drom.ru/voronezh/mercedes-benz/c-class/406362388.html;Характеристики совпадают с ПТС;3 записи о регистрации;Не числится в розыске;Ограничений не обнаружено;Воронеже;бензин, 1.5 л;150 л.с., налог;автомат;задний;41 445 км;левый;;серый;купе;;;;
Mercedes-Benz;GLE;2020;6538000;https://auto.drom.ru/moscow/mercedes-benz/gle-class/875481583.html;Характеристики совпадают с ПТС;1 запись о регистрации;Не числится в розыске;Ограничений не обнаружено;Москве;дизель, 2.0 л;245 л.с., налог;АКПП;4WD;82 507 км;левый;2 поколение;черный;;;;;
Mercedes-Benz;GLE;2020;8770000;https://auto.drom.ru/moscow/mercedes-benz/gle-class/52335227.html;Характеристики совпадают с ПТС;1 запись о регистрации;Не числится в розыске;Ограничений не обнаружено;Москве;дизель, 2.9 л;249 л.с., налог;автомат;4WD;65 626 км;левый;;синий;;;;;
Mercedes-Benz;CLA-Class;2020;2392000;https://auto.drom.ru/pskov/mercedes-benz/cla-class/806743583.html;;;;;Пскове;бензин, 1.3 л;150 л.с., налог;робот;передний;98 000 км, без пробега по РФ;левый;2 поколение;черный;седан;CLA 200 DCT Sport;;;
Mercedes-Benz;GLS-Class;2020;8080537;https://auto.drom.ru/minsk/mercedes-benz/gls-class/53250889.html;;;;;Минске;бензин, 3.0 л;367 л.с., налог;автомат;4WD;99 000 км;левый;2 поколение;черный;;;;;
Mercedes-Benz;CLA-Class;2020;2853584;https://auto.drom.ru/minsk/mercedes-benz/cla-class/52313844.html;;;;;Минске;дизель, 2.0 л;150 л.с., налог;робот;передний;172 000 км;левый;2 поколение;черный;универсал;CLA 200 d DCT Progressive;;;
Mercedes-Benz;C-Class;2020;4620000;https://auto.drom.ru/spb/mercedes-benz/c-class/772337092.html;Характеристики совпадают с ПТС;1 запись о регистрации;Не числится в розыске;Ограничений не обнаружено;Санкт-Петербурге;бензин, 2.0 л, гибрид;204 л.с., налог;АКПП;4WD;67 000 км;левый;4 поколение, рестайлинг;серый;купе;C 200 4MATIC Sport;;;
Mercedes-Benz;GLS-Class;2020;14700000;https://auto.drom.ru/moscow/mercedes-benz/gls-class/53973453.html;Характеристики совпадают с ПТС;1 запись о регистрации;Не числится в розыске;Ограничений не обнаружено;Москве;бензин, 4.0 л;489 л.с., налог;автомат;4WD;45 025 км;левый;;синий;;;;;
Mercedes-Benz;CLA-Class;2020;3499000;https://auto.drom.ru/moscow/mercedes-benz/cla-class/53658323.html;Характеристики совпадают с ПТС;3 записи о регистрации;Не числится в розыске;Ограничений не обнаружено;Москве;бензин, 1.3 л;150 л.с., налог;робот;передний;36 170 км;левый;2 поколение;белый;седан;CLA 200 DCT Sport;;;
Mercedes-Benz;GLC;2020;6185000;https://auto.drom.ru/moscow/mercedes-benz/glc-class/53261126.html;Характеристики совпадают с ПТС;2 записи о регистрации;Не числится в розыске;Ограничений не обнаружено;Москве;дизель, 2.0 л;245 л.с., налог;АКПП;4WD;70 755 км;левый;1 поколение, рестайлинг;серый;;;;;
Mercedes-Benz;GLA-Class;2020;2964000;https://auto.drom.ru/moscow/mercedes-benz/gla-class/53247153.html;Характеристики совпадают с ПТС;2 записи о регистрации;Не числится в розыске;Ограничений не обнаружено;Москве;бензин, 1.3 л;150 л.с., налог;автомат;передний;96 711 км;левый;;белый;;;;;
Mercedes-Benz;V-Class;2020;7635000;https://auto.drom.ru/saratov/mercedes-benz/v-class/52373021.html;Характеристики совпадают с ПТС;2 записи о регистрации;Не числится в розыске;Ограничений не обнаружено;Саратове;дизель, 2.1 л;190 л.с., налог;АКПП;4WD;43 386 км;левый;3 поколение;серый;;;;;
Mercedes-Benz;GLS-Class;2020;9599000;https://auto.drom.ru/moscow/mercedes-benz/gls-class/51942660.html;;;;;Москве;бензин, 3.0 л;367 л.с., налог;автомат;4WD;41 700 км;левый;;белый;;;;;
Mercedes-Benz;GLE;2020;9270000;https://auto.drom.ru/moscow/mercedes-benz/gle-class/52421891.html;Характеристики совпадают с ПТС;4 записи о регистрации;Не числится в розыске;Ограничений не обнаружено;Москве;бензин, 3.0 л, гибрид;435 л.с., налог;АКПП;4WD;70 081 км;левый;2 поколение;черный;;GLE 53 4MATIC+;;;
Mercedes-Benz;A-Class;2020;2599000;https://auto.drom.ru/spb/mercedes-benz/a-class/503163465.html;Характеристики совпадают с ПТС;1 запись о регистрации;Не числится в розыске;Ограничений не обнаружено;Санкт-Петербурге;бензин, 1.3 л;150 л.с., налог;робот;передний;66 210 км;левый;4 поколение;черный;седан;;;;
Mercedes-Benz;GLC Coupe;2020;5800000;https://auto.drom.ru/moscow/mercedes-benz/glc_coupe/52151652.html;Электронный ПТС выдан;;Не числится в розыске;Ограничений не обнаружено;Москве;дизель, 2.0 л;194 л.с., налог;АКПП;4WD;35 500 км, без пробега по РФ;левый;1 поколение, рестайлинг;черный;;GLC 220d 4MATIC AMG Line Plus;;;
Mercedes-Benz;GLA-Class;2020;4490000;https://auto.drom.ru/spb/mercedes-benz/gla-class/127271407.html;Характеристики совпадают с ПТС;1 запись о регистрации;Не числится в розыске;Ограничений не обнаружено;Санкт-Петербурге;бензин, 2.0 л;224 л.с., налог;робот;4WD;22 686 км;левый;2 поколение;белый;;;;;
Mercedes-Benz;AMG GT;2020;12444000;https://auto.drom.ru/moscow/mercedes-benz/amg_gt/52554488.html;Характеристики совпадают с ПТС;1 запись о регистрации;Не числится в розыске;Ограничений не обнаружено;Москве;бензин, 3.0 л;367 л.с., налог;автомат;4WD;6 900 км;левый;1 поколение, рестайлинг;белый;хэтчбек 3 дв.;;;;
Mercedes-Benz;C-Class;2020;3800000;https://auto.drom.ru/moscow/mercedes-benz/c-class/53650328.html;Характеристики совпадают с ПТС;3 записи о регистрации;Не числится в розыске;Ограничений не обнаружено;Москве;бензин, 1.5 л;150 л.с., налог;автомат;задний;44 424 км;левый;;серый;купе;;;;
Mercedes-Benz;GLE;2020;8300000;https://auto.drom.ru/kazan/mercedes-benz/gle-class/53644571.html;Характеристики совпадают с ПТС;4 записи о регистрации;Не числится в розыске;Ограничений не обнаружено;Казани;дизель, 2.9 л;330 л.с., налог;АКПП;4WD;52 734 км;левый;2 поколение;белый;;;;;
Mercedes-Benz;A-Class;2020;2479700;https://auto.drom.ru/moscow/mercedes-benz/a-class/53639259.html;Характеристики совпадают с ПТС;3 записи о регистрации;Не числится в розыске;Ограничений не обнаружено;Москве;бензин, 1.3 л;150 л.с., налог;робот;передний;73 524 км;левый;4 поколение;белый;хэтчбек 5 дв.;A 200 DCT Sport;;;
Mercedes-Benz;E-Class;2020;6349000;https://auto.drom.ru/moscow/mercedes-benz/e-class/53245707.html;Характеристики совпадают с ПТС;2 записи о регистрации;Не числится в розыске;Ограничений не обнаружено;Москве;бензин, 2.0 л;197 л.с., налог;АКПП;4WD;43 283 км;левый;5 поколение;черный;седан;;;;
Mercedes-Benz;GLE;2020;8090000;https://auto.drom.ru/moscow/mercedes-benz/gle-class/53241878.html;Характеристики совпадают с ПТС;1 запись о регистрации;Не числится в розыске;Ограничений не обнаружено;Москве;дизель, 2.9 л;249 л.с., налог;автомат;4WD;102 318 км;левый;;черный;;;;;
Mercedes-Benz;S-Class;2020;15000000;https://auto.drom.ru/cheboksary/mercedes-benz/s-class/52793223.html;Характеристики совпадают с ПТС;1 запись о регистрации;Не числится в розыске;Ограничений не обнаружено;Чебоксарах;бензин, 3.0 л;367 л.с., налог;АКПП;4WD;119 000 км;левый;7 поколение;черный;седан;S450 4MATIC Premium;;;
Mercedes-Benz;GLC;2020;4600000;https://auto.drom.ru/moscow/mercedes-benz/glc-class/51121180.html;;;;;Москве;бензин, 2.0 л;258 л.с., налог;АКПП;4WD;4 000 км;левый;1 поколение, рестайлинг;серый;;GLC 300 AT 4MATIC;;;
Mercedes-Benz;C-Class;2020;3570777;https://auto.drom.ru/spb/mercedes-benz/c-class/114598473.html;Характеристики совпадают с ПТС;2 записи о регистрации;Не числится в розыске;Ограничений не обнаружено;Санкт-Петербурге;бензин, 2.0 л;204 л.с., налог;автомат;4WD;22 992 км;левый;;белый;седан;;;;
Mercedes-Benz;GLE;2020;6950000;https://auto.drom.ru/moscow/mercedes-benz/gle-class/758741751.html;Характеристики совпадают с ПТС;1 запись о регистрации;Не числится в розыске;Ограничений не обнаружено;Москве;дизель, 2.0 л;245 л.с., налог;АКПП;4WD;60 901 км;левый;2 поколение;черный;;;;;
Mercedes-Benz;GLE Coupe;2020;11650000;https://auto.drom.ru/moscow/mercedes-benz/gle_coupe/361073198.html;Характеристики совпадают с ПТС;1 запись о регистрации;Не числится в розыске;Ограничений не обнаружено;Москве;бензин, 3.0 л, гибрид;435 л.с., налог;АКПП;4WD;39 978 км;левый;2 поколение;серый;;GLE 53 4MATIC+;;;
Mercedes-Benz;GLE;2020;9450000;https://auto.drom.ru/moscow/mercedes-benz/gle-class/917436322.html;Характеристики совпадают с ПТС;1 запись о регистрации;Не числится в розыске;Ограничений не обнаружено;Москве;дизель, 2.9 л;330 л.с., налог;АКПП;4WD;63 136 км;левый;2 поколение;синий;;;;;
Mercedes-Benz;CLS-Class;2020;5350000;https://auto.drom.ru/moscow/mercedes-benz/cls-class/865019425.html;;;;;Москве;бензин, 2.0 л;299 л.с., налог;автомат;задний;118 000 км;левый;;синий;седан;;;;
Mercedes-Benz;A-Class;2020;2599000;https://auto.drom.ru/moscow/mercedes-benz/a-class/53633158.html;Характеристики совпадают с ПТС;2 записи о регистрации;Не числится в розыске;Ограничений не обнаружено;Москве;бензин, 1.3 л;150 л.с., налог;робот;передний;58 260 км;левый;4 поколение;черный;хэтчбек 5 дв.;A 200 DCT Sport;;;
Mercedes-Benz;E-Class;2020;4900000;https://auto.drom.ru/moscow/mercedes-benz/e-class/53630672.html;Характеристики совпадают с ПТС;3 записи о регистрации;Не числится в розыске;Ограничений не обнаружено;Москве;бензин, 2.0 л;197 л.с., налог;АКПП;задний;29 295 км;левый;5 поколение;синий;седан;;;;
Mercedes-Benz;G-Class;2020;19679000;https://auto.drom.ru/himki/mercedes-benz/g-class/188759340.html;Характеристики совпадают с ПТС;1 запись о регистрации;Не числится в розыске;Ограничений не обнаружено;Химках;бензин, 4.0 л;585 л.с., налог;автомат;4WD;79 609 км;левый;3 поколение;черный;джип/suv 5 дв.;;;;
Mercedes-Benz;C-Class;2020;4720000;https://auto.drom.ru/moscow/mercedes-benz/c-class/53226907.html;Характеристики совпадают с ПТС;2 записи о регистрации;Не числится в розыске;Ограничений не обнаружено;Москве;бензин, 2.0 л;204 л.с., налог;автомат;4WD;55 131 км;левый;;черный;купе;;;;
Mercedes-Benz;S-Class;2020;13499000;https://auto.drom.ru/kirov/mercedes-benz/s-class/48683195.html;Характеристики совпадают с ПТС;1 запись о регистрации;Не числится в розыске;Ограничений не обнаружено;Кирове;дизель, 2.9 л;249 л.с., налог;АКПП;4WD;84 000 км;левый;7 поколение;черный;седан;S350 d 4MATIC Premium;;;
Mercedes-Benz;GLB-Class;2020;4700000;https://auto.drom.ru/smolensk/mercedes-benz/glb/46480436.html;Характеристики совпадают с ПТС;3 записи о регистрации;Не числится в розыске;Ограничений не обнаружено;Смоленске;дизель, 2.0 л;150 л.с., налог;робот;4WD;50 000 км;левый;1 поколение;синий;;GLB 200 d 4MATIC Progressive;;;
Mercedes-Benz;GLE Coupe;2020;9499000;https://auto.drom.ru/moscow/mercedes-benz/gle_coupe/319864546.html;Характеристики совпадают с ПТС;1 запись о регистрации;Не числится в розыске;Ограничений не обнаружено;Москве;дизель, 2.9 л;249 л.с., налог;АКПП;4WD;30 814 км;левый;2 поколение;синий;;350 d 4MATIC;;;
Mercedes-Benz;G-Class;2020;19499000;https://auto.drom.ru/moscow/mercedes-benz/g-class/173716693.html;;;;;Москве;бензин, 4.0 л;585 л.с., налог;автомат;4WD;37 206 км;левый;3 поколение;черный;джип/suv 5 дв.;;;;
Mercedes-Benz;V-Class;2020;17600000;https://auto.drom.ru/moscow/mercedes-benz/v-class/54042766.html;Характеристики совпадают с ПТС;1 запись о регистрации;Не числится в розыске;Ограничений не обнаружено;Москве;дизель, 2.1 л;163 л.с., налог;АКПП;4WD;22 700 км;левый;3 поколение;черный;;220 d AT 4MATIC Avantgarde Длинный;;;
Mercedes-Benz;G-Class;2020;25190000;https://auto.drom.ru/himki/mercedes-benz/g-class/621509934.html;Цвет не совпадает с ПТС;1 запись о регистрации;Не числится в розыске;Ограничений не обнаружено;Химках;бензин, 4.0 л;585 л.с., налог;автомат;4WD;36 900 км;левый;3 поколение;бежевый;джип/suv 5 дв.;;;;
Mercedes-Benz;GLB-Class;2020;3529777;https://auto.drom.ru/spb/mercedes-benz/glb/330552330.html;Характеристики совпадают с ПТС;2 записи о регистрации;Не числится в розыске;Ограничений не обнаружено;Санкт-Петербурге;дизель, 2.0 л;150 л.с., налог;робот;4WD;59 559 км;левый;1 поколение;черный;;;;;
Mercedes-Benz;GLE;2020;6850000;https://auto.drom.ru/moscow/mercedes-benz/gle-class/506609068.html;Характеристики совпадают с ПТС;3 записи о регистрации;Не числится в розыске;Ограничений не обнаружено;Москве;дизель, 2.0 л;245 л.с., налог;АКПП;4WD;68 863 км;левый;2 поколение;зеленый;;;;;
Mercedes-Benz;E-Class;2020;4800000;https://auto.drom.ru/minsk/mercedes-benz/e-class/385130189.html;;;;;Минске;бензин, 2.0 л;197 л.с., налог;АКПП;задний;50 000 км;левый;5 поколение, рестайлинг;черный;универсал;E 200 AТ AMG Line;;;
Mercedes-Benz;C-Class;2020;4400000;https://auto.drom.ru/moscow/mercedes-benz/c-class/265925703.html;Характеристики совпадают с ПТС;3 записи о регистрации;Не числится в розыске;Ограничений не обнаружено;Москве;бензин, 2.0 л;204 л.с., налог;автомат;4WD;57 017 км;левый;4 поколение, рестайлинг;черный;седан;;;;
Mercedes-Benz;EQV;2020;9000000;https://auto.drom.ru/moscow/mercedes-benz/eqv/868314396.html;;;;;Москве;электро;204 л.с., налог;АКПП;передний;17 000 км;левый;1 поколение;серый;;;;;
Mercedes-Benz;GLC;2020;4339000;https://auto.drom.ru/spb/mercedes-benz/glc-class/906042787.html;Характеристики совпадают с ПТС;1 запись о регистрации;Не числится в розыске;Ограничений не обнаружено;Санкт-Петербурге;дизель, 2.0 л;194 л.с., налог;АКПП;4WD;65 138 км;левый;1 поколение, рестайлинг;синий;;GLC 220d 4MATIC AT Premium;;;
Mercedes-Benz;CLA-Class;2020;3299000;https://auto.drom.ru/nizhniy-novgorod/mercedes-benz/cla-class/53207924.html;Характеристики совпадают с ПТС;1 запись о регистрации;Не числится в розыске;Ограничений не обнаружено;Нижнем Новгороде;дизель, 1.5 л;116 л.с., налог;робот;передний;59 081 км;левый;2 поколение;серый;универсал;CLA 180 d DCT;;;
Mercedes-Benz;V-Class;2020;8500000;https://auto.drom.ru/moscow/mercedes-benz/v-class/819046494.html;Характеристики совпадают с ПТС;4 записи о регистрации;Не числится в розыске;Ограничений не обнаружено;Москве;дизель, 2.1 л;190 л.с., налог;АКПП;4WD;69 400 км;левый;3 поколение, рестайлинг;черный;;;;;
Mercedes-Benz;AMG GT;2020;10750000;https://auto.drom.ru/volgograd/mercedes-benz/amg_gt/53604395.html;Характеристики совпадают с ПТС;2 записи о регистрации;Не числится в розыске;Ограничений не обнаружено;Волгограде;бензин, 3.0 л;367 л.с., налог;автомат;4WD;38 749 км;левый;1 поколение, рестайлинг;белый;хэтчбек 3 дв.;;;;
Mercedes-Benz;E-Class;2020;4308000;https://auto.drom.ru/moscow/mercedes-benz/e-class/637985434.html;Характеристики совпадают с ПТС;1 запись о регистрации;Не числится в розыске;Ограничений не обнаружено;Москве;бензин, 2.0 л;197 л.с., налог;АКПП;задний;91 223 км;левый;5 поколение;черный;седан;;;;
Mercedes-Benz;GLS-Class;2020;10199000;https://auto.drom.ru/moscow/mercedes-benz/gls-class/177363870.html;Характеристики совпадают с ПТС;2 записи о регистрации;Не числится в розыске;Ограничений не обнаружено;Москве;дизель, 2.9 л;330 л.с., налог;АКПП;4WD;47 900 км;левый;2 поколение;черный;;GLS 400 d 4MATIC Premium;;;
Mercedes-Benz;GLS-Class;2020;10500000;https://auto.drom.ru/moscow/mercedes-benz/gls-class/868421572.html;Характеристики совпадают с ПТС;4 записи о регистрации;Не числится в розыске;Ограничений не обнаружено;Москве;дизель, 2.9 л;330 л.с., налог;АКПП;4WD;46 500 км;левый;2 поколение;белый;;GLS 400 d 4MATIC Premium;;;
Mercedes-Benz;GLE;2020;7077000;https://auto.drom.ru/moscow/mercedes-benz/gle-class/666446368.html;Характеристики совпадают с ПТС;4 записи о регистрации;Не числится в розыске;Ограничений не обнаружено;Москве;дизель, 2.0 л;245 л.с., налог;АКПП;4WD;50 000 км;левый;2 поколение;белый;;GLE 300 d 4MATIC Sport;;;
Mercedes-Benz;S-Class;2020;14175000;https://auto.drom.ru/moscow/mercedes-benz/s-class/53959169.html;Характеристики совпадают с ПТС;2 записи о регистрации;Не числится в розыске;Ограничений не обнаружено;Москве;дизель, 2.9 л;249 л.с., налог;АКПП;4WD;22 000 км;левый;;черный;седан;;;;
Mercedes-Benz;GLE;2020;11020000;https://auto.drom.ru/moscow/mercedes-benz/gle-class/53957314.html;Характеристики совпадают с ПТС;1 запись о регистрации;Не числится в розыске;Ограничений не обнаружено;Москве;бензин, 3.0 л;367 л.с., налог;АКПП;4WD;29 736 км;левый;2 поколение;синий;;;;;
Mercedes-Benz;GLB-Class;2020;3760000;https://auto.drom.ru/moscow/mercedes-benz/glb/53957315.html;Характеристики совпадают с ПТС;1 запись о регистрации;Не числится в розыске;Ограничений не обнаружено;Москве;бензин, 1.3 л;150 л.с., налог;автомат;передний;23 115 км;левый;;белый;;;;;
Mercedes-Benz;C-Class;2020;3990000;https://auto.drom.ru/moscow/mercedes-benz/c-class/53957316.html;Характеристики совпадают с ПТС;1 запись о регистрации;Не числится в розыске;Ограничений не обнаружено;Москве;бензин, 1.5 л;150 л.с., налог;автомат;задний;43 521 км;левый;;серый;седан;;;;
Mercedes-Benz;GLE Coupe;2020;7999000;https://auto.drom.ru/tula/mercedes-benz/gle_coupe/53956916.html;Характеристики совпадают с ПТС;1 запись о регистрации;Не числится в розыске;Ограничений не обнаружено;Туле;дизель, 2.9 л;249 л.с., налог;АКПП;4WD;91 544 км;левый;2 поколение;белый;;350 d 4MATIC;;;
Mercedes-Benz;GLC;2020;5225000;https://auto.drom.ru/moscow/mercedes-benz/glc-class/53623240.html;Характеристики совпадают с ПТС;1 запись о регистрации;Не числится в розыске;Ограничений не обнаружено;Москве;бензин, 2.0 л;249 л.с., налог;АКПП;4WD;77 372 км;левый;1 поколение, рестайлинг;черный;;GLC 300 4MATIC AT Sport Plus;;;
Mercedes-Benz;GLC;2020;4985000;https://auto.drom.ru/moscow/mercedes-benz/glc-class/53212375.html;Характеристики совпадают с ПТС;2 записи о регистрации;Не числится в розыске;Ограничений не обнаружено;Москве;бензин, 2.0 л;197 л.с., налог;АКПП;4WD;51 182 км;левый;1 поколение, рестайлинг;белый;;;;;
Mercedes-Benz;A-Class;2020;3009000;https://auto.drom.ru/togliatti/mercedes-benz/a-class/53034994.html;Характеристики совпадают с ПТС;2 записи о регистрации;Не числится в розыске;Ограничений не обнаружено;Тольятти;бензин, 1.3 л;150 л.с., налог;робот;передний;33 000 км;левый;4 поколение;белый;хэтчбек 5 дв.;A 200 DCT Sport;;;
Mercedes-Benz;V-Class;2020;7590000;https://auto.drom.ru/balashiha/mercedes-benz/v-class/52331396.html;;;;;Балашихе;дизель, 2.0 л;239 л.с., налог;автомат;4WD;36 634 км;левый;;синий;;;;;
Mercedes-Benz;GLS-Class;2020;16700000;https://auto.drom.ru/moscow/mercedes-benz/gls-class/809834285.html;Характеристики совпадают с ПТС;1 запись о регистрации;Не числится в розыске;Ограничений не обнаружено;Москве;бензин, 4.0 л;612 л.с., налог;автомат;4WD;16 501 км;левый;;белый;;;;;
Mercedes-Benz;GLE;2020;7500000;https://auto.drom.ru/moscow/mercedes-benz/gle-class/468270392.html;Характеристики совпадают с ПТС;1 запись о регистрации;Не числится в розыске;Ограничений не обнаружено;Москве;дизель, 2.0 л;245 л.с., налог;АКПП;4WD;26 300 км;левый;2 поколение;зеленый;;GLE 300 d 4MATIC Sport;;;
Mercedes-Benz;CLA-Class;2020;2992000;https://auto.drom.ru/pskov/mercedes-benz/cla-class/470002290.html;;;;;Пскове;бензин, 1.3 л;150 л.с., налог;робот;передний;34 000 км;левый;2 поколение;черный;универсал;CLA 200 DCT Sport;;;
Mercedes-Benz;S-Class;2020;13250000;https://auto.drom.ru/moscow/mercedes-benz/s-class/406614134.html;Характеристики совпадают с ПТС;1 запись о регистрации;Не числится в розыске;Ограничений не обнаружено;Москве;дизель, 2.9 л;286 л.с., налог;АКПП;4WD;17 977 км;левый;;черный;седан;;;;
Mercedes-Benz;GLC Coupe;2020;4800000;https://auto.drom.ru/moscow/mercedes-benz/glc_coupe/412686332.html;Характеристики совпадают с ПТС;2 записи о регистрации;Не числится в розыске;Ограничений не обнаружено;Москве;бензин, 2.0 л;249 л.с., налог;АКПП;4WD;101 926 км;левый;1 поколение, рестайлинг;белый;;GLC 300 4MATIC AT Sport;;;
Mercedes-Benz;E-Class;2020;5210000;https://auto.drom.ru/moscow/mercedes-benz/e-class/53950102.html;Характеристики совпадают с ПТС;1 запись о регистрации;Не числится в розыске;Ограничений не обнаружено;Москве;дизель, 1.6 л;160 л.с., налог;АКПП;задний;13 500 км, без пробега по РФ;левый;5 поколение, рестайлинг;серый;седан;E 200 d Business;;;
Mercedes-Benz;GLC;2020;4590000;https://auto.drom.ru/moscow/mercedes-benz/glc-class/53953498.html;Характеристики совпадают с ПТС;1 запись о регистрации;Не числится в розыске;Ограничений не обнаружено;Москве;дизель, 2.0 л;194 л.с., налог;АКПП;4WD;50 539 км;левый;1 поколение, рестайлинг;белый;;;;;
Mercedes-Benz;GLS-Class;2020;13850000;https://auto.drom.ru/ryazan/mercedes-benz/gls-class/53953854.html;Характеристики совпадают с ПТС;1 запись о регистрации;Не числится в розыске;Ограничений не обнаружено;Рязани;дизель, 2.9 л;330 л.с., налог;АКПП;4WD;41 815 км;левый;2 поколение;черный;;GLS 400 d 4MATIC Luxury;;;
Mercedes-Benz;E-Class;2020;4950000;https://auto.drom.ru/moscow/mercedes-benz/e-class/53953163.html;Характеристики совпадают с ПТС;2 записи о регистрации;Не числится в розыске;Ограничений не обнаружено;Москве;дизель, 1.6 л;160 л.с., налог;АКПП;задний;61 000 км;левый;5 поколение, рестайлинг;серый;седан;E 200 d Business;;;
Mercedes-Benz;CLA-Class;2020;3290000;https://auto.drom.ru/spb/mercedes-benz/cla-class/53950724.html;Характеристики совпадают с ПТС;2 записи о регистрации;Не числится в розыске;Ограничений не обнаружено;Санкт-Петербурге;бензин, 1.3 л;163 л.с., налог;робот;передний;33 500 км;левый;2 поколение;серый;седан;;;;
Mercedes-Benz;GLE Coupe;2020;9200000;https://auto.drom.ru/spb/mercedes-benz/gle_coupe/53950080.html;Характеристики совпадают с ПТС;1 запись о регистрации;Не числится в розыске;Ограничений не обнаружено;Санкт-Петербурге;дизель, 2.9 л;249 л.с., налог;АКПП;4WD;41 819 км;левый;2 поколение;белый;;350 d 4MATIC;;;
Mercedes-Benz;C-Class;2020;3775000;https://auto.drom.ru/volgograd/mercedes-benz/c-class/53608968.html;Характеристики совпадают с ПТС;1 запись о регистрации;Не числится в розыске;Ограничений не обнаружено;Волгограде;бензин, 1.6 л;150 л.с., налог;АКПП;задний;15 905 км;левый;4 поколение, рестайлинг;серый;седан;;;;
Mercedes-Benz;GLE;2020;7823600;https://auto.drom.ru/saratov/mercedes-benz/gle-class/53607533.html;Характеристики совпадают с ПТС;2 записи о регистрации;Не числится в розыске;Ограничений не обнаружено;Саратове;дизель, 2.0 л;245 л.с., налог;АКПП;4WD;27 713 км;левый;2 поколение;белый;;;;;
Mercedes-Benz;C-Class;2020;2990000;https://auto.drom.ru/moscow/mercedes-benz/c-class/53602824.html;;;;;Москве;дизель, 2.0 л;190 л.с., налог;автомат;задний;168 000 км;левый;4 поколение, рестайлинг;серебристый;универсал;;;;
Mercedes-Benz;C-Class;2020;4099000;https://auto.drom.ru/yaroslavl/mercedes-benz/c-class/53599062.html;Модель не совпадает с ПТС;2 записи о регистрации;Не числится в розыске;Ограничений не обнаружено;Ярославле;дизель, 2.0 л;194 л.с., налог;автомат;4WD;60 000 км;;;синий;седан;;;;
Mercedes-Benz;GLE;2020;6880000;https://auto.drom.ru/moscow/mercedes-benz/gle-class/53201228.html;Характеристики совпадают с ПТС;1 запись о регистрации;Не числится в розыске;Ограничений не обнаружено;Москве;бензин, 2.0 л;258 л.с., налог;АКПП;4WD;57 000 км;левый;2 поколение;белый;;GLE 350 4MATIC;;;
Mercedes-Benz;E-Class;2020;5090000;https://auto.drom.ru/moscow/mercedes-benz/e-class/52748092.html;Характеристики совпадают с ПТС;1 запись о регистрации;Не числится в розыске;Ограничений не обнаружено;Москве;бензин, 2.0 л;197 л.с., налог;АКПП;4WD;56 615 км;левый;5 поколение, рестайлинг;синий;седан;E 200 4MATIC Sport;;;
Mercedes-Benz;E-Class;2020;6290000;https://auto.drom.ru/moscow/mercedes-benz/e-class/52314716.html;Характеристики совпадают с ПТС;4 записи о регистрации;Не числится в розыске;Ограничений не обнаружено;Москве;бензин, 2.0 л;197 л.с., налог;АКПП;4WD;29 785 км;левый;5 поколение, рестайлинг;белый;седан;E 200 4MATIC Sport;;;
Mercedes-Benz;GLE;2020;8400000;https://auto.drom.ru/moscow/mercedes-benz/gle-class/453942057.html;Характеристики совпадают с ПТС;2 записи о регистрации;Не числится в розыске;Ограничений не обнаружено;Москве;дизель, 2.9 л;330 л.с., налог;АКПП;4WD;44 000 км;левый;2 поколение;черный;;GLE 400 d 4MATIC Sport;;;
Mercedes-Benz;E-Class;2020;4849000;https://auto.drom.ru/moscow/mercedes-benz/e-class/608784120.html;Характеристики совпадают с ПТС;1 запись о регистрации;Не числится в розыске;Ограничений не обнаружено;Москве;бензин, 2.0 л;197 л.с., налог;АКПП;4WD;123 847 км;левый;5 поколение;черный;седан;;;;
Mercedes-Benz;GLE Coupe;2020;9700000;https://auto.drom.ru/moscow/mercedes-benz/gle_coupe/52988845.html;Модель не совпадает с ПТС;1 запись о регистрации;Не числится в розыске;Ограничений не обнаружено;Москве;дизель, 2.9 л;330 л.с., налог;АКПП;4WD;36 240 км;левый;2 поколение;черный;;;;;
Mercedes-Benz;GLB-Class;2020;4900000;https://auto.drom.ru/moscow/mercedes-benz/glb/53051258.html;Характеристики совпадают с ПТС;1 запись о регистрации;Не числится в розыске;Ограничений не обнаружено;Москве;дизель, 2.0 л;150 л.с., налог;робот;4WD;22 000 км;левый;1 поколение;синий;;GLB 200 d 4MATIC Progressive;;;
Mercedes-Benz;GLE;2020;7420000;https://auto.drom.ru/moscow/mercedes-benz/gle-class/856813174.html;Характеристики совпадают с ПТС;1 запись о регистрации;Не числится в розыске;Ограничений не обнаружено;Москве;дизель, 2.0 л;245 л.с., налог;АКПП;4WD;47 299 км;левый;2 поколение;черный;;GLE 300 d 4MATIC Sport;;;
Mercedes-Benz;C-Class;2020;3669700;https://auto.drom.ru/moscow/mercedes-benz/c-class/656242568.html;Характеристики совпадают с ПТС;2 записи о регистрации;Не числится в розыске;Ограничений не обнаружено;Москве;бензин, 2.0 л;204 л.с., налог;автомат;4WD;62 267 км;левый;;черный;седан;;;;
Mercedes-Benz;GLE;2020;8300000;https://auto.drom.ru/moscow/mercedes-benz/gle-class/52683528.html;;;;;Москве;дизель, 2.0 л;245 л.с., налог;АКПП;4WD;21 000 км;левый;2 поколение;синий;;GLE 300 d 4MATIC Sport Plus;;;
Mercedes-Benz;CLA-Class;2020;2695000;https://auto.drom.ru/moscow/mercedes-benz/cla-class/774533583.html;Характеристики совпадают с ПТС;1 запись о регистрации;Не числится в розыске;Ограничений не обнаружено;Москве;бензин, 1.3 л;150 л.с., налог;робот;передний;132 931 км;левый;2 поколение;синий;седан;CLA 200 DCT Sport;;;
Mercedes-Benz;CLA-Class;2020;2695000;https://auto.drom.ru/moscow/mercedes-benz/cla-class/396171517.html;Характеристики совпадают с ПТС;1 запись о регистрации;Не числится в розыске;Ограничений не обнаружено;Москве;бензин, 1.3 л;150 л.с., налог;робот;передний;138 810 км;левый;2 поколение;синий;седан;CLA 200 DCT Sport;;;
Mercedes-Benz;CLA-Class;2020;2695000;https://auto.drom.ru/moscow/mercedes-benz/cla-class/550223397.html;Характеристики совпадают с ПТС;1 запись о регистрации;Не числится в розыске;Ограничений не обнаружено;Москве;бензин, 1.3 л;150 л.с., налог;робот;передний;119 120 км;левый;2 поколение;синий;седан;CLA 200 DCT Sport;;;
Mercedes-Benz;E-Class;2020;3590000;https://auto.drom.ru/moscow/mercedes-benz/e-class/53940293.html;Характеристики совпадают с ПТС;1 запись о регистрации;Не числится в розыске;Ограничений не обнаружено;Москве;дизель, 1.6 л;160 л.с., налог;АКПП;задний;256 028 км;левый;5 поколение;черный;седан;;;;
Mercedes-Benz;V-Class;2020;8135000;https://auto.drom.ru/moscow/mercedes-benz/v-class/53948810.html;;;;;Москве;дизель, 2.1 л;190 л.с., налог;АКПП;4WD;34 087 км;левый;3 поколение;черный;;;;;
Mercedes-Benz;GLS-Class;2020;9749000;https://auto.drom.ru/moscow/mercedes-benz/gls-class/53947889.html;Характеристики совпадают с ПТС;1 запись о регистрации;Не числится в розыске;Ограничений не обнаружено;Москве;дизель, 2.9 л;330 л.с., налог;АКПП;4WD;67 879 км;левый;2 поколение;синий;;;;;
Mercedes-Benz;GLC;2020;4650000;https://auto.drom.ru/moscow/mercedes-benz/glc-class/53945798.html;Характеристики совпадают с ПТС;1 запись о регистрации;Не числится в розыске;Ограничений не обнаружено;Москве;бензин, 2.0 л;197 л.с., налог;АКПП;4WD;31 675 км;левый;1 поколение, рестайлинг;синий;;;;;
Mercedes-Benz;GLC Coupe;2020;5199000;https://auto.drom.ru/spb/mercedes-benz/glc_coupe/53941172.html;Характеристики совпадают с ПТС;1 запись о регистрации;Не числится в розыске;Ограничений не обнаружено;Санкт-Петербурге;дизель, 2.0 л;194 л.с., налог;АКПП;4WD;50 000 км;левый;1 поколение, рестайлинг;черный;;;;;
Mercedes-Benz;GLC;2020;4895000;https://auto.drom.ru/tver/mercedes-benz/glc-class/53940851.html;;;;;Твери;дизель, 2.0 л;245 л.с., налог;АКПП;4WD;47 899 км;левый;1 поколение, рестайлинг;синий;;;;;
Mercedes-Benz;E-Class;2020;6439000;https://auto.drom.ru/spb/mercedes-benz/e-class/53597500.html;Характеристики совпадают с ПТС;1 запись о регистрации;Не числится в розыске;Ограничений не обнаружено;Санкт-Петербурге;бензин, 2.0 л;197 л.с., налог;АКПП;4WD;6 800 км;левый;5 поколение, рестайлинг;серый;седан;E 200 4MATIC Sport;;;
Mercedes-Benz;GLC;2020;4985000;https://auto.drom.ru/moscow/mercedes-benz/glc-class/53586843.html;Характеристики совпадают с ПТС;2 записи о регистрации;Не числится в розыске;Ограничений не обнаружено;Москве;бензин, 2.0 л;197 л.с., налог;АКПП;4WD;51 500 км;левый;1 поколение, рестайлинг;черный;;;;;
Mercedes-Benz;A-Class;2020;2799000;https://auto.drom.ru/spb/mercedes-benz/a-class/52725266.html;Характеристики совпадают с ПТС;2 записи о регистрации;Не числится в розыске;Ограничений не обнаружено;Санкт-Петербурге;бензин, 1.3 л;150 л.с., налог;робот;передний;21 627 км;левый;4 поколение;черный;седан;;;;
Mercedes-Benz;G-Class;2020;31800000;https://auto.drom.ru/moscow/mercedes-benz/g-class/51874598.html;Год не совпадает с ПТС;1 запись о регистрации;Не числится в розыске;Ограничений не обнаружено;Москве;бензин, 4.0 л;585 л.с., налог;АКПП;4WD;25 км;левый;3 поколение;черный;джип/suv 5 дв.;G 63 AMG;;;
Mercedes-Benz;GLE;2020;8850000;https://auto.drom.ru/moscow/mercedes-benz/gle-class/51477332.html;Характеристики совпадают с ПТС;2 записи о регистрации;Не числится в розыске;Ограничений не обнаружено;Москве;дизель, 2.9 л;249 л.с., налог;автомат;4WD;48 462 км;левый;;серый;;;;;
Mercedes-Benz;G-Class;2020;17400000;https://auto.drom.ru/moscow/mercedes-benz/g-class/51472173.html;Характеристики совпадают с ПТС;1 запись о регистрации;Не числится в розыске;Ограничений не обнаружено;Москве;бензин, 4.0 л;421 л.с., налог;АКПП;4WD;36 363 км;левый;3 поколение;черный;джип/suv 5 дв.;G 500;;;
Mercedes-Benz;E-Class;2020;4644000;https://auto.drom.ru/moscow/mercedes-benz/e-class/53934859.html;;;;;Москве;бензин, 2.0 л, гибрид;211 л.с., налог;АКПП;задний;34 500 км, без пробега по РФ;левый;5 поколение, рестайлинг;черный;седан;E 300 e AТ;;;
Mercedes-Benz;C-Class;2020;2300000;https://auto.drom.ru/spb/mercedes-benz/c-class/53062403.html;;;;;Санкт-Петербурге;1.6 л;160 л.с., налог;автомат;задний;185 000 км;левый;4 поколение, рестайлинг;серебристый;универсал;;;;
Mercedes-Benz;GLS-Class;2020;15560000;https://auto.drom.ru/moscow/mercedes-benz/gls-class/869091267.html;Характеристики совпадают с ПТС;1 запись о регистрации;Не числится в розыске;Ограничений не обнаружено;Москве;бензин, 4.0 л, гибрид;612 л.с., налог;АКПП;4WD;59 000 км;левый;2 поколение;черный;;GLS 63 4MATIC+;;;
Mercedes-Benz;E-Class;2020;6490000;https://auto.drom.ru/moscow/mercedes-benz/e-class/394649824.html;Характеристики совпадают с ПТС;2 записи о регистрации;Не числится в розыске;Ограничений не обнаружено;Москве;бензин, 2.0 л;197 л.с., налог;АКПП;4WD;79 708 км;левый;5 поколение, рестайлинг;белый;купе;E 200 4MATIC Sport;;;
Mercedes-Benz;GLE;2020;7348000;https://auto.drom.ru/moscow/mercedes-benz/gle-class/53937066.html;Характеристики совпадают с ПТС;1 запись о регистрации;Не числится в розыске;Ограничений не обнаружено;Москве;дизель, 2.0 л;245 л.с., налог;АКПП;4WD;41 530 км;левый;2 поколение;черный;;;;;
Mercedes-Benz;GLC Coupe;2020;5398252;https://auto.drom.ru/kazan/mercedes-benz/glc_coupe/53938195.html;Характеристики совпадают с ПТС;1 запись о регистрации;Не числится в розыске;Ограничений не обнаружено;Казани;дизель, 2.0 л;194 л.с., налог;автомат;4WD;57 157 км;;;синий;;;;;
Mercedes-Benz;GLE;2020;8916000;https://auto.drom.ru/moscow/mercedes-benz/gle-class/53583773.html;Характеристики совпадают с ПТС;2 записи о регистрации;Не числится в розыске;Ограничений не обнаружено;Москве;бензин, 3.0 л;367 л.с., налог;АКПП;4WD;67 755 км;левый;2 поколение;черный;;;;;
Mercedes-Benz;E-Class;2020;6050000;https://auto.drom.ru/spb/mercedes-benz/e-class/53582323.html;Характеристики совпадают с ПТС;2 записи о регистрации;Не числится в розыске;Ограничений не обнаружено;Санкт-Петербурге;бензин, 2.0 л;197 л.с., налог;АКПП;задний;45 600 км;левый;5 поколение;белый;купе;;;;
Mercedes-Benz;GLE;2020;8309700;https://auto.drom.ru/moscow/mercedes-benz/gle-class/53178657.html;Характеристики совпадают с ПТС;1 запись о регистрации;Не числится в розыске;Ограничений не обнаружено;Москве;дизель, 2.9 л;330 л.с., налог;АКПП;4WD;42 057 км;левый;2 поколение;черный;;GLE 400 d 4MATIC Sport;;;
Mercedes-Benz;GLE;2020;7250000;https://auto.drom.ru/moscow/mercedes-benz/gle-class/53176124.html;Характеристики совпадают с ПТС;1 запись о регистрации;Не числится в розыске;Ограничений не обнаружено;Москве;дизель, 2.0 л;245 л.с., налог;АКПП;4WD;44 258 км;левый;2 поколение;белый;;;;;
Mercedes-Benz;GLS-Class;2020;8499000;https://auto.drom.ru/yaroslavl/mercedes-benz/gls-class/53172716.html;;;;;Ярославле;бензин, 3.0 л;367 л.с., налог;автомат;4WD;90 991 км;левый;;черный;;;;;
Mercedes-Benz;E-Class;2020;6435000;https://auto.drom.ru/moscow/mercedes-benz/e-class/52717975.html;Характеристики совпадают с ПТС;2 записи о регистрации;Не числится в розыске;Ограничений не обнаружено;Москве;бензин, 2.0 л;197 л.с., налог;АКПП;4WD;41 720 км;левый;5 поколение;черный;купе;;;;
Mercedes-Benz;GLE;2020;6300000;https://auto.drom.ru/moscow/mercedes-benz/gle-class/51408380.html;;;;;Москве;дизель, 2.0 л;245 л.с., налог;АКПП;4WD;18 900 км;левый;2 поколение;черный;;GLE 300d 4MATIC;;;
Mercedes-Benz;GLS-Class;2020;10488000;https://auto.drom.ru/moscow/mercedes-benz/gls-class/52265243.html;Характеристики совпадают с ПТС;1 запись о регистрации;Не числится в розыске;Ограничений не обнаружено;Москве;дизель, 2.9 л;330 л.с., налог;АКПП;4WD;59 670 км;левый;2 поколение;черный;;;;;
Mercedes-Benz;G-Class;2020;17450000;https://auto.drom.ru/moscow/mercedes-benz/g-class/214996079.html;Характеристики совпадают с ПТС;1 запись о регистрации;Не числится в розыске;Ограничений не обнаружено;Москве;дизель, 2.9 л;330 л.с., налог;АКПП;4WD;42 178 км;левый;3 поколение;черный;джип/suv 5 дв.;;;;
Mercedes-Benz;GLC;2020;3780000;https://auto.drom.ru/moscow/mercedes-benz/glc-class/53929192.html;Характеристики совпадают с ПТС;1 запись о регистрации;Не числится в розыске;Ограничений не обнаружено;Москве;бензин, 2.0 л;258 л.с., налог;автомат;задний;53 200 км;левый;;белый;;;;;
Mercedes-Benz;E-Class;2020;3820000;https://auto.drom.ru/moscow/mercedes-benz/e-class/53928936.html;Характеристики совпадают с ПТС;1 запись о регистрации;Не числится в розыске;Ограничений не обнаружено;Москве;бензин, 2.0 л;197 л.с., налог;АКПП;задний;229 000 км;левый;5 поколение, рестайлинг;черный;седан;E 200 Business;;;
Mercedes-Benz;GLC Coupe;2020;5999000;https://auto.drom.ru/spb/mercedes-benz/glc_coupe/53926359.html;Характеристики совпадают с ПТС;3 записи о регистрации;Не числится в розыске;Ограничений не обнаружено;Санкт-Петербурге;бензин, 3.0 л;390 л.с., налог;АКПП;4WD;62 995 км;левый;1 поколение, рестайлинг;черный;;;;;
Mercedes-Benz;GLC;2020;4100000;https://auto.drom.ru/moscow/mercedes-benz/glc-class/53923621.html;Характеристики совпадают с ПТС;2 записи о регистрации;Не числится в розыске;Ограничений не обнаружено;Москве;дизель, 2.0 л;194 л.с., налог;АКПП;4WD;55 725 км;левый;1 поколение, рестайлинг;синий;;;;;
Mercedes-Benz;CLA-Class;2020;4539000;https://auto.drom.ru/spb/mercedes-benz/cla-class/53568689.html;Характеристики совпадают с ПТС;1 запись о регистрации;Не числится в розыске;Ограничений не обнаружено;Санкт-Петербурге;бензин, 2.0 л;306 л.с., налог;робот;4WD;42 219 км;левый;2 поколение;серый;седан;;;;
Mercedes-Benz;GLC;2020;7249000;https://auto.drom.ru/voronezh/mercedes-benz/glc-class/53158541.html;Характеристики совпадают с ПТС;2 записи о регистрации;Не числится в розыске;Ограничений не обнаружено;Воронеже;бензин, 2.0 л;249 л.с., налог;АКПП;4WD;96 468 км;левый;1 поколение, рестайлинг;серебристый;;GLC 300 4MATIC AT Sport Plus;;;
Mercedes-Benz;V-Class;2020;6597000;https://auto.drom.ru/moscow/mercedes-benz/v-class/53152349.html;;;;;Москве;дизель, 2.0 л;239 л.с., налог;автомат;4WD;71 716 км;левый;;черный;;;;;
Mercedes-Benz;GLC Coupe;2020;4447900;https://auto.drom.ru/moscow/mercedes-benz/glc_coupe/52708045.html;Характеристики совпадают с ПТС;3 записи о регистрации;Не числится в розыске;Ограничений не обнаружено;Москве;дизель, 2.0 л;194 л.с., налог;АКПП;4WD;82 393 км;левый;1 поколение, рестайлинг;красный;;;;;
Mercedes-Benz;GLC Coupe;2020;5550000;https://auto.drom.ru/kazan/mercedes-benz/glc_coupe/168539711.html;Характеристики совпадают с ПТС;3 записи о регистрации;Не числится в розыске;Ограничений не обнаружено;Казани;бензин, 2.0 л;249 л.с., налог;автомат;4WD;77 223 км;;;красный;;;;;
Mercedes-Benz;E-Class;2020;5200000;https://auto.drom.ru/moscow/mercedes-benz/e-class/524103650.html;Характеристики совпадают с ПТС;3 записи о регистрации;Не числится в розыске;Ограничений не обнаружено;Москве;бензин, 2.0 л;197 л.с., налог;АКПП;4WD;30 774 км;левый;5 поколение, рестайлинг;черный;седан;E 200 4MATIC Sport;;;
Mercedes-Benz;A-Class;2020;2900000;https://auto.drom.ru/moscow/mercedes-benz/a-class/711554131.html;Характеристики совпадают с ПТС;1 запись о регистрации;Не числится в розыске;Ограничений не обнаружено;Москве;бензин, 1.3 л;150 л.с., налог;робот;передний;38 997 км;левый;4 поколение;белый;хэтчбек 5 дв.;A 200 DCT Sport;;;
Mercedes-Benz;GLE;2020;9299000;https://auto.drom.ru/spb/mercedes-benz/gle-class/148624685.html;Характеристики совпадают с ПТС;2 записи о регистрации;Не числится в розыске;Ограничений не обнаружено;Санкт-Петербурге;бензин, 3.0 л;435 л.с., налог;АКПП;4WD;89 602 км;левый;2 поколение;синий;;AMG GLE 53 4MATIC+;;;
Mercedes-Benz;GLA-Class;2020;3935350;https://auto.drom.ru/moscow/mercedes-benz/gla-class/543693640.html;Характеристики совпадают с ПТС;2 записи о регистрации;Не числится в розыске;Ограничений не обнаружено;Москве;бензин, 2.0 л;224 л.с., налог;робот;4WD;37 710 км;левый;2 поколение;серый;;;;;
Mercedes-Benz;E-Class;2020;4798000;https://auto.drom.ru/moscow/mercedes-benz/e-class/53908015.html;Характеристики совпадают с ПТС;2 записи о регистрации;Не числится в розыске;Ограничений не обнаружено;Москве;дизель, 2.0 л;194 л.с., налог;АКПП;4WD;50 356 км;левый;5 поколение;синий;седан;;;;
Mercedes-Benz;E-Class;2020;6450000;https://auto.drom.ru/kazan/mercedes-benz/e-class/53561632.html;Характеристики совпадают с ПТС;1 запись о регистрации;Не числится в розыске;Ограничений не обнаружено;Казани;бензин, 2.0 л;197 л.с., налог;автомат;4WD;10 515 км;;;черный;купе;;;;
Mercedes-Benz;GLC Coupe;2020;5950000;https://auto.drom.ru/stariy-oskol/mercedes-benz/glc_coupe/53141339.html;Характеристики совпадают с ПТС;2 записи о регистрации;Не числится в розыске;Ограничений не обнаружено;Старом Осколе;дизель, 2.0 л;194 л.с., налог;АКПП;4WD;58 000 км;левый;1 поколение, рестайлинг;серый;;;;;
Mercedes-Benz;V-Class;2020;8499000;https://auto.drom.ru/moscow/mercedes-benz/v-class/52693911.html;Характеристики совпадают с ПТС;4 записи о регистрации;Не числится в розыске;Ограничений не обнаружено;Москве;дизель, 2.1 л;190 л.с., налог;АКПП;4WD;36 370 км;левый;3 поколение;черный;;;;;
Mercedes-Benz;GLE;2020;14250000;https://auto.drom.ru/moscow/mercedes-benz/gle-class/52685105.html;;;;;Москве;бензин, 4.0 л, гибрид;612 л.с., налог;АКПП;4WD;37 286 км;левый;2 поколение;белый;;GLE 63 S 4MATIC+;;;
Mercedes-Benz;E-Class;2020;6290000;https://auto.drom.ru/moscow/mercedes-benz/e-class/52259535.html;Характеристики совпадают с ПТС;3 записи о регистрации;Не числится в розыске;Ограничений не обнаружено;Москве;бензин, 2.0 л;197 л.с., налог;АКПП;4WD;27 683 км;левый;5 поколение, рестайлинг;красный;седан;E 200 4MATIC Sport;;;
Mercedes-Benz;AMG GT;2020;13200000;https://auto.drom.ru/spb/mercedes-benz/amg_gt/828348836.html;Характеристики совпадают с ПТС;1 запись о регистрации;Не числится в розыске;Ограничений не обнаружено;Санкт-Петербурге;бензин, 3.0 л;435 л.с., налог;АКПП;4WD;5 954 км;левый;1 поколение, рестайлинг;серый;лифтбек;3.0 AT GT 53 4MATIC+;;;
Mercedes-Benz;E-Class;2020;5250000;https://auto.drom.ru/moscow/mercedes-benz/e-class/53549094.html;Характеристики совпадают с ПТС;3 записи о регистрации;Не числится в розыске;Ограничений не обнаружено;Москве;бензин, 2.0 л;197 л.с., налог;АКПП;4WD;82 104 км;левый;5 поколение;черный;седан;;;;
Mercedes-Benz;G-Class;2020;24500000;https://auto.drom.ru/moscow/mercedes-benz/g-class/53551381.html;Характеристики совпадают с ПТС;3 записи о регистрации;Не числится в розыске;Ограничений не обнаружено;Москве;бензин, 4.0 л;585 л.с., налог;автомат;4WD;29 519 км;левый;3 поколение;черный;джип/suv 5 дв.;;;;
Mercedes-Benz;GLE;2020;8750000;https://auto.drom.ru/moscow/mercedes-benz/gle-class/53540053.html;Характеристики совпадают с ПТС;1 запись о регистрации;Не числится в розыске;Ограничений не обнаружено;Москве;бензин, 3.0 л, гибрид;367 л.с., налог;АКПП;4WD;47 231 км;левый;2 поколение;серый;;GLE 450 4MATIC Sport Plus;;;
Mercedes-Benz;S-Class;2020;10490000;https://auto.drom.ru/moscow/mercedes-benz/s-class/53540055.html;Характеристики совпадают с ПТС;1 запись о регистрации;Не числится в розыске;Ограничений не обнаружено;Москве;бензин, 3.0 л;367 л.с., налог;АКПП;4WD;59 885 км;левый;6 поколение, рестайлинг;черный;купе;S 450 4MATIC;;;
Mercedes-Benz;GLC Coupe;2020;5290000;https://auto.drom.ru/monino/mercedes-benz/glc_coupe/53135187.html;;;;;Монино;дизель, 2.0 л;194 л.с., налог;АКПП;4WD;74 000 км;левый;1 поколение, рестайлинг;серый;;GLC 220d 4MATIC AMG Line;;;
Mercedes-Benz;G-Class;2020;16300000;https://auto.drom.ru/moscow/mercedes-benz/g-class/53131266.html;Характеристики совпадают с ПТС;2 записи о регистрации;Не числится в розыске;Ограничений не обнаружено;Москве;дизель, 2.9 л;249 л.с., налог;АКПП;4WD;80 632 км;левый;3 поколение;черный;джип/suv 5 дв.;G 350 d;;;
Mercedes-Benz;GLC;2020;4869000;https://auto.drom.ru/spb/mercedes-benz/glc-class/863109716.html;Характеристики совпадают с ПТС;3 записи о регистрации;Не числится в розыске;Ограничений не обнаружено;Санкт-Петербурге;дизель, 2.0 л;245 л.с., налог;АКПП;4WD;57 000 км;левый;1 поколение, рестайлинг;черный;;;;;
Mercedes-Benz;E-Class;2020;4920000;https://auto.drom.ru/moscow/mercedes-benz/e-class/901871448.html;Характеристики совпадают с ПТС;2 записи о регистрации;Не числится в розыске;Ограничений не обнаружено;Москве;бензин, 2.0 л;197 л.с., налог;АКПП;4WD;64 300 км;левый;5 поколение, рестайлинг;белый;седан;E 200 4MATIC Sport Plus;;;
Mercedes-Benz;E-Class;2020;4290000;https://auto.drom.ru/moscow/mercedes-benz/e-class/399376747.html;Характеристики совпадают с ПТС;3 записи о регистрации;Не числится в розыске;Ограничений не обнаружено;Москве;бензин, 2.0 л;197 л.с., налог;АКПП;4WD;126 968 км;левый;5 поколение;черный;седан;;;;
Mercedes-Benz;CLA-Class;2020;2295000;https://auto.drom.ru/moscow/mercedes-benz/cla-class/53121294.html;;;;;Москве;дизель, 1.5 л;116 л.с., налог;робот;передний;186 000 км;левый;2 поколение;синий;универсал;CLA 180 d DCT;;;
Mercedes-Benz;E-Class;2020;4200000;https://auto.drom.ru/moscow/mercedes-benz/e-class/689611369.html;Характеристики совпадают с ПТС;2 записи о регистрации;Не числится в розыске;Ограничений не обнаружено;Москве;дизель, 2.0 л;194 л.с., налог;АКПП;4WD;92 000 км;левый;5 поколение;черный;седан;E 220 d AТ 4MATIC;;;
Mercedes-Benz;GLB-Class;2020;4155613;https://auto.drom.ru/minsk/mercedes-benz/glb/53522552.html;;;;;Минске;бензин, 2.0 л;224 л.с., налог;робот;4WD;63 513 км;левый;1 поколение;синий;;;;;
Mercedes-Benz;E-Class;2020;4200000;https://auto.drom.ru/moscow/mercedes-benz/e-class/112812433.html;Характеристики совпадают с ПТС;2 записи о регистрации;Не числится в розыске;Ограничений не обнаружено;Москве;дизель, 2.0 л;194 л.с., налог;АКПП;4WD;158 000 км;левый;5 поколение, рестайлинг;черный;седан;E 220 d 4MATIC Sport;;;
Mercedes-Benz;GLE;2020;10790000;https://auto.drom.ru/moscow/mercedes-benz/gle-class/356878871.html;Характеристики совпадают с ПТС;1 запись о регистрации;Не числится в розыске;Ограничений не обнаружено;Москве;бензин, 3.0 л, гибрид;435 л.с., налог;АКПП;4WD;52 223 км;левый;2 поколение;синий;;GLE 53 4MATIC+;;;
Mercedes-Benz;E-Class;2020;4910000;https://auto.drom.ru/moscow/mercedes-benz/e-class/140384780.html;Характеристики совпадают с ПТС;2 записи о регистрации;Не числится в розыске;Ограничений не обнаружено;Москве;дизель, 2.0 л;194 л.с., налог;АКПП;4WD;68 684 км;левый;5 поколение;синий;универсал;;;;
Mercedes-Benz;S-Class;2020;8250000;https://auto.drom.ru/moscow/mercedes-benz/s-class/53888361.html;Характеристики совпадают с ПТС;1 запись о регистрации;Не числится в розыске;Ограничений не обнаружено;Москве;бензин, 3.0 л;367 л.с., налог;АКПП;4WD;148 480 км;левый;;черный;седан;;;;
Mercedes-Benz;V-Class;2020;6970000;https://auto.drom.ru/spb/mercedes-benz/v-class/53878342.html;Характеристики совпадают с ПТС;3 записи о регистрации;Не числится в розыске;Ограничений не обнаружено;Санкт-Петербурге;дизель, 2.1 л;190 л.с., налог;АКПП;4WD;58 899 км;левый;3 поколение;черный;;;;;
Mercedes-Benz;A-Class;2020;2995700;https://auto.drom.ru/moscow/mercedes-benz/a-class/53520849.html;Характеристики совпадают с ПТС;1 запись о регистрации;Не числится в розыске;Ограничений не обнаружено;Москве;бензин, 1.3 л;150 л.с., налог;робот;передний;49 004 км;левый;4 поколение;синий;хэтчбек 5 дв.;A 200 DCT Sport;;;
Mercedes-Benz;GLC;2020;4650000;https://auto.drom.ru/spb/mercedes-benz/glc-class/365067399.html;Характеристики совпадают с ПТС;1 запись о регистрации;Не числится в розыске;Ограничений не обнаружено;Санкт-Петербурге;дизель, 2.0 л;194 л.с., налог;АКПП;4WD;60 000 км;левый;1 поколение, рестайлинг;синий;;GLC 220d 4MATIC AT Premium;;;
Mercedes-Benz;GLE;2020;7932779;https://auto.drom.ru/minsk/mercedes-benz/gle-class/53875651.html;;;;;Минске;дизель, 2.9 л;272 л.с., налог;АКПП;4WD;51 676 км;левый;2 поколение;черный;;GLE 350d 4MATIC;;;
Mercedes-Benz;S-Class;2020;10500000;https://auto.drom.ru/moscow/mercedes-benz/s-class/246996907.html;Характеристики совпадают с ПТС;1 запись о регистрации;Не числится в розыске;Ограничений не обнаружено;Москве;бензин;;автомат;;64 552 км;левый;;серебристый;седан;;;;
Mercedes-Benz;GLS-Class;2020;9900000;https://auto.drom.ru/lipetsk/mercedes-benz/gls-class/51338315.html;Электронный ПТС выдан;;Не числится в розыске;Ограничений не обнаружено;Липецке;бензин, 3.0 л, гибрид;367 л.с., налог;АКПП;4WD;56 000 км, без пробега по РФ;левый;2 поколение;черный;;GLS 450 4MATIC Premium Plus;;;
Mercedes-Benz;GLC Coupe;2020;6275000;https://auto.drom.ru/moscow/mercedes-benz/glc_coupe/792843722.html;Характеристики совпадают с ПТС;2 записи о регистрации;Не числится в розыске;Ограничений не обнаружено;Москве;бензин, 2.0 л;249 л.с., налог;АКПП;4WD;24 000 км;левый;1 поколение, рестайлинг;черный;;GLC 300 4MATIC AT Sport;;;
Mercedes-Benz;E-Class;2020;6200000;https://auto.drom.ru/moscow/mercedes-benz/e-class/452384696.html;Характеристики совпадают с ПТС;1 запись о регистрации;Не числится в розыске;Ограничений не обнаружено;Москве;бензин, 2.0 л;197 л.с., налог;АКПП;4WD;44 394 км;левый;5 поколение, рестайлинг;белый;купе;E 200 4MATIC Sport;;;
Mercedes-Benz;E-Class;2020;4490000;https://auto.drom.ru/moscow/mercedes-benz/e-class/53877098.html;Характеристики совпадают с ПТС;5 записей о регистрации;Не числится в розыске;Ограничений не обнаружено;Москве;дизель, 2.0 л;194 л.с., налог;АКПП;4WD;97 124 км;левый;5 поколение;черный;седан;;;;
Mercedes-Benz;S-Class;2020;18500000;https://auto.drom.ru/spb/mercedes-benz/s-class/53510806.html;Год не совпадает с ПТС;1 запись о регистрации;Не числится в розыске;Ограничений не обнаружено;Санкт-Петербурге;дизель, 2.9 л;249 л.с., налог;АКПП;4WD;800 км;левый;7 поколение;черный;седан;;;;
Mercedes-Benz;CLA-Class;2020;3950000;https://auto.drom.ru/moscow/mercedes-benz/cla-class/53094476.html;Характеристики совпадают с ПТС;1 запись о регистрации;Не числится в розыске;Ограничений не обнаружено;Москве;бензин, 2.0 л;224 л.с., налог;робот;4WD;68 700 км;левый;2 поколение;серый;седан;;;;
Mercedes-Benz;GLE;2020;8875000;https://auto.drom.ru/moscow/mercedes-benz/gle-class/53047986.html;Характеристики совпадают с ПТС;2 записи о регистрации;Не числится в розыске;Ограничений не обнаружено;Москве;дизель, 2.9 л;330 л.с., налог;АКПП;4WD;50 417 км;левый;2 поколение;черный;;GLE 400 d 4MATIC Sport;;;
Mercedes-Benz;GLS-Class;2020;15800000;https://auto.drom.ru/spb/mercedes-benz/gls-class/52567691.html;Характеристики совпадают с ПТС;2 записи о регистрации;Не числится в розыске;Ограничений не обнаружено;Санкт-Петербурге;бензин, 4.0 л, гибрид;612 л.с., налог;АКПП;4WD;28 793 км;левый;2 поколение;серый;;GLS 63 4MATIC+;;;
Mercedes-Benz;GLC;2020;3690000;https://auto.drom.ru/minsk/mercedes-benz/glc-class/54150174.html;;;;;Минске;бензин, 2.0 л;249 л.с., налог;автомат;задний;83 000 км, без пробега по РФ;левый;1 поколение, рестайлинг;серый;;;;;
Mercedes-Benz;GLE;2021;12000000;https://auto.drom.ru/saratov/mercedes-benz/gle-class/53180409.html;;;;;Саратове;дизель, 3.0 л;;автомат;4WD;22 500 км;левый;2 поколение;черный;;;;;
