Бренд;Модель;Год;Цена;URL;ПТС;Владельцы;Розыск;Ограничения;Город;Двигатель;Мощность;Коробка передач;Привод;Тип кузова;Цвет;Пробег;Руль;Поколение;Комплектация;Особые отметки;VIN;
Mercedes-Benz;GLA-Class;2021;3970000;https://auto.drom.ru/moscow/mercedes-benz/gla-class/53392556.html;Характеристики совпадают с ПТС;1 запись о регистрации;Не числится в розыске;Ограничений не обнаружено;Москве;1.3 л;;автомат;;;синий;43 000 км;левый;2 поколение;;;;
Mercedes-Benz;GLC Coupe;2021;12500000;https://auto.drom.ru/moscow/mercedes-benz/glc_coupe/54086041.html;Характеристики совпадают с ПТС;1 запись о регистрации;Не числится в розыске;Ограничений не обнаружено;Москве;бензин, 4.0 л;510 л.с., налог;робот;4WD;;серый;26 033 км;левый;1 поколение, рестайлинг;;;;
Mercedes-Benz;GLS-Class;2021;23600000;https://auto.drom.ru/moscow/mercedes-benz/gls-class/53408540.html;Характеристики совпадают с ПТС;2 записи о регистрации;Не числится в розыске;Ограничений не обнаружено;Москве;бензин, 4.0 л;558 л.с., налог;автомат;4WD;;зеленый;31 597 км;левый;;;;;
Mercedes-Benz;GLE;2021;9420000;https://auto.drom.ru/spb/mercedes-benz/gle-class/54085088.html;Характеристики совпадают с ПТС;1 запись о регистрации;Не числится в розыске;Ограничений не обнаружено;Санкт-Петербурге;дизель, 2.9 л;330 л.с., налог;АКПП;4WD;;черный;70 530 км;левый;2 поколение;;;;
Mercedes-Benz;GLE Coupe;2021;15700000;https://auto.drom.ru/moscow/mercedes-benz/gle_coupe/54084967.html;Характеристики совпадают с ПТС;3 записи о регистрации;Не числится в розыске;Ограничений не обнаружено;Москве;бензин, 4.0 л, гибрид;612 л.с., налог;АКПП;4WD;;черный;69 000 км;левый;2 поколение;GLE 63 S 4MATIC+;;;
Mercedes-Benz;E-Class;2021;6299900;https://auto.drom.ru/balashiha/mercedes-benz/e-class/54082423.html;;;;;Балашихе;бензин, 2.0 л;211 л.с., налог;автомат;задний;седан;белый;26 888 км;левый;;;;;
Mercedes-Benz;E-Class;2021;5395000;https://auto.drom.ru/moscow/mercedes-benz/e-class/53409945.html;Характеристики совпадают с ПТС;1 запись о регистрации;Не числится в розыске;Ограничений не обнаружено;Москве;дизель, 2.0 л;194 л.с., налог;АКПП;4WD;седан;черный;49 566 км;левый;5 поколение, рестайлинг;;;;
Mercedes-Benz;S-Class;2021;13790000;https://auto.drom.ru/moscow/mercedes-benz/s-class/53409947.html;Характеристики совпадают с ПТС;2 записи о регистрации;Не числится в розыске;Ограничений не обнаружено;Москве;дизель, 2.9 л;249 л.с., налог;АКПП;4WD;седан;черный;72 000 км;левый;7 поколение;;;;
Mercedes-Benz;GLS-Class;2021;16650000;https://auto.drom.ru/moscow/mercedes-benz/gls-class/53409997.html;Характеристики совпадают с ПТС;3 записи о регистрации;Не числится в розыске;Ограничений не обнаружено;Москве;бензин, 4.0 л;612 л.с., налог;автомат;4WD;;серый;41 986 км;левый;;;;;
Mercedes-Benz;GLE;2021;10545000;https://auto.drom.ru/moscow/mercedes-benz/gle-class/52528841.html;Характеристики совпадают с ПТС;1 запись о регистрации;Не числится в розыске;Ограничений не обнаружено;Москве;дизель, 2.9 л;330 л.с., налог;АКПП;4WD;;белый;36 149 км;левый;2 поколение;;;;
Mercedes-Benz;S-Class;2021;26191000;https://auto.drom.ru/moscow/mercedes-benz/s-class/52528229.html;;;;;Москве;бензин, 4.0 л;503 л.с., налог;АКПП;4WD;седан;черный;;левый;7 поколение;S580 4MATIC Premium;;;
Mercedes-Benz;CLS-Class;2021;7330000;https://auto.drom.ru/kazan/mercedes-benz/cls-class/52101131.html;Характеристики совпадают с ПТС;3 записи о регистрации;Не числится в розыске;Ограничений не обнаружено;Казани;дизель, 2.9 л;249 л.с., налог;АКПП;4WD;седан;черный;29 965 км;левый;3 поколение, рестайлинг;CLS 350 d 4MATIC Sport;;;
Mercedes-Benz;GLS-Class;2021;11499000;https://auto.drom.ru/moscow/mercedes-benz/gls-class/436437942.html;Характеристики совпадают с ПТС;3 записи о регистрации;Не числится в розыске;Ограничений не обнаружено;Москве;бензин, 3.0 л, гибрид;367 л.с., налог;АКПП;4WD;;белый;30 450 км;левый;2 поколение;GLS 450 4MATIC Sport;;;
Mercedes-Benz;S-Class;2021;10999999;https://auto.drom.ru/moscow/mercedes-benz/s-class/774351808.html;Характеристики совпадают с ПТС;1 запись о регистрации;Не числится в розыске;Ограничений не обнаружено;Москве;дизель, 2.9 л;249 л.с., налог;АКПП;4WD;седан;черный;75 000 км;левый;7 поколение;;;;
Mercedes-Benz;EQC;2021;5550000;https://auto.drom.ru/naro-fominsk/mercedes-benz/eqc/53865282.html;;;;;Наро-Фоминске;электро;408 л.с., налог;АКПП;4WD;;синий;71 000 км, без пробега по РФ;левый;1 поколение;EQC 400 4MATIC AMG Line;;;
Mercedes-Benz;GLC;2021;5900000;https://auto.drom.ru/kazan/mercedes-benz/glc-class/824226728.html;Характеристики совпадают с ПТС;1 запись о регистрации;Не числится в розыске;Ограничений не обнаружено;Казани;дизель, 2.0 л;245 л.с., налог;АКПП;4WD;;черный;63 638 км;левый;1 поколение, рестайлинг;;;;
Mercedes-Benz;G-Class;2021;24150000;https://auto.drom.ru/solnechnogorsk/mercedes-benz/g-class/146510484.html;;;;;Солнечногорске;бензин, 4.0 л;585 л.с., налог;автомат;4WD;джип/suv 5 дв.;черный;17 782 км;левый;3 поколение;;;;
Mercedes-Benz;CLA-Class;2021;3799000;https://auto.drom.ru/himki/mercedes-benz/cla-class/581956992.html;Характеристики совпадают с ПТС;1 запись о регистрации;Не числится в розыске;Ограничений не обнаружено;Химках;бензин, 1.3 л;150 л.с., налог;робот;передний;седан;синий;53 321 км;левый;2 поколение;CLA 200 DCT Sport;;;
Mercedes-Benz;GLS-Class;2021;17990320;https://auto.drom.ru/moscow/mercedes-benz/gls-class/231360353.html;;;;;Москве;бензин, 3.0 л;367 л.с., налог;автомат;4WD;;черный;;левый;;;;;
Mercedes-Benz;S-Class;2021;24990750;https://auto.drom.ru/moscow/mercedes-benz/s-class/260542895.html;;;;;Москве;бензин, 4.0 л;503 л.с., налог;АКПП;4WD;седан;черный;;левый;7 поколение;;;;
Mercedes-Benz;S-Class;2021;23990750;https://auto.drom.ru/moscow/mercedes-benz/s-class/246674189.html;;;;;Москве;бензин, 4.0 л;503 л.с., налог;АКПП;4WD;седан;серый;;левый;7 поколение;;;;
Mercedes-Benz;GLS-Class;2021;11599000;https://auto.drom.ru/moscow/mercedes-benz/gls-class/53700093.html;Характеристики совпадают с ПТС;2 записи о регистрации;Не числится в розыске;Ограничений не обнаружено;Москве;бензин, 3.0 л, гибрид;367 л.с., налог;АКПП;4WD;;черный;46 115 км;левый;2 поколение;GLS 450 4MATIC Sport;;;
Mercedes-Benz;S-Class;2021;20714000;https://auto.drom.ru/moscow/mercedes-benz/s-class/52513551.html;;;;;Москве;дизель, 2.9 л;249 л.с., налог;АКПП;4WD;седан;белый;;левый;7 поколение;S350 d 4MATIC Bussines;;;
Mercedes-Benz;GLE;2021;8710000;https://auto.drom.ru/moscow/mercedes-benz/gle-class/54076025.html;Характеристики совпадают с ПТС;2 записи о регистрации;Не числится в розыске;Ограничений не обнаружено;Москве;дизель, 2.0 л;245 л.с., налог;АКПП;4WD;;черный;34 338 км;левый;2 поколение;GLE 300 d 4MATIC Sport Plus;;;
Mercedes-Benz;GLS-Class;2021;13900000;https://auto.drom.ru/spb/mercedes-benz/gls-class/53790423.html;Характеристики совпадают с ПТС;1 запись о регистрации;Не числится в розыске;Ограничений не обнаружено;Санкт-Петербурге;дизель, 2.9 л;330 л.с., налог;АКПП;4WD;;черный;29 365 км;левый;2 поколение;GLS 400 d 4MATIC Luxury;;;
Mercedes-Benz;GLC;2021;5500569;https://auto.drom.ru/moscow/mercedes-benz/glc-class/53789300.html;Характеристики совпадают с ПТС;3 записи о регистрации;Не числится в розыске;Ограничений не обнаружено;Москве;бензин, 2.0 л;197 л.с., налог;АКПП;4WD;;белый;21 000 км;левый;1 поколение, рестайлинг;GLC 200 4MATIC AT Premium;;;
Mercedes-Benz;GLE;2021;9900000;https://auto.drom.ru/moscow/mercedes-benz/gle-class/53781268.html;Характеристики совпадают с ПТС;2 записи о регистрации;Не числится в розыске;Ограничений не обнаружено;Москве;дизель, 2.0 л;245 л.с., налог;АКПП;4WD;;белый;44 020 км;левый;2 поколение;;;;
Mercedes-Benz;GLE;2021;8495000;https://auto.drom.ru/moscow/mercedes-benz/gle-class/53781270.html;Характеристики совпадают с ПТС;2 записи о регистрации;Не числится в розыске;Ограничений не обнаружено;Москве;дизель, 2.0 л;245 л.с., налог;АКПП;4WD;;белый;35 605 км;левый;2 поколение;;;;
Mercedes-Benz;GLE;2021;9700000;https://auto.drom.ru/moscow/mercedes-benz/gle-class/687964000.html;Характеристики совпадают с ПТС;1 запись о регистрации;Не числится в розыске;Ограничений не обнаружено;Москве;дизель, 2.9 л;330 л.с., налог;АКПП;4WD;;белый;41 802 км;левый;2 поколение;;;;
Mercedes-Benz;GLB-Class;2021;3795000;https://auto.drom.ru/moscow/mercedes-benz/glb/153174988.html;Характеристики совпадают с ПТС;1 запись о регистрации;Не числится в розыске;Ограничений не обнаружено;Москве;бензин, 1.3 л;150 л.с., налог;автомат;передний;;черный;44 868 км;левый;;;;;
Mercedes-Benz;E-Class;2021;7035000;https://auto.drom.ru/moscow/mercedes-benz/e-class/53406954.html;Характеристики совпадают с ПТС;3 записи о регистрации;Не числится в розыске;Ограничений не обнаружено;Москве;бензин, 2.0 л;197 л.с., налог;АКПП;4WD;купе;синий;30 227 км;левый;5 поколение, рестайлинг;;;;
Mercedes-Benz;GLS-Class;2021;10599000;https://auto.drom.ru/moscow/mercedes-benz/gls-class/53406960.html;Характеристики совпадают с ПТС;3 записи о регистрации;Не числится в розыске;Ограничений не обнаружено;Москве;дизель, 2.9 л;330 л.с., налог;АКПП;4WD;;черный;60 333 км;левый;2 поколение;;;;
Mercedes-Benz;GLE Coupe;2021;10890000;https://auto.drom.ru/moscow/mercedes-benz/gle_coupe/52526511.html;Характеристики совпадают с ПТС;3 записи о регистрации;Не числится в розыске;Ограничений не обнаружено;Москве;дизель, 2.9 л;249 л.с., налог;АКПП;4WD;;синий;26 167 км;левый;2 поколение;350 d 4MATIC;;;
Mercedes-Benz;V-Class;2021;8150000;https://auto.drom.ru/moscow/mercedes-benz/v-class/52526553.html;Характеристики совпадают с ПТС;1 запись о регистрации;Не числится в розыске;Ограничений не обнаружено;Москве;дизель, 2.1 л;190 л.с., налог;АКПП;4WD;;белый;51 704 км;левый;3 поколение, рестайлинг;;;;
Mercedes-Benz;S-Class;2021;26403605;https://auto.drom.ru/moscow/mercedes-benz/s-class/52516787.html;;;;;Москве;бензин, 4.0 л;503 л.с., налог;АКПП;4WD;седан;черный;;левый;7 поколение;;;;
Mercedes-Benz;AMG GT;2021;18020325;https://auto.drom.ru/moscow/mercedes-benz/amg_gt/51212229.html;;;;;Москве;бензин, 3.0 л;435 л.с., налог;АКПП;4WD;лифтбек;черный;;левый;1 поколение, рестайлинг;3.0 AT GT 53 4MATIC+;;;
Mercedes-Benz;Vito;2021;6199657;https://auto.drom.ru/moscow/mercedes-benz/vito/642763151.html;Характеристики совпадают с ПТС;1 запись о регистрации;Не числится в розыске;Ограничений не обнаружено;Москве;дизель, 2.1 л;190 л.с., налог;АКПП;4WD;;серый;60 000 км;левый;3 поколение, рестайлинг;;;;
Mercedes-Benz;E-Class;2021;5450000;https://auto.drom.ru/tula/mercedes-benz/e-class/755517701.html;Характеристики совпадают с ПТС;2 записи о регистрации;Не числится в розыске;Ограничений не обнаружено;Туле;дизель, 2.0 л;194 л.с., налог;АКПП;4WD;седан;черный;52 910 км;левый;5 поколение, рестайлинг;;;;
Mercedes-Benz;S-Class;2021;19250000;https://auto.drom.ru/moscow/mercedes-benz/s-class/218769829.html;Характеристики совпадают с ПТС;2 записи о регистрации;Не числится в розыске;Ограничений не обнаружено;Москве;дизель, 2.9 л;249 л.с., налог;АКПП;4WD;седан;черный;17 796 км;левый;7 поколение;;;;
Mercedes-Benz;S-Class;2021;10333853;https://auto.drom.ru/minsk/mercedes-benz/s-class/53773821.html;Характеристики совпадают с ПТС;1 запись о регистрации;Не числится в розыске;Ограничений не обнаружено;Минске;дизель, 2.9 л;330 л.с., налог;АКПП;4WD;седан;черный;40 379 км;левый;7 поколение;;;;
Mercedes-Benz;G-Class;2021;22995000;https://auto.drom.ru/spb/mercedes-benz/g-class/50472994.html;;;;;Санкт-Петербурге;дизель, 2.9 л;330 л.с., налог;АКПП;4WD;джип/suv 5 дв.;серый;;левый;3 поколение;G 400 d;;;
Mercedes-Benz;E-Class;2021;6679000;https://auto.drom.ru/himki/mercedes-benz/e-class/53383861.html;Характеристики совпадают с ПТС;3 записи о регистрации;Не числится в розыске;Ограничений не обнаружено;Химках;бензин, 2.0 л;197 л.с., налог;АКПП;4WD;купе;зеленый;32 151 км;левый;5 поколение, рестайлинг;;;;
Mercedes-Benz;GLS-Class;2021;11500000;https://auto.drom.ru/moscow/mercedes-benz/gls-class/53391142.html;Характеристики совпадают с ПТС;1 запись о регистрации;Не числится в розыске;Ограничений не обнаружено;Москве;бензин, 3.0 л;367 л.с., налог;автомат;4WD;;черный;72 777 км;левый;;;;;
Mercedes-Benz;S-Class;2021;13400000;https://auto.drom.ru/lyubertsy/mercedes-benz/s-class/53387699.html;Характеристики совпадают с ПТС;2 записи о регистрации;Не числится в розыске;Ограничений не обнаружено;Люберцах;дизель, 2.9 л;249 л.с., налог;АКПП;4WD;седан;черный;55 796 км;левый;7 поколение;S350 d 4MATIC Premium;;;
Mercedes-Benz;GLC;2021;3919789;https://auto.drom.ru/spb/mercedes-benz/glc-class/54066772.html;Характеристики совпадают с ПТС;2 записи о регистрации;Не числится в розыске;Ограничений не обнаружено;Санкт-Петербурге;бензин, 2.0 л;197 л.с., налог;АКПП;4WD;;белый;41 777 км;левый;1 поколение, рестайлинг;;;;
Mercedes-Benz;S-Class;2021;14445000;https://auto.drom.ru/moscow/mercedes-benz/s-class/54064403.html;Характеристики совпадают с ПТС;1 запись о регистрации;Не числится в розыске;Ограничений не обнаружено;Москве;дизель, 2.9 л;249 л.с., налог;АКПП;4WD;седан;белый;4 974 км;левый;7 поколение;;;;
Mercedes-Benz;E-Class;2021;6895000;https://auto.drom.ru/moscow/mercedes-benz/e-class/53769870.html;Характеристики совпадают с ПТС;2 записи о регистрации;Не числится в розыске;Ограничений не обнаружено;Москве;дизель, 3.0 л;249 л.с., налог;автомат;4WD;седан;серый;45 295 км;левый;;;;;
Mercedes-Benz;E-Class;2021;6690000;https://auto.drom.ru/moscow/mercedes-benz/e-class/53769816.html;Характеристики совпадают с ПТС;2 записи о регистрации;Не числится в розыске;Ограничений не обнаружено;Москве;дизель, 2.0 л;249 л.с., налог;АКПП;4WD;седан;белый;47 480 км;левый;5 поколение, рестайлинг;E 300d 4MATIC Sport Plus;;;
Mercedes-Benz;GLE;2021;9655000;https://auto.drom.ru/spb/mercedes-benz/gle-class/52959839.html;Характеристики совпадают с ПТС;1 запись о регистрации;Не числится в розыске;Ограничений не обнаружено;Санкт-Петербурге;дизель, 2.9 л;330 л.с., налог;АКПП;4WD;;черный;10 000 км;левый;2 поколение;GLE 400 d 4MATIC Sport;;;
Mercedes-Benz;GLE;2021;8975000;https://auto.drom.ru/moscow/mercedes-benz/gle-class/52499331.html;Характеристики совпадают с ПТС;2 записи о регистрации;Не числится в розыске;Ограничений не обнаружено;Москве;дизель, 2.0 л;245 л.с., налог;АКПП;4WD;;синий;14 795 км;левый;2 поколение;;;;
Mercedes-Benz;E-Class;2021;5130000;https://auto.drom.ru/moscow/mercedes-benz/e-class/52499371.html;Характеристики совпадают с ПТС;2 записи о регистрации;Не числится в розыске;Ограничений не обнаружено;Москве;бензин, 2.0 л;197 л.с., налог;АКПП;4WD;седан;черный;71 600 км;левый;5 поколение, рестайлинг;;;;
Mercedes-Benz;V-Class;2021;8500000;https://auto.drom.ru/moscow/mercedes-benz/v-class/368745306.html;Характеристики совпадают с ПТС;4 записи о регистрации;Не числится в розыске;Ограничений не обнаружено;Москве;дизель, 2.1 л;163 л.с., налог;АКПП;4WD;;черный;33 916 км;левый;3 поколение, рестайлинг;;;;
Mercedes-Benz;E-Class;2021;4495700;https://auto.drom.ru/moscow/mercedes-benz/e-class/852377253.html;Характеристики совпадают с ПТС;3 записи о регистрации;Не числится в розыске;Ограничений не обнаружено;Москве;бензин, 2.0 л;197 л.с., налог;АКПП;4WD;седан;черный;78 013 км;левый;5 поколение, рестайлинг;E 200 4MATIC Sport;;;
Mercedes-Benz;C-Class;2021;4236789;https://auto.drom.ru/spb/mercedes-benz/c-class/494312203.html;Характеристики совпадают с ПТС;2 записи о регистрации;Не числится в розыске;Ограничений не обнаружено;Санкт-Петербурге;бензин, 1.5 л;150 л.с., налог;автомат;задний;купе;белый;23 474 км;левый;;;;;
Mercedes-Benz;GLE Coupe;2021;11495000;https://auto.drom.ru/moscow/mercedes-benz/gle_coupe/695612798.html;;;;;Москве;бензин, 3.0 л;435 л.с., налог;АКПП;4WD;;черный;34 000 км, без пробега по РФ;левый;2 поколение;AMG 53 4MATIC+;;;
Mercedes-Benz;V-Class;2021;7500000;https://auto.drom.ru/moscow/mercedes-benz/v-class/53924085.html;Характеристики совпадают с ПТС;3 записи о регистрации;Не числится в розыске;Ограничений не обнаружено;Москве;дизель, 2.1 л;190 л.с., налог;АКПП;4WD;;серый;58 048 км;левый;3 поколение, рестайлинг;;;;
Mercedes-Benz;CLE-Class;2021;9500000;https://auto.drom.ru/spb/mercedes-benz/cle-class/52466125.html;;;;;Санкт-Петербурге;бензин, 3.0 л;435 л.с., налог;автомат;4WD;купе;серебристый;27 400 км;левый;;;;;
Mercedes-Benz;CLA-Class;2021;3249000;https://auto.drom.ru/moscow/mercedes-benz/cla-class/54054809.html;Характеристики совпадают с ПТС;1 запись о регистрации;Не числится в розыске;Ограничений не обнаружено;Москве;бензин, 1.3 л;150 л.с., налог;робот;передний;седан;синий;55 091 км;левый;2 поколение;CLA 200 DCT Sport;;;
Mercedes-Benz;GLE;2021;8820000;https://auto.drom.ru/moscow/mercedes-benz/gle-class/54054536.html;Характеристики совпадают с ПТС;2 записи о регистрации;Не числится в розыске;Ограничений не обнаружено;Москве;дизель, 2.0 л;245 л.с., налог;АКПП;4WD;;синий;38 115 км;левый;2 поколение;GLE 300 d 4MATIC Sport Plus;;;
Mercedes-Benz;GLE;2021;8790000;https://auto.drom.ru/spb/mercedes-benz/gle-class/53764739.html;Характеристики совпадают с ПТС;1 запись о регистрации;Не числится в розыске;Ограничений не обнаружено;Санкт-Петербурге;дизель, 2.0 л;245 л.с., налог;АКПП;4WD;;белый;46 365 км;левый;2 поколение;;;;
Mercedes-Benz;E-Class;2021;5465000;https://auto.drom.ru/moscow/mercedes-benz/e-class/52494529.html;Характеристики совпадают с ПТС;2 записи о регистрации;Не числится в розыске;Ограничений не обнаружено;Москве;дизель, 2.9 л;249 л.с., налог;АКПП;4WD;седан;белый;89 176 км;левый;5 поколение, рестайлинг;E 350d 4MATIC Sport Plus;;;
Mercedes-Benz;E-Class;2021;5450000;https://auto.drom.ru/moscow/mercedes-benz/e-class/723358447.html;Характеристики совпадают с ПТС;4 записи о регистрации;Не числится в розыске;Ограничений не обнаружено;Москве;бензин, 2.0 л;197 л.с., налог;АКПП;4WD;седан;черный;25 135 км;левый;5 поколение, рестайлинг;E 200 4MATIC Sport;;;
Mercedes-Benz;V-Class;2021;9900000;https://auto.drom.ru/moscow/mercedes-benz/v-class/739568241.html;Характеристики совпадают с ПТС;1 запись о регистрации;Не числится в розыске;Ограничений не обнаружено;Москве;дизель, 2.1 л;190 л.с., налог;АКПП;4WD;;белый;57 000 км;левый;3 поколение, рестайлинг;250 d AT L3 AVG Collection 4Matic;;;
Mercedes-Benz;GLE;2021;23265000;https://auto.drom.ru/moscow/mercedes-benz/gle-class/805207279.html;;;;;Москве;бензин, 4.0 л, гибрид;612 л.с., налог;АКПП;4WD;;черный;;левый;2 поколение;GLE 63 S 4MATIC+;;;
Mercedes-Benz;EQS;2021;9999999;https://auto.drom.ru/moscow/mercedes-benz/eqs/50769243.html;Характеристики совпадают с ПТС;1 запись о регистрации;Не числится в розыске;Ограничений не обнаружено;Москве;электро;333 л.с., налог;АКПП;задний;лифтбек;черный;8 719 км;левый;1 поколение;EQS 450+;;;
Mercedes-Benz;GLE;2021;12348000;https://auto.drom.ru/moscow/mercedes-benz/gle-class/53756207.html;Характеристики совпадают с ПТС;2 записи о регистрации;Не числится в розыске;Ограничений не обнаружено;Москве;бензин, 3.0 л, гибрид;435 л.с., налог;АКПП;4WD;;черный;25 910 км;левый;2 поколение;GLE 53 4MATIC+;;;
Mercedes-Benz;GLS-Class;2021;11500000;https://auto.drom.ru/moscow/mercedes-benz/gls-class/932758668.html;Характеристики совпадают с ПТС;3 записи о регистрации;Не числится в розыске;Ограничений не обнаружено;Москве;дизель, 2.9 л;330 л.с., налог;АКПП;4WD;;черный;56 367 км;левый;2 поколение;GLS 400 d 4MATIC Premium;;;
Mercedes-Benz;S-Class;2021;17450000;https://auto.drom.ru/spb/mercedes-benz/s-class/53371954.html;Характеристики совпадают с ПТС;1 запись о регистрации;Не числится в розыске;Ограничений не обнаружено;Санкт-Петербурге;бензин, 3.0 л;367 л.с., налог;АКПП;4WD;седан;серый;9 324 км;левый;7 поколение;;;;
Mercedes-Benz;GLE;2021;9750000;https://auto.drom.ru/moscow/mercedes-benz/gle-class/53366558.html;Характеристики совпадают с ПТС;2 записи о регистрации;Не числится в розыске;Ограничений не обнаружено;Москве;дизель, 2.9 л;330 л.с., налог;АКПП;4WD;;черный;41 863 км;левый;2 поколение;;;;
Mercedes-Benz;GLS-Class;2021;18950000;https://auto.drom.ru/moscow/mercedes-benz/gls-class/52930044.html;Характеристики совпадают с ПТС;1 запись о регистрации;Не числится в розыске;Ограничений не обнаружено;Москве;бензин, 4.0 л, гибрид;612 л.с., налог;АКПП;4WD;;черный;24 954 км;левый;2 поколение;GLS 63 4MATIC+;;;
Mercedes-Benz;GLE;2021;12150000;https://auto.drom.ru/moscow/mercedes-benz/gle-class/52920576.html;Характеристики совпадают с ПТС;1 запись о регистрации;Не числится в розыске;Ограничений не обнаружено;Москве;бензин, 3.0 л;435 л.с., налог;АКПП;4WD;;белый;27 349 км;левый;2 поколение;;;;
Mercedes-Benz;S-Class;2021;24990000;https://auto.drom.ru/moscow/mercedes-benz/s-class/52475247.html;;;;;Москве;бензин, 3.0 л;367 л.с., налог;АКПП;4WD;седан;черный;;левый;7 поколение;;;;
Mercedes-Benz;GLS-Class;2021;17500000;https://auto.drom.ru/moscow/mercedes-benz/gls-class/601749481.html;Характеристики совпадают с ПТС;1 запись о регистрации;Не числится в розыске;Ограничений не обнаружено;Москве;бензин, 4.0 л, гибрид;612 л.с., налог;АКПП;4WD;;черный;34 405 км;левый;2 поколение;GLS 63 4MATIC+;;;
Mercedes-Benz;GLE;2021;8620000;https://auto.drom.ru/spb/mercedes-benz/gle-class/54031064.html;Характеристики совпадают с ПТС;2 записи о регистрации;Не числится в розыске;Ограничений не обнаружено;Санкт-Петербурге;дизель, 2.0 л;245 л.с., налог;АКПП;4WD;;белый;60 270 км;левый;2 поколение;GLE 300 d 4MATIC Sport;;;
Mercedes-Benz;S-Class;2021;14850000;https://auto.drom.ru/spb/mercedes-benz/s-class/54031052.html;Характеристики совпадают с ПТС;1 запись о регистрации;Не числится в розыске;Ограничений не обнаружено;Санкт-Петербурге;дизель, 2.9 л;249 л.с., налог;АКПП;4WD;седан;черный;54 450 км;левый;7 поколение;S350 d 4MATIC Luxury;;;
Mercedes-Benz;S-Class;2021;12453000;https://auto.drom.ru/moscow/mercedes-benz/s-class/331115963.html;Характеристики совпадают с ПТС;2 записи о регистрации;Не числится в розыске;Ограничений не обнаружено;Москве;бензин, 3.0 л;367 л.с., налог;АКПП;4WD;седан;черный;51 018 км;левый;7 поколение;;;;
Mercedes-Benz;GLA-Class;2021;3800000;https://auto.drom.ru/smolensk/mercedes-benz/gla-class/680174818.html;;;;;Смоленске;бензин, 2.0 л;224 л.с., налог;робот;4WD;;черный;37 500 км;левый;2 поколение;;;;
Mercedes-Benz;S-Class;2021;13500000;https://auto.drom.ru/spb/mercedes-benz/s-class/606800863.html;Характеристики совпадают с ПТС;2 записи о регистрации;Не числится в розыске;Ограничений не обнаружено;Санкт-Петербурге;дизель;;автомат;;седан;черный;93 120 км;левый;7 поколение;;;;
Mercedes-Benz;S-Class;2021;23990750;https://auto.drom.ru/moscow/mercedes-benz/s-class/480020937.html;;;;;Москве;бензин, 4.0 л;503 л.с., налог;АКПП;4WD;седан;серый;;левый;7 поколение;;;;
Mercedes-Benz;V-Class;2021;7878000;https://auto.drom.ru/moscow/mercedes-benz/v-class/53345698.html;Цвет не совпадает с ПТС;2 записи о регистрации;Не числится в розыске;Ограничений не обнаружено;Москве;дизель, 2.0 л;163 л.с., налог;автомат;4WD;;черный;58 351 км;левый;;;;;
Mercedes-Benz;V-Class;2021;21890000;https://auto.drom.ru/moscow/mercedes-benz/v-class/54032424.html;Характеристики совпадают с ПТС;3 записи о регистрации;Не числится в розыске;Ограничений не обнаружено;Москве;дизель, 2.1 л;190 л.с., налог;АКПП;4WD;;черный;6 235 км;левый;3 поколение, рестайлинг;;;;
Mercedes-Benz;GLC;2021;6235000;https://auto.drom.ru/moscow/mercedes-benz/glc-class/54029345.html;Характеристики совпадают с ПТС;2 записи о регистрации;Не числится в розыске;Ограничений не обнаружено;Москве;бензин, 2.0 л;249 л.с., налог;АКПП;4WD;;красный;67 642 км;левый;1 поколение, рестайлинг;;;;
Mercedes-Benz;S-Class;2021;20294955;https://auto.drom.ru/moscow/mercedes-benz/s-class/54023863.html;;;;;Москве;дизель, 2.9 л;249 л.с., налог;АКПП;4WD;седан;серый;;левый;7 поколение;;;;
Mercedes-Benz;E-Class;2021;5500000;https://auto.drom.ru/moscow/mercedes-benz/e-class/53746237.html;Характеристики совпадают с ПТС;1 запись о регистрации;Не числится в розыске;Ограничений не обнаружено;Москве;дизель, 2.0 л;194 л.с., налог;АКПП;4WD;седан;серый;89 400 км;левый;5 поколение, рестайлинг;;;;
Mercedes-Benz;E-Class;2021;6500000;https://auto.drom.ru/moscow/mercedes-benz/e-class/53744232.html;Характеристики совпадают с ПТС;2 записи о регистрации;Не числится в розыске;Ограничений не обнаружено;Москве;бензин, 2.0 л;197 л.с., налог;АКПП;4WD;седан;черный;25 000 км;левый;5 поколение, рестайлинг;E 200 AТ 4MATIC AMG Line;;;
Mercedes-Benz;GLS-Class;2021;11700000;https://auto.drom.ru/kazan/mercedes-benz/gls-class/53353198.html;Характеристики совпадают с ПТС;1 запись о регистрации;Не числится в розыске;Ограничений не обнаружено;Казани;бензин, 3.0 л, гибрид;367 л.с., налог;АКПП;4WD;;белый;71 535 км;левый;2 поколение;GLS 450 4MATIC Premium Plus;;;
Mercedes-Benz;E-Class;2021;7350000;https://auto.drom.ru/spb/mercedes-benz/e-class/53317306.html;Характеристики совпадают с ПТС;1 запись о регистрации;Не числится в розыске;Ограничений не обнаружено;Санкт-Петербурге;бензин, 2.0 л;197 л.с., налог;АКПП;4WD;купе;красный;28 000 км;левый;5 поколение, рестайлинг;;;;
Mercedes-Benz;CLA-Class;2021;3819000;https://auto.drom.ru/moscow/mercedes-benz/cla-class/685522050.html;Характеристики совпадают с ПТС;1 запись о регистрации;Не числится в розыске;Ограничений не обнаружено;Москве;бензин, 1.3 л;150 л.с., налог;робот;передний;седан;коричневый;31 267 км;левый;2 поколение;CLA 200 DCT Sport;;;
Mercedes-Benz;GLC;2021;4730000;https://auto.drom.ru/saratov/mercedes-benz/glc-class/54015771.html;Год не совпадает с ПТС;2 записи о регистрации;Не числится в розыске;Ограничений не обнаружено;Саратове;бензин, 2.0 л;197 л.с., налог;АКПП;4WD;;белый;43 200 км;левый;1 поколение, рестайлинг;;;;
Mercedes-Benz;C-Class;2021;6300000;https://auto.drom.ru/spb/mercedes-benz/c-class/53760723.html;Характеристики совпадают с ПТС;1 запись о регистрации;Не числится в розыске;Ограничений не обнаружено;Санкт-Петербурге;бензин, 1.5 л, гибрид;197 л.с., налог;АКПП;4WD;седан;серый;25 000 км;левый;5 поколение;C 200 4MATIC Sport;;;
Mercedes-Benz;GLC;2021;5850000;https://auto.drom.ru/moscow/mercedes-benz/glc-class/293808302.html;Характеристики совпадают с ПТС;1 запись о регистрации;Не числится в розыске;Ограничений не обнаружено;Москве;дизель, 2.0 л;245 л.с., налог;АКПП;4WD;;черный;69 912 км;левый;1 поколение, рестайлинг;;;;
Mercedes-Benz;GLS-Class;2021;11790000;https://auto.drom.ru/spb/mercedes-benz/gls-class/179319649.html;Характеристики совпадают с ПТС;2 записи о регистрации;Не числится в розыске;Ограничений не обнаружено;Санкт-Петербурге;дизель, 2.9 л;330 л.с., налог;АКПП;4WD;;черный;34 000 км;левый;2 поколение;GLS 400 d 4MATIC Premium;;;
Mercedes-Benz;E-Class;2021;3450000;https://auto.drom.ru/moscow/mercedes-benz/e-class/53092221.html;Характеристики совпадают с ПТС;3 записи о регистрации;Не числится в розыске;Ограничений не обнаружено;Москве;бензин, 2.0 л;197 л.с., налог;АКПП;4WD;седан;синий;90 000 км;левый;5 поколение, рестайлинг;;документы с проблемами или отсутствуют;;
Mercedes-Benz;GLS-Class;2021;12657000;https://auto.drom.ru/moscow/mercedes-benz/gls-class/573294311.html;Характеристики совпадают с ПТС;2 записи о регистрации;Не числится в розыске;Ограничений не обнаружено;Москве;дизель, 2.9 л;330 л.с., налог;АКПП;4WD;;черный;13 702 км;левый;2 поколение;;;;
Mercedes-Benz;CLA-Class;2021;3712000;https://auto.drom.ru/moscow/mercedes-benz/cla-class/309617802.html;Характеристики совпадают с ПТС;1 запись о регистрации;Не числится в розыске;Ограничений не обнаружено;Москве;бензин, 1.3 л;150 л.с., налог;робот;передний;седан;желтый;40 239 км;левый;2 поколение;CLA 200 DCT Sport;;;
Mercedes-Benz;GLS-Class;2021;22790000;https://auto.drom.ru/himki/mercedes-benz/gls-class/53335193.html;Характеристики совпадают с ПТС;1 запись о регистрации;Не числится в розыске;Ограничений не обнаружено;Химках;бензин, 4.0 л, гибрид;558 л.с., налог;АКПП;4WD;;красный;15 890 км;левый;2 поколение;Mercedes-Maybach GLS 600 4MATIC;;;
Mercedes-Benz;E-Class;2021;4890000;https://auto.drom.ru/moscow/mercedes-benz/e-class/53329263.html;Характеристики совпадают с ПТС;2 записи о регистрации;Не числится в розыске;Ограничений не обнаружено;Москве;дизель, 2.0 л;194 л.с., налог;АКПП;4WD;седан;серый;97 637 км;левый;5 поколение, рестайлинг;;;;
Mercedes-Benz;GLE;2021;9550000;https://auto.drom.ru/moscow/mercedes-benz/gle-class/53329264.html;Характеристики совпадают с ПТС;1 запись о регистрации;Не числится в розыске;Ограничений не обнаружено;Москве;дизель, 2.9 л;249 л.с., налог;автомат;4WD;;синий;90 401 км;левый;;;;;
Mercedes-Benz;GLE Coupe;2021;12200000;https://auto.drom.ru/moscow/mercedes-benz/gle_coupe/52453017.html;Характеристики совпадают с ПТС;1 запись о регистрации;Не числится в розыске;Ограничений не обнаружено;Москве;дизель, 2.9 л;249 л.с., налог;АКПП;4WD;;серый;12 257 км;левый;2 поколение;350 d 4MATIC;;;
Mercedes-Benz;E-Class;2021;6350000;https://auto.drom.ru/kirov/mercedes-benz/e-class/52884431.html;Характеристики совпадают с ПТС;3 записи о регистрации;Не числится в розыске;Ограничений не обнаружено;Кирове;дизель, 2.0 л;194 л.с., налог;АКПП;4WD;седан;белый;22 000 км;левый;5 поколение, рестайлинг;E 220 d 4MATIC Sport;;;
Mercedes-Benz;GLS-Class;2021;16850000;https://auto.drom.ru/moscow/mercedes-benz/gls-class/819504541.html;Характеристики совпадают с ПТС;1 запись о регистрации;Не числится в розыске;Ограничений не обнаружено;Москве;бензин, 4.0 л;612 л.с., налог;автомат;4WD;;серый;68 610 км;левый;;;;;
Mercedes-Benz;S-Class;2021;19907000;https://auto.drom.ru/moscow/mercedes-benz/s-class/416929373.html;Характеристики совпадают с ПТС;1 запись о регистрации;Не числится в розыске;Ограничений не обнаружено;Москве;бензин, 3.0 л;367 л.с., налог;АКПП;4WD;седан;зеленый;1 423 км;левый;7 поколение;;;;
Mercedes-Benz;GLE;2021;9700000;https://auto.drom.ru/moscow/mercedes-benz/gle-class/53724564.html;Характеристики совпадают с ПТС;1 запись о регистрации;Не числится в розыске;Ограничений не обнаружено;Москве;дизель, 2.0 л;245 л.с., налог;АКПП;4WD;;белый;3 800 км;левый;2 поколение;GLE 300 d 4MATIC Sport;;;
Mercedes-Benz;GLA-Class;2021;3649600;https://auto.drom.ru/spb/mercedes-benz/gla-class/53719562.html;Характеристики совпадают с ПТС;3 записи о регистрации;Не числится в розыске;Ограничений не обнаружено;Санкт-Петербурге;бензин, 2.0 л;224 л.с., налог;робот;4WD;;красный;14 681 км;левый;2 поколение;;;;
Mercedes-Benz;GLC;2021;5237000;https://auto.drom.ru/moscow/mercedes-benz/glc-class/53320271.html;Цвет не совпадает с ПТС;1 запись о регистрации;Не числится в розыске;Ограничений не обнаружено;Москве;бензин, 2.0 л;249 л.с., налог;АКПП;4WD;;черный;31 826 км;левый;1 поколение, рестайлинг;;;;
Mercedes-Benz;GLA-Class;2021;4500000;https://auto.drom.ru/moscow/mercedes-benz/gla-class/52442834.html;Характеристики совпадают с ПТС;1 запись о регистрации;Не числится в розыске;Ограничений не обнаружено;Москве;бензин, 1.3 л;150 л.с., налог;робот;4WD;;синий;32 753 км;левый;2 поколение;;;;
Mercedes-Benz;CLS-Class;2021;7590000;https://auto.drom.ru/moscow/mercedes-benz/cls-class/52436739.html;Характеристики совпадают с ПТС;1 запись о регистрации;Не числится в розыске;Ограничений не обнаружено;Москве;бензин, 2.0 л, гибрид;299 л.с., налог;АКПП;4WD;седан;синий;49 333 км;левый;3 поколение;CLS 350 4MATIC Sport;;;
Mercedes-Benz;E-Class;2021;5890000;https://auto.drom.ru/moscow/mercedes-benz/e-class/337301333.html;Характеристики совпадают с ПТС;2 записи о регистрации;Не числится в розыске;Ограничений не обнаружено;Москве;бензин, 2.0 л;197 л.с., налог;АКПП;4WD;седан;серый;27 800 км;левый;5 поколение, рестайлинг;E 200 4MATIC Sport;;;
Mercedes-Benz;C-Class;2021;3250000;https://auto.drom.ru/moscow/mercedes-benz/c-class/53713136.html;;;;;Москве;бензин, 1.6 л;150 л.с., налог;АКПП;задний;купе;синий;13 000 км;левый;4 поколение, рестайлинг;C 180 Sport;требуется ремонт или не на ходу;;
Mercedes-Benz;GLA-Class;2021;3859000;https://auto.drom.ru/tula/mercedes-benz/gla-class/53702650.html;Характеристики совпадают с ПТС;1 запись о регистрации;Не числится в розыске;Ограничений не обнаружено;Туле;бензин, 1.3 л;150 л.с., налог;робот;4WD;;черный;18 315 км;левый;2 поколение;GLA 200 4MATIC Progressive;;;
Mercedes-Benz;E-Class;2021;7390000;https://auto.drom.ru/moscow/mercedes-benz/e-class/53300949.html;Характеристики совпадают с ПТС;1 запись о регистрации;Не числится в розыске;Ограничений не обнаружено;Москве;бензин, 2.0 л;197 л.с., налог;АКПП;4WD;купе;белый;47 656 км;левый;5 поколение, рестайлинг;;;;
Mercedes-Benz;GLE;2021;8750000;https://auto.drom.ru/spb/mercedes-benz/gle-class/468338770.html;Характеристики совпадают с ПТС;2 записи о регистрации;Не числится в розыске;Ограничений не обнаружено;Санкт-Петербурге;дизель, 2.0 л;245 л.с., налог;АКПП;4WD;;черный;48 000 км;левый;2 поколение;GLE 300 d 4MATIC Sport Plus;;;
Mercedes-Benz;GLB-Class;2021;4480000;https://auto.drom.ru/belgorod/mercedes-benz/glb/941106651.html;Характеристики совпадают с ПТС;2 записи о регистрации;Не числится в розыске;Ограничений не обнаружено;Белгороде;дизель, 2.0 л;150 л.с., налог;робот;4WD;;белый;27 800 км;левый;1 поколение;;;;
Mercedes-Benz;GLE Coupe;2021;15000000;https://auto.drom.ru/moscow/mercedes-benz/gle_coupe/52656330.html;;;;;Москве;бензин, 3.0 л, гибрид;435 л.с., налог;АКПП;4WD;;серый;3 000 км;левый;2 поколение;GLE 53 4MATIC+;;;
Mercedes-Benz;GLE;2021;9750120;https://auto.drom.ru/moscow/mercedes-benz/gle-class/53697149.html;Характеристики совпадают с ПТС;1 запись о регистрации;Не числится в розыске;Ограничений не обнаружено;Москве;дизель, 2.0 л;245 л.с., налог;АКПП;4WD;;синий;28 400 км;левый;2 поколение;;;;
Mercedes-Benz;AMG GT;2021;17300000;https://auto.drom.ru/moscow/mercedes-benz/amg_gt/53699373.html;Характеристики совпадают с ПТС;2 записи о регистрации;Не числится в розыске;Ограничений не обнаружено;Москве;бензин, 4.0 л;639 л.с., налог;автомат;4WD;лифтбек;серый;23 289 км;левый;1 поколение, рестайлинг;;;;
Mercedes-Benz;AMG GT;2021;10900000;https://auto.drom.ru/moscow/mercedes-benz/amg_gt/53290406.html;Характеристики совпадают с ПТС;1 запись о регистрации;Не числится в розыске;Ограничений не обнаружено;Москве;бензин, 3.0 л;367 л.с., налог;АКПП;4WD;лифтбек;серый;59 010 км;левый;1 поколение, рестайлинг;3.0 AT GT 43 4MATIC+;;;
Mercedes-Benz;GLE;2021;6002685;https://auto.drom.ru/minsk/mercedes-benz/gle-class/201033152.html;;;;;Минске;бензин, 2.0 л;258 л.с., налог;АКПП;4WD;;зеленый;11 000 км;левый;2 поколение;GLE 350 4MATIC;;;
Mercedes-Benz;GLE;2021;8990000;https://auto.drom.ru/moscow/mercedes-benz/gle-class/283002428.html;Год не совпадает с ПТС;1 запись о регистрации;Не числится в розыске;Ограничений не обнаружено;Москве;дизель, 2.0 л;245 л.с., налог;АКПП;4WD;;черный;13 357 км;левый;2 поколение;GLE 300 d 4MATIC Sport Plus;;;
Mercedes-Benz;GLC Coupe;2021;5990000;https://auto.drom.ru/saratov/mercedes-benz/glc_coupe/887381682.html;Год не совпадает с ПТС;1 запись о регистрации;Не числится в розыске;Ограничений не обнаружено;Саратове;бензин, 2.0 л;249 л.с., налог;АКПП;4WD;;синий;62 000 км;левый;1 поколение, рестайлинг;;;;
Mercedes-Benz;E-Class;2021;7100000;https://auto.drom.ru/moscow/mercedes-benz/e-class/943241739.html;Цвет не совпадает с ПТС;4 записи о регистрации;Не числится в розыске;Ограничений не обнаружено;Москве;бензин, 2.0 л;197 л.с., налог;АКПП;4WD;купе;черный;19 300 км;левый;5 поколение, рестайлинг;;;;
Mercedes-Benz;E-Class;2021;6590000;https://auto.drom.ru/lyubertsy/mercedes-benz/e-class/53284899.html;Характеристики совпадают с ПТС;1 запись о регистрации;Не числится в розыске;Ограничений не обнаружено;Люберцах;дизель, 2.0 л;194 л.с., налог;АКПП;4WD;универсал;черный;30 144 км;левый;5 поколение, рестайлинг;E 220 d 4MATIC All-Terrain Luxury;;;
Mercedes-Benz;GLE;2021;7500000;https://auto.drom.ru/moscow/mercedes-benz/gle-class/53287430.html;Характеристики совпадают с ПТС;1 запись о регистрации;Не числится в розыске;Ограничений не обнаружено;Москве;дизель, 2.0 л;245 л.с., налог;АКПП;4WD;;черный;98 040 км;левый;2 поколение;;;;
Mercedes-Benz;GLS-Class;2021;21000000;https://auto.drom.ru/moscow/mercedes-benz/gls-class/53280270.html;Характеристики совпадают с ПТС;4 записи о регистрации;Не числится в розыске;Ограничений не обнаружено;Москве;бензин, 4.0 л;550 л.с., налог;АКПП;4WD;;бордовый;17 250 км;левый;2 поколение;Maybach GLS 600 4MATIC;;;
Mercedes-Benz;E-Class;2021;5320000;https://auto.drom.ru/moscow/mercedes-benz/e-class/52839522.html;Характеристики совпадают с ПТС;3 записи о регистрации;Не числится в розыске;Ограничений не обнаружено;Москве;бензин, 2.0 л;197 л.с., налог;АКПП;4WD;седан;черный;52 896 км;левый;5 поколение, рестайлинг;;;;
Mercedes-Benz;S-Class;2021;14495000;https://auto.drom.ru/voronezh/mercedes-benz/s-class/53669142.html;;;;;Воронеже;бензин, 4.0 л;345 л.с., налог;автомат;4WD;купе;черный;9 741 км;левый;;;;;
Mercedes-Benz;CLA-Class;2021;4150000;https://auto.drom.ru/moscow/mercedes-benz/cla-class/845648688.html;Характеристики совпадают с ПТС;2 записи о регистрации;Не числится в розыске;Ограничений не обнаружено;Москве;бензин, 1.3 л;150 л.с., налог;робот;передний;седан;белый;5 050 км;левый;2 поколение;CLA 200 DCT Sport;;;
Mercedes-Benz;GLS-Class;2021;13850000;https://auto.drom.ru/moscow/mercedes-benz/gls-class/678944605.html;Характеристики совпадают с ПТС;2 записи о регистрации;Не числится в розыске;Ограничений не обнаружено;Москве;дизель, 2.9 л;330 л.с., налог;АКПП;4WD;;черный;20 500 км;левый;2 поколение;GLS 400 d 4MATIC Premium;;;
Mercedes-Benz;E-Class;2021;4499000;https://auto.drom.ru/voronezh/mercedes-benz/e-class/906163570.html;Характеристики совпадают с ПТС;1 запись о регистрации;Не числится в розыске;Есть ограничения;Воронеже;бензин, 2.0 л;197 л.с., налог;АКПП;4WD;седан;черный;74 125 км;левый;5 поколение, рестайлинг;;;;
Mercedes-Benz;GLC;2021;5190000;https://auto.drom.ru/spb/mercedes-benz/glc-class/53247706.html;Характеристики совпадают с ПТС;1 запись о регистрации;Не числится в розыске;Ограничений не обнаружено;Санкт-Петербурге;бензин, 2.0 л;197 л.с., налог;АКПП;4WD;;черный;14 459 км;левый;1 поколение, рестайлинг;GLC 200 4MATIC AT Premium;;;
Mercedes-Benz;E-Class;2021;4740000;https://auto.drom.ru/moscow/mercedes-benz/e-class/52795903.html;Характеристики совпадают с ПТС;1 запись о регистрации;Не числится в розыске;Ограничений не обнаружено;Москве;бензин, 2.0 л;197 л.с., налог;АКПП;4WD;седан;синий;53 008 км;левый;5 поколение, рестайлинг;;;;
Mercedes-Benz;GLE Coupe;2021;12400000;https://auto.drom.ru/moscow/mercedes-benz/gle_coupe/52378061.html;Модель не совпадает с ПТС;1 запись о регистрации;Не числится в розыске;Ограничений не обнаружено;Москве;дизель, 2.9 л;330 л.с., налог;АКПП;4WD;;белый;23 114 км;левый;2 поколение;;;;
Mercedes-Benz;GLS-Class;2021;12990000;https://auto.drom.ru/moscow/mercedes-benz/gls-class/791987162.html;Характеристики совпадают с ПТС;2 записи о регистрации;Не числится в розыске;Ограничений не обнаружено;Москве;бензин, 3.0 л;367 л.с., налог;автомат;4WD;;черный;27 924 км;левый;;;;;
Mercedes-Benz;S-Class;2021;24990750;https://auto.drom.ru/moscow/mercedes-benz/s-class/51123500.html;;;;;Москве;бензин, 4.0 л;503 л.с., налог;АКПП;4WD;седан;черный;;левый;7 поколение;;;;
Mercedes-Benz;V-Class;2021;7200700;https://auto.drom.ru/moscow/mercedes-benz/v-class/53639253.html;Характеристики совпадают с ПТС;2 записи о регистрации;Не числится в розыске;Ограничений не обнаружено;Москве;дизель, 2.1 л;163 л.с., налог;АКПП;4WD;;серый;83 253 км;левый;3 поколение, рестайлинг;;;;
Mercedes-Benz;GLS-Class;2021;30240000;https://auto.drom.ru/moscow/mercedes-benz/gls-class/44125711.html;;;;;Москве;бензин, 4.0 л, гибрид;558 л.с., налог;АКПП;4WD;;белый;;левый;2 поколение;Mercedes-Maybach GLS 600 4MATIC;;;
Mercedes-Benz;GLS-Class;2021;11950000;https://auto.drom.ru/kazan/mercedes-benz/gls-class/53429845.html;Характеристики совпадают с ПТС;1 запись о регистрации;Не числится в розыске;Ограничений не обнаружено;Казани;дизель, 2.9 л;330 л.с., налог;АКПП;4WD;;черный;41 517 км;левый;2 поколение;GLS 400 d 4MATIC Luxury;;;
Mercedes-Benz;GLS-Class;2021;21848000;https://auto.drom.ru/moscow/mercedes-benz/gls-class/837283718.html;Характеристики совпадают с ПТС;3 записи о регистрации;Не числится в розыске;Ограничений не обнаружено;Москве;бензин, 4.0 л;558 л.с., налог;автомат;4WD;;черный;17 789 км;левый;;;;;
Mercedes-Benz;E-Class;2021;7100000;https://auto.drom.ru/moscow/mercedes-benz/e-class/53218255.html;Характеристики совпадают с ПТС;1 запись о регистрации;Не числится в розыске;Ограничений не обнаружено;Москве;бензин, 2.0 л;197 л.с., налог;АКПП;4WD;купе;черный;18 541 км;левый;5 поколение, рестайлинг;;;;
Mercedes-Benz;E-Class;2021;6300000;https://auto.drom.ru/moscow/mercedes-benz/e-class/882736947.html;Характеристики совпадают с ПТС;1 запись о регистрации;Не числится в розыске;Ограничений не обнаружено;Москве;дизель, 2.0 л;194 л.с., налог;АКПП;задний;купе;черный;20 500 км;левый;5 поколение, рестайлинг;;;;
Mercedes-Benz;GLS-Class;2021;12900000;https://auto.drom.ru/moscow/mercedes-benz/gls-class/53635996.html;Характеристики совпадают с ПТС;3 записи о регистрации;Не числится в розыске;Ограничений не обнаружено;Москве;бензин, 3.0 л;367 л.с., налог;автомат;4WD;;черный;64 908 км;левый;;;;;
Mercedes-Benz;S-Class;2021;13450000;https://auto.drom.ru/moscow/mercedes-benz/s-class/53628867.html;;;;;Москве;дизель, 2.9 л;286 л.с., налог;АКПП;4WD;седан;черный;19 279 км;левый;7 поколение;;;;
Mercedes-Benz;GLS-Class;2022;17990320;https://auto.drom.ru/moscow/mercedes-benz/gls-class/53810243.html;;;;;Москве;дизель, 2.9 л;330 л.с., налог;АКПП;4WD;;черный;новый автомобиль;левый;2 поколение;;;Z9M**************;
Mercedes-Benz;GLS-Class;2022;17990320;https://auto.drom.ru/moscow/mercedes-benz/gls-class/53794513.html;;;;;Москве;дизель, 2.9 л;330 л.с., налог;АКПП;4WD;;белый;новый автомобиль;левый;2 поколение;;;Z9M**************;
Mercedes-Benz;S-Class;2022;17950000;https://auto.drom.ru/moscow/mercedes-benz/s-class/53742757.html;;;;;Москве;дизель, 2.9 л;286 л.с., налог;АКПП;4WD;седан;черный;247 км;левый;7 поколение;;;;
Mercedes-Benz;GLC;2022;7292320;https://auto.drom.ru/moscow/mercedes-benz/glc-class/272116370.html;;;;;Москве;дизель, 2.0 л;194 л.с., налог;АКПП;4WD;;белый;новый автомобиль;левый;1 поколение, рестайлинг;GLC 220d AT 4MATIC;;Z9M**************;
BMW;7-Series;2022;18990000;https://auto.drom.ru/moscow/bmw/7-series/53918582.html;Мощность двигателя не совпадает с ПТС;1 запись о регистрации;Не числится в розыске;Ограничений не обнаружено;Москве;дизель, 3.0 л;256 л.с., налог;АКПП;4WD;;черный;4 553 км;левый;7 поколение;740d xDrive;;;
BMW;X6;2022;12500000;https://auto.drom.ru/moscow/bmw/x6/449059163.html;;;;;Москве;дизель, 3.0 л;340 л.с., налог;АКПП;4WD;;белый;12 918 км;левый;3 поколение;xDrive 40d AT M Sport Pro;;;
BMW;X4;2022;7150000;https://auto.drom.ru/voronezh/bmw/x4/53148868.html;;;;;Воронеже;бензин, 2.0 л;184 л.с., налог;АКПП;4WD;;черный;18 628 км, без пробега по РФ;левый;2 поколение, рестайлинг;;;;
BMW;X7;2022;16990000;https://auto.drom.ru/voronezh/bmw/x7/53148870.html;;;;;Воронеже;дизель, 3.0 л;340 л.с., налог;АКПП;4WD;;зеленый;5 934 км, без пробега по РФ;левый;1 поколение;;;;
BMW;X7;2022;17199000;https://auto.drom.ru/spb/bmw/x7/53137634.html;;;;;Санкт-Петербурге;дизель, 3.0 л;340 л.с., налог;АКПП;4WD;;черный;4 183 км;левый;1 поколение;;;;
BMW;X5;2022;10250000;https://auto.drom.ru/himki/bmw/x5/53124710.html;Мощность двигателя не совпадает с ПТС;1 запись о регистрации;Не числится в розыске;Ограничений не обнаружено;Химках;3.0 л, гибрид;394 л.с., налог;автомат;4WD;;синий;6 742 км;левый;;;;;
BMW;X1;2022;6300000;https://auto.drom.ru/himki/bmw/x1/53126294.html;;;;;Химках;дизель, 2.0 л;150 л.с., налог;АКПП;4WD;;синий;новый автомобиль;левый;2 поколение, рестайлинг;xDrive 18d AT Base;;WBA**************;
BMW;X6;2022;10799000;https://auto.drom.ru/balashiha/bmw/x6/53907533.html;;;;;Балашихе;дизель, 3.0 л;286 л.с., налог;АКПП;4WD;;черный;19 081 км;левый;3 поколение;;;;
BMW;X6;2022;17902800;https://auto.drom.ru/moscow/bmw/x6/53901021.html;Характеристики совпадают с ПТС;1 запись о регистрации;Не числится в розыске;Ограничений не обнаружено;Москве;бензин, 4.4 л;625 л.с., налог;АКПП;4WD;;зеленый;4 884 км;левый;4 поколение;;;;
BMW;X3;2022;6759000;https://auto.drom.ru/spb/bmw/x3/53889765.html;;;;;Санкт-Петербурге;дизель, 2.0 л;190 л.с., налог;АКПП;4WD;;черный;23 682 км;левый;3 поколение, рестайлинг;;;;
BMW;X7;2022;14390000;https://auto.drom.ru/moscow/bmw/x7/53525957.html;;;;;Москве;бензин, 3.0 л;381 л.с., налог;АКПП;4WD;;черный;новый автомобиль;левый;1 поколение, рестайлинг;xDrive40i AT;;WBX**************;
BMW;X7;2022;14890000;https://auto.drom.ru/moscow/bmw/x7/53525962.html;;;;;Москве;дизель, 3.0 л;340 л.с., налог;АКПП;4WD;;черный;новый автомобиль;левый;1 поколение;;;WBA**************;
BMW;8-Series;2022;13500000;https://auto.drom.ru/moscow/bmw/8-series/52106132.html;Характеристики совпадают с ПТС;1 запись о регистрации;Не числится в розыске;Ограничений не обнаружено;Москве;бензин, 4.4 л;530 л.с., налог;АКПП;4WD;открытый;голубой;1 279 км;левый;2 поколение;M850i AT xDrive M Sport by Individual;;;
BMW;iX;2022;8500000;https://auto.drom.ru/spb/bmw/ix/53888386.html;;;;;Санкт-Петербурге;электро;;автомат;4WD;;черный;2 205 км;левый;1 поколение;;;;
BMW;3-Series;2022;4250000;https://auto.drom.ru/minsk/bmw/3-series/53099464.html;;;;;Минске;бензин, 3.0 л;374 л.с., налог;автомат;задний;седан;черный;38 000 км;левый;7 поколение;;;;
BMW;3-Series;2022;5699000;https://auto.drom.ru/spb/bmw/3-series/52199886.html;;;;;Санкт-Петербурге;дизель, 2.0 л;190 л.с., налог;АКПП;4WD;седан;белый;29 903 км;левый;7 поколение;;;;
BMW;4-Series;2022;7197000;https://auto.drom.ru/moscow/bmw/4-series/51396250.html;;;;;Москве;дизель, 2.0 л;190 л.с., налог;АКПП;4WD;купе;черный;25 380 км;левый;2 поколение;;;;
BMW;7-Series;2022;14250000;https://auto.drom.ru/moscow/bmw/7-series/660379817.html;;;;;Москве;дизель, 3.0 л;286 л.с., налог;автомат;4WD;;черный;28 960 км;левый;7 поколение;;;;
BMW;X3;2022;4650000;https://auto.drom.ru/minsk/bmw/x3/52629058.html;Год не совпадает с ПТС;2 записи о регистрации;Не числится в розыске;Ограничений не обнаружено;Минске;бензин, 2.0 л;249 л.с., налог;АКПП;4WD;;белый;;левый;3 поколение, рестайлинг;;;;
BMW;4-Series;2022;6290000;https://auto.drom.ru/moscow/bmw/4-series/53876426.html;Характеристики совпадают с ПТС;1 запись о регистрации;Не числится в розыске;Ограничений не обнаружено;Москве;бензин, 2.0 л;245 л.с., налог;автомат;4WD;купе;синий;33 000 км;левый;2 поколение;;;;
BMW;X3;2022;6645000;https://auto.drom.ru/moscow/bmw/x3/53872922.html;;;;;Москве;дизель, 2.0 л;190 л.с., налог;АКПП;4WD;;синий;30 109 км;левый;3 поколение, рестайлинг;;;;
BMW;3-Series;2022;5999900;https://auto.drom.ru/nizhniy-novgorod/bmw/3-series/53095628.html;Характеристики совпадают с ПТС;1 запись о регистрации;Не числится в розыске;Ограничений не обнаружено;Нижнем Новгороде;бензин, 2.0 л;245 л.с., налог;АКПП;4WD;седан;серый;11 800 км;левый;7 поколение, рестайлинг;;;;
BMW;M8;2022;25000000;https://auto.drom.ru/spb/bmw/m8/52633835.html;Характеристики совпадают с ПТС;1 запись о регистрации;Не числится в розыске;Ограничений не обнаружено;Санкт-Петербурге;бензин, 4.4 л;625 л.с., налог;АКПП;4WD;открытый;красный;13 200 км;левый;1 поколение, рестайлинг;4.4 AT xDrive Competition;;;
BMW;M4;2022;12000000;https://auto.drom.ru/moscow/bmw/m4/51786473.html;;;;;Москве;бензин, 3.0 л;510 л.с., налог;АКПП;4WD;открытый;желтый;2 476 км;левый;2 поколение;3.0 AT xDrive Competition;;;
BMW;7-Series;2022;11990000;https://auto.drom.ru/moscow/bmw/7-series/54153709.html;Характеристики совпадают с ПТС;2 записи о регистрации;Не числится в розыске;Есть ограничения;Москве;дизель, 3.0 л;320 л.с., налог;АКПП;4WD;;черный;19 587 км;левый;6 поколение, рестайлинг;;;;
BMW;X3;2022;8350000;https://auto.drom.ru/moscow/bmw/x3/54151370.html;;;;;Москве;дизель, 3.0 л;249 л.с., налог;АКПП;4WD;;черный;7 500 км, без пробега по РФ;левый;3 поколение, рестайлинг;xDrive 30d AT M Sport Plus;;;
BMW;X5;2023;12500000;https://auto.drom.ru/moscow/bmw/x5/821104545.html;;;;;Москве;дизель, 3.0 л;298 л.с., налог;АКПП;4WD;;синий;4 500 км, без пробега по РФ;левый;4 поколение, рестайлинг;;;;
BMW;X6;2023;13500000;https://auto.drom.ru/moscow/bmw/x6/211891802.html;;;;;Москве;дизель, 3.0 л;298 л.с., налог;АКПП;4WD;;черный;9 000 км, без пробега по РФ;левый;3 поколение, рестайлинг;xDrive30d AT M Sport;;;
BMW;X5;2023;12928860;https://auto.drom.ru/moscow/bmw/x5/53707975.html;;;;;Москве;бензин, 3.0 л;381 л.с., налог;АКПП;4WD;;белый;новый автомобиль;левый;4 поколение, рестайлинг;xDrive40i AT M Sport;;5UX**************;
BMW;XM;2023;21500000;https://auto.drom.ru/moscow/bmw/xm/53622318.html;;;;;Москве;бензин, 4.4 л, гибрид;653 л.с., налог;автомат;4WD;;черный;новый автомобиль;левый;1 поколение;;;WBS**************;
BMW;X5;2023;11690000;https://auto.drom.ru/moscow/bmw/x5/53180251.html;;;;;Москве;бензин, 3.0 л;381 л.с., налог;АКПП;4WD;;зеленый;новый автомобиль;левый;4 поколение, рестайлинг;xDrive40i AT M Sport;;5UX**************;
BMW;X6;2023;14450000;https://auto.drom.ru/moscow/bmw/x6/54052106.html;;;;;Москве;бензин, 3.0 л;381 л.с., налог;АКПП;4WD;;серый;новый автомобиль;левый;3 поколение, рестайлинг;xDrive40i AT M Sport;;5UX**************;
BMW;X7;2023;18450000;https://auto.drom.ru/moscow/bmw/x7/53494871.html;;;;;Москве;дизель, 3.0 л;340 л.с., налог;автомат;4WD;;черный;новый автомобиль;левый;;;;WBA**************;
BMW;X7;2023;17499000;https://auto.drom.ru/spb/bmw/x7/53081795.html;Характеристики совпадают с ПТС;1 запись о регистрации;Не числится в розыске;Ограничений не обнаружено;Санкт-Петербурге;дизель, 3.0 л;340 л.с., налог;автомат;4WD;;белый;9 383 км;левый;;;;;
BMW;X5;2023;11899000;https://auto.drom.ru/moscow/bmw/x5/53070420.html;;;;;Москве;дизель, 3.0 л;298 л.с., налог;АКПП;4WD;;серый;11 000 км;левый;4 поколение, рестайлинг;;;;
BMW;X5;2023;14499000;https://auto.drom.ru/spb/bmw/x5/52619684.html;;;;;Санкт-Петербурге;дизель, 3.0 л;298 л.с., налог;АКПП;4WD;;черный;90 км;левый;4 поколение, рестайлинг;xDrive30d AT;;;
BMW;X3;2023;8500000;https://auto.drom.ru/moscow/bmw/x3/197729555.html;;;;;Москве;бензин, 2.0 л;245 л.с., налог;АКПП;4WD;;черный;66 км;левый;3 поколение, рестайлинг;;;;
BMW;X1;2023;7500000;https://auto.drom.ru/moscow/bmw/x1/942704361.html;;;;;Москве;бензин, 2.0 л;204 л.с., налог;робот;4WD;;черный;40 км;левый;3 поколение;;;;
BMW;7-Series;2023;19990000;https://auto.drom.ru/moscow/bmw/7-series/177258838.html;;;;;Москве;дизель, 3.0 л;256 л.с., налог;АКПП;4WD;;серый;2 304 км;левый;7 поколение;740d xDrive;;;
BMW;X5;2023;13400000;https://auto.drom.ru/spb/bmw/x5/671798408.html;;;;;Санкт-Петербурге;дизель, 3.0 л;298 л.с., налог;АКПП;4WD;;серый;230 км;левый;4 поколение, рестайлинг;xDrive30d AT;;;
BMW;M2;2023;11800000;https://auto.drom.ru/moscow/bmw/m2/54130088.html;;;;;Москве;бензин, 3.0 л;460 л.с., налог;АКПП;задний;;серый;3 150 км;левый;2 поколение;3.0 AT M2;;;
BMW;X5;2023;11900000;https://auto.drom.ru/moscow/bmw/x5/53873584.html;;;;;Москве;дизель, 3.0 л;298 л.с., налог;АКПП;4WD;;белый;25 км;левый;4 поколение, рестайлинг;xDrive30d AT;;;
BMW;X5;2023;16450000;https://auto.drom.ru/moscow/bmw/x5/53835213.html;;;;;Москве;бензин, 4.4 л;530 л.с., налог;АКПП;4WD;;серый;новый автомобиль;левый;4 поколение, рестайлинг;M60i AT;;5UX**************;
BMW;X6;2023;15510000;https://auto.drom.ru/moscow/bmw/x6/54136718.html;;;;;Москве;дизель, 3.0 л;298 л.с., налог;АКПП;4WD;;белый;новый автомобиль;левый;3 поколение, рестайлинг;xDrive30d AT M Sport;;WBA**************;
BMW;5-Series;2023;9500000;https://auto.drom.ru/moscow/bmw/5-series/54136026.html;;;;;Москве;бензин, 2.0 л;249 л.с., налог;АКПП;4WD;седан;серый;новый автомобиль;левый;7 поколение, рестайлинг;530i AT xDrive Base;;WBA**************;
BMW;5-Series;2023;9500000;https://auto.drom.ru/himki/bmw/5-series/54135614.html;Характеристики совпадают с ПТС;1 запись о регистрации;Не числится в розыске;Ограничений не обнаружено;Химках;бензин, 2.0 л;249 л.с., налог;АКПП;4WD;седан;серый;новый автомобиль;левый;7 поколение, рестайлинг;530i AT xDrive Base;;WBA**************;
BMW;X6;2023;16990000;https://auto.drom.ru/spb/bmw/x6/54093398.html;;;;;Санкт-Петербурге;дизель, 3.0 л;298 л.с., налог;АКПП;4WD;;черный;новый автомобиль;левый;3 поколение, рестайлинг;xDrive30d AT M Sport;;WBA**************;
BMW;i7;2023;16900000;https://auto.drom.ru/moscow/bmw/i7/52101415.html;Год не совпадает с ПТС;1 запись о регистрации;Не числится в розыске;Ограничений не обнаружено;Москве;электро;544 л.с., налог;АКПП;4WD;;синий;7 км;левый;1 поколение;101.7 kWh i7 xDrive60 M Sportpaket Pro;;;
BMW;X3;2023;9000000;https://auto.drom.ru/moscow/bmw/x3/52914841.html;;;;;Москве;бензин, 2.0 л;184 л.с., налог;АКПП;4WD;;черный;новый автомобиль;левый;3 поколение, рестайлинг;;;LBV**************;
BMW;7-Series;2023;16300000;https://auto.drom.ru/moscow/bmw/7-series/335333626.html;Характеристики совпадают с ПТС;1 запись о регистрации;Не числится в розыске;Ограничений не обнаружено;Москве;бензин, 3.0 л;380 л.с., налог;автомат;задний;;черный;17 170 км;левый;;;;;
BMW;X5;2023;19855035;https://auto.drom.ru/moscow/bmw/x5/595136731.html;;;;;Москве;бензин, 4.4 л;617 л.с., налог;АКПП;4WD;;зеленый;новый автомобиль;левый;4 поколение, рестайлинг;M Competition;;5YM**************;
BMW;X7;2023;14300000;https://auto.drom.ru/moscow/bmw/x7/227584833.html;;;;;Москве;бензин, 3.0 л;381 л.с., налог;АКПП;4WD;;зеленый;7 500 км, без пробега по РФ;левый;1 поколение, рестайлинг;xDrive40i AT;;;
BMW;5-Series;2023;10500000;https://auto.drom.ru/moscow/bmw/5-series/680362708.html;;;;;Москве;дизель, 2.0 л;197 л.с., налог;автомат;4WD;седан;черный;новый автомобиль;левый;;;;WBA**************;
BMW;X7;2023;15840000;https://auto.drom.ru/moscow/bmw/x7/52943881.html;;;;;Москве;дизель, 3.0 л;340 л.с., налог;автомат;4WD;;черный;49 км;левый;;;;;
