Бренд;Модель;Год;Цена;URL;ПТС;Владельцы;Розыск;Ограничения;Город;Двигатель;Мощность;Коробка передач;Привод;Тип кузова;Цвет;Пробег;Руль;Поколение;Комплектация;Особые отметки;VIN;
Mercedes-Benz;M-Class;2014;2650000;https://auto.drom.ru/spb/mercedes-benz/m-class/53812704.html;Характеристики совпадают с ПТС;1 запись о регистрации;Не числится в розыске;Ограничений не обнаружено;Санкт-Петербурге;дизель, 3.0 л;249 л.с., налог;АКПП;4WD;;черный;249 168 км;левый;3 поколение;;;;
Mercedes-Benz;GL-Class;2014;3299000;https://auto.drom.ru/voronezh/mercedes-benz/gl-class/53812219.html;Характеристики совпадают с ПТС;3 записи о регистрации;Не числится в розыске;Ограничений не обнаружено;Воронеже;дизель, 3.0 л;249 л.с., налог;АКПП;4WD;;черный;178 267 км;левый;2 поколение;GL 350 BlueTEC 4MATIC AT Особая серия;;;
Mercedes-Benz;A-Class;2014;1670000;https://auto.drom.ru/moscow/mercedes-benz/a-class/53438112.html;Характеристики совпадают с ПТС;2 записи о регистрации;Не числится в розыске;Ограничений не обнаружено;Москве;бензин, 1.6 л;122 л.с., налог;робот;передний;хэтчбек 5 дв.;белый;160 339 км;левый;3 поколение;;;;
Mercedes-Benz;E-Class;2014;2197000;https://auto.drom.ru/moscow/mercedes-benz/e-class/710548189.html;Характеристики совпадают с ПТС;2 записи о регистрации;Не числится в розыске;Ограничений не обнаружено;Москве;дизель, 2.1 л;204 л.с., налог;АКПП;4WD;седан;черный;134 995 км;левый;4 поколение, рестайлинг;;;;
Mercedes-Benz;E-Class;2014;2770000;https://auto.drom.ru/bryansk/mercedes-benz/e-class/648138341.html;Характеристики совпадают с ПТС;4 записи о регистрации;Не числится в розыске;Ограничений не обнаружено;Брянске;бензин, 2.0 л;211 л.с., налог;АКПП;задний;седан;черный;152 000 км;левый;4 поколение, рестайлинг;E 250 AT Особая серия;;;
Mercedes-Benz;C-Class;2014;2390000;https://auto.drom.ru/spb/mercedes-benz/c-class/324259817.html;Характеристики совпадают с ПТС;3 записи о регистрации;Не числится в розыске;Ограничений не обнаружено;Санкт-Петербурге;бензин, 1.6 л;156 л.с., налог;АКПП;задний;седан;черный;103 000 км;левый;;;;;
Mercedes-Benz;B-Class;2014;2000000;https://auto.drom.ru/ivanovo/mercedes-benz/b-class/51911308.html;Характеристики совпадают с ПТС;4 записи о регистрации;Не числится в розыске;Ограничений не обнаружено;Иваново;бензин, 1.6 л;122 л.с., налог;робот;передний;;черный;55 000 км;левый;2 поколение;B 180 DCT;;;
Mercedes-Benz;C-Class;2015;2360000;https://auto.drom.ru/moscow/mercedes-benz/c-class/570254995.html;Характеристики совпадают с ПТС;1 запись о регистрации;Не числится в розыске;Ограничений не обнаружено;Москве;бензин, 1.6 л;150 л.с., налог;АКПП;задний;седан;коричневый;94 225 км;левый;4 поколение;;;;
Mercedes-Benz;C-Class;2016;2319000;https://auto.drom.ru/spb/mercedes-benz/c-class/921464779.html;Характеристики совпадают с ПТС;8 записей о регистрации;Не числится в розыске;Ограничений не обнаружено;Санкт-Петербурге;бензин, 2.0 л;184 л.с., налог;АКПП;4WD;седан;серебристый;117 000 км;левый;4 поколение;;;;
Mercedes-Benz;GLC;2017;3700000;https://auto.drom.ru/spb/mercedes-benz/glc-class/934523916.html;Характеристики совпадают с ПТС;2 записи о регистрации;Не числится в розыске;Ограничений не обнаружено;Санкт-Петербурге;дизель, 2.1 л;204 л.с., налог;АКПП;4WD;;серебристый;102 176 км;левый;1 поколение;;;;
Mercedes-Benz;S-Class;2017;7457000;https://auto.drom.ru/moscow/mercedes-benz/s-class/411482901.html;Характеристики совпадают с ПТС;3 записи о регистрации;Не числится в розыске;Ограничений не обнаружено;Москве;бензин, 4.0 л;469 л.с., налог;АКПП;4WD;седан;черный;46 766 км;левый;6 поколение, рестайлинг;;;;
Mercedes-Benz;C-Class;2017;2525000;https://auto.drom.ru/voronezh/mercedes-benz/c-class/763144330.html;Характеристики совпадают с ПТС;5 записей о регистрации;Не числится в розыске;Ограничений не обнаружено;Воронеже;бензин, 1.6 л;150 л.с., налог;АКПП;задний;седан;серебристый;97 307 км;левый;4 поколение;;;;
Mercedes-Benz;E-Class;2017;2499000;https://auto.drom.ru/spb/mercedes-benz/e-class/290209483.html;Характеристики совпадают с ПТС;1 запись о регистрации;Не числится в розыске;Ограничений не обнаружено;Санкт-Петербурге;дизель, 2.0 л;194 л.с., налог;АКПП;задний;универсал;черный;223 865 км;левый;5 поколение;;;;
Mercedes-Benz;CLA-Class;2017;2729000;https://auto.drom.ru/spb/mercedes-benz/cla-class/54110131.html;Характеристики совпадают с ПТС;1 запись о регистрации;Не числится в розыске;Ограничений не обнаружено;Санкт-Петербурге;бензин, 2.0 л;211 л.с., налог;робот;4WD;седан;черный;75 800 км;левый;1 поколение, рестайлинг;;;;
Mercedes-Benz;C-Class;2017;3555000;https://auto.drom.ru/spb/mercedes-benz/c-class/52569049.html;Характеристики совпадают с ПТС;5 записей о регистрации;Не числится в розыске;Ограничений не обнаружено;Санкт-Петербурге;бензин, 2.0 л;184 л.с., налог;АКПП;4WD;купе;синий;61 000 км;левый;4 поколение;;;;
Mercedes-Benz;C-Class;2017;2600000;https://auto.drom.ru/moscow/mercedes-benz/c-class/894032377.html;Характеристики совпадают с ПТС;3 записи о регистрации;Не числится в розыске;Ограничений не обнаружено;Москве;бензин, 1.6 л;150 л.с., налог;АКПП;задний;седан;черный;88 798 км;левый;4 поколение;;;;
Mercedes-Benz;C-Class;2017;2847598;https://auto.drom.ru/moscow/mercedes-benz/c-class/53803896.html;Характеристики совпадают с ПТС;2 записи о регистрации;Не числится в розыске;Ограничений не обнаружено;Москве;бензин, 2.0 л;184 л.с., налог;АКПП;4WD;седан;белый;67 131 км;левый;4 поколение;;;;
Mercedes-Benz;CLS-Class;2017;4079789;https://auto.drom.ru/spb/mercedes-benz/cls-class/391394651.html;Характеристики совпадают с ПТС;4 записи о регистрации;Не числится в розыске;Ограничений не обнаружено;Санкт-Петербурге;дизель, 3.0 л;249 л.с., налог;АКПП;4WD;седан;белый;68 721 км;левый;2 поколение, рестайлинг;CLS 350 d 4MATIC;;;
Mercedes-Benz;S-Class;2017;7890000;https://auto.drom.ru/moscow/mercedes-benz/s-class/54095192.html;Характеристики совпадают с ПТС;1 запись о регистрации;Не числится в розыске;Ограничений не обнаружено;Москве;бензин, 4.0 л;469 л.с., налог;АКПП;4WD;седан;черный;91 746 км;левый;6 поколение, рестайлинг;;;;
Mercedes-Benz;E-Class;2017;4225000;https://auto.drom.ru/moscow/mercedes-benz/e-class/53425897.html;Характеристики совпадают с ПТС;1 запись о регистрации;Не числится в розыске;Ограничений не обнаружено;Москве;бензин, 3.0 л;333 л.с., налог;АКПП;4WD;купе;черный;72 026 км;левый;5 поколение;E 400 4MATIC Sport;;;
Mercedes-Benz;GLA-Class;2017;2850000;https://auto.drom.ru/moscow/mercedes-benz/gla-class/545097155.html;Характеристики совпадают с ПТС;2 записи о регистрации;Не числится в розыске;Ограничений не обнаружено;Москве;бензин, 2.0 л;211 л.с., налог;робот;4WD;;красный;61 360 км;левый;1 поколение, рестайлинг;GLA 250 4MATIC Особая серия;;;
Mercedes-Benz;GLC;2017;3319000;https://auto.drom.ru/spb/mercedes-benz/glc-class/222847327.html;Характеристики совпадают с ПТС;3 записи о регистрации;Не числится в розыске;Ограничений не обнаружено;Санкт-Петербурге;дизель, 2.1 л;204 л.с., налог;АКПП;4WD;;синий;97 500 км;левый;1 поколение;;;;
Mercedes-Benz;GLA-Class;2017;2239789;https://auto.drom.ru/spb/mercedes-benz/gla-class/821178119.html;Характеристики совпадают с ПТС;3 записи о регистрации;Не числится в розыске;Ограничений не обнаружено;Санкт-Петербурге;бензин, 1.6 л;156 л.с., налог;робот;передний;;красный;125 254 км;левый;1 поколение;;;;
Mercedes-Benz;GLE;2017;5900000;https://auto.drom.ru/moscow/mercedes-benz/gle-class/436542546.html;Характеристики совпадают с ПТС;4 записи о регистрации;Не числится в розыске;Ограничений не обнаружено;Москве;бензин, 3.0 л;367 л.с., налог;АКПП;4WD;;черный;81 521 км;левый;1 поколение;;;;
Mercedes-Benz;CLA-Class;2017;2550000;https://auto.drom.ru/dzerzhinsk/mercedes-benz/cla-class/793095923.html;Характеристики совпадают с ПТС;2 записи о регистрации;Не числится в розыске;Ограничений не обнаружено;Дзержинске;бензин, 2.0 л;211 л.с., налог;робот;передний;седан;синий;98 000 км;левый;1 поколение, рестайлинг;CLA 250 DCT;;;
Mercedes-Benz;GLA-Class;2017;2687000;https://auto.drom.ru/himki/mercedes-benz/gla-class/571940022.html;Характеристики совпадают с ПТС;1 запись о регистрации;Не числится в розыске;Ограничений не обнаружено;Химках;бензин, 1.6 л;150 л.с., налог;робот;передний;;белый;62 464 км;левый;1 поколение;;;;
Mercedes-Benz;S-Class;2017;4100000;https://auto.drom.ru/moscow/mercedes-benz/s-class/54085609.html;Характеристики совпадают с ПТС;5 записей о регистрации;Не числится в розыске;Ограничений не обнаружено;Москве;дизель, 3.0 л;249 л.с., налог;АКПП;4WD;седан;черный;268 000 км;левый;6 поколение;S 350 d 4MATIC L;;;
Mercedes-Benz;E-Class;2017;4199000;https://auto.drom.ru/moscow/mercedes-benz/e-class/53420601.html;Характеристики совпадают с ПТС;3 записи о регистрации;Не числится в розыске;Ограничений не обнаружено;Москве;бензин, 2.0 л;184 л.с., налог;АКПП;задний;седан;черный;75 000 км;левый;5 поколение;;;;
Mercedes-Benz;GLS-Class;2017;4450000;https://auto.drom.ru/moscow/mercedes-benz/gls-class/53416372.html;;;;;Москве;дизель, 3.0 л;249 л.с., налог;АКПП;4WD;;серебристый;282 000 км;левый;1 поколение;350 d 4MATIC Особая серия;;;
Mercedes-Benz;GLS-Class;2017;5250000;https://auto.drom.ru/moscow/mercedes-benz/gls-class/52990135.html;Характеристики совпадают с ПТС;2 записи о регистрации;Не числится в розыске;Ограничений не обнаружено;Москве;дизель, 3.0 л;249 л.с., налог;АКПП;4WD;;синий;92 202 км;левый;1 поколение;350 d 4MATIC Особая серия;;;
Mercedes-Benz;E-Class;2017;1699222;https://auto.drom.ru/minsk/mercedes-benz/e-class/204857155.html;;;;;Минске;дизель, 2.0 л;150 л.с., налог;АКПП;задний;универсал;черный;400 000 км;левый;5 поколение;;;;
Mercedes-Benz;GLC;2017;3875000;https://auto.drom.ru/kazan/mercedes-benz/glc-class/658662324.html;Характеристики совпадают с ПТС;1 запись о регистрации;Не числится в розыске;Ограничений не обнаружено;Казани;бензин, 2.0 л;211 л.с., налог;АКПП;4WD;;;32 925 км;левый;1 поколение;;;;
Mercedes-Benz;C-Class;2017;2350000;https://auto.drom.ru/moscow/mercedes-benz/c-class/53784846.html;Характеристики совпадают с ПТС;2 записи о регистрации;Не числится в розыске;Ограничений не обнаружено;Москве;бензин, 1.6 л;150 л.с., налог;АКПП;задний;седан;белый;105 204 км;левый;4 поколение;;;;
Mercedes-Benz;GLE;2017;5380000;https://auto.drom.ru/moscow/mercedes-benz/gle-class/54075206.html;Характеристики совпадают с ПТС;4 записи о регистрации;Не числится в розыске;Ограничений не обнаружено;Москве;дизель, 3.0 л;249 л.с., налог;АКПП;4WD;;серебристый;73 667 км;левый;1 поколение;GLE 350d 4MATIC Grand Edition;;;
Mercedes-Benz;C-Class;2017;2499000;https://auto.drom.ru/moscow/mercedes-benz/c-class/54075063.html;Характеристики совпадают с ПТС;1 запись о регистрации;Не числится в розыске;Ограничений не обнаружено;Москве;бензин, 2.0 л;211 л.с., налог;АКПП;задний;седан;синий;187 000 км;левый;4 поколение;;;;
Mercedes-Benz;CLS-Class;2017;4200000;https://auto.drom.ru/spb/mercedes-benz/cls-class/53784922.html;Характеристики совпадают с ПТС;4 записи о регистрации;Не числится в розыске;Ограничений не обнаружено;Санкт-Петербурге;дизель, 2.9 л;249 л.с., налог;АКПП;4WD;седан;белый;66 100 км;левый;3 поколение;;;;
Mercedes-Benz;V-Class;2017;4470000;https://auto.drom.ru/moscow/mercedes-benz/v-class/53406971.html;Характеристики совпадают с ПТС;3 записи о регистрации;Не числится в розыске;Ограничений не обнаружено;Москве;дизель, 2.1 л;190 л.с., налог;АКПП;4WD;;черный;106 657 км;левый;3 поколение;;;;
Mercedes-Benz;CLA-Class;2017;2700000;https://auto.drom.ru/rybinsk/mercedes-benz/cla-class/148335423.html;Характеристики совпадают с ПТС;3 записи о регистрации;Не числится в розыске;Ограничений не обнаружено;Рыбинске;бензин, 1.6 л;150 л.с., налог;робот;передний;седан;белый;147 160 км;левый;1 поколение, рестайлинг;CLA 200 Особая серия Sport;;;
Mercedes-Benz;E-Class;2017;3490000;https://auto.drom.ru/spb/mercedes-benz/e-class/53779485.html;;;;;Санкт-Петербурге;дизель, 2.0 л;194 л.с., налог;АКПП;4WD;седан;белый;112 000 км;левый;5 поколение;E 220 d AТ 4MATIC Exclusive;;;
Mercedes-Benz;V-Class;2017;7600000;https://auto.drom.ru/spb/mercedes-benz/v-class/53771427.html;Характеристики совпадают с ПТС;2 записи о регистрации;Не числится в розыске;Ограничений не обнаружено;Санкт-Петербурге;дизель, 2.1 л;163 л.с., налог;АКПП;4WD;;коричневый;15 337 км;левый;3 поколение;220 d AT 4MATIC Avantgarde Длинный;;;
Mercedes-Benz;S-Class;2017;5290000;https://auto.drom.ru/moscow/mercedes-benz/s-class/53356987.html;Характеристики совпадают с ПТС;2 записи о регистрации;Не числится в розыске;Ограничений не обнаружено;Москве;бензин, 4.7 л;456 л.с., налог;автомат;4WD;седан;черный;101 854 км;левый;;;;;
Mercedes-Benz;GLS-Class;2017;7900000;https://auto.drom.ru/moscow/mercedes-benz/gls-class/52511130.html;Характеристики совпадают с ПТС;1 запись о регистрации;Не числится в розыске;Ограничений не обнаружено;Москве;бензин, 3.0 л;333 л.с., налог;АКПП;4WD;;черный;90 000 км;левый;1 поколение;400 4MATIC Особая серия;;;
Mercedes-Benz;S-Class;2017;6000000;https://auto.drom.ru/spb/mercedes-benz/s-class/51017101.html;Характеристики совпадают с ПТС;2 записи о регистрации;Не числится в розыске;Ограничений не обнаружено;Санкт-Петербурге;бензин, 4.0 л;469 л.с., налог;АКПП;4WD;седан;черный;170 300 км;левый;6 поколение, рестайлинг;;;;
Mercedes-Benz;E-Class;2017;3070000;https://auto.drom.ru/moscow/mercedes-benz/e-class/53017536.html;Характеристики совпадают с ПТС;4 записи о регистрации;Не числится в розыске;Ограничений не обнаружено;Москве;бензин, 2.0 л;184 л.с., налог;АКПП;4WD;седан;белый;119 144 км;левый;5 поколение;;;;
Mercedes-Benz;S-Class;2017;4838000;https://auto.drom.ru/volgograd/mercedes-benz/s-class/54055707.html;Характеристики совпадают с ПТС;6 записей о регистрации;Не числится в розыске;Ограничений не обнаружено;Волгограде;дизель, 2.9 л;249 л.с., налог;АКПП;4WD;седан;черный;98 382 км;левый;6 поколение, рестайлинг;S 350 d 4MATIC L;;;
Mercedes-Benz;Vito;2017;6000000;https://auto.drom.ru/moscow/mercedes-benz/vito/53336582.html;Характеристики совпадают с ПТС;1 запись о регистрации;Не числится в розыске;Ограничений не обнаружено;Москве;бензин, 2.0 л;211 л.с., налог;АКПП;задний;;черный;9 700 км;левый;3 поколение;121 AT Удлиненный Select;;;
Mercedes-Benz;GLS-Class;2017;6000000;https://auto.drom.ru/moscow/mercedes-benz/gls-class/53757513.html;Характеристики совпадают с ПТС;2 записи о регистрации;Не числится в розыске;Есть ограничения;Москве;дизель, 3.0 л;249 л.с., налог;АКПП;4WD;;белый;123 000 км;левый;1 поколение;350 d 4MATIC Особая серия;;;
Mercedes-Benz;E-Class;2017;3750000;https://auto.drom.ru/moscow/mercedes-benz/e-class/51244383.html;Характеристики совпадают с ПТС;3 записи о регистрации;Не числится в розыске;Ограничений не обнаружено;Москве;бензин, 2.0 л;184 л.с., налог;АКПП;задний;седан;белый;73 900 км;левый;5 поколение;E 200 Sport;;;
Mercedes-Benz;GLE Coupe;2017;4750000;https://auto.drom.ru/moscow/mercedes-benz/gle_coupe/922252298.html;Характеристики совпадают с ПТС;2 записи о регистрации;Не числится в розыске;Ограничений не обнаружено;Москве;бензин, 3.0 л;333 л.с., налог;АКПП;4WD;;черный;143 000 км;левый;1 поколение;GLE 400 4MATIC;;;
Mercedes-Benz;S-Class;2017;5531705;https://auto.drom.ru/minsk/mercedes-benz/s-class/53745503.html;Характеристики совпадают с ПТС;3 записи о регистрации;Не числится в розыске;Ограничений не обнаружено;Минске;бензин, 3.0 л;367 л.с., налог;АКПП;4WD;седан;черный;168 280 км;левый;6 поколение, рестайлинг;;;;
Mercedes-Benz;GLA-Class;2017;2900000;https://auto.drom.ru/zhukovskiy/mercedes-benz/gla-class/810437975.html;Характеристики совпадают с ПТС;4 записи о регистрации;Не числится в розыске;Ограничений не обнаружено;Жуковском;бензин, 2.0 л;211 л.с., налог;робот;4WD;;белый;50 000 км;левый;1 поколение;;;;
Mercedes-Benz;GLC Coupe;2017;4349000;https://auto.drom.ru/moscow/mercedes-benz/glc_coupe/106193743.html;Характеристики совпадают с ПТС;2 записи о регистрации;Не числится в розыске;Ограничений не обнаружено;Москве;бензин, 2.0 л;245 л.с., налог;АКПП;4WD;;черный;76 808 км;левый;1 поколение;;;;
Mercedes-Benz;S-Class;2017;7775000;https://auto.drom.ru/spb/mercedes-benz/s-class/605511195.html;Характеристики совпадают с ПТС;5 записей о регистрации;Не числится в розыске;Ограничений не обнаружено;Санкт-Петербурге;бензин, 3.0 л;367 л.с., налог;АКПП;4WD;купе;черный;28 000 км;левый;6 поколение, рестайлинг;S 450 4MATIC;;;
Mercedes-Benz;GLC;2017;2899000;https://auto.drom.ru/moscow/mercedes-benz/glc-class/54034226.html;Характеристики совпадают с ПТС;5 записей о регистрации;Не числится в розыске;Ограничений не обнаружено;Москве;бензин, 2.0 л;211 л.с., налог;АКПП;4WD;;белый;120 000 км;левый;1 поколение;GLC 250 4MATIC "Особая серия";;;
Mercedes-Benz;E-Class;2017;2249099;https://auto.drom.ru/spb/mercedes-benz/e-class/52910265.html;Характеристики совпадают с ПТС;3 записи о регистрации;Не числится в розыске;Ограничений не обнаружено;Санкт-Петербурге;дизель, 2.0 л;194 л.с., налог;автомат;задний;универсал;черный;105 404 км;левый;;;;;
Mercedes-Benz;V-Class;2017;6019991;https://auto.drom.ru/moscow/mercedes-benz/v-class/53337524.html;Характеристики совпадают с ПТС;3 записи о регистрации;Не числится в розыске;Ограничений не обнаружено;Москве;дизель, 2.1 л;190 л.с., налог;АКПП;4WD;;черный;84 001 км;левый;3 поколение;;;;
Mercedes-Benz;GLC;2017;3300000;https://auto.drom.ru/moscow/mercedes-benz/glc-class/54022333.html;Характеристики совпадают с ПТС;2 записи о регистрации;Не числится в розыске;Ограничений не обнаружено;Москве;дизель, 2.1 л;170 л.с., налог;АКПП;4WD;;черный;120 000 км;левый;1 поколение;GLC 220d 4MATIC "Особая серия";;;
Mercedes-Benz;GLE Coupe;2017;5640000;https://auto.drom.ru/moscow/mercedes-benz/gle_coupe/53329640.html;Мощность двигателя не совпадает с ПТС;1 запись о регистрации;Не числится в розыске;Ограничений не обнаружено;Москве;бензин, 3.0 л;367 л.с., налог;АКПП;4WD;;красный;82 000 км;левый;1 поколение;AMG 43 4MATIC Особая серия;;;
Mercedes-Benz;C-Class;2017;2898000;https://auto.drom.ru/moscow/mercedes-benz/c-class/53328791.html;Характеристики совпадают с ПТС;3 записи о регистрации;Не числится в розыске;Ограничений не обнаружено;Москве;бензин, 2.0 л;184 л.с., налог;АКПП;4WD;купе;белый;70 833 км;левый;4 поколение;;;;
Mercedes-Benz;GLC Coupe;2017;4180000;https://auto.drom.ru/moscow/mercedes-benz/glc_coupe/51594076.html;Характеристики совпадают с ПТС;3 записи о регистрации;Не числится в розыске;Ограничений не обнаружено;Москве;бензин, 3.0 л;367 л.с., налог;АКПП;4WD;;черный;122 853 км;левый;1 поколение;;;;
Mercedes-Benz;E-Class;2017;3859000;https://auto.drom.ru/moscow/mercedes-benz/e-class/672119867.html;Характеристики совпадают с ПТС;4 записи о регистрации;Не числится в розыске;Ограничений не обнаружено;Москве;бензин, 2.0 л;184 л.с., налог;АКПП;4WD;купе;красный;136 263 км;левый;5 поколение;;;;
Mercedes-Benz;E-Class;2017;2999000;https://auto.drom.ru/spb/mercedes-benz/e-class/53318783.html;Характеристики совпадают с ПТС;5 записей о регистрации;Не числится в розыске;Ограничений не обнаружено;Санкт-Петербурге;бензин, 2.0 л;184 л.с., налог;АКПП;4WD;седан;черный;105 000 км;левый;5 поколение;;;;
Mercedes-Benz;C-Class;2017;2974000;https://auto.drom.ru/moscow/mercedes-benz/c-class/417250337.html;Характеристики совпадают с ПТС;3 записи о регистрации;Не числится в розыске;Ограничений не обнаружено;Москве;бензин, 2.0 л;184 л.с., налог;АКПП;4WD;седан;черный;63 374 км;левый;4 поколение;;;;
Mercedes-Benz;GLS-Class;2017;4750000;https://auto.drom.ru/moscow/mercedes-benz/gls-class/53687848.html;Характеристики совпадают с ПТС;1 запись о регистрации;Не числится в розыске;Ограничений не обнаружено;Москве;дизель, 3.0 л;249 л.с., налог;АКПП;4WD;;черный;111 987 км;левый;1 поколение;350 d 4MATIC Особая серия;;;
Mercedes-Benz;S-Class;2017;6400000;https://auto.drom.ru/moscow/mercedes-benz/s-class/53994882.html;Характеристики совпадают с ПТС;3 записи о регистрации;Не числится в розыске;Ограничений не обнаружено;Москве;бензин, 4.0 л;469 л.с., налог;АКПП;4WD;седан;черный;135 000 км;левый;6 поколение, рестайлинг;S 560 AT L 4MATIC;;;
Mercedes-Benz;GLA-Class;2017;2715061;https://auto.drom.ru/minsk/mercedes-benz/gla-class/198333799.html;Характеристики совпадают с ПТС;3 записи о регистрации;Не числится в розыске;Ограничений не обнаружено;Минске;бензин, 2.0 л;211 л.с., налог;робот;4WD;;серебристый;77 000 км;левый;1 поколение;GLA 250 DCT 4MATIC Style;;;
Mercedes-Benz;GLC;2017;3140000;https://auto.drom.ru/bryansk/mercedes-benz/glc-class/366033934.html;Характеристики совпадают с ПТС;6 записей о регистрации;Не числится в розыске;Ограничений не обнаружено;Брянске;бензин, 2.0 л;245 л.с., налог;АКПП;4WD;;синий;155 400 км;левый;1 поколение;GLC 300 4MATIC;;;
Mercedes-Benz;GLE;2017;4490000;https://auto.drom.ru/spb/mercedes-benz/gle-class/469071338.html;Характеристики совпадают с ПТС;1 запись о регистрации;Не числится в розыске;Ограничений не обнаружено;Санкт-Петербурге;дизель, 3.0 л;249 л.с., налог;АКПП;4WD;;синий;90 324 км;левый;1 поколение;;;;
Mercedes-Benz;GL-Class;2017;4500000;https://auto.drom.ru/korolev/mercedes-benz/gl-class/51925586.html;Характеристики совпадают с ПТС;3 записи о регистрации;Не числится в розыске;Ограничений не обнаружено;Королёве;бензин, 3.0 л;333 л.с., налог;автомат;4WD;;синий;151 000 км;левый;;;;;
Mercedes-Benz;C-Class;2017;3250000;https://auto.drom.ru/lipetsk/mercedes-benz/c-class/118685469.html;Характеристики совпадают с ПТС;3 записи о регистрации;Не числится в розыске;Ограничений не обнаружено;Липецке;бензин, 2.0 л;184 л.с., налог;АКПП;4WD;седан;белый;41 000 км;левый;4 поколение;C 200 AT 4MATIC AMG Line;;;
Mercedes-Benz;GLC;2017;4190000;https://auto.drom.ru/moscow/mercedes-benz/glc-class/53975727.html;Характеристики совпадают с ПТС;1 запись о регистрации;Не числится в розыске;Ограничений не обнаружено;Москве;дизель, 2.1 л;204 л.с., налог;АКПП;4WD;;красный;51 512 км;левый;1 поколение;;;;
Mercedes-Benz;CLS-Class;2017;3695000;https://auto.drom.ru/moscow/mercedes-benz/cls-class/53661883.html;Характеристики совпадают с ПТС;2 записи о регистрации;Не числится в розыске;Ограничений не обнаружено;Москве;дизель, 3.0 л;249 л.с., налог;АКПП;4WD;седан;серебристый;106 540 км;левый;2 поколение, рестайлинг;CLS 350 d 4MATIC;;;
Mercedes-Benz;GLA-Class;2017;2049000;https://auto.drom.ru/spb/mercedes-benz/gla-class/53661349.html;Характеристики совпадают с ПТС;5 записей о регистрации;Не числится в розыске;Ограничений не обнаружено;Санкт-Петербурге;бензин, 1.6 л;150 л.с., налог;робот;передний;;белый;109 196 км;левый;1 поколение;;;;
Mercedes-Benz;CLS-Class;2017;3465000;https://auto.drom.ru/moscow/mercedes-benz/cls-class/51550874.html;Характеристики совпадают с ПТС;3 записи о регистрации;Не числится в розыске;Ограничений не обнаружено;Москве;дизель, 2.1 л;204 л.с., налог;АКПП;4WD;седан;красный;83 346 км;левый;2 поколение, рестайлинг;CLS 250 d 4MATIC;;;
Mercedes-Benz;GLC Coupe;2017;4100000;https://auto.drom.ru/moscow/mercedes-benz/glc_coupe/53494294.html;Характеристики совпадают с ПТС;4 записи о регистрации;Не числится в розыске;Ограничений не обнаружено;Москве;бензин, 2.0 л;245 л.с., налог;АКПП;4WD;;черный;136 000 км;левый;1 поколение;GLC 300 4MATIC;;;
Mercedes-Benz;GLE Coupe;2017;5500000;https://auto.drom.ru/kazan/mercedes-benz/gle_coupe/53094720.html;;;;;Казани;бензин, 3.0 л;333 л.с., налог;АКПП;4WD;;белый;83 300 км;левый;1 поколение;GLE 400 4MATIC;;;
Mercedes-Benz;S-Class;2017;9100000;https://auto.drom.ru/moscow/mercedes-benz/s-class/53450989.html;Характеристики совпадают с ПТС;1 запись о регистрации;Не числится в розыске;Ограничений не обнаружено;Москве;бензин, 3.0 л;367 л.с., налог;АКПП;4WD;седан;черный;81 000 км;левый;6 поколение, рестайлинг;Mercedes-Maybach S 450 4MATIC;;;
Mercedes-Benz;E-Class;2017;3038000;https://auto.drom.ru/moscow/mercedes-benz/e-class/52356111.html;Характеристики совпадают с ПТС;1 запись о регистрации;Не числится в розыске;Ограничений не обнаружено;Москве;бензин, 2.0 л;184 л.с., налог;АКПП;4WD;седан;черный;111 260 км;левый;5 поколение;;;;
Mercedes-Benz;V-Class;2017;12800000;https://auto.drom.ru/moscow/mercedes-benz/v-class/53837757.html;Год не совпадает с ПТС;1 запись о регистрации;Не числится в розыске;Ограничений не обнаружено;Москве;дизель, 2.0 л;237 л.с., налог;автомат;4WD;;черный;22 км;левый;3 поколение;;;;
Mercedes-Benz;S-Class;2017;5050000;https://auto.drom.ru/moscow/mercedes-benz/s-class/682466783.html;Характеристики совпадают с ПТС;3 записи о регистрации;Не числится в розыске;Ограничений не обнаружено;Москве;бензин, 3.0 л;367 л.с., налог;АКПП;4WD;купе;синий;159 791 км;левый;6 поколение, рестайлинг;S 450 4MATIC;;;
Mercedes-Benz;E-Class;2017;4099000;https://auto.drom.ru/moscow/mercedes-benz/e-class/769630311.html;Характеристики совпадают с ПТС;4 записи о регистрации;Не числится в розыске;Ограничений не обнаружено;Москве;дизель, 2.0 л;194 л.с., налог;АКПП;4WD;универсал;черный;77 000 км;левый;5 поколение;;;;
Mercedes-Benz;GLE;2017;4690000;https://auto.drom.ru/moscow/mercedes-benz/gle-class/53963191.html;Характеристики совпадают с ПТС;2 записи о регистрации;Не числится в розыске;Ограничений не обнаружено;Москве;бензин, 3.0 л;333 л.с., налог;АКПП;4WD;;синий;135 188 км;левый;1 поколение;;;;
Mercedes-Benz;C-Class;2017;3200000;https://auto.drom.ru/moscow/mercedes-benz/c-class/53633714.html;Характеристики совпадают с ПТС;3 записи о регистрации;Не числится в розыске;Ограничений не обнаружено;Москве;бензин, 2.0 л;184 л.с., налог;АКПП;4WD;седан;черный;58 000 км;левый;4 поколение;C 200 4MATIC Sport;;;
Mercedes-Benz;GLC;2017;3240000;https://auto.drom.ru/spb/mercedes-benz/glc-class/696139727.html;Характеристики совпадают с ПТС;2 записи о регистрации;Не числится в розыске;Ограничений не обнаружено;Санкт-Петербурге;бензин, 2.0 л;211 л.с., налог;АКПП;4WD;;черный;90 000 км;левый;1 поколение;;;;
Mercedes-Benz;GLE Coupe;2017;5700000;https://auto.drom.ru/voronezh/mercedes-benz/gle_coupe/560995047.html;;;;;Воронеже;бензин, 3.0 л;367 л.с., налог;АКПП;4WD;;белый;85 000 км, без пробега по РФ;левый;1 поколение;AMG 43 4MATIC Особая серия;;;
Mercedes-Benz;GLA-Class;2017;2180000;https://auto.drom.ru/moscow/mercedes-benz/gla-class/53959303.html;Характеристики совпадают с ПТС;2 записи о регистрации;Не числится в розыске;Ограничений не обнаружено;Москве;2.0 л;;автомат;;;белый;176 160 км;левый;1 поколение;;;;
Mercedes-Benz;GLC;2017;2825000;https://auto.drom.ru/spb/mercedes-benz/glc-class/53620812.html;Характеристики совпадают с ПТС;3 записи о регистрации;Не числится в розыске;Ограничений не обнаружено;Санкт-Петербурге;дизель, 2.1 л;204 л.с., налог;АКПП;4WD;;серый;141 000 км;левый;1 поколение;;;;
Mercedes-Benz;Vito;2017;2900000;https://auto.drom.ru/moscow/mercedes-benz/vito/51883590.html;Характеристики совпадают с ПТС;3 записи о регистрации;Не числится в розыске;Ограничений не обнаружено;Москве;;;;;;белый;149 600 км;левый;3 поколение;;;;
Mercedes-Benz;G-Class;2017;9490000;https://auto.drom.ru/moscow/mercedes-benz/g-class/53600063.html;Характеристики совпадают с ПТС;2 записи о регистрации;Не числится в розыске;Ограничений не обнаружено;Москве;дизель, 3.0 л;245 л.с., налог;АКПП;4WD;джип/suv 5 дв.;черный;48 268 км;левый;2 поколение, 7 рестайлинг;G 350 d;;;
Mercedes-Benz;GLC;2017;3190000;https://auto.drom.ru/kazan/mercedes-benz/glc-class/833984610.html;Характеристики совпадают с ПТС;4 записи о регистрации;Не числится в розыске;Ограничений не обнаружено;Казани;бензин, 2.0 л;211 л.с., налог;АКПП;4WD;;черный;132 000 км;левый;1 поколение;GLC 250 4MATIC "Особая серия";;;
Mercedes-Benz;C-Class;2017;2620000;https://auto.drom.ru/spb/mercedes-benz/c-class/527189947.html;Характеристики совпадают с ПТС;2 записи о регистрации;Не числится в розыске;Ограничений не обнаружено;Санкт-Петербурге;бензин, 2.0 л;184 л.с., налог;АКПП;4WD;седан;черный;140 000 км;левый;4 поколение;;;;
Mercedes-Benz;GLE Coupe;2017;5480000;https://auto.drom.ru/moscow/mercedes-benz/gle_coupe/53940214.html;Характеристики совпадают с ПТС;4 записи о регистрации;Не числится в розыске;Ограничений не обнаружено;Москве;бензин, 5.5 л;585 л.с., налог;АКПП;4WD;;черный;111 143 км;левый;1 поколение;;;;
Mercedes-Benz;GLE;2017;4250000;https://auto.drom.ru/moscow/mercedes-benz/gle-class/670841615.html;Характеристики совпадают с ПТС;1 запись о регистрации;Не числится в розыске;Ограничений не обнаружено;Москве;бензин, 3.0 л;333 л.с., налог;АКПП;4WD;;белый;168 000 км;левый;1 поколение;;;;
Mercedes-Benz;GLE;2017;5150000;https://auto.drom.ru/spb/mercedes-benz/gle-class/346718532.html;Характеристики совпадают с ПТС;2 записи о регистрации;Не числится в розыске;Ограничений не обнаружено;Санкт-Петербурге;дизель, 3.0 л;249 л.с., налог;АКПП;4WD;;черный;114 391 км;левый;1 поколение;;;;
Mercedes-Benz;C-Class;2017;2760000;https://auto.drom.ru/moscow/mercedes-benz/c-class/887466398.html;Характеристики совпадают с ПТС;2 записи о регистрации;Не числится в розыске;Ограничений не обнаружено;Москве;бензин, 1.6 л;150 л.с., налог;АКПП;задний;седан;;77 000 км;левый;4 поколение;C 180 Sport;;;
Mercedes-Benz;C-Class;2017;3300000;https://auto.drom.ru/moscow/mercedes-benz/c-class/52739422.html;Характеристики совпадают с ПТС;4 записи о регистрации;Не числится в розыске;Ограничений не обнаружено;Москве;бензин, 2.0 л;184 л.с., налог;АКПП;4WD;седан;белый;133 000 км;левый;4 поколение;C 200 AT 4MATIC AMG Line;;;
Mercedes-Benz;GLE;2017;4990000;https://auto.drom.ru/moscow/mercedes-benz/gle-class/52717972.html;Характеристики совпадают с ПТС;2 записи о регистрации;Не числится в розыске;Ограничений не обнаружено;Москве;дизель, 3.0 л;258 л.с., налог;АКПП;4WD;;синий;88 916 км;левый;1 поколение;GLE 350d 4MATIC;;;
Mercedes-Benz;GLE Coupe;2017;5950000;https://auto.drom.ru/moscow/mercedes-benz/gle_coupe/48987826.html;Характеристики совпадают с ПТС;3 записи о регистрации;Не числится в розыске;Ограничений не обнаружено;Москве;бензин, 3.0 л;333 л.с., налог;АКПП;4WD;;черный;85 000 км;левый;1 поколение;400 4MATIC Особая серия;;;
Mercedes-Benz;GLE;2017;4699000;https://auto.drom.ru/barviha/mercedes-benz/gle-class/484635027.html;Характеристики совпадают с ПТС;1 запись о регистрации;Не числится в розыске;Ограничений не обнаружено;Барвихе;бензин, 3.0 л;333 л.с., налог;АКПП;4WD;;белый;61 000 км;левый;1 поколение;GLE 400 4MATIC;;;
Mercedes-Benz;GLS-Class;2017;5400000;https://auto.drom.ru/moscow/mercedes-benz/gls-class/379909155.html;Характеристики совпадают с ПТС;1 запись о регистрации;Не числится в розыске;Ограничений не обнаружено;Москве;дизель, 3.0 л;249 л.с., налог;АКПП;4WD;;черный;128 596 км;левый;1 поколение;350 d 4MATIC Особая серия;;;
Mercedes-Benz;GLA-Class;2017;2249000;https://auto.drom.ru/nizhniy-novgorod/mercedes-benz/gla-class/53926585.html;Характеристики совпадают с ПТС;3 записи о регистрации;Не числится в розыске;Ограничений не обнаружено;Нижнем Новгороде;бензин, 1.6 л;150 л.с., налог;робот;передний;;черный;120 000 км;левый;1 поколение;;;;
Mercedes-Benz;GLE;2017;4300000;https://auto.drom.ru/ulyanovsk/mercedes-benz/gle-class/53164941.html;Характеристики совпадают с ПТС;3 записи о регистрации;Не числится в розыске;Ограничений не обнаружено;Ульяновске;дизель, 3.0 л;249 л.с., налог;АКПП;4WD;;синий;130 000 км;левый;1 поколение;GLE 350d 4MATIC "Особая серия";;;
Mercedes-Benz;S-Class;2017;5500000;https://auto.drom.ru/moscow/mercedes-benz/s-class/52245907.html;Характеристики совпадают с ПТС;3 записи о регистрации;Не числится в розыске;Ограничений не обнаружено;Москве;дизель, 3.0 л;249 л.с., налог;АКПП;4WD;седан;черный;156 000 км;левый;6 поколение;;;;
Mercedes-Benz;CLS-Class;2017;3990000;https://auto.drom.ru/moscow/mercedes-benz/cls-class/52678268.html;Характеристики совпадают с ПТС;3 записи о регистрации;Не числится в розыске;Ограничений не обнаружено;Москве;дизель, 3.0 л;249 л.с., налог;АКПП;4WD;универсал;черный;100 000 км;левый;2 поколение, рестайлинг;CLS 350 d 4MATIC;;;
Mercedes-Benz;GLE;2017;4400000;https://auto.drom.ru/moscow/mercedes-benz/gle-class/106481866.html;Характеристики совпадают с ПТС;1 запись о регистрации;Не числится в розыске;Ограничений не обнаружено;Москве;дизель, 3.0 л;249 л.с., налог;АКПП;4WD;;черный;113 000 км;левый;1 поколение;;;;
Mercedes-Benz;E-Class;2017;3019789;https://auto.drom.ru/spb/mercedes-benz/e-class/218106929.html;Характеристики совпадают с ПТС;3 записи о регистрации;Не числится в розыске;Ограничений не обнаружено;Санкт-Петербурге;бензин, 2.0 л;184 л.с., налог;АКПП;4WD;седан;белый;194 981 км;левый;5 поколение;;;;
Mercedes-Benz;S-Class;2017;7100000;https://auto.drom.ru/volgograd/mercedes-benz/s-class/53913080.html;Характеристики совпадают с ПТС;2 записи о регистрации;Не числится в розыске;Ограничений не обнаружено;Волгограде;бензин, 4.0 л;612 л.с., налог;АКПП;4WD;седан;черный;190 358 км;левый;6 поколение, рестайлинг;AMG S 63 4MATIC+;;;
Mercedes-Benz;GLA-Class;2017;2115000;https://auto.drom.ru/moscow/mercedes-benz/gla-class/53917306.html;Характеристики совпадают с ПТС;3 записи о регистрации;Не числится в розыске;Ограничений не обнаружено;Москве;1.6 л;;автомат;;;серый;63 900 км;левый;1 поколение;;;;
Mercedes-Benz;E-Class;2017;3085000;https://auto.drom.ru/spb/mercedes-benz/e-class/601621351.html;Характеристики совпадают с ПТС;3 записи о регистрации;Не числится в розыске;Ограничений не обнаружено;Санкт-Петербурге;бензин, 2.0 л;184 л.с., налог;АКПП;задний;седан;черный;135 824 км;левый;5 поколение;;;;
Mercedes-Benz;CLA-Class;2017;1850000;https://auto.drom.ru/moscow/mercedes-benz/cla-class/53552282.html;Характеристики совпадают с ПТС;3 записи о регистрации;Не числится в розыске;Ограничений не обнаружено;Москве;дизель, 2.1 л;136 л.с., налог;робот;передний;универсал;синий;80 899 км;левый;1 поколение, рестайлинг;CLA 200 d DCT;;;
Mercedes-Benz;E-Class;2017;4150000;https://auto.drom.ru/ryazan/mercedes-benz/e-class/600853758.html;Характеристики совпадают с ПТС;1 запись о регистрации;Не числится в розыске;Ограничений не обнаружено;Рязани;бензин, 3.0 л;333 л.с., налог;АКПП;4WD;купе;серый;106 700 км;левый;5 поколение;E 400 4MATIC Sport;;;
Mercedes-Benz;E-Class;2017;4470000;https://auto.drom.ru/volzhskiy/mercedes-benz/e-class/53906064.html;Характеристики совпадают с ПТС;5 записей о регистрации;Не числится в розыске;Ограничений не обнаружено;Волжском;бензин, 2.0 л;245 л.с., налог;АКПП;задний;купе;черный;70 000 км;левый;5 поколение;;;;
Mercedes-Benz;G-Class;2017;8350000;https://auto.drom.ru/moscow/mercedes-benz/g-class/53124562.html;Характеристики совпадают с ПТС;2 записи о регистрации;Не числится в розыске;Ограничений не обнаружено;Москве;бензин, 5.5 л;571 л.с., налог;АКПП;4WD;джип/suv 5 дв.;синий;117 729 км;левый;2 поколение, 7 рестайлинг;G 63 AMG;;;
Mercedes-Benz;GLE Coupe;2017;5249000;https://auto.drom.ru/yaroslavl/mercedes-benz/gle_coupe/53756619.html;Характеристики совпадают с ПТС;3 записи о регистрации;Не числится в розыске;Ограничений не обнаружено;Ярославле;дизель, 3.0 л;249 л.с., налог;АКПП;4WD;;черный;142 706 км;левый;1 поколение;350 d 4MATIC Особая серия;;;
Mercedes-Benz;E-Class;2017;3420000;https://auto.drom.ru/spb/mercedes-benz/e-class/773546969.html;Характеристики совпадают с ПТС;5 записей о регистрации;Не числится в розыске;Ограничений не обнаружено;Санкт-Петербурге;бензин, 2.0 л;184 л.с., налог;АКПП;4WD;седан;черный;153 800 км;левый;5 поколение;;;;
Mercedes-Benz;E-Class;2017;3200000;https://auto.drom.ru/moscow/mercedes-benz/e-class/52669246.html;Характеристики совпадают с ПТС;4 записи о регистрации;Не числится в розыске;Ограничений не обнаружено;Москве;бензин, 2.0 л;184 л.с., налог;АКПП;4WD;седан;белый;81 500 км;левый;5 поколение;;;;
Mercedes-Benz;GLE;2017;5500000;https://auto.drom.ru/moscow/mercedes-benz/gle-class/667516746.html;Мощность двигателя не совпадает с ПТС;2 записи о регистрации;Не числится в розыске;Ограничений не обнаружено;Москве;бензин, 5.5 л;585 л.с., налог;робот;4WD;;серый;101 000 км;левый;1 поколение;;;;
Mercedes-Benz;B-Class;2017;1500000;https://auto.drom.ru/moscow/mercedes-benz/b-class/53533896.html;Характеристики совпадают с ПТС;4 записи о регистрации;Не числится в розыске;Ограничений не обнаружено;Москве;1.6 л;;автомат;;;синий;110 000 км;левый;2 поколение, рестайлинг;;;;
Mercedes-Benz;GLC Coupe;2017;3740000;https://auto.drom.ru/moscow/mercedes-benz/glc_coupe/53896841.html;Характеристики совпадают с ПТС;2 записи о регистрации;Не числится в розыске;Ограничений не обнаружено;Москве;бензин, 2.0 л;245 л.с., налог;АКПП;4WD;;белый;90 620 км;левый;1 поколение;;;;
Mercedes-Benz;GLE Coupe;2017;4947000;https://auto.drom.ru/moscow/mercedes-benz/gle_coupe/53536119.html;Характеристики совпадают с ПТС;2 записи о регистрации;Не числится в розыске;Ограничений не обнаружено;Москве;бензин, 3.0 л;333 л.с., налог;АКПП;4WD;;черный;70 800 км;левый;1 поколение;;;;
Mercedes-Benz;S-Class;2017;6550000;https://auto.drom.ru/moscow/mercedes-benz/s-class/52220903.html;Характеристики совпадают с ПТС;1 запись о регистрации;Не числится в розыске;Ограничений не обнаружено;Москве;бензин, 3.0 л;367 л.с., налог;АКПП;4WD;седан;черный;103 000 км;левый;6 поколение, рестайлинг;S 450 4MATIC L;;;
Mercedes-Benz;GLE;2017;4000000;https://auto.drom.ru/pavlovskiy-posad/mercedes-benz/gle-class/245250771.html;Характеристики совпадают с ПТС;2 записи о регистрации;Не числится в розыске;Ограничений не обнаружено;Павловском Посаде;бензин, 3.5 л;249 л.с., налог;АКПП;4WD;;черный;124 000 км;левый;1 поколение;GLE 300 4MATIC "Особая серия";;;
Mercedes-Benz;E-Class;2017;3348000;https://auto.drom.ru/moscow/mercedes-benz/e-class/761998272.html;Характеристики совпадают с ПТС;2 записи о регистрации;Не числится в розыске;Ограничений не обнаружено;Москве;бензин, 2.0 л;184 л.с., налог;АКПП;задний;седан;черный;89 000 км;левый;5 поколение;;;;
Mercedes-Benz;GLA-Class;2017;1999000;https://auto.drom.ru/moscow/mercedes-benz/gla-class/521530832.html;Характеристики совпадают с ПТС;2 записи о регистрации;Не числится в розыске;Ограничений не обнаружено;Москве;бензин, 1.6 л;156 л.с., налог;робот;передний;;красный;131 119 км;левый;1 поколение;;;;
Mercedes-Benz;CLS-Class;2017;3600000;https://auto.drom.ru/balashiha/mercedes-benz/cls-class/53888715.html;Характеристики совпадают с ПТС;3 записи о регистрации;Не числится в розыске;Ограничений не обнаружено;Балашихе;дизель, 2.1 л;204 л.с., налог;АКПП;4WD;седан;синий;99 000 км;левый;2 поколение, рестайлинг;CLS 250 d 4MATIC;;;
Mercedes-Benz;GLA-Class;2017;2890000;https://auto.drom.ru/moscow/mercedes-benz/gla-class/53884596.html;Характеристики совпадают с ПТС;1 запись о регистрации;Не числится в розыске;Ограничений не обнаружено;Москве;бензин, 2.0 л;211 л.с., налог;робот;4WD;;синий;67 500 км;левый;1 поколение, рестайлинг;GLA 250 DCT 4MATIC AMG Line;;;
Mercedes-Benz;GLE;2017;4600000;https://auto.drom.ru/moscow/mercedes-benz/gle-class/53880253.html;Характеристики совпадают с ПТС;3 записи о регистрации;Не числится в розыске;Ограничений не обнаружено;Москве;дизель, 3.0 л;249 л.с., налог;АКПП;4WD;;синий;97 348 км;левый;1 поколение;;;;
Mercedes-Benz;E-Class;2017;2299000;https://auto.drom.ru/spb/mercedes-benz/e-class/53879493.html;Характеристики совпадают с ПТС;2 записи о регистрации;Не числится в розыске;Ограничений не обнаружено;Санкт-Петербурге;бензин, 2.0 л;184 л.с., налог;АКПП;задний;седан;черный;244 060 км;левый;5 поколение;;;;
Mercedes-Benz;GLC Coupe;2017;3890000;https://auto.drom.ru/spb/mercedes-benz/glc_coupe/52650355.html;Характеристики совпадают с ПТС;1 запись о регистрации;Не числится в розыске;Ограничений не обнаружено;Санкт-Петербурге;дизель, 2.1 л;204 л.с., налог;АКПП;4WD;;белый;58 691 км;левый;1 поколение;GLC 250d 4MATIC Sport;;;
Mercedes-Benz;GLE;2017;4690000;https://auto.drom.ru/moscow/mercedes-benz/gle-class/52544777.html;Характеристики совпадают с ПТС;3 записи о регистрации;Не числится в розыске;Ограничений не обнаружено;Москве;бензин, 3.0 л;333 л.с., налог;АКПП;4WD;;синий;138 041 км;левый;1 поколение;;;;
Mercedes-Benz;GLE;2017;4897400;https://auto.drom.ru/moscow/mercedes-benz/gle-class/423762024.html;Характеристики совпадают с ПТС;1 запись о регистрации;Не числится в розыске;Ограничений не обнаружено;Москве;дизель, 3.0 л;249 л.с., налог;АКПП;4WD;;черный;68 500 км;левый;1 поколение;;;;
Mercedes-Benz;GLE Coupe;2017;4798400;https://auto.drom.ru/moscow/mercedes-benz/gle_coupe/210406446.html;Характеристики совпадают с ПТС;2 записи о регистрации;Не числится в розыске;Ограничений не обнаружено;Москве;дизель, 3.0 л;249 л.с., налог;АКПП;4WD;;черный;118 000 км;левый;1 поколение;350 d 4MATIC Особая серия;;;
Mercedes-Benz;S-Class;2017;39999999;https://auto.drom.ru/moscow/mercedes-benz/s-class/49996722.html;;;;;Москве;бензин, 6.0 л;630 л.с., налог;АКПП;задний;седан;;1 900 км;левый;6 поколение, рестайлинг;Mercedes-Maybach S 650;;;
Mercedes-Benz;G-Class;2017;55999999;https://auto.drom.ru/moscow/mercedes-benz/g-class/50486633.html;;;;;Москве;бензин, 6.0 л;630 л.с., налог;АКПП;4WD;джип/suv 5 дв.;;1 200 км;левый;2 поколение, 7 рестайлинг;G 65 AMG;;;
Mercedes-Benz;GLA-Class;2017;2400000;https://auto.drom.ru/korolev/mercedes-benz/gla-class/923449252.html;Характеристики совпадают с ПТС;2 записи о регистрации;Не числится в розыске;Ограничений не обнаружено;Королёве;бензин, 1.6 л;150 л.с., налог;робот;передний;;черный;52 000 км;левый;1 поколение;GLA 200 Особая серия;;;
Mercedes-Benz;E-Class;2017;4650000;https://auto.drom.ru/moscow/mercedes-benz/e-class/123931194.html;Объем двигателя не совпадает с ПТС;1 запись о регистрации;Не числится в розыске;Ограничений не обнаружено;Москве;бензин, 3.0 л;333 л.с., налог;АКПП;4WD;купе;черный;76 150 км;левый;5 поколение;E 400 4MATIC Sport;;;
Mercedes-Benz;E-Class;2017;3750000;https://auto.drom.ru/donetsk/mercedes-benz/e-class/53877344.html;Характеристики совпадают с ПТС;2 записи о регистрации;Не числится в розыске;Ограничений не обнаружено;Донецке;дизель, 2.0 л;194 л.с., налог;АКПП;4WD;седан;серый;85 000 км;левый;5 поколение;;;;
Mercedes-Benz;GLE;2017;4350000;https://auto.drom.ru/spb/mercedes-benz/gle-class/53499292.html;Характеристики совпадают с ПТС;2 записи о регистрации;Не числится в розыске;Ограничений не обнаружено;Санкт-Петербурге;дизель, 2.1 л;204 л.с., налог;АКПП;4WD;;серебристый;127 183 км;левый;1 поколение;;;;
Mercedes-Benz;CLS-Class;2017;4399000;https://auto.drom.ru/spb/mercedes-benz/cls-class/53085182.html;Характеристики совпадают с ПТС;3 записи о регистрации;Не числится в розыске;Ограничений не обнаружено;Санкт-Петербурге;дизель, 3.0 л;249 л.с., налог;АКПП;4WD;универсал;черный;56 905 км;левый;2 поколение, рестайлинг;CLS 350 d 4MATIC;;;
Mercedes-Benz;GLA-Class;2017;4250000;https://auto.drom.ru/moscow/mercedes-benz/gla-class/54126669.html;Характеристики совпадают с ПТС;;Не числится в розыске;Ограничений не обнаружено;Москве;бензин, 2.0 л;381 л.с., налог;робот;4WD;;белый;46 000 км;левый;1 поколение, рестайлинг;GLA 45 AMG 4MATIC Особая серия;;;
Mercedes-Benz;V-Class;2017;4950000;https://auto.drom.ru/moscow/mercedes-benz/v-class/53076671.html;Характеристики совпадают с ПТС;;Не числится в розыске;Ограничений не обнаружено;Москве;дизель, 2.1 л;163 л.с., налог;АКПП;4WD;;черный;80 558 км;левый;3 поколение;220 d AT 4MATIC AMG Длинный;;;
Mercedes-Benz;GLS-Class;2017;5600000;https://auto.drom.ru/moscow/mercedes-benz/gls-class/53025613.html;Характеристики совпадают с ПТС;;Не числится в розыске;Ограничений не обнаружено;Москве;дизель, 3.0 л;249 л.с., налог;АКПП;4WD;;синий;153 000 км;левый;1 поколение;350 d 4MATIC Особая серия;;;
Mercedes-Benz;A-Class;2017;1550000;https://auto.drom.ru/shchelkovo/mercedes-benz/a-class/52901441.html;Характеристики совпадают с ПТС;;Не числится в розыске;Ограничений не обнаружено;Щёлкове;бензин, 1.6 л;122 л.с., налог;робот;передний;хэтчбек 5 дв.;белый;125 000 км;левый;3 поколение, рестайлинг;A 180 DCT Особая серия;;;
Mercedes-Benz;V-Class;2018;3700000;https://auto.drom.ru/minsk/mercedes-benz/v-class/54012184.html;;;;;Минске;дизель, 2.1 л;190 л.с., налог;АКПП;задний;;серебристый;250 000 км, без пробега по РФ;левый;3 поколение;250 d AT Сверхдлинный;;;
Mercedes-Benz;C-Class;2018;3290000;https://auto.drom.ru/spb/mercedes-benz/c-class/54153488.html;Характеристики совпадают с ПТС;2 записи о регистрации;Не числится в розыске;Ограничений не обнаружено;Санкт-Петербурге;бензин, 1.5 л, гибрид;184 л.с., налог;АКПП;4WD;седан;синий;88 700 км;левый;4 поколение, рестайлинг;C 200 4MATIC Sport;;;
Mercedes-Benz;C-Class;2018;3515000;https://auto.drom.ru/moscow/mercedes-benz/c-class/54153371.html;Характеристики совпадают с ПТС;3 записи о регистрации;Не числится в розыске;Ограничений не обнаружено;Москве;бензин, 1.5 л;184 л.с., налог;АКПП;4WD;седан;серый;67 435 км;левый;4 поколение, рестайлинг;;;;
Mercedes-Benz;E-Class;2018;5190000;https://auto.drom.ru/spb/mercedes-benz/e-class/54152118.html;Характеристики совпадают с ПТС;1 запись о регистрации;Не числится в розыске;Ограничений не обнаружено;Санкт-Петербурге;бензин, 2.0 л;184 л.с., налог;АКПП;4WD;купе;красный;27 000 км;левый;5 поколение;;;;
Mercedes-Benz;GLC;2018;3099000;https://auto.drom.ru/spb/mercedes-benz/glc-class/53859618.html;Характеристики совпадают с ПТС;3 записи о регистрации;Не числится в розыске;Ограничений не обнаружено;Санкт-Петербурге;бензин, 2.0 л;211 л.с., налог;АКПП;4WD;;коричневый;96 954 км;левый;1 поколение;;;;
Mercedes-Benz;E-Class;2018;2810000;https://auto.drom.ru/moscow/mercedes-benz/e-class/53497210.html;Характеристики совпадают с ПТС;1 запись о регистрации;Не числится в розыске;Ограничений не обнаружено;Москве;дизель, 2.0 л;194 л.с., налог;АКПП;задний;универсал;черный;200 000 км;левый;5 поколение;;;;
Mercedes-Benz;E-Class;2018;3949000;https://auto.drom.ru/moscow/mercedes-benz/e-class/53486690.html;;;;;Москве;дизель, 2.0 л;194 л.с., налог;АКПП;4WD;универсал;синий;108 785 км;левый;5 поколение;;;;
Mercedes-Benz;GLS-Class;2018;6100000;https://auto.drom.ru/michurinsk/mercedes-benz/gls-class/53436959.html;Характеристики совпадают с ПТС;2 записи о регистрации;Не числится в розыске;Ограничений не обнаружено;Мичуринске;дизель, 3.0 л;249 л.с., налог;АКПП;4WD;;черный;150 000 км;левый;1 поколение;350 d 4MATIC Особая серия;;;
Mercedes-Benz;A-Class;2018;2190000;https://auto.drom.ru/moscow/mercedes-benz/a-class/52792851.html;Характеристики совпадают с ПТС;1 запись о регистрации;Не числится в розыске;Ограничений не обнаружено;Москве;бензин, 1.3 л;150 л.с., налог;робот;передний;хэтчбек 5 дв.;белый;177 000 км;левый;4 поколение;A 200 DCT Comfort;;;
Mercedes-Benz;E-Class;2018;2550000;https://auto.drom.ru/moscow/mercedes-benz/e-class/52620682.html;Характеристики совпадают с ПТС;1 запись о регистрации;Не числится в розыске;Ограничений не обнаружено;Москве;бензин, 2.0 л;184 л.с., налог;АКПП;задний;седан;черный;227 840 км;левый;5 поколение;;;;
Mercedes-Benz;E-Class;2018;2650000;https://auto.drom.ru/moscow/mercedes-benz/e-class/52620683.html;Характеристики совпадают с ПТС;1 запись о регистрации;Не числится в розыске;Ограничений не обнаружено;Москве;бензин, 2.0 л;184 л.с., налог;АКПП;задний;седан;черный;244 726 км;левый;5 поколение;;;;
Mercedes-Benz;E-Class;2018;2500000;https://auto.drom.ru/moscow/mercedes-benz/e-class/52620680.html;Характеристики совпадают с ПТС;1 запись о регистрации;Не числится в розыске;Ограничений не обнаружено;Москве;бензин, 2.0 л;184 л.с., налог;АКПП;задний;седан;черный;244 405 км;левый;5 поколение;;;;
Mercedes-Benz;E-Class;2018;2500000;https://auto.drom.ru/moscow/mercedes-benz/e-class/52620681.html;Характеристики совпадают с ПТС;1 запись о регистрации;Не числится в розыске;Ограничений не обнаружено;Москве;бензин, 2.0 л;184 л.с., налог;АКПП;задний;седан;черный;213 026 км;левый;5 поколение;;;;
Mercedes-Benz;C-Class;2018;3351000;https://auto.drom.ru/spb/mercedes-benz/c-class/52606256.html;Характеристики совпадают с ПТС;1 запись о регистрации;Не числится в розыске;Ограничений не обнаружено;Санкт-Петербурге;бензин, 1.6 л;150 л.с., налог;АКПП;задний;купе;белый;83 000 км;левый;4 поколение;;;;
Mercedes-Benz;GLE Coupe;2018;4979000;https://auto.drom.ru/spb/mercedes-benz/gle_coupe/52605671.html;Характеристики совпадают с ПТС;3 записи о регистрации;Не числится в розыске;Ограничений не обнаружено;Санкт-Петербурге;дизель, 3.0 л;249 л.с., налог;АКПП;4WD;;серебристый;132 715 км;левый;1 поколение;;;;
Mercedes-Benz;Vito;2018;3550000;https://auto.drom.ru/spb/mercedes-benz/vito/49607321.html;Характеристики совпадают с ПТС;2 записи о регистрации;Не числится в розыске;Ограничений не обнаружено;Санкт-Петербурге;дизель, 2.1 л;163 л.с., налог;АКПП;задний;;синий;97 001 км;левый;3 поколение;;;;
Mercedes-Benz;GLS-Class;2018;10000000;https://auto.drom.ru/moscow/mercedes-benz/gls-class/859805844.html;Характеристики совпадают с ПТС;2 записи о регистрации;Не числится в розыске;Ограничений не обнаружено;Москве;бензин, 5.5 л;585 л.с., налог;АКПП;4WD;;черный;10 071 км;левый;1 поколение;AMG 63 4MATIC Особая серия;;;
Mercedes-Benz;GLE;2018;6000000;https://auto.drom.ru/moscow/mercedes-benz/gle-class/563633251.html;Характеристики совпадают с ПТС;5 записей о регистрации;Не числится в розыске;Ограничений не обнаружено;Москве;дизель, 3.0 л;249 л.с., налог;АКПП;4WD;;черный;73 000 км;левый;1 поколение;;;;
Mercedes-Benz;AMG GT;2018;13000000;https://auto.drom.ru/moscow/mercedes-benz/amg_gt/54134221.html;Характеристики совпадают с ПТС;4 записи о регистрации;Не числится в розыске;Ограничений не обнаружено;Москве;бензин, 4.0 л;639 л.с., налог;автомат;4WD;лифтбек;белый;14 020 км;левый;1 поколение, рестайлинг;;;;
Mercedes-Benz;E-Class;2018;3000000;https://auto.drom.ru/moscow/mercedes-benz/e-class/658332597.html;Характеристики совпадают с ПТС;3 записи о регистрации;Не числится в розыске;Ограничений не обнаружено;Москве;дизель, 2.0 л;194 л.с., налог;АКПП;4WD;седан;черный;214 000 км;левый;5 поколение;E 220 d 4MATIC Sport;;;
Mercedes-Benz;V-Class;2018;7990000;https://auto.drom.ru/moscow/mercedes-benz/v-class/50773771.html;Характеристики совпадают с ПТС;2 записи о регистрации;Не числится в розыске;Ограничений не обнаружено;Москве;дизель, 2.1 л;190 л.с., налог;АКПП;4WD;;черный;20 000 км;левый;3 поколение;;;;
Mercedes-Benz;Vito;2018;4150000;https://auto.drom.ru/yaroslavl/mercedes-benz/vito/49498859.html;Электронный ПТС выдан;;Не числится в розыске;Ограничений не обнаружено;Ярославле;дизель, 2.1 л;136 л.с., налог;АКПП;4WD;;зеленый;68 000 км, без пробега по РФ;левый;3 поколение;114 CDI AT 4X4 Tourer Удлиненный Select;;;
Mercedes-Benz;GLC;2018;3400000;https://auto.drom.ru/moscow/mercedes-benz/glc-class/53294049.html;Характеристики совпадают с ПТС;1 запись о регистрации;Не числится в розыске;Ограничений не обнаружено;Москве;дизель, 2.1 л;170 л.с., налог;АКПП;4WD;;черный;161 600 км;левый;1 поколение;;;;
Mercedes-Benz;C-Class;2018;3200000;https://auto.drom.ru/spb/mercedes-benz/c-class/725341270.html;Характеристики совпадают с ПТС;1 запись о регистрации;Не числится в розыске;Ограничений не обнаружено;Санкт-Петербурге;бензин, 2.0 л;184 л.с., налог;АКПП;4WD;седан;черный;90 000 км;левый;4 поколение;C 200 4MATIC Sport;;;
Mercedes-Benz;GLA-Class;2018;2000000;https://auto.drom.ru/spb/mercedes-benz/gla-class/776507902.html;Характеристики совпадают с ПТС;1 запись о регистрации;Не числится в розыске;Ограничений не обнаружено;Санкт-Петербурге;бензин, 1.6 л;150 л.с., налог;робот;передний;;синий;199 066 км;левый;1 поколение, рестайлинг;GLA 200 Особая серия;;;
Mercedes-Benz;C-Class;2018;3249000;https://auto.drom.ru/spb/mercedes-benz/c-class/52605772.html;Характеристики совпадают с ПТС;4 записи о регистрации;Не числится в розыске;Ограничений не обнаружено;Санкт-Петербурге;бензин, 1.5 л;184 л.с., налог;автомат;4WD;седан;синий;82 000 км;левый;;;;;
Mercedes-Benz;GLE;2018;6790000;https://auto.drom.ru/moscow/mercedes-benz/gle-class/497187352.html;Характеристики совпадают с ПТС;1 запись о регистрации;Не числится в розыске;Ограничений не обнаружено;Москве;бензин, 3.0 л;333 л.с., налог;АКПП;4WD;;синий;34 420 км;левый;1 поколение;;;;
Mercedes-Benz;GLE;2018;4790000;https://auto.drom.ru/moscow/mercedes-benz/gle-class/54142691.html;Характеристики совпадают с ПТС;2 записи о регистрации;Не числится в розыске;Ограничений не обнаружено;Москве;дизель, 2.1 л;204 л.с., налог;АКПП;4WD;;белый;91 401 км;левый;1 поколение;;;;
Mercedes-Benz;S-Class;2018;5990000;https://auto.drom.ru/nizhniy-novgorod/mercedes-benz/s-class/54141706.html;Характеристики совпадают с ПТС;2 записи о регистрации;Не числится в розыске;Ограничений не обнаружено;Нижнем Новгороде;бензин, 3.0 л;367 л.с., налог;АКПП;4WD;седан;белый;73 000 км;левый;6 поколение, рестайлинг;;;;
Mercedes-Benz;GLS-Class;2018;6050000;https://auto.drom.ru/moscow/mercedes-benz/gls-class/54137812.html;Характеристики совпадают с ПТС;3 записи о регистрации;Не числится в розыске;Ограничений не обнаружено;Москве;дизель, 3.0 л;249 л.с., налог;АКПП;4WD;;белый;95 300 км;левый;1 поколение;350 d 4MATIC Особая серия;;;
Mercedes-Benz;GLC;2018;4450000;https://auto.drom.ru/spb/mercedes-benz/glc-class/53484588.html;Характеристики совпадают с ПТС;2 записи о регистрации;Не числится в розыске;Ограничений не обнаружено;Санкт-Петербурге;дизель, 2.1 л;204 л.с., налог;АКПП;4WD;;белый;79 500 км;левый;1 поколение;;;;
Mercedes-Benz;A-Class;2018;2490000;https://auto.drom.ru/moscow/mercedes-benz/a-class/53484594.html;Характеристики совпадают с ПТС;2 записи о регистрации;Не числится в розыске;Ограничений не обнаружено;Москве;бензин, 1.3 л;150 л.с., налог;робот;передний;хэтчбек 5 дв.;красный;43 060 км;левый;4 поколение;;;;
Mercedes-Benz;GLA-Class;2018;2959000;https://auto.drom.ru/moscow/mercedes-benz/gla-class/53481095.html;Характеристики совпадают с ПТС;1 запись о регистрации;Не числится в розыске;Ограничений не обнаружено;Москве;бензин, 1.6 л;150 л.с., налог;робот;передний;;белый;25 336 км;левый;1 поколение, рестайлинг;GLA 200 Особая серия;;;
Mercedes-Benz;C-Class;2018;2960000;https://auto.drom.ru/spb/mercedes-benz/c-class/53476861.html;Характеристики совпадают с ПТС;2 записи о регистрации;Не числится в розыске;Ограничений не обнаружено;Санкт-Петербурге;бензин, 1.6 л;150 л.с., налог;АКПП;задний;седан;черный;49 693 км;левый;4 поколение;;;;
Mercedes-Benz;E-Class;2018;2500000;https://auto.drom.ru/moscow/mercedes-benz/e-class/52605143.html;Характеристики совпадают с ПТС;1 запись о регистрации;Не числится в розыске;Ограничений не обнаружено;Москве;бензин, 2.0 л;184 л.с., налог;АКПП;задний;седан;черный;245 540 км;левый;5 поколение;;;;
Mercedes-Benz;GLC Coupe;2018;3575000;https://auto.drom.ru/moscow/mercedes-benz/glc_coupe/53475422.html;Характеристики совпадают с ПТС;1 запись о регистрации;Не числится в розыске;Ограничений не обнаружено;Москве;дизель, 2.1 л;170 л.с., налог;АКПП;4WD;;белый;145 590 км;левый;1 поколение;;;;
Mercedes-Benz;V-Class;2018;5695000;https://auto.drom.ru/spb/mercedes-benz/v-class/608331821.html;Характеристики совпадают с ПТС;1 запись о регистрации;Не числится в розыске;Ограничений не обнаружено;Санкт-Петербурге;дизель, 2.1 л;190 л.с., налог;АКПП;4WD;;черный;179 961 км;левый;3 поколение;;;;
Mercedes-Benz;CLS-Class;2018;5750000;https://auto.drom.ru/spb/mercedes-benz/cls-class/934765731.html;Характеристики совпадают с ПТС;5 записей о регистрации;Не числится в розыске;Ограничений не обнаружено;Санкт-Петербурге;дизель, 2.9 л;249 л.с., налог;АКПП;4WD;седан;черный;52 000 км;левый;3 поколение;;;;
Mercedes-Benz;GLE;2018;5990000;https://auto.drom.ru/moscow/mercedes-benz/gle-class/204280069.html;Характеристики совпадают с ПТС;1 запись о регистрации;Не числится в розыске;Ограничений не обнаружено;Москве;дизель, 3.0 л;249 л.с., налог;АКПП;4WD;;черный;53 000 км;левый;1 поколение;GLE 350d 4MATIC Grand Edition;;;
Mercedes-Benz;C-Class;2018;3431000;https://auto.drom.ru/spb/mercedes-benz/c-class/138316163.html;Характеристики совпадают с ПТС;3 записи о регистрации;Не числится в розыске;Ограничений не обнаружено;Санкт-Петербурге;бензин, 1.5 л;184 л.с., налог;АКПП;4WD;купе;серый;109 593 км;левый;4 поколение, рестайлинг;;;;
Mercedes-Benz;GLA-Class;2018;2299000;https://auto.drom.ru/spb/mercedes-benz/gla-class/552337946.html;Характеристики совпадают с ПТС;2 записи о регистрации;Не числится в розыске;Ограничений не обнаружено;Санкт-Петербурге;дизель, 2.1 л;136 л.с., налог;робот;4WD;;черный;112 101 км;левый;1 поколение, рестайлинг;;;;
Mercedes-Benz;CLS-Class;2018;4999000;https://auto.drom.ru/moscow/mercedes-benz/cls-class/54123983.html;Характеристики совпадают с ПТС;1 запись о регистрации;Не числится в розыске;Ограничений не обнаружено;Москве;дизель, 2.9 л;286 л.с., налог;автомат;4WD;седан;черный;97 937 км;левый;;;;;
Mercedes-Benz;GLC;2018;3439000;https://auto.drom.ru/spb/mercedes-benz/glc-class/53045303.html;Характеристики совпадают с ПТС;2 записи о регистрации;Не числится в розыске;Ограничений не обнаружено;Санкт-Петербурге;дизель, 2.1 л;204 л.с., налог;АКПП;4WD;;красный;125 968 км;левый;1 поколение;;;;
Mercedes-Benz;GLS-Class;2018;6370000;https://auto.drom.ru/ryazan/mercedes-benz/gls-class/594569511.html;Характеристики совпадают с ПТС;3 записи о регистрации;Не числится в розыске;Ограничений не обнаружено;Рязани;бензин, 4.7 л;455 л.с., налог;АКПП;4WD;;черный;140 000 км;левый;1 поколение;500 4MATIC Особая серия;;;
Mercedes-Benz;A-Class;2018;2900000;https://auto.drom.ru/kazan/mercedes-benz/a-class/54132374.html;Характеристики совпадают с ПТС;4 записи о регистрации;Не числится в розыске;Ограничений не обнаружено;Казани;бензин, 2.0 л;190 л.с., налог;робот;4WD;хэтчбек 5 дв.;черный;89 000 км;левый;4 поколение;A 220 DCT 4MATIC Progressive;;;
Mercedes-Benz;GLE;2018;7200000;https://auto.drom.ru/spb/mercedes-benz/gle-class/100056705.html;Характеристики совпадают с ПТС;2 записи о регистрации;Не числится в розыске;Ограничений не обнаружено;Санкт-Петербурге;дизель, 3.0 л;249 л.с., налог;АКПП;4WD;;белый;16 800 км;левый;1 поколение;;;;
Mercedes-Benz;E-Class;2018;2500000;https://auto.drom.ru/moscow/mercedes-benz/e-class/54124826.html;Характеристики совпадают с ПТС;1 запись о регистрации;Не числится в розыске;Ограничений не обнаружено;Москве;бензин, 2.0 л;184 л.с., налог;АКПП;задний;седан;черный;205 687 км;левый;5 поколение;;;;
Mercedes-Benz;E-Class;2018;2500000;https://auto.drom.ru/moscow/mercedes-benz/e-class/54124828.html;Характеристики совпадают с ПТС;1 запись о регистрации;Не числится в розыске;Ограничений не обнаружено;Москве;бензин, 2.0 л;184 л.с., налог;АКПП;задний;седан;черный;203 333 км;левый;5 поколение;;;;
Mercedes-Benz;E-Class;2018;2500000;https://auto.drom.ru/moscow/mercedes-benz/e-class/54124830.html;Характеристики совпадают с ПТС;1 запись о регистрации;Не числится в розыске;Ограничений не обнаружено;Москве;бензин, 2.0 л;184 л.с., налог;АКПП;задний;седан;черный;226 476 км;левый;5 поколение;;;;
Mercedes-Benz;GLC;2018;3300000;https://auto.drom.ru/moscow/mercedes-benz/glc-class/54123309.html;Характеристики совпадают с ПТС;2 записи о регистрации;Не числится в розыске;Ограничений не обнаружено;Москве;дизель, 2.1 л;170 л.с., налог;АКПП;4WD;;серебристый;83 420 км;левый;1 поколение;;;;
Mercedes-Benz;GLE Coupe;2018;6599000;https://auto.drom.ru/moscow/mercedes-benz/gle_coupe/53840807.html;;;;;Москве;дизель, 3.0 л;258 л.с., налог;АКПП;4WD;;черный;33 290 км;левый;1 поколение;GLE 350d 4MATIC;;;
Mercedes-Benz;GLA-Class;2018;1985000;https://auto.drom.ru/spb/mercedes-benz/gla-class/53832050.html;Характеристики совпадают с ПТС;1 запись о регистрации;Не числится в розыске;Ограничений не обнаружено;Санкт-Петербурге;бензин, 1.6 л;150 л.с., налог;робот;передний;;синий;166 844 км;левый;1 поколение, рестайлинг;GLA 200 Особая серия;;;
Mercedes-Benz;E-Class;2018;3700700;https://auto.drom.ru/moscow/mercedes-benz/e-class/53472559.html;Характеристики совпадают с ПТС;1 запись о регистрации;Не числится в розыске;Ограничений не обнаружено;Москве;бензин, 2.0 л;184 л.с., налог;АКПП;4WD;седан;серый;38 269 км;левый;5 поколение;;;;
Mercedes-Benz;GLS-Class;2018;5595000;https://auto.drom.ru/yaroslavl/mercedes-benz/gls-class/52771491.html;Характеристики совпадают с ПТС;3 записи о регистрации;Не числится в розыске;Ограничений не обнаружено;Ярославле;дизель, 3.0 л;249 л.с., налог;АКПП;4WD;;черный;174 027 км;левый;1 поколение;350 d 4MATIC Особая серия;;;
Mercedes-Benz;E-Class;2018;2195000;https://auto.drom.ru/moscow/mercedes-benz/e-class/52149094.html;Характеристики совпадают с ПТС;1 запись о регистрации;Не числится в розыске;Ограничений не обнаружено;Москве;бензин, 2.0 л;184 л.с., налог;АКПП;задний;седан;черный;209 795 км;левый;5 поколение;;;;
Mercedes-Benz;GLA-Class;2018;3870000;https://auto.drom.ru/moscow/mercedes-benz/gla-class/52144798.html;Характеристики совпадают с ПТС;1 запись о регистрации;Не числится в розыске;Ограничений не обнаружено;Москве;бензин, 2.0 л;381 л.с., налог;робот;4WD;;белый;31 000 км;левый;1 поколение, рестайлинг;AMG GLA 45 4MATIC;;;
Mercedes-Benz;GLE Coupe;2018;4899000;https://auto.drom.ru/moscow/mercedes-benz/gle_coupe/453986734.html;Характеристики совпадают с ПТС;2 записи о регистрации;Не числится в розыске;Ограничений не обнаружено;Москве;дизель, 3.0 л;249 л.с., налог;АКПП;4WD;;черный;138 729 км;левый;1 поколение;;;;
