Бренд;Модель;Год;Цена;URL;ПТС;Владельцы;Розыск;Ограничения;Город;Двигатель;Мощность;Коробка передач;Привод;Тип кузова;Цвет;Пробег;Руль;Поколение;Комплектация;Особые отметки;VIN;
Mercedes-Benz;Vito;2012;2380000;https://auto.drom.ru/seshcha/mercedes-benz/vito/53538593.html;Характеристики совпадают с ПТС;3 записи о регистрации;Не числится в розыске;Ограничений не обнаружено;Сеще;дизель, 2.1 л;136 л.с., налог;АКПП;4WD;;серебристый;188 000 км;левый;2 поколение, рестайлинг;113 CDI 4x4 AT L3;;;
Mercedes-Benz;G-Class;2012;6500000;https://auto.drom.ru/moscow/mercedes-benz/g-class/53536983.html;Характеристики совпадают с ПТС;3 записи о регистрации;Не числится в розыске;Ограничений не обнаружено;Москве;бензин, 5.5 л;388 л.с., налог;АКПП;4WD;джип/suv 5 дв.;черный;75 000 км;левый;2 поколение;;;;
Mercedes-Benz;C-Class;2012;1690000;https://auto.drom.ru/minsk/mercedes-benz/c-class/53534138.html;Цвет не совпадает с ПТС;1 запись о регистрации;Не числится в розыске;Ограничений не обнаружено;Минске;бензин, 3.5 л;250 л.с., налог;АКПП;4WD;седан;серебристый;173 000 км;левый;3 поколение, рестайлинг;C 300 4MATIC AT Особая серия;;;
Mercedes-Benz;C-Class;2012;1629000;https://auto.drom.ru/kirov/mercedes-benz/c-class/53533848.html;Характеристики совпадают с ПТС;9 записей о регистрации;Не числится в розыске;Ограничений не обнаружено;Кирове;бензин, 1.6 л;156 л.с., налог;АКПП;задний;седан;черный;161 000 км;левый;3 поколение, рестайлинг;C 180 AT Elegance;;;
Mercedes-Benz;E-Class;2012;1640000;https://auto.drom.ru/moscow/mercedes-benz/e-class/938661105.html;Характеристики совпадают с ПТС;5 записей о регистрации;Не числится в розыске;Ограничений не обнаружено;Москве;бензин, 3.5 л;252 л.с., налог;АКПП;задний;седан;белый;222 000 км;левый;4 поколение;;;;
Mercedes-Benz;C-Class;2012;1319000;https://auto.drom.ru/moscow/mercedes-benz/c-class/335534789.html;Характеристики совпадают с ПТС;7 записей о регистрации;Не числится в розыске;Ограничений не обнаружено;Москве;бензин, 1.8 л;204 л.с., налог;АКПП;задний;купе;серый;115 140 км;левый;3 поколение, рестайлинг;;;;
Mercedes-Benz;M-Class;2012;2350000;https://auto.drom.ru/penza/mercedes-benz/m-class/52194875.html;Характеристики совпадают с ПТС;5 записей о регистрации;Не числится в розыске;Ограничений не обнаружено;Пензе;бензин, 3.5 л;306 л.с., налог;АКПП;4WD;;белый;240 000 км;левый;3 поколение;;;;
Mercedes-Benz;GL-Class;2012;2890000;https://auto.drom.ru/spb/mercedes-benz/gl-class/54154706.html;Характеристики совпадают с ПТС;;Не числится в розыске;Ограничений не обнаружено;Санкт-Петербурге;бензин, 4.7 л;435 л.с., налог;АКПП;4WD;;черный;199 500 км;левый;2 поколение;GL 500 4MATIC AT;;;
Mercedes-Benz;M-Class;2012;2150000;https://auto.drom.ru/moscow/mercedes-benz/m-class/54153168.html;Характеристики совпадают с ПТС;;Не числится в розыске;Ограничений не обнаружено;Москве;бензин, 3.5 л;306 л.с., налог;АКПП;4WD;;белый;205 000 км;левый;3 поколение;ML 350 AT 4MATIC;;;
Mercedes-Benz;C-Class;2012;1790000;https://auto.drom.ru/cheboksary/mercedes-benz/c-class/54146085.html;Характеристики совпадают с ПТС;;Не числится в розыске;Ограничений не обнаружено;Чебоксарах;бензин, 1.8 л;156 л.с., налог;АКПП;задний;седан;белый;;левый;3 поколение, рестайлинг;C 180 BlueEFFICIENCY AT Особая серия;;;
Mercedes-Benz;E-Class;2013;3350000;https://auto.drom.ru/moscow/mercedes-benz/e-class/54022216.html;Мощность двигателя не совпадает с ПТС;8 записей о регистрации;Не числится в розыске;Ограничений не обнаружено;Москве;бензин, 5.5 л;585 л.с., налог;робот;4WD;седан;черный;148 000 км;левый;4 поколение, рестайлинг;E 63 AMG S 4MATIC;;;
Mercedes-Benz;M-Class;2013;2900000;https://auto.drom.ru/moscow/mercedes-benz/m-class/53840200.html;Характеристики совпадают с ПТС;3 записи о регистрации;Не числится в розыске;Ограничений не обнаружено;Москве;дизель, 3.0 л;249 л.с., налог;АКПП;4WD;;черный;177 000 км;левый;3 поколение;ML 350 BlueTEC 4MATIC Особая серия;;;
Mercedes-Benz;E-Class;2013;1534000;https://auto.drom.ru/moscow/mercedes-benz/e-class/54151079.html;Характеристики совпадают с ПТС;3 записи о регистрации;Не числится в розыске;Ограничений не обнаружено;Москве;бензин, 2.0 л;184 л.с., налог;АКПП;задний;универсал;черный;320 539 км;левый;4 поколение, рестайлинг;;;;
Mercedes-Benz;GLK-Class;2013;2090000;https://auto.drom.ru/moscow/mercedes-benz/glk-class/53860765.html;Характеристики совпадают с ПТС;4 записи о регистрации;Не числится в розыске;Ограничений не обнаружено;Москве;дизель, 2.1 л;170 л.с., налог;АКПП;4WD;;серый;214 000 км;левый;1 поколение, рестайлинг;GLK 220 CDI 4MATIC AT Особая серия;;;
Mercedes-Benz;E-Class;2013;1550000;https://auto.drom.ru/nizhniy-novgorod/mercedes-benz/e-class/53488174.html;Характеристики совпадают с ПТС;;Не числится в розыске;Ограничений не обнаружено;Нижнем Новгороде;бензин, 1.8 л;184 л.с., налог;АКПП;задний;купе;красный;232 000 км;левый;4 поколение;;;;
Mercedes-Benz;GLK-Class;2013;2210000;https://auto.drom.ru/voronezh/mercedes-benz/glk-class/53070482.html;Характеристики совпадают с ПТС;4 записи о регистрации;Не числится в розыске;Ограничений не обнаружено;Воронеже;дизель, 2.1 л;170 л.с., налог;АКПП;4WD;;белый;156 974 км;левый;1 поколение, рестайлинг;GLK 220 CDI 4MATIC AT Особая серия;;;
Mercedes-Benz;S-Class;2013;3269000;https://auto.drom.ru/moscow/mercedes-benz/s-class/50129393.html;Характеристики совпадают с ПТС;3 записи о регистрации;Не числится в розыске;Ограничений не обнаружено;Москве;бензин;;автомат;;седан;черный;159 801 км;левый;;;;;
Mercedes-Benz;C-Class;2013;1650000;https://auto.drom.ru/kaluga/mercedes-benz/c-class/49833444.html;Характеристики совпадают с ПТС;3 записи о регистрации;Не числится в розыске;Ограничений не обнаружено;Калуге;бензин, 1.6 л;156 л.с., налог;АКПП;задний;седан;серый;211 000 км;левый;3 поколение, рестайлинг;C 180 AT Avantgarde;;;
Mercedes-Benz;E-Class;2013;1750000;https://auto.drom.ru/spb/mercedes-benz/e-class/47526694.html;Характеристики совпадают с ПТС;3 записи о регистрации;Не числится в розыске;Есть ограничения;Санкт-Петербурге;бензин, 2.0 л;184 л.с., налог;АКПП;задний;универсал;белый;249 000 км;левый;4 поколение, рестайлинг;E 200 AT Особая серия;;;
Mercedes-Benz;M-Class;2013;2900000;https://auto.drom.ru/spb/mercedes-benz/m-class/182413794.html;Характеристики совпадают с ПТС;8 записей о регистрации;Не числится в розыске;Ограничений не обнаружено;Санкт-Петербурге;дизель, 3.0 л;249 л.с., налог;АКПП;4WD;;серый;166 482 км;левый;3 поколение;ML 350 BlueTEC 4MATIC Особая серия;;;
Mercedes-Benz;C-Class;2013;1559000;https://auto.drom.ru/moscow/mercedes-benz/c-class/357347454.html;Характеристики совпадают с ПТС;1 запись о регистрации;Не числится в розыске;Ограничений не обнаружено;Москве;бензин, 1.6 л;156 л.с., налог;АКПП;задний;седан;черный;217 450 км;левый;;;;;
Mercedes-Benz;GLK-Class;2013;2220000;https://auto.drom.ru/volgograd/mercedes-benz/glk-class/941743378.html;Характеристики совпадают с ПТС;3 записи о регистрации;Не числится в розыске;Ограничений не обнаружено;Волгограде;бензин, 2.0 л;211 л.с., налог;АКПП;4WD;;белый;196 618 км;левый;1 поколение, рестайлинг;GLK 250 4MATIC AT Особая серия;;;
Mercedes-Benz;G-Class;2013;5600000;https://auto.drom.ru/moscow/mercedes-benz/g-class/53333687.html;Характеристики совпадают с ПТС;3 записи о регистрации;Не числится в розыске;Ограничений не обнаружено;Москве;бензин, 5.5 л;388 л.с., налог;АКПП;4WD;джип/suv 5 дв.;бежевый;141 000 км;левый;2 поколение, 6 рестайлинг;G 500;;;
Mercedes-Benz;C-Class;2013;1850000;https://auto.drom.ru/ulyanovsk/mercedes-benz/c-class/54141606.html;Характеристики совпадают с ПТС;6 записей о регистрации;Не числится в розыске;Ограничений не обнаружено;Ульяновске;бензин, 1.6 л;156 л.с., налог;АКПП;задний;седан;белый;190 000 км;левый;3 поколение, рестайлинг;C 180 CGI AT Особая серия;;;
Mercedes-Benz;S-Class;2013;1890000;https://auto.drom.ru/moscow/mercedes-benz/s-class/53475807.html;Характеристики совпадают с ПТС;6 записей о регистрации;Не числится в розыске;Ограничений не обнаружено;Москве;бензин, 4.7 л;435 л.с., налог;АКПП;4WD;седан;черный;157 000 км;левый;5 поколение, рестайлинг;;;;
Mercedes-Benz;CLA-Class;2013;1770000;https://auto.drom.ru/voronezh/mercedes-benz/cla-class/53058961.html;Характеристики совпадают с ПТС;3 записи о регистрации;Не числится в розыске;Ограничений не обнаружено;Воронеже;бензин, 1.6 л;156 л.с., налог;робот;передний;седан;белый;130 729 км;левый;1 поколение;;;;
Mercedes-Benz;G-Class;2013;6100000;https://auto.drom.ru/noginsk/mercedes-benz/g-class/52605394.html;Характеристики совпадают с ПТС;7 записей о регистрации;Не числится в розыске;Ограничений не обнаружено;Ногинске;бензин, 5.5 л;388 л.с., налог;АКПП;4WD;джип/suv 5 дв.;черный;123 000 км;левый;2 поколение, 6 рестайлинг;G 500;;;
Mercedes-Benz;S-Class;2013;4995000;https://auto.drom.ru/moscow/mercedes-benz/s-class/119080235.html;Характеристики совпадают с ПТС;4 записи о регистрации;Не числится в розыске;Ограничений не обнаружено;Москве;бензин, 4.7 л;455 л.с., налог;АКПП;4WD;седан;черный;89 296 км;левый;6 поколение;;;;
Mercedes-Benz;M-Class;2013;2850000;https://auto.drom.ru/moscow/mercedes-benz/m-class/295394318.html;Характеристики совпадают с ПТС;1 запись о регистрации;Не числится в розыске;Ограничений не обнаружено;Москве;дизель, 3.0 л;258 л.с., налог;АКПП;4WD;;серый;197 716 км;левый;3 поколение;ML 350 BlueTEC AT 4MATIC;;;
Mercedes-Benz;GL-Class;2013;3270000;https://auto.drom.ru/spb/mercedes-benz/gl-class/535214341.html;Характеристики совпадают с ПТС;2 записи о регистрации;Не числится в розыске;Ограничений не обнаружено;Санкт-Петербурге;дизель, 3.0 л;258 л.с., налог;АКПП;4WD;;серебристый;161 056 км;левый;2 поколение;;;;
Mercedes-Benz;M-Class;2013;2930000;https://auto.drom.ru/moscow/mercedes-benz/m-class/706339734.html;Характеристики совпадают с ПТС;5 записей о регистрации;Не числится в розыске;Ограничений не обнаружено;Москве;дизель, 3.0 л;249 л.с., налог;АКПП;4WD;;серебристый;143 000 км;левый;3 поколение;ML 350 BlueTEC 4MATIC Особая серия;;;
Mercedes-Benz;Viano;2013;2549789;https://auto.drom.ru/spb/mercedes-benz/viano/788105714.html;Характеристики совпадают с ПТС;7 записей о регистрации;Не числится в розыске;Ограничений не обнаружено;Санкт-Петербурге;дизель, 2.1 л;163 л.с., налог;автомат;4WD;;серебристый;205 716 км;левый;;;;;
Mercedes-Benz;E-Class;2013;1846888;https://auto.drom.ru/minsk/mercedes-benz/e-class/54132932.html;Характеристики совпадают с ПТС;2 записи о регистрации;Не числится в розыске;Ограничений не обнаружено;Минске;бензин, 3.5 л;306 л.с., налог;автомат;4WD;купе;белый;137 586 км;левый;4 поколение;;;;
Mercedes-Benz;GL-Class;2013;2961000;https://auto.drom.ru/spb/mercedes-benz/gl-class/577907745.html;Характеристики совпадают с ПТС;3 записи о регистрации;Не числится в розыске;Ограничений не обнаружено;Санкт-Петербурге;дизель, 3.0 л;249 л.с., налог;АКПП;4WD;;коричневый;280 000 км;левый;2 поколение;GL 350 BlueTEC 4MATIC AT Особая серия;;;
Mercedes-Benz;CLS-Class;2013;2490000;https://auto.drom.ru/spb/mercedes-benz/cls-class/54122981.html;Характеристики совпадают с ПТС;2 записи о регистрации;Не числится в розыске;Ограничений не обнаружено;Санкт-Петербурге;дизель, 3.0 л;265 л.с., налог;АКПП;4WD;седан;черный;115 004 км;левый;2 поколение;;;;
Mercedes-Benz;E-Class;2013;2278000;https://auto.drom.ru/spb/mercedes-benz/e-class/53860655.html;Характеристики совпадают с ПТС;2 записи о регистрации;Не числится в розыске;Ограничений не обнаружено;Санкт-Петербурге;бензин, 2.0 л;184 л.с., налог;АКПП;задний;седан;коричневый;157 000 км;левый;4 поколение, рестайлинг;E 200 AT Особая серия;;;
Mercedes-Benz;GL-Class;2013;2800000;https://auto.drom.ru/tver/mercedes-benz/gl-class/53475594.html;Характеристики совпадают с ПТС;7 записей о регистрации;Не числится в розыске;Ограничений не обнаружено;Твери;дизель, 3.0 л;258 л.с., налог;АКПП;4WD;;белый;192 376 км;левый;2 поколение;;;;
Mercedes-Benz;E-Class;2013;2950000;https://auto.drom.ru/moscow/mercedes-benz/e-class/53051923.html;Характеристики совпадают с ПТС;5 записей о регистрации;Не числится в розыске;Ограничений не обнаружено;Москве;бензин, 3.5 л;249 л.с., налог;АКПП;задний;седан;коричневый;125 000 км;левый;4 поколение, рестайлинг;E 300 AT Особая серия;;;
Mercedes-Benz;E-Class;2013;2240000;https://auto.drom.ru/priozersk/mercedes-benz/e-class/744824557.html;Характеристики совпадают с ПТС;4 записи о регистрации;Не числится в розыске;Ограничений не обнаружено;Приозерске;бензин, 2.0 л;184 л.с., налог;АКПП;задний;седан;черный;244 000 км;левый;4 поколение, рестайлинг;E 200 AT Особая серия;;;
Mercedes-Benz;B-Class;2013;1399000;https://auto.drom.ru/spb/mercedes-benz/b-class/217974459.html;Характеристики совпадают с ПТС;3 записи о регистрации;Не числится в розыске;Ограничений не обнаружено;Санкт-Петербурге;бензин, 1.6 л;122 л.с., налог;робот;передний;;черный;160 000 км;левый;2 поколение;;;;
Mercedes-Benz;M-Class;2013;3490000;https://auto.drom.ru/moscow/mercedes-benz/m-class/879184918.html;Характеристики совпадают с ПТС;4 записи о регистрации;Не числится в розыске;Ограничений не обнаружено;Москве;бензин, 3.0 л;333 л.с., налог;АКПП;4WD;;черный;149 000 км;левый;3 поколение;ML 400 4MATIC AT Особая серия;;;
Mercedes-Benz;GL-Class;2013;3150000;https://auto.drom.ru/moscow/mercedes-benz/gl-class/875594966.html;Характеристики совпадают с ПТС;2 записи о регистрации;Не числится в розыске;Ограничений не обнаружено;Москве;дизель, 3.0 л;249 л.с., налог;АКПП;4WD;;черный;237 849 км;левый;2 поколение;GL 350 BlueTEC 4MATIC AT Особая серия;;;
Mercedes-Benz;A-Class;2013;1385143;https://auto.drom.ru/minsk/mercedes-benz/a-class/54121286.html;Характеристики совпадают с ПТС;2 записи о регистрации;Не числится в розыске;Ограничений не обнаружено;Минске;бензин, 1.6 л;156 л.с., налог;робот;передний;хэтчбек 5 дв.;серый;196 000 км;левый;3 поколение;;;;
Mercedes-Benz;A-Class;2013;1490000;https://auto.drom.ru/volgograd/mercedes-benz/a-class/322202947.html;Характеристики совпадают с ПТС;6 записей о регистрации;Не числится в розыске;Ограничений не обнаружено;Волгограде;бензин, 1.6 л;122 л.с., налог;робот;передний;хэтчбек 5 дв.;красный;187 000 км;левый;3 поколение;;;;
Mercedes-Benz;GL-Class;2013;2965000;https://auto.drom.ru/spb/mercedes-benz/gl-class/301488100.html;Характеристики совпадают с ПТС;5 записей о регистрации;Не числится в розыске;Ограничений не обнаружено;Санкт-Петербурге;бензин, 4.7 л;435 л.с., налог;АКПП;4WD;;коричневый;178 000 км;левый;2 поколение;;;;
Mercedes-Benz;C-Class;2013;1470000;https://auto.drom.ru/moscow/mercedes-benz/c-class/688908573.html;Характеристики совпадают с ПТС;4 записи о регистрации;Не числится в розыске;Ограничений не обнаружено;Москве;бензин, 1.6 л;156 л.с., налог;АКПП;задний;седан;белый;143 381 км;левый;;;;;
Mercedes-Benz;S-Class;2013;3350000;https://auto.drom.ru/moscow/mercedes-benz/s-class/54111972.html;Характеристики совпадают с ПТС;3 записи о регистрации;Не числится в розыске;Ограничений не обнаружено;Москве;бензин, 4.7 л;455 л.с., налог;АКПП;задний;седан;серый;134 622 км;левый;6 поколение;;;;
Mercedes-Benz;GL-Class;2013;3450000;https://auto.drom.ru/lipetsk/mercedes-benz/gl-class/716945500.html;Характеристики совпадают с ПТС;2 записи о регистрации;Не числится в розыске;Ограничений не обнаружено;Липецке;дизель, 3.0 л;258 л.с., налог;АКПП;4WD;;черный;125 000 км;левый;2 поколение;;;;
Mercedes-Benz;S-Class;2013;2655000;https://auto.drom.ru/spb/mercedes-benz/s-class/54111724.html;Характеристики совпадают с ПТС;7 записей о регистрации;Не числится в розыске;Ограничений не обнаружено;Санкт-Петербурге;бензин, 4.7 л;455 л.с., налог;АКПП;задний;седан;черный;161 057 км;левый;6 поколение;;;;
Mercedes-Benz;CLS-Class;2013;2300000;https://auto.drom.ru/moscow/mercedes-benz/cls-class/53830750.html;Характеристики совпадают с ПТС;4 записи о регистрации;Не числится в розыске;Ограничений не обнаружено;Москве;бензин, 3.5 л;306 л.с., налог;АКПП;задний;седан;черный;138 000 км;левый;2 поколение;;;;
Mercedes-Benz;GLK-Class;2013;1602300;https://auto.drom.ru/moscow/mercedes-benz/glk-class/53460456.html;Характеристики совпадают с ПТС;3 записи о регистрации;Не числится в розыске;Ограничений не обнаружено;Москве;бензин, 2.0 л;211 л.с., налог;АКПП;4WD;;белый;225 985 км;левый;1 поколение, рестайлинг;GLK 250 4MATIC AT Особая серия;;;
Mercedes-Benz;E-Class;2013;2649000;https://auto.drom.ru/spb/mercedes-benz/e-class/813016160.html;Характеристики совпадают с ПТС;2 записи о регистрации;Не числится в розыске;Ограничений не обнаружено;Санкт-Петербурге;бензин, 3.5 л;249 л.с., налог;АКПП;4WD;седан;черный;156 071 км;левый;4 поколение, рестайлинг;E 300 4MATIC AT Особая серия;;;
Mercedes-Benz;E-Class;2013;2550000;https://auto.drom.ru/moscow/mercedes-benz/e-class/678355994.html;Характеристики совпадают с ПТС;6 записей о регистрации;Не числится в розыске;Ограничений не обнаружено;Москве;бензин, 2.0 л;184 л.с., налог;АКПП;задний;седан;черный;190 500 км;левый;4 поколение, рестайлинг;E 200 AT Особая серия;;;
Mercedes-Benz;C-Class;2013;2100000;https://auto.drom.ru/spb/mercedes-benz/c-class/54107345.html;Характеристики совпадают с ПТС;3 записи о регистрации;Не числится в розыске;Ограничений не обнаружено;Санкт-Петербурге;бензин, 1.6 л;156 л.с., налог;АКПП;задний;седан;коричневый;105 000 км;левый;;;;;
Mercedes-Benz;E-Class;2013;2579000;https://auto.drom.ru/moscow/mercedes-benz/e-class/54099905.html;Характеристики совпадают с ПТС;2 записи о регистрации;Не числится в розыске;Ограничений не обнаружено;Москве;бензин, 3.5 л;249 л.с., налог;АКПП;4WD;седан;синий;165 000 км;левый;4 поколение, рестайлинг;E 300 4MATIC AT Особая серия;;;
Mercedes-Benz;A-Class;2013;1419000;https://auto.drom.ru/tula/mercedes-benz/a-class/54099602.html;Характеристики совпадают с ПТС;2 записи о регистрации;Не числится в розыске;Ограничений не обнаружено;Туле;бензин, 1.6 л;122 л.с., налог;робот;передний;хэтчбек 5 дв.;голубой;100 946 км;левый;3 поколение;;;;
Mercedes-Benz;S-Class;2013;3700000;https://auto.drom.ru/moscow/mercedes-benz/s-class/53820528.html;Характеристики совпадают с ПТС;7 записей о регистрации;Не числится в розыске;Ограничений не обнаружено;Москве;бензин, 4.7 л;449 л.с., налог;АКПП;задний;седан;черный;152 581 км;левый;6 поколение;S 550 AT;;;
Mercedes-Benz;E-Class;2013;1590000;https://auto.drom.ru/spb/mercedes-benz/e-class/53443811.html;Характеристики совпадают с ПТС;2 записи о регистрации;Не числится в розыске;Ограничений не обнаружено;Санкт-Петербурге;бензин, 2.0 л;184 л.с., налог;АКПП;задний;седан;черный;250 000 км;левый;4 поколение, рестайлинг;;;;
Mercedes-Benz;S-Class;2013;5562000;https://auto.drom.ru/moscow/mercedes-benz/s-class/241431503.html;Характеристики совпадают с ПТС;4 записи о регистрации;Не числится в розыске;Ограничений не обнаружено;Москве;бензин, 5.5 л;585 л.с., налог;робот;4WD;седан;синий;202 675 км;левый;6 поколение;;;;
Mercedes-Benz;CLA-Class;2013;1655000;https://auto.drom.ru/spb/mercedes-benz/cla-class/603787178.html;Характеристики совпадают с ПТС;3 записи о регистрации;Не числится в розыске;Ограничений не обнаружено;Санкт-Петербурге;бензин, 1.6 л;156 л.с., налог;робот;передний;седан;белый;141 090 км;левый;1 поколение;;;;
Mercedes-Benz;E-Class;2013;2797000;https://auto.drom.ru/moscow/mercedes-benz/e-class/368706317.html;Характеристики совпадают с ПТС;2 записи о регистрации;Не числится в розыске;Ограничений не обнаружено;Москве;бензин, 3.5 л;249 л.с., налог;АКПП;4WD;седан;белый;79 660 км;левый;4 поколение, рестайлинг;E 300 4MATIC AT Особая серия;;;
Mercedes-Benz;E-Class;2013;2350000;https://auto.drom.ru/moscow/mercedes-benz/e-class/847171593.html;Мощность двигателя не совпадает с ПТС;4 записи о регистрации;Не числится в розыске;Ограничений не обнаружено;Москве;бензин, 2.0 л;211 л.с., налог;АКПП;задний;седан;серый;135 000 км;левый;4 поколение, рестайлинг;;;;
Mercedes-Benz;GLK-Class;2013;2289000;https://auto.drom.ru/spb/mercedes-benz/glk-class/385790760.html;Характеристики совпадают с ПТС;4 записи о регистрации;Не числится в розыске;Ограничений не обнаружено;Санкт-Петербурге;дизель, 2.1 л;170 л.с., налог;АКПП;4WD;;белый;147 000 км;левый;1 поколение, рестайлинг;GLK 220 CDI 4MATIC AT Особая серия;;;
Mercedes-Benz;GLK-Class;2013;1845000;https://auto.drom.ru/spb/mercedes-benz/glk-class/53803986.html;Характеристики совпадают с ПТС;2 записи о регистрации;Не числится в розыске;Ограничений не обнаружено;Санкт-Петербурге;бензин, 3.5 л;249 л.с., налог;АКПП;4WD;;черный;207 165 км;левый;1 поколение, рестайлинг;GLK 300 4MATIC AT Особая серия;;;
Mercedes-Benz;GL-Class;2013;3410000;https://auto.drom.ru/spb/mercedes-benz/gl-class/579323222.html;Характеристики совпадают с ПТС;3 записи о регистрации;Не числится в розыске;Ограничений не обнаружено;Санкт-Петербурге;бензин, 4.7 л;435 л.с., налог;АКПП;4WD;;черный;133 800 км;левый;2 поколение;;;;
Mercedes-Benz;S-Class;2013;3110000;https://auto.drom.ru/moscow/mercedes-benz/s-class/53408338.html;Характеристики совпадают с ПТС;3 записи о регистрации;Не числится в розыске;Ограничений не обнаружено;Москве;бензин, 4.7 л;455 л.с., налог;АКПП;4WD;седан;белый;172 000 км;левый;6 поколение;;;;
Mercedes-Benz;GL-Class;2013;2497000;https://auto.drom.ru/himki/mercedes-benz/gl-class/54076983.html;Характеристики совпадают с ПТС;6 записей о регистрации;Не числится в розыске;Ограничений не обнаружено;Химках;бензин, 4.7 л;435 л.с., налог;АКПП;4WD;;черный;196 164 км;левый;2 поколение;;;;
Mercedes-Benz;S-Class;2013;1870000;https://auto.drom.ru/ivanovo/mercedes-benz/s-class/54083950.html;Характеристики совпадают с ПТС;7 записей о регистрации;Не числится в розыске;Ограничений не обнаружено;Иваново;бензин, 4.7 л;435 л.с., налог;автомат;;седан;черный;183 001 км;левый;5 поколение, рестайлинг;;;;
Mercedes-Benz;GL-Class;2013;2850000;https://auto.drom.ru/moscow/mercedes-benz/gl-class/54077870.html;Характеристики совпадают с ПТС;2 записи о регистрации;Не числится в розыске;Ограничений не обнаружено;Москве;дизель, 3.0 л;258 л.с., налог;АКПП;4WD;;черный;260 608 км;левый;2 поколение;;;;
Mercedes-Benz;G-Class;2013;5700000;https://auto.drom.ru/moscow/mercedes-benz/g-class/259521096.html;Характеристики совпадают с ПТС;4 записи о регистрации;Не числится в розыске;Ограничений не обнаружено;Москве;бензин, 5.5 л;388 л.с., налог;АКПП;4WD;джип/suv 5 дв.;серый;143 148 км;левый;2 поколение, 6 рестайлинг;;;;
Mercedes-Benz;GL-Class;2013;2950000;https://auto.drom.ru/moscow/mercedes-benz/gl-class/943482232.html;Характеристики совпадают с ПТС;3 записи о регистрации;Не числится в розыске;Ограничений не обнаружено;Москве;дизель, 3.0 л;258 л.с., налог;АКПП;4WD;;коричневый;225 000 км;левый;2 поколение;;;;
Mercedes-Benz;S-Class;2013;3150000;https://auto.drom.ru/moscow/mercedes-benz/s-class/157570697.html;Характеристики совпадают с ПТС;4 записи о регистрации;Не числится в розыске;Ограничений не обнаружено;Москве;бензин, 4.7 л;455 л.с., налог;АКПП;4WD;седан;черный;128 000 км;левый;6 поколение;;;;
Mercedes-Benz;GLK-Class;2013;1703000;https://auto.drom.ru/mytishchi/mercedes-benz/glk-class/465953476.html;Характеристики совпадают с ПТС;3 записи о регистрации;Не числится в розыске;Ограничений не обнаружено;Мытищах;бензин, 3.5 л;249 л.с., налог;АКПП;4WD;;красный;164 433 км;левый;1 поколение, рестайлинг;GLK 300 4MATIC AT Особая серия;;;
Mercedes-Benz;E-Class;2013;2220745;https://auto.drom.ru/spb/mercedes-benz/e-class/849322290.html;Характеристики совпадают с ПТС;3 записи о регистрации;Не числится в розыске;Ограничений не обнаружено;Санкт-Петербурге;бензин, 2.0 л;211 л.с., налог;АКПП;задний;купе;синий;139 800 км;левый;4 поколение, рестайлинг;;;;
Mercedes-Benz;GLK-Class;2013;2209000;https://auto.drom.ru/moscow/mercedes-benz/glk-class/52991276.html;Характеристики совпадают с ПТС;2 записи о регистрации;Не числится в розыске;Ограничений не обнаружено;Москве;бензин, 3.5 л;249 л.с., налог;АКПП;4WD;;белый;110 000 км;левый;1 поколение, рестайлинг;GLK 300 4MATIC AT Особая серия;;;
Mercedes-Benz;SL-Class;2013;6120000;https://auto.drom.ru/moscow/mercedes-benz/sl-class/53781271.html;Характеристики совпадают с ПТС;3 записи о регистрации;Не числится в розыске;Ограничений не обнаружено;Москве;бензин, 5.5 л;537 л.с., налог;робот;задний;открытый;черный;27 789 км;левый;6 поколение;;;;
Mercedes-Benz;GLK-Class;2013;1888000;https://auto.drom.ru/moscow/mercedes-benz/glk-class/656216493.html;Характеристики совпадают с ПТС;3 записи о регистрации;Не числится в розыске;Ограничений не обнаружено;Москве;дизель, 2.1 л;170 л.с., налог;АКПП;4WD;;серый;242 775 км;левый;1 поколение, рестайлинг;GLK 220 CDI 4MATIC AT Особая серия;;;
Mercedes-Benz;C-Class;2013;1700000;https://auto.drom.ru/kazan/mercedes-benz/c-class/796999611.html;Характеристики совпадают с ПТС;7 записей о регистрации;Не числится в розыске;Есть ограничения;Казани;бензин, 1.6 л;156 л.с., налог;АКПП;задний;седан;коричневый;204 000 км;левый;3 поколение, рестайлинг;C 180 CGI AT Особая серия;;;
Mercedes-Benz;S-Class;2013;2250000;https://auto.drom.ru/moscow/mercedes-benz/s-class/295583953.html;Характеристики совпадают с ПТС;19 записей о регистрации;Не числится в розыске;Есть ограничения;Москве;бензин, 4.7 л;455 л.с., налог;АКПП;4WD;седан;синий;;левый;6 поколение;;документы с проблемами или отсутствуют;;
Mercedes-Benz;A-Class;2013;1900000;https://auto.drom.ru/moscow/mercedes-benz/a-class/54066704.html;;;;;Москве;бензин, 2.0 л;360 л.с., налог;робот;4WD;хэтчбек 5 дв.;серый;92 000 км;левый;3 поколение;A 45 AMG DCT 4 MATIC Особая серия;требуется ремонт или не на ходу;;
Mercedes-Benz;A-Class;2013;1380000;https://auto.drom.ru/moscow/mercedes-benz/a-class/879496876.html;Характеристики совпадают с ПТС;2 записи о регистрации;Не числится в розыске;Ограничений не обнаружено;Москве;бензин, 1.6 л;122 л.с., налог;робот;передний;хэтчбек 5 дв.;белый;98 218 км;левый;3 поколение;;;;
Mercedes-Benz;A-Class;2013;1550000;https://auto.drom.ru/moscow/mercedes-benz/a-class/53387576.html;Характеристики совпадают с ПТС;1 запись о регистрации;Не числится в розыске;Ограничений не обнаружено;Москве;бензин, 1.6 л;122 л.с., налог;робот;передний;хэтчбек 5 дв.;белый;150 000 км;правый;3 поколение;A 180 Sports Edition Next;;;
Mercedes-Benz;C-Class;2013;1499999;https://auto.drom.ru/gatchina/mercedes-benz/c-class/53387039.html;Характеристики совпадают с ПТС;3 записи о регистрации;Не числится в розыске;Ограничений не обнаружено;Гатчине;бензин, 1.6 л;156 л.с., налог;АКПП;задний;седан;белый;178 000 км;левый;3 поколение, рестайлинг;;;;
Mercedes-Benz;E-Class;2013;2100000;https://auto.drom.ru/moscow/mercedes-benz/e-class/51283753.html;Характеристики совпадают с ПТС;3 записи о регистрации;Не числится в розыске;Ограничений не обнаружено;Москве;бензин, 2.0 л;184 л.с., налог;АКПП;задний;седан;черный;233 000 км;левый;4 поколение, рестайлинг;E 200 AТ Elegance;;;
Mercedes-Benz;S-Class;2013;2499000;https://auto.drom.ru/moscow/mercedes-benz/s-class/239415018.html;Характеристики совпадают с ПТС;7 записей о регистрации;Не числится в розыске;Ограничений не обнаружено;Москве;бензин, 4.7 л;455 л.с., налог;АКПП;4WD;седан;черный;307 000 км;левый;6 поколение;S 500 AT 4MATIC;;;
Mercedes-Benz;Viano;2013;2500000;https://auto.drom.ru/volgograd/mercedes-benz/viano/54052413.html;Характеристики совпадают с ПТС;5 записей о регистрации;Не числится в розыске;Ограничений не обнаружено;Волгограде;дизель, 2.1 л;160 л.с., налог;автомат;4WD;;белый;250 000 км;левый;2 поколение, рестайлинг;;;;
Mercedes-Benz;GL-Class;2013;1977785;https://auto.drom.ru/moscow/mercedes-benz/gl-class/800150991.html;Характеристики совпадают с ПТС;2 записи о регистрации;Не числится в розыске;Есть ограничения;Москве;дизель, 3.0 л;249 л.с., налог;АКПП;4WD;;черный;;левый;2 поколение;GL 350 BlueTEC 4MATIC AT Особая серия;документы с проблемами или отсутствуют;;
Mercedes-Benz;GL-Class;2013;3176000;https://auto.drom.ru/penza/mercedes-benz/gl-class/258146941.html;Характеристики совпадают с ПТС;2 записи о регистрации;Не числится в розыске;Ограничений не обнаружено;Пензе;бензин, 4.7 л;435 л.с., налог;АКПП;4WD;;золотистый;127 435 км;левый;2 поколение;GL 500 4MATIC AT Особая серия;;;
Mercedes-Benz;M-Class;2013;2967000;https://auto.drom.ru/moscow/mercedes-benz/m-class/771495832.html;Характеристики совпадают с ПТС;1 запись о регистрации;Не числится в розыске;Ограничений не обнаружено;Москве;дизель, 3.0 л;249 л.с., налог;АКПП;4WD;;коричневый;199 558 км;левый;3 поколение;ML 350 BlueTEC 4MATIC Особая серия;;;
Mercedes-Benz;A-Class;2013;1249000;https://auto.drom.ru/kolomna/mercedes-benz/a-class/687384647.html;Характеристики совпадают с ПТС;2 записи о регистрации;Не числится в розыске;Ограничений не обнаружено;Коломне;бензин, 1.6 л;122 л.с., налог;механика;передний;хэтчбек 5 дв.;черный;117 681 км;левый;3 поколение;;;;
Mercedes-Benz;C-Class;2013;1350000;https://auto.drom.ru/domodedovo/mercedes-benz/c-class/762739283.html;Характеристики совпадают с ПТС;5 записей о регистрации;Не числится в розыске;Ограничений не обнаружено;Домодедово;бензин, 1.6 л;156 л.с., налог;АКПП;задний;седан;белый;156 000 км;левый;3 поколение, рестайлинг;;;;
Mercedes-Benz;M-Class;2013;2850000;https://auto.drom.ru/moscow/mercedes-benz/m-class/54045650.html;Характеристики совпадают с ПТС;3 записи о регистрации;Не числится в розыске;Ограничений не обнаружено;Москве;бензин, 3.5 л;306 л.с., налог;АКПП;4WD;;черный;299 400 км;левый;3 поколение;;;;
Mercedes-Benz;C-Class;2013;2200000;https://auto.drom.ru/moscow/mercedes-benz/c-class/52930431.html;Характеристики совпадают с ПТС;5 записей о регистрации;Не числится в розыске;Ограничений не обнаружено;Москве;дизель, 2.1 л;204 л.с., налог;АКПП;4WD;седан;белый;198 000 км;левый;3 поколение, рестайлинг;C 250 CDI 4MATIC AT Avantgarde;;;
Mercedes-Benz;C-Class;2013;1405000;https://auto.drom.ru/spb/mercedes-benz/c-class/147637360.html;Характеристики совпадают с ПТС;4 записи о регистрации;Не числится в розыске;Ограничений не обнаружено;Санкт-Петербурге;бензин, 1.6 л;156 л.с., налог;АКПП;задний;седан;коричневый;201 753 км;левый;;;;;
Mercedes-Benz;C-Class;2013;1350000;https://auto.drom.ru/spb/mercedes-benz/c-class/714984842.html;Характеристики совпадают с ПТС;8 записей о регистрации;Не числится в розыске;Ограничений не обнаружено;Санкт-Петербурге;бензин, 1.6 л;156 л.с., налог;АКПП;задний;седан;серебристый;258 000 км;левый;3 поколение, рестайлинг;;;;
Mercedes-Benz;M-Class;2013;3010000;https://auto.drom.ru/moscow/mercedes-benz/m-class/348651078.html;Характеристики совпадают с ПТС;2 записи о регистрации;Не числится в розыске;Ограничений не обнаружено;Москве;дизель, 3.0 л;258 л.с., налог;АКПП;4WD;;черный;129 260 км;левый;3 поколение;ML 350 BlueTEC AT 4MATIC;;;
Mercedes-Benz;C-Class;2013;1620000;https://auto.drom.ru/moscow/mercedes-benz/c-class/815401214.html;Характеристики совпадают с ПТС;3 записи о регистрации;Не числится в розыске;Ограничений не обнаружено;Москве;бензин, 1.8 л;204 л.с., налог;АКПП;задний;седан;черный;143 136 км;левый;3 поколение, рестайлинг;;;;
Mercedes-Benz;C-Class;2013;1819000;https://auto.drom.ru/spb/mercedes-benz/c-class/234694111.html;Характеристики совпадают с ПТС;6 записей о регистрации;Не числится в розыске;Ограничений не обнаружено;Санкт-Петербурге;дизель, 2.1 л;204 л.с., налог;АКПП;4WD;седан;коричневый;159 937 км;левый;;;;;
Mercedes-Benz;CLA-Class;2013;1930000;https://auto.drom.ru/moscow/mercedes-benz/cla-class/598617122.html;Характеристики совпадают с ПТС;2 записи о регистрации;Не числится в розыске;Ограничений не обнаружено;Москве;бензин, 1.6 л;156 л.с., налог;робот;передний;седан;белый;94 464 км;левый;1 поколение;;;;
Mercedes-Benz;GL-Class;2013;4350000;https://auto.drom.ru/moscow/mercedes-benz/gl-class/52032539.html;Характеристики совпадают с ПТС;3 записи о регистрации;Не числится в розыске;Ограничений не обнаружено;Москве;дизель, 3.0 л;249 л.с., налог;АКПП;4WD;;коричневый;225 000 км;левый;2 поколение;GL 350 BlueTEC 4MATIC AT Особая серия;;;
Mercedes-Benz;A-Class;2013;1434000;https://auto.drom.ru/moscow/mercedes-benz/a-class/54022621.html;Характеристики совпадают с ПТС;4 записи о регистрации;Не числится в розыске;Ограничений не обнаружено;Москве;бензин, 1.6 л;122 л.с., налог;робот;передний;хэтчбек 5 дв.;голубой;108 000 км;левый;3 поколение;;;;
Mercedes-Benz;CLA-Class;2013;1550000;https://auto.drom.ru/svetlogorsk_rb/mercedes-benz/cla-class/53356454.html;Характеристики совпадают с ПТС;4 записи о регистрации;Не числится в розыске;Ограничений не обнаружено;Светлогорске;бензин, 1.6 л;156 л.с., налог;робот;передний;седан;белый;250 000 км;левый;1 поколение;CLA 200 DCT Особая серия;;;
Mercedes-Benz;GLK-Class;2013;2200000;https://auto.drom.ru/spb/mercedes-benz/glk-class/927248653.html;Характеристики совпадают с ПТС;5 записей о регистрации;Не числится в розыске;Ограничений не обнаружено;Санкт-Петербурге;дизель, 2.1 л;170 л.с., налог;АКПП;4WD;;белый;109 561 км;левый;1 поколение, рестайлинг;GLK 220 CDI 4MATIC AT Особая серия;;;
Mercedes-Benz;B-Class;2013;1049000;https://auto.drom.ru/moscow/mercedes-benz/b-class/253430072.html;Характеристики совпадают с ПТС;1 запись о регистрации;Не числится в розыске;Ограничений не обнаружено;Москве;бензин, 1.6 л;122 л.с., налог;робот;передний;;серый;317 000 км;правый;2 поколение;B 180;;;
Mercedes-Benz;E-Class;2013;2079000;https://auto.drom.ru/spb/mercedes-benz/e-class/339643078.html;Характеристики совпадают с ПТС;2 записи о регистрации;Не числится в розыске;Ограничений не обнаружено;Санкт-Петербурге;бензин, 3.5 л;249 л.с., налог;АКПП;4WD;седан;белый;180 000 км;левый;4 поколение, рестайлинг;E 300 4MATIC AT Особая серия;;;
Mercedes-Benz;GL-Class;2013;5000000;https://auto.drom.ru/moscow/mercedes-benz/gl-class/50418201.html;;;;;Москве;бензин, 4.7 л;435 л.с., налог;АКПП;4WD;;синий;110 000 км, без пробега по РФ;левый;2 поколение;;;;
Mercedes-Benz;M-Class;2013;2925000;https://auto.drom.ru/moscow/mercedes-benz/m-class/325651404.html;Характеристики совпадают с ПТС;2 записи о регистрации;Не числится в розыске;Ограничений не обнаружено;Москве;бензин, 3.5 л;306 л.с., налог;АКПП;4WD;;серый;132 300 км;левый;3 поколение;;;;
Mercedes-Benz;E-Class;2013;1900000;https://auto.drom.ru/moscow/mercedes-benz/e-class/54022273.html;Характеристики совпадают с ПТС;3 записи о регистрации;Не числится в розыске;Ограничений не обнаружено;Москве;бензин, 2.0 л;184 л.с., налог;АКПП;задний;купе;белый;149 100 км;левый;4 поколение, рестайлинг;;;;
Mercedes-Benz;Viano;2013;2350000;https://auto.drom.ru/bryansk/mercedes-benz/viano/53730140.html;Характеристики совпадают с ПТС;4 записи о регистрации;Не числится в розыске;Есть ограничения;Брянске;дизель, 2.1 л;163 л.с., налог;автомат;задний;;серебристый;270 000 км;левый;2 поколение, рестайлинг;;;;
Mercedes-Benz;M-Class;2013;3299000;https://auto.drom.ru/moscow/mercedes-benz/m-class/443080123.html;Характеристики совпадают с ПТС;3 записи о регистрации;Не числится в розыске;Ограничений не обнаружено;Москве;бензин, 3.5 л;306 л.с., налог;АКПП;4WD;;белый;143 562 км;левый;3 поколение;;;;
Mercedes-Benz;GL-Class;2013;2885000;https://auto.drom.ru/volgograd/mercedes-benz/gl-class/53726306.html;Характеристики совпадают с ПТС;3 записи о регистрации;Не числится в розыске;Ограничений не обнаружено;Волгограде;дизель, 3.0 л;258 л.с., налог;АКПП;4WD;;белый;239 376 км;левый;2 поколение;;;;
Mercedes-Benz;C-Class;2013;3000000;https://auto.drom.ru/moscow/mercedes-benz/c-class/52431517.html;Характеристики совпадают с ПТС;4 записи о регистрации;Не числится в розыске;Ограничений не обнаружено;Москве;бензин, 1.8 л;204 л.с., налог;АКПП;задний;седан;серый;45 000 км;левый;3 поколение, рестайлинг;C 250 AT Avantgarde;;;
Mercedes-Benz;M-Class;2013;2145000;https://auto.drom.ru/spb/mercedes-benz/m-class/46636372.html;Характеристики совпадают с ПТС;3 записи о регистрации;Не числится в розыске;Ограничений не обнаружено;Санкт-Петербурге;бензин, 3.5 л;306 л.с., налог;АКПП;4WD;;коричневый;174 022 км;левый;3 поколение;;;;
Mercedes-Benz;S-Class;2013;5550000;https://auto.drom.ru/moscow/mercedes-benz/s-class/918305225.html;Характеристики совпадают с ПТС;4 записи о регистрации;Не числится в розыске;Ограничений не обнаружено;Москве;бензин, 5.5 л;585 л.с., налог;робот;4WD;седан;синий;202 000 км;левый;6 поколение;AMG S 63 4MATIC L;;;
Mercedes-Benz;M-Class;2013;2680000;https://auto.drom.ru/moscow/mercedes-benz/m-class/821431771.html;Характеристики совпадают с ПТС;4 записи о регистрации;Не числится в розыске;Ограничений не обнаружено;Москве;бензин, 3.5 л;306 л.с., налог;АКПП;4WD;;черный;122 430 км;левый;3 поколение;;;;
Mercedes-Benz;E-Class;2013;1850000;https://auto.drom.ru/ivanovo/mercedes-benz/e-class/53713482.html;Характеристики совпадают с ПТС;7 записей о регистрации;Не числится в розыске;Ограничений не обнаружено;Иваново;бензин, 2.0 л;211 л.с., налог;АКПП;задний;купе;черный;225 000 км;левый;4 поколение, рестайлинг;;;;
Mercedes-Benz;S-Class;2013;2999000;https://auto.drom.ru/ulyanovsk/mercedes-benz/s-class/341539005.html;Объем двигателя не совпадает с ПТС;10 записей о регистрации;Не числится в розыске;Ограничений не обнаружено;Ульяновске;бензин, 5.0 л;456 л.с., налог;автомат;4WD;седан;черный;254 500 км;левый;6 поколение;;;;
Mercedes-Benz;CLA-Class;2013;1549000;https://auto.drom.ru/spb/mercedes-benz/cla-class/555811334.html;Характеристики совпадают с ПТС;6 записей о регистрации;Не числится в розыске;Ограничений не обнаружено;Санкт-Петербурге;бензин, 1.6 л;156 л.с., налог;робот;передний;седан;белый;161 415 км;левый;1 поколение;;;;
Mercedes-Benz;GL-Class;2013;3950000;https://auto.drom.ru/pushkino/mercedes-benz/gl-class/422273018.html;Характеристики совпадают с ПТС;3 записи о регистрации;Не числится в розыске;Ограничений не обнаружено;Пушкино;бензин, 5.5 л;557 л.с., налог;АКПП;4WD;;белый;162 000 км;левый;2 поколение;GL 63 AMG Особая серия;;;
Mercedes-Benz;E-Class;2013;1595000;https://auto.drom.ru/tver/mercedes-benz/e-class/53989865.html;Характеристики совпадают с ПТС;4 записи о регистрации;Не числится в розыске;Ограничений не обнаружено;Твери;бензин, 1.8 л;184 л.с., налог;автомат;задний;седан;черный;175 581 км;левый;;;;;
Mercedes-Benz;E-Class;2013;2250000;https://auto.drom.ru/kargopol/mercedes-benz/e-class/51300473.html;Характеристики совпадают с ПТС;3 записи о регистрации;Не числится в розыске;Ограничений не обнаружено;Каргополе;бензин, 2.0 л;184 л.с., налог;АКПП;задний;седан;серебристый;120 000 км;левый;4 поколение, рестайлинг;E 200 AТ Elegance;;;
Mercedes-Benz;E-Class;2013;2570000;https://auto.drom.ru/moscow/mercedes-benz/e-class/589526021.html;Характеристики совпадают с ПТС;2 записи о регистрации;Не числится в розыске;Ограничений не обнаружено;Москве;бензин, 2.0 л;184 л.с., налог;АКПП;задний;седан;черный;95 451 км;левый;4 поколение, рестайлинг;;;;
Mercedes-Benz;E-Class;2013;1929789;https://auto.drom.ru/spb/mercedes-benz/e-class/362390726.html;Характеристики совпадают с ПТС;3 записи о регистрации;Не числится в розыске;Ограничений не обнаружено;Санкт-Петербурге;бензин, 2.0 л;184 л.с., налог;АКПП;задний;седан;черный;145 872 км;левый;4 поколение, рестайлинг;;;;
Mercedes-Benz;A-Class;2013;1700000;https://auto.drom.ru/moscow/mercedes-benz/a-class/605547368.html;Характеристики совпадают с ПТС;2 записи о регистрации;Не числится в розыске;Ограничений не обнаружено;Москве;бензин, 1.6 л;156 л.с., налог;робот;передний;хэтчбек 5 дв.;белый;126 000 км;левый;3 поколение;A 200 DCT;;;
Mercedes-Benz;G-Class;2013;5200000;https://auto.drom.ru/moscow/mercedes-benz/g-class/910987552.html;Характеристики совпадают с ПТС;5 записей о регистрации;Не числится в розыске;Ограничений не обнаружено;Москве;бензин, 5.5 л;544 л.с., налог;АКПП;4WD;джип/suv 5 дв.;синий;116 605 км;левый;2 поколение, 6 рестайлинг;G 63 AMG;;;
Mercedes-Benz;E-Class;2013;1787000;https://auto.drom.ru/moscow/mercedes-benz/e-class/886852721.html;Характеристики совпадают с ПТС;4 записи о регистрации;Не числится в розыске;Ограничений не обнаружено;Москве;бензин, 2.0 л;184 л.с., налог;АКПП;задний;купе;коричневый;150 630 км;левый;4 поколение, рестайлинг;;;;
Mercedes-Benz;A-Class;2013;1450000;https://auto.drom.ru/mytishchi/mercedes-benz/a-class/53686535.html;Характеристики совпадают с ПТС;4 записи о регистрации;Не числится в розыске;Ограничений не обнаружено;Мытищах;бензин, 1.6 л;122 л.с., налог;робот;передний;хэтчбек 5 дв.;бежевый;104 000 км;левый;3 поколение;A 180 DCT Style;;;
Mercedes-Benz;GL-Class;2013;3126014;https://auto.drom.ru/minsk/mercedes-benz/gl-class/214557403.html;Характеристики совпадают с ПТС;4 записи о регистрации;Не числится в розыске;Ограничений не обнаружено;Минске;дизель, 3.0 л;258 л.с., налог;АКПП;4WD;;черный;231 000 км;левый;2 поколение;;;;
Mercedes-Benz;GL-Class;2013;2815000;https://auto.drom.ru/moscow/mercedes-benz/gl-class/558544039.html;Характеристики совпадают с ПТС;4 записи о регистрации;Не числится в розыске;Ограничений не обнаружено;Москве;дизель, 3.0 л;258 л.с., налог;АКПП;4WD;;черный;250 437 км;левый;2 поколение;;;;
Mercedes-Benz;GLK-Class;2013;2202000;https://auto.drom.ru/moscow/mercedes-benz/glk-class/53670972.html;Характеристики совпадают с ПТС;3 записи о регистрации;Не числится в розыске;Ограничений не обнаружено;Москве;бензин, 3.5 л;249 л.с., налог;АКПП;4WD;;белый;90 446 км;левый;1 поколение, рестайлинг;GLK 300 4MATIC AT Особая серия;;;
Mercedes-Benz;S-Class;2013;3299000;https://auto.drom.ru/moscow/mercedes-benz/s-class/281574114.html;Характеристики совпадают с ПТС;3 записи о регистрации;Не числится в розыске;Ограничений не обнаружено;Москве;бензин, 4.7 л;455 л.с., налог;АКПП;4WD;седан;черный;214 888 км;левый;6 поколение;;;;
Mercedes-Benz;CLS-Class;2013;2300000;https://auto.drom.ru/moscow/mercedes-benz/cls-class/926307614.html;Характеристики совпадают с ПТС;5 записей о регистрации;Не числится в розыске;Ограничений не обнаружено;Москве;бензин, 3.5 л;306 л.с., налог;АКПП;задний;седан;черный;145 050 км;левый;2 поколение;CLS 350 AT;;;
Mercedes-Benz;CLS-Class;2013;2040000;https://auto.drom.ru/minsk/mercedes-benz/cls-class/53974615.html;Характеристики совпадают с ПТС;4 записи о регистрации;Не числится в розыске;Ограничений не обнаружено;Минске;бензин, 3.5 л;306 л.с., налог;АКПП;задний;универсал;белый;150 000 км;левый;2 поколение;CLS 350;;;
Mercedes-Benz;CLS-Class;2013;2149000;https://auto.drom.ru/spb/mercedes-benz/cls-class/53973117.html;Характеристики совпадают с ПТС;3 записи о регистрации;Не числится в розыске;Ограничений не обнаружено;Санкт-Петербурге;бензин, 4.7 л;408 л.с., налог;АКПП;4WD;седан;серый;193 000 км;левый;2 поколение;CLS 500 4MATIC AT;;;
Mercedes-Benz;C-Class;2013;1582000;https://auto.drom.ru/tula/mercedes-benz/c-class/52377220.html;Характеристики совпадают с ПТС;5 записей о регистрации;Не числится в розыске;Ограничений не обнаружено;Туле;бензин, 1.6 л;156 л.с., налог;АКПП;задний;купе;белый;110 586 км;левый;3 поколение, рестайлинг;;;;
Mercedes-Benz;GL-Class;2013;3500000;https://auto.drom.ru/volgograd/mercedes-benz/gl-class/50684901.html;Характеристики совпадают с ПТС;5 записей о регистрации;Не числится в розыске;Ограничений не обнаружено;Волгограде;дизель, 3.0 л;249 л.с., налог;АКПП;4WD;;белый;157 000 км;левый;2 поколение;GL 350 BlueTEC 4MATIC AT Особая серия;;;
Mercedes-Benz;S-Class;2013;3500000;https://auto.drom.ru/spb/mercedes-benz/s-class/497024726.html;Характеристики совпадают с ПТС;3 записи о регистрации;Не числится в розыске;Ограничений не обнаружено;Санкт-Петербурге;бензин, 4.7 л;455 л.с., налог;АКПП;4WD;седан;черный;101 348 км;левый;6 поколение;S 500 4MATIC L;;;
Mercedes-Benz;GLK-Class;2013;1988000;https://auto.drom.ru/moscow/mercedes-benz/glk-class/905890694.html;Характеристики совпадают с ПТС;5 записей о регистрации;Не числится в розыске;Ограничений не обнаружено;Москве;бензин, 3.5 л;249 л.с., налог;АКПП;4WD;;белый;99 230 км;левый;1 поколение, рестайлинг;GLK 300 4MATIC AT Особая серия;;;
Mercedes-Benz;B-Class;2013;1075000;https://auto.drom.ru/moscow/mercedes-benz/b-class/399673056.html;Характеристики совпадают с ПТС;2 записи о регистрации;Не числится в розыске;Ограничений не обнаружено;Москве;бензин, 1.6 л;122 л.с., налог;робот;передний;;белый;217 674 км;левый;2 поколение;;;;
Mercedes-Benz;GL-Class;2013;3490000;https://auto.drom.ru/moscow/mercedes-benz/gl-class/53648089.html;Характеристики совпадают с ПТС;3 записи о регистрации;Не числится в розыске;Ограничений не обнаружено;Москве;бензин, 4.7 л;435 л.с., налог;АКПП;4WD;;черный;138 206 км;левый;2 поколение;GL 500 4MATIC AT;;;
Mercedes-Benz;GL-Class;2013;2850000;https://auto.drom.ru/spb/mercedes-benz/gl-class/713174879.html;Характеристики совпадают с ПТС;2 записи о регистрации;Не числится в розыске;Ограничений не обнаружено;Санкт-Петербурге;дизель, 3.0 л;249 л.с., налог;АКПП;4WD;;синий;230 000 км;левый;2 поколение;GL 350 BlueTEC 4MATIC AT Особая серия;;;
Mercedes-Benz;GLK-Class;2013;2380000;https://auto.drom.ru/ivanovo/mercedes-benz/glk-class/807186829.html;Характеристики совпадают с ПТС;5 записей о регистрации;Не числится в розыске;Ограничений не обнаружено;Иваново;дизель, 2.1 л;170 л.с., налог;АКПП;4WD;;черный;175 705 км;левый;1 поколение, рестайлинг;GLK 220 CDI 4MATIC AT Особая серия;;;
Mercedes-Benz;E-Class;2013;2435000;https://auto.drom.ru/spb/mercedes-benz/e-class/109044598.html;Характеристики совпадают с ПТС;5 записей о регистрации;Не числится в розыске;Ограничений не обнаружено;Санкт-Петербурге;бензин, 3.5 л;249 л.с., налог;АКПП;4WD;седан;белый;177 048 км;левый;4 поколение, рестайлинг;E 300 4MATIC AT Особая серия;;;
Mercedes-Benz;S-Class;2013;3059000;https://auto.drom.ru/moscow/mercedes-benz/s-class/53209140.html;Характеристики совпадают с ПТС;3 записи о регистрации;Не числится в розыске;Ограничений не обнаружено;Москве;бензин, 4.7 л;435 л.с., налог;АКПП;4WD;седан;черный;129 369 км;левый;5 поколение, рестайлинг;;;;
Mercedes-Benz;A-Class;2013;1850000;https://auto.drom.ru/voronezh/mercedes-benz/a-class/521317529.html;Характеристики совпадают с ПТС;7 записей о регистрации;Не числится в розыске;Ограничений не обнаружено;Воронеже;бензин, 1.6 л;122 л.с., налог;робот;передний;хэтчбек 5 дв.;белый;109 000 км;левый;3 поколение;A 180 DCT AMG LIne;;;
Mercedes-Benz;M-Class;2013;2450000;https://auto.drom.ru/spb/mercedes-benz/m-class/436655392.html;Характеристики совпадают с ПТС;5 записей о регистрации;Не числится в розыске;Ограничений не обнаружено;Санкт-Петербурге;дизель, 3.0 л;249 л.с., налог;АКПП;4WD;;черный;226 000 км;левый;3 поколение;ML 350 BlueTEC 4MATIC Особая серия;;;
Mercedes-Benz;M-Class;2013;3150000;https://auto.drom.ru/odintsovo/mercedes-benz/m-class/242575533.html;Характеристики совпадают с ПТС;3 записи о регистрации;Не числится в розыске;Ограничений не обнаружено;Одинцове;бензин, 3.5 л;306 л.с., налог;АКПП;4WD;;белый;143 000 км;левый;3 поколение;ML 350 AT 4MATIC;;;
Mercedes-Benz;M-Class;2013;2650000;https://auto.drom.ru/spb/mercedes-benz/m-class/49139614.html;Характеристики совпадают с ПТС;5 записей о регистрации;Не числится в розыске;Ограничений не обнаружено;Санкт-Петербурге;бензин, 3.5 л;306 л.с., налог;АКПП;4WD;;черный;228 000 км;левый;3 поколение;ML 350 AT 4MATIC;;;
Mercedes-Benz;A-Class;2013;1470000;https://auto.drom.ru/moscow/mercedes-benz/a-class/53950379.html;Характеристики совпадают с ПТС;4 записи о регистрации;Не числится в розыске;Ограничений не обнаружено;Москве;бензин, 1.6 л;122 л.с., налог;робот;передний;хэтчбек 5 дв.;черный;165 000 км;левый;3 поколение;;;;
Mercedes-Benz;E-Class;2013;2150000;https://auto.drom.ru/moscow/mercedes-benz/e-class/881705185.html;Характеристики совпадают с ПТС;1 запись о регистрации;Не числится в розыске;Ограничений не обнаружено;Москве;бензин, 2.0 л;184 л.с., налог;АКПП;задний;седан;белый;238 000 км;левый;4 поколение, рестайлинг;;;;
Mercedes-Benz;GL-Class;2013;3950000;https://auto.drom.ru/donetsk/mercedes-benz/gl-class/737241955.html;Характеристики совпадают с ПТС;3 записи о регистрации;Не числится в розыске;Ограничений не обнаружено;Донецке;бензин, 5.5 л;557 л.с., налог;АКПП;4WD;;белый;140 000 км;левый;2 поколение;GL 63 AMG 4MATIC;;;
Mercedes-Benz;C-Class;2013;1699000;https://auto.drom.ru/moscow/mercedes-benz/c-class/53930566.html;Характеристики совпадают с ПТС;3 записи о регистрации;Не числится в розыске;Ограничений не обнаружено;Москве;бензин, 1.6 л;156 л.с., налог;АКПП;задний;седан;белый;143 564 км;левый;;;;;
Mercedes-Benz;GL-Class;2013;3299999;https://auto.drom.ru/kazan/mercedes-benz/gl-class/53577541.html;Характеристики совпадают с ПТС;8 записей о регистрации;Не числится в розыске;Ограничений не обнаружено;Казани;дизель, 3.0 л;249 л.с., налог;АКПП;4WD;;белый;256 000 км;левый;2 поколение;GL 350 BlueTEC 4MATIC AT Особая серия;;;
Mercedes-Benz;M-Class;2013;4000000;https://auto.drom.ru/moscow/mercedes-benz/m-class/48297859.html;;;;;Москве;бензин, 3.0 л;333 л.с., налог;АКПП;4WD;;белый;61 500 км;левый;3 поколение;ML 400 4MATIC AT Особая серия;;;
Mercedes-Benz;Mercedes;2013;2450000;https://auto.drom.ru/kirov/mercedes-benz/mercedes/52676567.html;Характеристики совпадают с ПТС;3 записи о регистрации;Не числится в розыске;Ограничений не обнаружено;Кирове;дизель, 2.1 л;109 л.с., налог;механика;задний;;белый;240 000 км;левый;;;;;
Mercedes-Benz;E-Class;2013;2100000;https://auto.drom.ru/spb/mercedes-benz/e-class/53926728.html;Характеристики совпадают с ПТС;4 записи о регистрации;Не числится в розыске;Ограничений не обнаружено;Санкт-Петербурге;бензин, 2.0 л;184 л.с., налог;АКПП;задний;седан;черный;242 185 км;левый;4 поколение, рестайлинг;;;;
Mercedes-Benz;M-Class;2013;2610000;https://auto.drom.ru/volgograd/mercedes-benz/m-class/53920591.html;Характеристики совпадают с ПТС;5 записей о регистрации;Не числится в розыске;Ограничений не обнаружено;Волгограде;дизель, 3.0 л;258 л.с., налог;АКПП;4WD;;черный;108 597 км;левый;3 поколение;ML 350 BlueTEC AT 4MATIC;;;
Mercedes-Benz;A-Class;2013;1648844;https://auto.drom.ru/kazan/mercedes-benz/a-class/53920047.html;Характеристики совпадают с ПТС;4 записи о регистрации;Не числится в розыске;Ограничений не обнаружено;Казани;бензин, 1.6 л;122 л.с., налог;робот;передний;хэтчбек 5 дв.;красный;76 000 км;левый;3 поколение;;;;
Mercedes-Benz;E-Class;2013;1990000;https://auto.drom.ru/podolsk/mercedes-benz/e-class/52699181.html;Характеристики совпадают с ПТС;5 записей о регистрации;Не числится в розыске;Ограничений не обнаружено;Подольске;бензин, 2.0 л;184 л.с., налог;АКПП;задний;купе;черный;180 000 км;левый;4 поколение, рестайлинг;E 200 AT Особая серия;;;
Mercedes-Benz;M-Class;2013;3290000;https://auto.drom.ru/moscow/mercedes-benz/m-class/53553990.html;Характеристики совпадают с ПТС;4 записи о регистрации;Не числится в розыске;Ограничений не обнаружено;Москве;бензин, 3.5 л;306 л.с., налог;АКПП;4WD;;коричневый;141 000 км;левый;3 поколение;ML 350 AT 4MATIC;;;
Mercedes-Benz;CLA-Class;2013;2249000;https://auto.drom.ru/voronezh/mercedes-benz/cla-class/53553886.html;Характеристики совпадают с ПТС;2 записи о регистрации;Не числится в розыске;Ограничений не обнаружено;Воронеже;бензин, 1.6 л;156 л.с., налог;робот;передний;седан;серый;85 287 км;левый;1 поколение;;;;
Mercedes-Benz;GL-Class;2013;2800000;https://auto.drom.ru/moscow/mercedes-benz/gl-class/53147376.html;Характеристики совпадают с ПТС;6 записей о регистрации;Не числится в розыске;Ограничений не обнаружено;Москве;дизель, 3.0 л;249 л.с., налог;АКПП;4WD;;черный;286 000 км;левый;2 поколение;GL 350 BlueTEC 4MATIC AT Особая серия;;;
Mercedes-Benz;GL-Class;2013;3250000;https://auto.drom.ru/moscow/mercedes-benz/gl-class/53140803.html;Характеристики совпадают с ПТС;8 записей о регистрации;Не числится в розыске;Ограничений не обнаружено;Москве;бензин, 4.7 л;435 л.с., налог;АКПП;4WD;;черный;220 000 км;левый;2 поколение;GL 500 4MATIC;;;
Mercedes-Benz;GLK-Class;2013;2399000;https://auto.drom.ru/moscow/mercedes-benz/glk-class/287166502.html;Характеристики совпадают с ПТС;1 запись о регистрации;Не числится в розыске;Ограничений не обнаружено;Москве;дизель, 2.1 л;170 л.с., налог;АКПП;4WD;;черный;73 000 км;левый;1 поколение, рестайлинг;GLK 220 CDI 4MATIC AT Особая серия;;;
Mercedes-Benz;E-Class;2013;2240000;https://auto.drom.ru/volgograd/mercedes-benz/e-class/53119357.html;Характеристики совпадают с ПТС;3 записи о регистрации;Не числится в розыске;Ограничений не обнаружено;Волгограде;бензин, 2.0 л;184 л.с., налог;АКПП;задний;купе;серый;115 484 км;левый;4 поколение, рестайлинг;;;;
Mercedes-Benz;GL-Class;2013;3130000;https://auto.drom.ru/spb/mercedes-benz/gl-class/53551997.html;Характеристики совпадают с ПТС;4 записи о регистрации;Не числится в розыске;Ограничений не обнаружено;Санкт-Петербурге;дизель, 3.0 л;258 л.с., налог;АКПП;4WD;;серый;173 705 км;левый;2 поколение;;;;
Mercedes-Benz;M-Class;2013;2920000;https://auto.drom.ru/moscow/mercedes-benz/m-class/941456002.html;Характеристики совпадают с ПТС;1 запись о регистрации;Не числится в розыске;Ограничений не обнаружено;Москве;дизель, 3.0 л;249 л.с., налог;АКПП;4WD;;черный;165 000 км;левый;3 поколение;ML 350 BlueTEC 4MATIC Особая серия;;;
Mercedes-Benz;E-Class;2013;1750000;https://auto.drom.ru/moscow/mercedes-benz/e-class/228059709.html;Характеристики совпадают с ПТС;4 записи о регистрации;Не числится в розыске;Ограничений не обнаружено;Москве;бензин, 2.0 л;184 л.с., налог;АКПП;задний;седан;черный;340 000 км;левый;4 поколение, рестайлинг;;;;
Mercedes-Benz;CLA-Class;2013;1738000;https://auto.drom.ru/moscow/mercedes-benz/cla-class/123007498.html;Характеристики совпадают с ПТС;7 записей о регистрации;Не числится в розыске;Ограничений не обнаружено;Москве;бензин, 1.6 л;156 л.с., налог;робот;передний;седан;черный;155 690 км;левый;1 поколение;;;;
Mercedes-Benz;M-Class;2013;2200000;https://auto.drom.ru/spb/mercedes-benz/m-class/53536113.html;Характеристики совпадают с ПТС;6 записей о регистрации;Не числится в розыске;Ограничений не обнаружено;Санкт-Петербурге;дизель, 3.0 л;258 л.с., налог;АКПП;4WD;;черный;207 000 км;левый;3 поколение;ML 350 BlueTEC AT 4MATIC;;;
Mercedes-Benz;GL-Class;2013;3250000;https://auto.drom.ru/spb/mercedes-benz/gl-class/53531347.html;Характеристики совпадают с ПТС;2 записи о регистрации;Не числится в розыске;Ограничений не обнаружено;Санкт-Петербурге;дизель, 3.0 л;249 л.с., налог;АКПП;4WD;;коричневый;237 000 км;левый;2 поколение;GL 350 BlueTEC 4MATIC AT Особая серия;;;
Mercedes-Benz;GL-Class;2013;3799999;https://auto.drom.ru/moscow/mercedes-benz/gl-class/53530798.html;Характеристики совпадают с ПТС;4 записи о регистрации;Не числится в розыске;Ограничений не обнаружено;Москве;дизель, 3.0 л;249 л.с., налог;АКПП;4WD;;серый;199 999 км;левый;2 поколение;GL 350 BlueTEC 4MATIC AT Особая серия;;;
Mercedes-Benz;GLK-Class;2013;2599000;https://auto.drom.ru/volgograd/mercedes-benz/glk-class/53805794.html;Характеристики совпадают с ПТС;7 записей о регистрации;Не числится в розыске;Ограничений не обнаружено;Волгограде;дизель, 2.1 л;170 л.с., налог;АКПП;4WD;;белый;107 198 км;левый;1 поколение, рестайлинг;GLK 220 CDI 4MATIC AT Особая серия;;;
Mercedes-Benz;E-Class;2013;2500000;https://auto.drom.ru/moscow/mercedes-benz/e-class/306075184.html;Характеристики совпадают с ПТС;5 записей о регистрации;Не числится в розыске;Ограничений не обнаружено;Москве;бензин, 2.0 л;184 л.с., налог;АКПП;задний;седан;белый;150 000 км;левый;4 поколение, рестайлинг;;;;
Mercedes-Benz;E-Class;2013;2299000;https://auto.drom.ru/voronezh/mercedes-benz/e-class/53524757.html;Характеристики совпадают с ПТС;5 записей о регистрации;Не числится в розыске;Ограничений не обнаружено;Воронеже;бензин, 2.0 л;184 л.с., налог;АКПП;задний;седан;белый;161 569 км;левый;4 поколение, рестайлинг;;;;
Mercedes-Benz;C-Class;2013;1950000;https://auto.drom.ru/moscow/mercedes-benz/c-class/197072021.html;Характеристики совпадают с ПТС;5 записей о регистрации;Не числится в розыске;Ограничений не обнаружено;Москве;дизель, 2.1 л;204 л.с., налог;АКПП;4WD;седан;черный;131 000 км;левый;3 поколение, рестайлинг;C 250 CDI 4MATIC AT Classic;;;
Mercedes-Benz;CLA-Class;2013;1689000;https://auto.drom.ru/spb/mercedes-benz/cla-class/632709346.html;Характеристики совпадают с ПТС;3 записи о регистрации;Не числится в розыске;Ограничений не обнаружено;Санкт-Петербурге;бензин, 1.6 л;156 л.с., налог;робот;передний;седан;серебристый;104 000 км;левый;1 поколение;;;;
Mercedes-Benz;S-Class;2013;3400000;https://auto.drom.ru/moscow/mercedes-benz/s-class/53444214.html;Характеристики совпадают с ПТС;6 записей о регистрации;Не числится в розыске;Ограничений не обнаружено;Москве;бензин, 4.7 л;455 л.с., налог;АКПП;4WD;седан;черный;166 000 км;левый;6 поколение;;;;
Mercedes-Benz;GL-Class;2013;4077170;https://auto.drom.ru/kazan/mercedes-benz/gl-class/53867773.html;Характеристики совпадают с ПТС;1 запись о регистрации;Не числится в розыске;Ограничений не обнаружено;Казани;бензин;;автомат;;;белый;155 600 км;левый;2 поколение;;;;
Mercedes-Benz;GLK-Class;2013;2000000;https://auto.drom.ru/spb/mercedes-benz/glk-class/53083119.html;Характеристики совпадают с ПТС;2 записи о регистрации;Не числится в розыске;Ограничений не обнаружено;Санкт-Петербурге;бензин, 3.5 л;249 л.с., налог;АКПП;4WD;;серый;100 000 км;левый;1 поколение, рестайлинг;GLK 300 4MATIC AT Особая серия;;;
Mercedes-Benz;A-Class;2013;1500000;https://auto.drom.ru/moscow/mercedes-benz/a-class/53864389.html;Характеристики совпадают с ПТС;1 запись о регистрации;Не числится в розыске;Ограничений не обнаружено;Москве;бензин, 1.6 л;122 л.с., налог;робот;передний;хэтчбек 5 дв.;черный;80 300 км;левый;3 поколение;;;;
Mercedes-Benz;GLK-Class;2014;2150000;https://auto.drom.ru/saratov/mercedes-benz/glk-class/53835791.html;Характеристики совпадают с ПТС;4 записи о регистрации;Не числится в розыске;Ограничений не обнаружено;Саратове;дизель, 2.1 л;170 л.с., налог;АКПП;4WD;;белый;230 000 км;левый;1 поколение, рестайлинг;GLK 220 CDI 4MATIC AT Особая серия;;;
Mercedes-Benz;S-Class;2014;2940000;https://auto.drom.ru/moscow/mercedes-benz/s-class/52222583.html;Характеристики совпадают с ПТС;3 записи о регистрации;Не числится в розыске;Ограничений не обнаружено;Москве;бензин;;автомат;;седан;черный;421 024 км;левый;6 поколение;;;;
Mercedes-Benz;M-Class;2014;2648000;https://auto.drom.ru/moscow/mercedes-benz/m-class/390293450.html;Характеристики совпадают с ПТС;6 записей о регистрации;Не числится в розыске;Ограничений не обнаружено;Москве;бензин, 3.0 л;333 л.с., налог;АКПП;4WD;;серый;178 415 км;левый;3 поколение;;;;
Mercedes-Benz;C-Class;2014;2100000;https://auto.drom.ru/moscow/mercedes-benz/c-class/906313603.html;Характеристики совпадают с ПТС;1 запись о регистрации;Не числится в розыске;Ограничений не обнаружено;Москве;бензин, 1.6 л;156 л.с., налог;АКПП;задний;седан;серый;193 195 км;левый;;;;;
Mercedes-Benz;E-Class;2014;2000000;https://auto.drom.ru/moscow/mercedes-benz/e-class/52605499.html;Характеристики совпадают с ПТС;5 записей о регистрации;Не числится в розыске;Есть ограничения;Москве;бензин, 2.0 л;211 л.с., налог;АКПП;задний;седан;белый;295 000 км;левый;4 поколение, рестайлинг;E 250 AT Особая серия;;;
Mercedes-Benz;GL-Class;2014;3000000;https://auto.drom.ru/moscow/mercedes-benz/gl-class/53088209.html;Мощность двигателя не совпадает с ПТС;4 записи о регистрации;Не числится в розыске;Ограничений не обнаружено;Москве;бензин, 4.7 л;435 л.с., налог;АКПП;4WD;;черный;205 000 км;левый;2 поколение;;;;
Mercedes-Benz;M-Class;2014;3047517;https://auto.drom.ru/minsk/mercedes-benz/m-class/261003455.html;;;;;Минске;дизель, 3.0 л;258 л.с., налог;АКПП;4WD;;черный;245 000 км;левый;3 поколение;ML 350 BlueTEC AT 4MATIC;;;
Mercedes-Benz;GLA-Class;2014;2185000;https://auto.drom.ru/tula/mercedes-benz/gla-class/729902980.html;Характеристики совпадают с ПТС;4 записи о регистрации;Не числится в розыске;Ограничений не обнаружено;Туле;бензин, 2.0 л;211 л.с., налог;робот;4WD;;серый;96 850 км;левый;1 поколение;GLA 250 4MATIC Особая серия;;;
Mercedes-Benz;S-Class;2014;3329789;https://auto.drom.ru/spb/mercedes-benz/s-class/852382852.html;Характеристики совпадают с ПТС;7 записей о регистрации;Не числится в розыске;Ограничений не обнаружено;Санкт-Петербурге;дизель, 3.0 л;249 л.с., налог;автомат;4WD;седан;черный;209 980 км;левый;6 поколение;;;;
Mercedes-Benz;Viano;2014;2670000;https://auto.drom.ru/cherepovets/mercedes-benz/viano/53839228.html;Характеристики совпадают с ПТС;5 записей о регистрации;Не числится в розыске;Ограничений не обнаружено;Череповце;дизель, 2.1 л;163 л.с., налог;автомат;4WD;;коричневый;185 643 км;левый;;;;;
Mercedes-Benz;C-Class;2014;1799000;https://auto.drom.ru/moscow/mercedes-benz/c-class/53838653.html;Характеристики совпадают с ПТС;2 записи о регистрации;Не числится в розыске;Ограничений не обнаружено;Москве;бензин, 1.6 л;156 л.с., налог;АКПП;задний;седан;белый;131 000 км;левый;;;;;
Mercedes-Benz;A-Class;2014;1800000;https://auto.drom.ru/kazan/mercedes-benz/a-class/152151724.html;Характеристики совпадают с ПТС;3 записи о регистрации;Не числится в розыске;Ограничений не обнаружено;Казани;бензин, 1.6 л;122 л.с., налог;робот;передний;хэтчбек 5 дв.;фиолетовый;129 000 км;левый;3 поколение;;;;
Mercedes-Benz;C-Class;2014;1930094;https://auto.drom.ru/minsk/mercedes-benz/c-class/54122039.html;Характеристики совпадают с ПТС;2 записи о регистрации;Не числится в розыске;Ограничений не обнаружено;Минске;бензин, 1.6 л;156 л.с., налог;АКПП;задний;седан;черный;222 612 км;левый;4 поколение;;;;
Mercedes-Benz;C-Class;2014;2035000;https://auto.drom.ru/volgograd/mercedes-benz/c-class/443932478.html;Характеристики совпадают с ПТС;7 записей о регистрации;Не числится в розыске;Ограничений не обнаружено;Волгограде;бензин, 1.6 л;156 л.с., налог;АКПП;задний;седан;черный;142 424 км;левый;4 поколение;C 180 Особая серия;;;
Mercedes-Benz;V-Class;2014;3240000;https://auto.drom.ru/moscow/mercedes-benz/v-class/54111960.html;Характеристики совпадают с ПТС;5 записей о регистрации;Не числится в розыске;Ограничений не обнаружено;Москве;дизель, 2.1 л;190 л.с., налог;АКПП;задний;;серебристый;226 778 км;левый;3 поколение;;;;
Mercedes-Benz;GLA-Class;2014;1530000;https://auto.drom.ru/moscow/mercedes-benz/gla-class/53461009.html;Характеристики совпадают с ПТС;3 записи о регистрации;Не числится в розыске;Ограничений не обнаружено;Москве;бензин, 1.6 л;156 л.с., налог;робот;передний;;черный;188 500 км;левый;1 поколение;;;;
Mercedes-Benz;C-Class;2014;2660000;https://auto.drom.ru/moscow/mercedes-benz/c-class/710826798.html;Характеристики совпадают с ПТС;2 записи о регистрации;Не числится в розыске;Ограничений не обнаружено;Москве;бензин, 1.6 л;156 л.с., налог;АКПП;задний;седан;белый;54 541 км;левый;;;;;
Mercedes-Benz;GLK-Class;2014;2229000;https://auto.drom.ru/spb/mercedes-benz/glk-class/225525353.html;Характеристики совпадают с ПТС;2 записи о регистрации;Не числится в розыске;Ограничений не обнаружено;Санкт-Петербурге;бензин, 2.0 л;211 л.с., налог;АКПП;4WD;;белый;155 000 км;левый;1 поколение, рестайлинг;;;;
Mercedes-Benz;G-Class;2014;7417000;https://auto.drom.ru/moscow/mercedes-benz/g-class/485944981.html;Характеристики совпадают с ПТС;4 записи о регистрации;Не числится в розыске;Ограничений не обнаружено;Москве;бензин, 5.5 л;544 л.с., налог;АКПП;4WD;джип/suv 5 дв.;белый;89 000 км;левый;2 поколение, 6 рестайлинг;G 63 AMG;;;
