Бренд;Модель;Год;Цена;URL;ПТС;Владельцы;Розыск;Ограничения;Город;Двигатель;Мощность;Коробка передач;Привод;Пробег;Руль;Поколение;Цвет;Тип кузова;Комплектация;Особые отметки;VIN;
Audi;Q7;2019;5129000;https://auto.drom.ru/spb/audi/q7/53126921.html;Характеристики совпадают с ПТС;3 записи о регистрации;Не числится в розыске;Ограничений не обнаружено;Санкт-Петербурге;дизель, 3.0 л;249 л.с., налог;АКПП;4WD;108 110 км;левый;2 поколение;черный;;;;;
Audi;A3;2019;1950000;https://auto.drom.ru/moscow/audi/a3/53533799.html;Характеристики совпадают с ПТС;2 записи о регистрации;Не числится в розыске;Ограничений не обнаружено;Москве;бензин, 1.4 л;150 л.с., налог;робот;передний;107 674 км;левый;3 поколение, рестайлинг;белый;седан;;;;
Audi;A4;2019;2380000;https://auto.drom.ru/spb/audi/a4/53116038.html;Характеристики совпадают с ПТС;2 записи о регистрации;Не числится в розыске;Ограничений не обнаружено;Санкт-Петербурге;бензин, 1.4 л;150 л.с., налог;робот;передний;133 058 км;левый;5 поколение;белый;седан;;;;
Audi;A4;2019;2400000;https://auto.drom.ru/krasnogorsk/audi/a4/53357226.html;Характеристики совпадают с ПТС;4 записи о регистрации;Не числится в розыске;Ограничений не обнаружено;Красногорске;бензин, 1.4 л;150 л.с., налог;робот;передний;55 400 км;левый;5 поколение;серый;седан;1.4 35 TFSI S tronic Design;;;
Audi;Q7;2019;4310936;https://auto.drom.ru/minsk/audi/q7/53888283.html;;;;;Минске;дизель, 3.0 л;286 л.с., налог;АКПП;4WD;216 000 км;левый;2 поколение;белый;;3.0 50 TDI quattro tiptronic;;;
Audi;Q8;2019;6767000;https://auto.drom.ru/moscow/audi/q8/452930588.html;Характеристики совпадают с ПТС;2 записи о регистрации;Не числится в розыске;Ограничений не обнаружено;Москве;дизель, 3.0 л;249 л.с., налог;АКПП;4WD;89 952 км;левый;1 поколение;серый;;;;;
Audi;A6 allroad quattro;2019;4971547;https://auto.drom.ru/moscow/audi/a6_allroad_quattro/773859740.html;;;;;Москве;дизель, 3.0 л, гибрид;249 л.с., налог;АКПП;4WD;74 000 км;левый;4 поколение;черный;;;;;
Audi;Q5;2019;4199000;https://auto.drom.ru/moscow/audi/q5/929583496.html;Характеристики совпадают с ПТС;1 запись о регистрации;Не числится в розыске;Ограничений не обнаружено;Москве;бензин, 2.0 л;249 л.с., налог;робот;4WD;33 542 км;левый;2 поколение;голубой;;;;;
Audi;A6;2019;3550000;https://auto.drom.ru/kazan/audi/a6/200751803.html;Мощность двигателя не совпадает с ПТС;1 запись о регистрации;Не числится в розыске;Ограничений не обнаружено;Казани;дизель, 2.0 л;204 л.с., налог;автомат;передний;129 229 км;левый;;черный;седан;;;;
Audi;A4;2019;2425000;https://auto.drom.ru/moscow/audi/a4/53872978.html;Характеристики совпадают с ПТС;4 записи о регистрации;Не числится в розыске;Ограничений не обнаружено;Москве;бензин, 1.4 л;150 л.с., налог;робот;передний;93 773 км;левый;5 поколение;серый;седан;;;;
Audi;A5;2019;3220000;https://auto.drom.ru/spb/audi/a5/53877201.html;;;;;Санкт-Петербурге;бензин, 2.0 л;252 л.с., налог;автомат;4WD;53 000 км;левый;;черный;лифтбек;;;;
Audi;e-tron;2019;6450000;https://auto.drom.ru/spb/audi/e-tron/53870574.html;Мощность двигателя не совпадает с ПТС;1 запись о регистрации;Не числится в розыске;Ограничений не обнаружено;Санкт-Петербурге;электро;408 л.с., налог;АКПП;4WD;55 000 км;левый;1 поколение;синий;;95 kWh 55 quattro e-tron Advanced;;;
Audi;Q8;2019;6500000;https://auto.drom.ru/tver/audi/q8/53870177.html;Характеристики совпадают с ПТС;2 записи о регистрации;Не числится в розыске;Ограничений не обнаружено;Твери;бензин, 3.0 л;340 л.с., налог;автомат;4WD;75 289 км;левый;1 поколение;серый;;;;;
Audi;Q5;2022;4850000;https://auto.drom.ru/moscow/audi/q5/53434445.html;;;;;Москве;бензин, 2.0 л, гибрид;249 л.с., налог;робот;4WD;8 000 км;левый;2 поколение, рестайлинг;белый;;;;;
Audi;A5;2022;5100000;https://auto.drom.ru/moscow/audi/a5/53307240.html;Характеристики совпадают с ПТС;1 запись о регистрации;Не числится в розыске;Ограничений не обнаружено;Москве;бензин, 2.0 л, гибрид;265 л.с., налог;робот;4WD;10 450 км;левый;2 поколение, рестайлинг;серый;купе;2.0 45 TFSI quattro S tronic S line;;;
Audi;A4;2022;4360000;https://auto.drom.ru/moscow/audi/a4/53686552.html;Характеристики совпадают с ПТС;1 запись о регистрации;Не числится в розыске;Ограничений не обнаружено;Москве;бензин, 2.0 л;150 л.с., налог;робот;передний;24 609 км;левый;5 поколение, рестайлинг;белый;седан;2.0 35 TFSI S tronic;;;
Audi;Q4 e-tron;2022;4574305;https://auto.drom.ru/minsk/audi/q4_e-tron/53672258.html;;;;;Минске;электро;204 л.с., налог;АКПП;задний;21 000 км;левый;1 поколение;белый;;77 kWh 40 E-tron;;;
Audi;Q8;2022;13785000;https://auto.drom.ru/moscow/audi/q8/51151155.html;;;;;Москве;дизель, 3.0 л;249 л.с., налог;АКПП;4WD;новый автомобиль;левый;1 поколение;серый;;3.0 45 TDI quattro tiptronic;;XW8**************;
Audi;Q7;2022;10011000;https://auto.drom.ru/moscow/audi/q7/51151167.html;;;;;Москве;дизель, 3.0 л;249 л.с., налог;АКПП;4WD;новый автомобиль;левый;2 поколение, рестайлинг;;;3.0 45 TDI quattro tiptronic;;XW8**************;
Audi;Q8;2022;13607000;https://auto.drom.ru/moscow/audi/q8/51151180.html;;;;;Москве;дизель, 3.0 л;249 л.с., налог;АКПП;4WD;новый автомобиль;левый;1 поколение;белый;;3.0 45 TDI quattro tiptronic;;XW8**************;
Audi;A3;2022;3699000;https://auto.drom.ru/spb/audi/a3/853904563.html;;;;;Санкт-Петербурге;бензин, 2.0 л;190 л.с., налог;автомат;4WD;11 000 км;левый;;белый;седан;;;;
Audi;Q8;2022;12000000;https://auto.drom.ru/moscow/audi/q8/53245882.html;;;;;Москве;бензин, 3.0 л, гибрид;340 л.с., налог;АКПП;4WD;новый автомобиль;левый;1 поколение;белый;;3.0 55 TFSI quattro tiptronic;;WAU**************;
Audi;A6;2022;6145000;https://auto.drom.ru/spb/audi/a6/51940217.html;;;;;Санкт-Петербурге;дизель, 2.0 л;204 л.с., налог;автомат;4WD;13 079 км;левый;;синий;универсал;;;;
Audi;e-tron;2022;11400000;https://auto.drom.ru/voronezh/audi/e-tron/50343891.html;;;;;Воронеже;электро;;автомат;4WD;новый автомобиль;левый;1 поколение;бежевый;;;;WAU**************;
Audi;Q5;2022;4999000;https://auto.drom.ru/moscow/audi/q5/242411834.html;Характеристики совпадают с ПТС;1 запись о регистрации;Не числится в розыске;Ограничений не обнаружено;Москве;бензин, 2.0 л;265 л.с., налог;автомат;4WD;13 798 км;левый;;черный;;;;;
Audi;A8;2022;13399000;https://auto.drom.ru/moscow/audi/a8/53756209.html;;;;;Москве;бензин, 3.0 л;340 л.с., налог;автомат;4WD;20 868 км;левый;;серый;;;;;
Audi;A4;2022;5850000;https://auto.drom.ru/moscow/audi/a4/53218347.html;;;;;Москве;бензин, 2.0 л;150 л.с., налог;робот;передний;новый автомобиль;левый;5 поколение, рестайлинг;черный;седан;;;WAU**************;
Audi;A4;2022;5750000;https://auto.drom.ru/moscow/audi/a4/53218335.html;;;;;Москве;бензин, 2.0 л;150 л.с., налог;робот;передний;новый автомобиль;левый;5 поколение, рестайлинг;синий;седан;;;WAU**************;
Audi;A4;2022;5850000;https://auto.drom.ru/moscow/audi/a4/53218346.html;;;;;Москве;бензин, 2.0 л;150 л.с., налог;робот;передний;новый автомобиль;левый;5 поколение, рестайлинг;голубой;седан;;;WAU**************;
Audi;A6;2022;8790000;https://auto.drom.ru/nizhniy-novgorod/audi/a6/52435774.html;;;;;Нижнем Новгороде;бензин, 2.0 л;;автомат;;новый автомобиль;левый;;черный;седан;;;WAU**************;
Audi;A6;2022;7900000;https://auto.drom.ru/moscow/audi/a6/53611907.html;;;;;Москве;бензин, 2.0 л;245 л.с., налог;автомат;4WD;новый автомобиль;левый;;черный;седан;;;WAU**************;
Audi;A6;2022;7900000;https://auto.drom.ru/moscow/audi/a6/53611911.html;;;;;Москве;бензин, 2.0 л;245 л.с., налог;автомат;4WD;новый автомобиль;левый;;черный;седан;;;WAU**************;
Audi;A6;2022;7900000;https://auto.drom.ru/moscow/audi/a6/53611902.html;;;;;Москве;бензин, 2.0 л;245 л.с., налог;автомат;4WD;новый автомобиль;левый;;белый;седан;;;WAU**************;
Audi;Q6;2022;9680370;https://auto.drom.ru/moscow/audi/q6/52761660.html;;;;;Москве;бензин, 2.0 л;265 л.с., налог;робот;4WD;новый автомобиль;левый;1 поколение;черный;;2.0 45 TFSI quattro Roadjet;;LSV**************;
Audi;Q5 Sportback;2022;7800000;https://auto.drom.ru/moscow/audi/q5_sportback/935098507.html;;;;;Москве;дизель, 2.0 л;204 л.с., налог;автомат;4WD;новый автомобиль;левый;;зеленый;;;;WAU**************;
Audi;Q8;2022;20000000;https://auto.drom.ru/moscow/audi/q8/53949224.html;;;;;Москве;бензин, 4.0 л;600 л.с., налог;автомат;4WD;новый автомобиль;левый;;черный;;;;WUA**************;
Audi;Q5;2022;5600000;https://auto.drom.ru/spb/audi/q5/53610714.html;Характеристики совпадают с ПТС;1 запись о регистрации;Не числится в розыске;Ограничений не обнаружено;Санкт-Петербурге;бензин, 2.0 л, гибрид;265 л.с., налог;робот;4WD;38 950 км;левый;2 поколение, рестайлинг;белый;;2.0 45 TFSI quattro S tronic S line;;;
Audi;A6;2022;9212000;https://auto.drom.ru/moscow/audi/a6/52755428.html;;;;;Москве;бензин, 2.0 л, гибрид;245 л.с., налог;робот;4WD;новый автомобиль;левый;5 поколение;синий;седан;2.0 45 TFSI quattro S tronic;;WAU**************;
Audi;Q5;2022;7450000;https://auto.drom.ru/moscow/audi/q5/710118696.html;;;;;Москве;дизель, 2.0 л, гибрид;204 л.с., налог;робот;4WD;2 200 км;левый;2 поколение, рестайлинг;черный;;2.0 40 TDI quattro S tronic S line;;;
Audi;A4;2022;3739700;https://auto.drom.ru/moscow/audi/a4/276189612.html;Характеристики совпадают с ПТС;2 записи о регистрации;Не числится в розыске;Ограничений не обнаружено;Москве;бензин, 2.0 л;150 л.с., налог;робот;передний;42 512 км;левый;5 поколение, рестайлинг;зеленый;универсал;;;;
Audi;A6;2022;9224000;https://auto.drom.ru/moscow/audi/a6/53123555.html;;;;;Москве;бензин, 2.0 л, гибрид;245 л.с., налог;робот;4WD;новый автомобиль;левый;5 поколение;серый;седан;2.0 45 TFSI quattro S tronic;;WAU**************;
Audi;A4;2022;5790000;https://auto.drom.ru/moscow/audi/a4/186450562.html;Характеристики совпадают с ПТС;1 запись о регистрации;Не числится в розыске;Ограничений не обнаружено;Москве;бензин, 2.0 л;249 л.с., налог;робот;4WD;22 595 км;левый;5 поколение, рестайлинг;серый;универсал;;;;
Audi;A6;2022;7400000;https://auto.drom.ru/moscow/audi/a6/747347346.html;;;;;Москве;дизель, 3.0 л, гибрид;231 л.с., налог;АКПП;4WD;11 000 км, без пробега по РФ;левый;5 поколение;синий;седан;;;;
Audi;Q5 Sportback;2022;7400000;https://auto.drom.ru/moscow/audi/q5_sportback/53930798.html;Модель не совпадает с ПТС;1 запись о регистрации;Не числится в розыске;Ограничений не обнаружено;Москве;бензин, 2.0 л;265 л.с., налог;автомат;4WD;8 318 км;левый;;черный;;;;;
Audi;A6;2022;6200000;https://auto.drom.ru/spb/audi/a6/51461869.html;;;;;Санкт-Петербурге;дизель, 2.0 л;204 л.с., налог;автомат;4WD;5 667 км;левый;;серый;универсал;;;;
Audi;Q5 e-tron;2022;5054000;https://auto.drom.ru/moscow/audi/q5_e-tron/53927302.html;;;;;Москве;электро;204 л.с., налог;АКПП;задний;новый автомобиль;левый;1 поколение;;;83.4 kWh 40 e-tron;;LSV**************;
Audi;Q5 e-tron;2022;5069000;https://auto.drom.ru/moscow/audi/q5_e-tron/53927314.html;;;;;Москве;электро;204 л.с., налог;АКПП;задний;новый автомобиль;левый;1 поколение;черный;;83.4 kWh 40 e-tron;;LSV**************;
Audi;Q5 e-tron;2022;5054000;https://auto.drom.ru/moscow/audi/q5_e-tron/53927294.html;;;;;Москве;электро;204 л.с., налог;АКПП;задний;новый автомобиль;левый;1 поколение;синий;;83.4 kWh 40 e-tron;;LSV**************;
Audi;Q5;2022;8200000;https://auto.drom.ru/moscow/audi/q5/53151580.html;;;;;Москве;бензин, 2.0 л;249 л.с., налог;автомат;4WD;новый автомобиль;левый;;серый;;;;WAU**************;
Audi;Q5;2022;7800000;https://auto.drom.ru/moscow/audi/q5/53151583.html;;;;;Москве;бензин, 2.0 л;249 л.с., налог;автомат;4WD;новый автомобиль;левый;;красный;;;;WAU**************;
Audi;Q5;2022;7750000;https://auto.drom.ru/spb/audi/q5/52272215.html;;;;;Санкт-Петербурге;бензин, 2.0 л;249 л.с., налог;автомат;4WD;новый автомобиль;левый;;синий;;;;WAU**************;
Audi;Q7;2022;8890000;https://auto.drom.ru/spb/audi/q7/53909560.html;Характеристики совпадают с ПТС;1 запись о регистрации;Не числится в розыске;Ограничений не обнаружено;Санкт-Петербурге;дизель, 3.0 л;231 л.с., налог;автомат;4WD;13 885 км;левый;;черный;;;;;
Audi;A4;2022;3200000;https://auto.drom.ru/minsk/audi/a4/53562566.html;;;;;Минске;бензин, 2.0 л, гибрид;265 л.с., налог;робот;4WD;9 000 км;левый;5 поколение, рестайлинг;черный;седан;2.0 45 TFSI quattro S tronic;;;
Audi;Q8;2022;15990000;https://auto.drom.ru/spb/audi/q8/53552950.html;;;;;Санкт-Петербурге;дизель, 3.0 л;249 л.с., налог;АКПП;4WD;новый автомобиль;левый;1 поколение;синий;;;;XW8**************;
Audi;Q8;2022;15990000;https://auto.drom.ru/spb/audi/q8/53552951.html;;;;;Санкт-Петербурге;дизель, 3.0 л;249 л.с., налог;АКПП;4WD;новый автомобиль;левый;1 поколение;оранжевый;;;;XW8**************;
Audi;A4;2022;4883000;https://auto.drom.ru/moscow/audi/a4/53513820.html;;;;;Москве;бензин, 2.0 л;150 л.с., налог;робот;передний;новый автомобиль;левый;5 поколение, рестайлинг;черный;универсал;;;WAU**************;
Audi;Q8;2022;11550000;https://auto.drom.ru/moscow/audi/q8/53898545.html;;;;;Москве;бензин, 3.0 л;340 л.с., налог;автомат;4WD;новый автомобиль;левый;;белый;;;;WAU**************;
Audi;Q8;2022;11550000;https://auto.drom.ru/moscow/audi/q8/53898550.html;;;;;Москве;бензин, 3.0 л;340 л.с., налог;автомат;4WD;новый автомобиль;левый;;серый;;;;WAU**************;
Audi;Q5;2022;4490000;https://auto.drom.ru/minsk/audi/q5/53135291.html;;;;;Минске;бензин, 2.0 л, гибрид;265 л.с., налог;робот;4WD;14 000 км;левый;2 поколение, рестайлинг;серый;;2.0 45 TFSI quattro S tronic S line;;;
Audi;A4;2022;6560000;https://auto.drom.ru/spb/audi/a4/53122175.html;;;;;Санкт-Петербурге;бензин, 2.0 л;150 л.с., налог;робот;передний;новый автомобиль;левый;5 поколение, рестайлинг;голубой;седан;;;WAU**************;
Audi;A4;2022;6140000;https://auto.drom.ru/spb/audi/a4/53122158.html;;;;;Санкт-Петербурге;бензин, 2.0 л;150 л.с., налог;робот;передний;новый автомобиль;левый;5 поколение, рестайлинг;серый;седан;;;WAU**************;
Audi;A4;2022;5440000;https://auto.drom.ru/spb/audi/a4/53122160.html;;;;;Санкт-Петербурге;бензин, 2.0 л;150 л.с., налог;робот;передний;новый автомобиль;левый;5 поколение, рестайлинг;голубой;седан;;;WAU**************;
Audi;Q8;2022;10740000;https://auto.drom.ru/moscow/audi/q8/52669530.html;;;;;Москве;бензин, 3.0 л;340 л.с., налог;автомат;4WD;10 км;левый;;серебристый;;;;;
Audi;RS6;2022;17000000;https://auto.drom.ru/moscow/audi/rs6/739711187.html;;;;;Москве;бензин, 4.0 л, гибрид;600 л.с., налог;АКПП;4WD;10 000 км;левый;5 поколение;черный;универсал;4.0 TFSI quattro tiptronic;;;
Audi;Q8;2022;14574000;https://auto.drom.ru/moscow/audi/q8/53038545.html;;;;;Москве;дизель, 3.0 л;249 л.с., налог;АКПП;4WD;новый автомобиль;левый;1 поколение;серый;;3.0 45 TDI quattro tiptronic;;XW8**************;
Audi;A5;2022;4500000;https://auto.drom.ru/spb/audi/a5/52653099.html;;;;;Санкт-Петербурге;бензин, 2.0 л;265 л.с., налог;автомат;4WD;7 034 км;левый;;черный;открытый;;;;
Audi;Q3;2022;4390000;https://auto.drom.ru/yaroslavl/audi/q3/106678313.html;;;;;Ярославле;бензин, 2.0 л;231 л.с., налог;автомат;4WD;35 000 км, без пробега по РФ;левый;2 поколение;черный;;;;;
Audi;Q5;2022;8157000;https://auto.drom.ru/moscow/audi/q5/53867006.html;;;;;Москве;бензин, 2.0 л, гибрид;249 л.с., налог;робот;4WD;новый автомобиль;левый;2 поколение, рестайлинг;красный;;2.0 45 TFSI quattro S tronic Design;;WAU**************;
Audi;Q8;2023;13800000;https://auto.drom.ru/moscow/audi/q8/490152988.html;;;;;Москве;дизель, 3.0 л;286 л.с., налог;АКПП;4WD;новый автомобиль;левый;2 поколение;белый;;3.0 50 TDI quattro tiptronic;;WAU**************;
Audi;Q3;2023;4950000;https://auto.drom.ru/moscow/audi/q3/684828590.html;;;;;Москве;бензин, 1.4 л;150 л.с., налог;автомат;передний;новый автомобиль;левый;;белый;;;;LFV**************;
Audi;Q3;2023;4950000;https://auto.drom.ru/moscow/audi/q3/571103825.html;;;;;Москве;бензин, 1.4 л;150 л.с., налог;автомат;передний;новый автомобиль;левый;;белый;;;;LFV**************;
Audi;Q8;2023;16199000;https://auto.drom.ru/moscow/audi/q8/54136590.html;;;;;Москве;дизель, 3.0 л;286 л.с., налог;АКПП;4WD;новый автомобиль;левый;2 поколение;черный;;3.0 50 TDI quattro tiptronic;;WAU**************;
Audi;Q8;2023;16195000;https://auto.drom.ru/moscow/audi/q8/54136591.html;;;;;Москве;дизель, 3.0 л;286 л.с., налог;АКПП;4WD;новый автомобиль;левый;2 поколение;черный;;3.0 50 TDI quattro tiptronic;;WAU**************;
Audi;Q6;2023;9994600;https://auto.drom.ru/spb/audi/q6/53907106.html;Характеристики совпадают с ПТС;1 запись о регистрации;Не числится в розыске;Ограничений не обнаружено;Санкт-Петербурге;бензин, 2.0 л;265 л.с., налог;робот;4WD;новый автомобиль;левый;1 поколение;черный;;2.0 45 TFSI quattro Roadjet;;LSV**************;
Audi;Q8;2023;15950000;https://auto.drom.ru/moscow/audi/q8/53803529.html;;;;;Москве;дизель, 3.0 л;286 л.с., налог;АКПП;4WD;новый автомобиль;левый;1 поколение;черный;;3.0 50 TDI quattro tiptronic;;WAU**************;
Audi;Q8;2023;13650000;https://auto.drom.ru/moscow/audi/q8/52112995.html;;;;;Москве;дизель, 3.0 л;286 л.с., налог;автомат;4WD;новый автомобиль;левый;;черный;;;;WAU**************;
Audi;Q6;2023;9994600;https://auto.drom.ru/spb/audi/q6/191374947.html;;;;;Санкт-Петербурге;бензин, 2.0 л;265 л.с., налог;робот;4WD;новый автомобиль;левый;1 поколение;синий;;2.0 45 TFSI quattro Roadjet;;LSV**************;
Audi;Q7;2023;14990000;https://auto.drom.ru/spb/audi/q7/665900492.html;;;;;Санкт-Петербурге;3.0 л;286 л.с., налог;автомат;4WD;новый автомобиль;левый;;серый;;;;WAU**************;
Audi;Q6;2023;9994600;https://auto.drom.ru/spb/audi/q6/216992280.html;;;;;Санкт-Петербурге;бензин, 2.0 л;265 л.с., налог;робот;4WD;новый автомобиль;левый;1 поколение;синий;;2.0 45 TFSI quattro Roadjet;;LSV**************;
Audi;Q6;2023;13428500;https://auto.drom.ru/spb/audi/q6/293293314.html;;;;;Санкт-Петербурге;бензин, 2.5 л;299 л.с., налог;робот;4WD;новый автомобиль;левый;1 поколение;коричневый;;2.5 50 TFSI quattro Roadjet;;LSV**************;
Audi;Q6;2023;13428500;https://auto.drom.ru/spb/audi/q6/203730764.html;;;;;Санкт-Петербурге;бензин, 2.5 л;299 л.с., налог;робот;4WD;новый автомобиль;левый;1 поколение;коричневый;;2.5 50 TFSI quattro Roadjet;;LSV**************;
Audi;Q6;2023;13428500;https://auto.drom.ru/spb/audi/q6/219192339.html;;;;;Санкт-Петербурге;бензин, 2.5 л;299 л.с., налог;робот;4WD;новый автомобиль;левый;1 поколение;коричневый;;2.5 50 TFSI quattro Roadjet;;LSV**************;
Audi;Q6;2023;12733000;https://auto.drom.ru/spb/audi/q6/425898168.html;;;;;Санкт-Петербурге;бензин, 2.5 л;299 л.с., налог;робот;4WD;новый автомобиль;левый;1 поколение;черный;;2.5 50 TFSI quattro Roadjet;;LSV**************;
Audi;Q6;2023;12733000;https://auto.drom.ru/spb/audi/q6/381068467.html;;;;;Санкт-Петербурге;бензин, 2.5 л;299 л.с., налог;робот;4WD;новый автомобиль;левый;1 поколение;черный;;2.5 50 TFSI quattro Roadjet;;LSV**************;
Audi;Q6;2023;12733000;https://auto.drom.ru/spb/audi/q6/833977807.html;;;;;Санкт-Петербурге;бензин, 2.5 л;299 л.с., налог;робот;4WD;новый автомобиль;левый;1 поколение;черный;;2.5 50 TFSI quattro Roadjet;;LSV**************;
Audi;Q6;2023;9994600;https://auto.drom.ru/spb/audi/q6/856204855.html;;;;;Санкт-Петербурге;бензин, 2.0 л;265 л.с., налог;робот;4WD;новый автомобиль;левый;1 поколение;черный;;2.0 45 TFSI quattro Roadjet;;LSV**************;
Audi;Q6;2023;9994600;https://auto.drom.ru/spb/audi/q6/188708066.html;;;;;Санкт-Петербурге;бензин, 2.0 л;265 л.с., налог;робот;4WD;новый автомобиль;левый;1 поколение;черный;;2.0 45 TFSI quattro Roadjet;;LSV**************;
Audi;Q6;2023;9994600;https://auto.drom.ru/spb/audi/q6/456881713.html;;;;;Санкт-Петербурге;бензин, 2.0 л;265 л.с., налог;робот;4WD;новый автомобиль;левый;1 поколение;черный;;2.0 45 TFSI quattro Roadjet;;LSV**************;
Audi;Q6;2023;9994600;https://auto.drom.ru/spb/audi/q6/273093268.html;;;;;Санкт-Петербурге;бензин, 2.0 л;265 л.с., налог;робот;4WD;новый автомобиль;левый;1 поколение;черный;;2.0 45 TFSI quattro Roadjet;;LSV**************;
Audi;A6;2023;9890000;https://auto.drom.ru/moscow/audi/a6/845473560.html;;;;;Москве;дизель, 2.0 л;204 л.с., налог;автомат;передний;41 км;левый;;черный;седан;;;;
Audi;RS6;2023;23040391;https://auto.drom.ru/moscow/audi/rs6/704203769.html;;;;;Москве;бензин, 4.0 л;630 л.с., налог;автомат;4WD;1 018 км, без пробега по РФ;левый;;серебристый;универсал;;;;
Audi;Q6;2023;12363675;https://auto.drom.ru/moscow/audi/q6/53673569.html;;;;;Москве;бензин, 2.5 л;299 л.с., налог;робот;4WD;новый автомобиль;левый;1 поколение;черный;;2.5 50 TFSI quattro Roadjet;;LSV**************;
Audi;Q6;2023;9390000;https://auto.drom.ru/saratov/audi/q6/53725596.html;;;;;Саратове;бензин, 2.0 л;265 л.с., налог;робот;4WD;новый автомобиль;левый;1 поколение;черный;;2.0 45 TFSI quattro Roadjet;;LSV**************;
Audi;Q8;2023;16200000;https://auto.drom.ru/moscow/audi/q8/843099612.html;;;;;Москве;дизель, 3.0 л;286 л.с., налог;АКПП;4WD;новый автомобиль;левый;2 поколение;белый;;3.0 50 TDI quattro tiptronic;;WAU**************;
Audi;Q8;2023;16350000;https://auto.drom.ru/moscow/audi/q8/194828206.html;;;;;Москве;дизель, 3.0 л;286 л.с., налог;АКПП;4WD;новый автомобиль;левый;2 поколение;черный;;3.0 50 TDI quattro tiptronic;;WAU**************;
Audi;Q8;2023;15890000;https://auto.drom.ru/spb/audi/q8/53324236.html;;;;;Санкт-Петербурге;дизель, 3.0 л;286 л.с., налог;АКПП;4WD;15 км;левый;2 поколение;серый;;3.0 50 TDI quattro tiptronic;;;
Audi;Q6;2023;9888235;https://auto.drom.ru/moscow/audi/q6/52851212.html;;;;;Москве;бензин, 2.0 л;265 л.с., налог;робот;4WD;новый автомобиль;левый;1 поколение;черный;;2.0 45 TFSI quattro Roadjet;;LSV**************;
Audi;Q8;2023;11490000;https://auto.drom.ru/moscow/audi/q8/333221378.html;;;;;Москве;дизель, 3.0 л;286 л.с., налог;АКПП;4WD;15 км;левый;2 поколение;черный;;3.0 50 TDI quattro tiptronic;;;
Audi;Q7;2023;10595000;https://auto.drom.ru/moscow/audi/q7/51984232.html;;;;;Москве;дизель, 3.0 л;231 л.с., налог;автомат;4WD;новый автомобиль;левый;;серый;;;;WAU**************;
Audi;Q5;2023;7250000;https://auto.drom.ru/moscow/audi/q5/53990695.html;;;;;Москве;бензин, 2.0 л;249 л.с., налог;автомат;4WD;новый автомобиль;левый;;синий;;;;WAU**************;
Audi;Q6;2023;9863235;https://auto.drom.ru/moscow/audi/q6/52851216.html;;;;;Москве;бензин, 2.0 л;265 л.с., налог;робот;4WD;новый автомобиль;левый;1 поколение;черный;;2.0 45 TFSI quattro Roadjet;;LSV**************;
Audi;Q6;2023;9728235;https://auto.drom.ru/moscow/audi/q6/52851248.html;;;;;Москве;бензин, 2.0 л;265 л.с., налог;робот;4WD;новый автомобиль;левый;1 поколение;черный;;2.0 45 TFSI quattro Roadjet;;LSV**************;
Audi;Q6;2023;9892020;https://auto.drom.ru/moscow/audi/q6/52851356.html;;;;;Москве;бензин, 2.0 л;265 л.с., налог;робот;4WD;новый автомобиль;левый;1 поколение;черный;;2.0 45 TFSI quattro Roadjet;;LSV**************;
Audi;Q3;2023;4703000;https://auto.drom.ru/tula/audi/q3/827460899.html;;;;;Туле;бензин, 1.4 л;150 л.с., налог;автомат;передний;новый автомобиль;левый;;белый;;;;LFV**************;
Audi;Q8;2023;13300000;https://auto.drom.ru/tula/audi/q8/848284367.html;;;;;Туле;дизель, 3.0 л;249 л.с., налог;автомат;4WD;новый автомобиль;левый;;серый;;;;WAU**************;
Audi;Q8;2023;14160440;https://auto.drom.ru/moscow/audi/q8/357179921.html;;;;;Москве;дизель, 3.0 л;286 л.с., налог;АКПП;4WD;новый автомобиль;левый;1 поколение;серый;;3.0 50 TDI quattro tiptronic;;WUA**************;
Audi;Q6;2023;14147805;https://auto.drom.ru/moscow/audi/q6/53673585.html;;;;;Москве;бензин, 2.5 л;299 л.с., налог;робот;4WD;новый автомобиль;левый;1 поколение;коричневый;;2.5 50 TFSI quattro Roadjet;;LSV**************;
Audi;Q6;2023;13121270;https://auto.drom.ru/moscow/audi/q6/53673529.html;;;;;Москве;бензин, 2.5 л;299 л.с., налог;робот;4WD;новый автомобиль;левый;1 поколение;коричневый;;2.5 50 TFSI quattro Roadjet;;LSV**************;
Audi;Q6;2023;13214860;https://auto.drom.ru/moscow/audi/q6/53673538.html;;;;;Москве;бензин, 2.5 л;299 л.с., налог;робот;4WD;новый автомобиль;левый;1 поколение;черный;;2.5 50 TFSI quattro Roadjet;;LSV**************;
Audi;Q7;2023;6900000;https://auto.drom.ru/zhlobin/audi/q7/53276539.html;;;;;Жлобине;бензин, 3.0 л;340 л.с., налог;автомат;4WD;14 250 км;левый;2 поколение, рестайлинг;черный;;;;;
Audi;Q6;2023;10042020;https://auto.drom.ru/moscow/audi/q6/52816764.html;;;;;Москве;бензин, 2.0 л;265 л.с., налог;робот;4WD;новый автомобиль;левый;1 поколение;черный;;2.0 45 TFSI quattro Roadjet;;LSV**************;
Audi;Q8;2023;12881000;https://auto.drom.ru/moscow/audi/q8/52796040.html;;;;;Москве;дизель, 3.0 л;231 л.с., налог;АКПП;4WD;новый автомобиль;левый;2 поколение;черный;;3.0 45 TDI quattro tiptronic;;WAU**************;
Audi;Q3;2023;5200000;https://auto.drom.ru/moscow/audi/q3/53245900.html;;;;;Москве;бензин, 1.4 л;150 л.с., налог;автомат;передний;новый автомобиль;левый;;белый;;;;LFV**************;
Audi;Q5;2023;8300000;https://auto.drom.ru/moscow/audi/q5/53245875.html;;;;;Москве;бензин, 2.0 л;190 л.с., налог;автомат;4WD;новый автомобиль;левый;;черный;;;;LFV**************;
Audi;Q7;2023;10500000;https://auto.drom.ru/moscow/audi/q7/51140355.html;;;;;Москве;дизель, 3.0 л;249 л.с., налог;АКПП;4WD;50 км, без пробега по РФ;левый;2 поколение, рестайлинг;белый;;;;;
Audi;Q8;2023;15390000;https://auto.drom.ru/moscow/audi/q8/53639858.html;;;;;Москве;дизель, 3.0 л;286 л.с., налог;АКПП;4WD;новый автомобиль;левый;1 поколение;серый;;3.0 50 TDI quattro tiptronic;;WAU**************;
Audi;Q8;2023;15300000;https://auto.drom.ru/moscow/audi/q8/52780807.html;;;;;Москве;бензин, 3.0 л, гибрид;340 л.с., налог;АКПП;4WD;новый автомобиль;левый;1 поколение;серый;;3.0 55 TFSI quattro tiptronic;;WAU**************;
Audi;Q7;2023;13895000;https://auto.drom.ru/moscow/audi/q7/52335403.html;;;;;Москве;дизель, 3.0 л;286 л.с., налог;АКПП;4WD;новый автомобиль;левый;2 поколение;черный;;3.0 50 TDI quattro tiptronic;;WAU**************;
Audi;Q7;2023;13730000;https://auto.drom.ru/moscow/audi/q7/52335394.html;;;;;Москве;дизель, 3.0 л;286 л.с., налог;АКПП;4WD;новый автомобиль;левый;2 поколение;черный;;3.0 50 TDI quattro tiptronic;;WAU**************;
Audi;A7;2023;9991700;https://auto.drom.ru/moscow/audi/a7/53963054.html;;;;;Москве;бензин, 2.0 л;245 л.с., налог;автомат;4WD;новый автомобиль;левый;;черный;;;;LSV**************;
Audi;Q5;2023;8298885;https://auto.drom.ru/moscow/audi/q5/53627464.html;;;;;Москве;бензин, 2.0 л;190 л.с., налог;автомат;4WD;новый автомобиль;левый;;серый;;;;LFV**************;
Audi;Q6;2023;10030235;https://auto.drom.ru/moscow/audi/q6/53221787.html;;;;;Москве;бензин, 2.0 л;265 л.с., налог;робот;4WD;новый автомобиль;левый;1 поколение;черный;;2.0 45 TFSI quattro Roadjet;;LSV**************;
Audi;Q3;2023;4707345;https://auto.drom.ru/moscow/audi/q3/53221608.html;;;;;Москве;бензин, 1.4 л;150 л.с., налог;автомат;передний;новый автомобиль;левый;;белый;;;;LFV**************;
Audi;Q6;2023;9798120;https://auto.drom.ru/moscow/audi/q6/52761601.html;;;;;Москве;бензин, 2.0 л;265 л.с., налог;робот;4WD;новый автомобиль;левый;1 поколение;черный;;2.0 45 TFSI quattro Roadjet;;LSV**************;
Audi;Q6;2023;9798120;https://auto.drom.ru/moscow/audi/q6/52761604.html;;;;;Москве;бензин, 2.0 л;265 л.с., налог;робот;4WD;новый автомобиль;левый;1 поколение;черный;;2.0 45 TFSI quattro Roadjet;;LSV**************;
Audi;Q6;2023;10496855;https://auto.drom.ru/moscow/audi/q6/52761623.html;;;;;Москве;бензин, 2.0 л;265 л.с., налог;робот;4WD;новый автомобиль;левый;1 поколение;черный;;2.0 45 TFSI quattro Roadjet;;LSV**************;
Audi;Q6;2023;9986000;https://auto.drom.ru/moscow/audi/q6/52761625.html;;;;;Москве;бензин, 2.0 л;265 л.с., налог;робот;4WD;новый автомобиль;левый;1 поколение;черный;;2.0 45 TFSI quattro Roadjet;;LSV**************;
Audi;Q6;2023;9792020;https://auto.drom.ru/moscow/audi/q6/52761667.html;;;;;Москве;бензин, 2.0 л;265 л.с., налог;робот;4WD;новый автомобиль;левый;1 поколение;черный;;2.0 45 TFSI quattro Roadjet;;LSV**************;
Audi;Q6;2023;9831855;https://auto.drom.ru/moscow/audi/q6/52761590.html;;;;;Москве;бензин, 2.0 л;265 л.с., налог;робот;4WD;новый автомобиль;левый;1 поколение;черный;;2.0 45 TFSI quattro Roadjet;;LSV**************;
Audi;Q6;2023;9994600;https://auto.drom.ru/spb/audi/q6/52328791.html;Год не совпадает с ПТС;1 запись о регистрации;Не числится в розыске;Ограничений не обнаружено;Санкт-Петербурге;бензин, 2.0 л;265 л.с., налог;робот;4WD;новый автомобиль;левый;1 поколение;синий;;2.0 45 TFSI quattro Roadjet;;LSV**************;
Audi;Q6;2023;9994600;https://auto.drom.ru/spb/audi/q6/52328810.html;Год не совпадает с ПТС;1 запись о регистрации;Не числится в розыске;Ограничений не обнаружено;Санкт-Петербурге;бензин, 2.0 л;265 л.с., налог;робот;4WD;новый автомобиль;левый;1 поколение;черный;;2.0 45 TFSI quattro Roadjet;;LSV**************;
Audi;Q7;2023;12234500;https://auto.drom.ru/nizhniy-novgorod/audi/q7/52072420.html;;;;;Нижнем Новгороде;дизель, 3.0 л;;автомат;4WD;новый автомобиль;левый;;черный;;;;WAU**************;
Audi;Q8;2023;14595000;https://auto.drom.ru/moscow/audi/q8/53950093.html;;;;;Москве;дизель, 3.0 л;286 л.с., налог;АКПП;4WD;новый автомобиль;левый;2 поколение;белый;;3.0 50 TDI quattro tiptronic;;WAU**************;
Audi;Q7;2023;13950000;https://auto.drom.ru/moscow/audi/q7/52294641.html;;;;;Москве;дизель, 3.0 л;286 л.с., налог;АКПП;4WD;новый автомобиль;левый;2 поколение;серый;;3.0 50 TDI quattro tiptronic;;WAU**************;
Audi;Q5;2023;8017020;https://auto.drom.ru/moscow/audi/q5/53588779.html;;;;;Москве;бензин, 2.0 л;190 л.с., налог;автомат;4WD;новый автомобиль;левый;;белый;;;;LFV**************;
Audi;Q8;2023;13390000;https://auto.drom.ru/moscow/audi/q8/52290170.html;;;;;Москве;дизель, 3.0 л;286 л.с., налог;АКПП;4WD;новый автомобиль;левый;1 поколение;серый;;3.0 50 TDI quattro tiptronic;;WAU**************;
Audi;Q7;2023;14631000;https://auto.drom.ru/moscow/audi/q7/52290098.html;;;;;Москве;дизель, 3.0 л;286 л.с., налог;АКПП;4WD;новый автомобиль;левый;2 поколение;серый;;3.0 50 TDI quattro tiptronic;;WAU**************;
Audi;Q8;2023;14985000;https://auto.drom.ru/moscow/audi/q8/53563017.html;;;;;Москве;дизель, 3.0 л;286 л.с., налог;АКПП;4WD;новый автомобиль;левый;1 поколение;серый;;3.0 50 TDI quattro tiptronic;;WAU**************;
Audi;Q7;2023;14721000;https://auto.drom.ru/moscow/audi/q7/53151833.html;;;;;Москве;дизель, 3.0 л;286 л.с., налог;АКПП;4WD;новый автомобиль;левый;2 поколение;серый;;3.0 50 TDI quattro tiptronic;;WAU**************;
Audi;RS6;2023;18550000;https://auto.drom.ru/moscow/audi/rs6/53923903.html;;;;;Москве;бензин, 4.0 л;600 л.с., налог;автомат;4WD;88 км;левый;;серый;универсал;;;;
Audi;Q6;2023;10017235;https://auto.drom.ru/moscow/audi/q6/53156154.html;;;;;Москве;бензин, 2.0 л;265 л.с., налог;робот;4WD;новый автомобиль;левый;1 поколение;черный;;2.0 45 TFSI quattro Roadjet;;LSV**************;
Audi;Q6;2023;10037440;https://auto.drom.ru/moscow/audi/q6/53156160.html;;;;;Москве;бензин, 2.0 л;265 л.с., налог;робот;4WD;новый автомобиль;левый;1 поколение;черный;;2.0 45 TFSI quattro Roadjet;;LSV**************;
Audi;Q6;2023;10031120;https://auto.drom.ru/moscow/audi/q6/53156094.html;;;;;Москве;бензин, 2.0 л;265 л.с., налог;робот;4WD;новый автомобиль;левый;1 поколение;черный;;2.0 45 TFSI quattro Roadjet;;LSV**************;
Audi;Q6;2023;10091120;https://auto.drom.ru/moscow/audi/q6/53156101.html;;;;;Москве;бензин, 2.0 л;265 л.с., налог;робот;4WD;новый автомобиль;левый;1 поколение;черный;;2.0 45 TFSI quattro Roadjet;;LSV**************;
Audi;Q6;2023;10027535;https://auto.drom.ru/moscow/audi/q6/53156115.html;;;;;Москве;бензин, 2.0 л;265 л.с., налог;робот;4WD;новый автомобиль;левый;1 поколение;черный;;2.0 45 TFSI quattro Roadjet;;LSV**************;
Audi;Q3;2023;4707845;https://auto.drom.ru/moscow/audi/q3/53155848.html;;;;;Москве;бензин, 1.4 л;150 л.с., налог;автомат;передний;новый автомобиль;левый;;белый;;;;LFV**************;
Audi;Q3;2023;4703845;https://auto.drom.ru/moscow/audi/q3/53155903.html;;;;;Москве;бензин, 1.4 л;150 л.с., налог;автомат;передний;новый автомобиль;левый;;белый;;;;LFV**************;
Audi;Q6;2023;10031120;https://auto.drom.ru/moscow/audi/q6/53155962.html;;;;;Москве;бензин, 2.0 л;265 л.с., налог;робот;4WD;новый автомобиль;левый;1 поколение;черный;;2.0 45 TFSI quattro Roadjet;;LSV**************;
Audi;Q6;2023;9929120;https://auto.drom.ru/moscow/audi/q6/53155986.html;;;;;Москве;бензин, 2.0 л;265 л.с., налог;робот;4WD;новый автомобиль;левый;1 поколение;черный;;2.0 45 TFSI quattro Roadjet;;LSV**************;
Audi;Q6;2023;10039120;https://auto.drom.ru/moscow/audi/q6/53156044.html;;;;;Москве;бензин, 2.0 л;265 л.с., налог;робот;4WD;новый автомобиль;левый;1 поколение;черный;;2.0 45 TFSI quattro Roadjet;;LSV**************;
Audi;A6;2023;6400000;https://auto.drom.ru/moscow/audi/a6/53887233.html;;;;;Москве;бензин, 2.0 л;245 л.с., налог;автомат;4WD;4 880 км, без пробега по РФ;левый;5 поколение;белый;седан;;;;
Audi;Q6;2023;12944175;https://auto.drom.ru/moscow/audi/q6/53870777.html;;;;;Москве;бензин, 2.5 л;299 л.с., налог;робот;4WD;новый автомобиль;левый;1 поколение;черный;;2.5 50 TFSI quattro Roadjet;;LSV**************;
Audi;Q6;2023;12880950;https://auto.drom.ru/moscow/audi/q6/182534324.html;;;;;Москве;бензин, 2.5 л;299 л.с., налог;робот;4WD;новый автомобиль;левый;1 поколение;черный;;2.5 50 TFSI quattro Roadjet;;LSV**************;
Audi;Q6;2023;12980950;https://auto.drom.ru/moscow/audi/q6/382563420.html;;;;;Москве;бензин, 2.5 л;299 л.с., налог;робот;4WD;новый автомобиль;левый;1 поколение;черный;;2.5 50 TFSI quattro Roadjet;;LSV**************;
Audi;A7;2023;10185170;https://auto.drom.ru/moscow/audi/a7/644683355.html;;;;;Москве;бензин, 2.0 л;245 л.с., налог;автомат;4WD;новый автомобиль;левый;;черный;;;;LSV**************;
Audi;A7;2023;10148920;https://auto.drom.ru/moscow/audi/a7/746745648.html;;;;;Москве;бензин, 2.0 л;245 л.с., налог;автомат;4WD;новый автомобиль;левый;;черный;;;;LSV**************;
Audi;Q5 Sportback;2023;8600000;https://auto.drom.ru/balashiha/audi/q5_sportback/267509621.html;;;;;Балашихе;дизель, 2.0 л;204 л.с., налог;автомат;4WD;32 км;левый;;серый;;;;;
Audi;Q8;2023;14250000;https://auto.drom.ru/moscow/audi/q8/269682751.html;;;;;Москве;дизель, 3.0 л;286 л.с., налог;АКПП;4WD;новый автомобиль;левый;1 поколение;серый;;3.0 50 TDI quattro tiptronic;;WAU**************;
Audi;Q8;2023;16350000;https://auto.drom.ru/moscow/audi/q8/53897838.html;;;;;Москве;дизель, 3.0 л;286 л.с., налог;АКПП;4WD;новый автомобиль;левый;2 поколение;черный;;3.0 50 TDI quattro tiptronic;;WAU**************;
Audi;Q8;2023;13780000;https://auto.drom.ru/moscow/audi/q8/52679894.html;;;;;Москве;дизель, 3.0 л;286 л.с., налог;АКПП;4WD;новый автомобиль;левый;1 поколение;черный;;3.0 50 TDI quattro tiptronic;;WAU**************;
Audi;Q8;2023;14090000;https://auto.drom.ru/moscow/audi/q8/52679887.html;;;;;Москве;дизель, 3.0 л;286 л.с., налог;АКПП;4WD;новый автомобиль;левый;1 поколение;черный;;3.0 50 TDI quattro tiptronic;;WAU**************;
Audi;Q8;2023;13994000;https://auto.drom.ru/moscow/audi/q8/52679877.html;;;;;Москве;дизель, 3.0 л;286 л.с., налог;АКПП;4WD;новый автомобиль;левый;1 поколение;черный;;3.0 50 TDI quattro tiptronic;;WAU**************;
Audi;Q7;2023;12700000;https://auto.drom.ru/moscow/audi/q7/53898552.html;;;;;Москве;дизель, 3.0 л;286 л.с., налог;автомат;4WD;новый автомобиль;левый;;белый;;;;WAU**************;
Audi;Q6;2023;9990000;https://auto.drom.ru/moscow/audi/q6/53539023.html;;;;;Москве;бензин, 2.0 л;265 л.с., налог;робот;4WD;новый автомобиль;левый;1 поколение;черный;;2.0 45 TFSI quattro Roadjet;;LSV**************;
Audi;Q6;2023;9990000;https://auto.drom.ru/moscow/audi/q6/53539024.html;;;;;Москве;бензин, 2.0 л;265 л.с., налог;робот;4WD;новый автомобиль;левый;1 поколение;черный;;2.0 45 TFSI quattro Roadjet;;LSV**************;
Audi;Q6;2023;9990000;https://auto.drom.ru/moscow/audi/q6/53539026.html;;;;;Москве;бензин, 2.0 л;265 л.с., налог;робот;4WD;новый автомобиль;левый;1 поколение;черный;;2.0 45 TFSI quattro Roadjet;;LSV**************;
Audi;Q6;2023;9990000;https://auto.drom.ru/moscow/audi/q6/53539027.html;;;;;Москве;бензин, 2.0 л;265 л.с., налог;робот;4WD;новый автомобиль;левый;1 поколение;черный;;2.0 45 TFSI quattro Roadjet;;LSV**************;
Audi;Q6;2023;9990000;https://auto.drom.ru/moscow/audi/q6/53539020.html;;;;;Москве;бензин, 2.0 л;265 л.с., налог;робот;4WD;новый автомобиль;левый;1 поколение;черный;;2.0 45 TFSI quattro Roadjet;;LSV**************;
Audi;Q8;2023;14449000;https://auto.drom.ru/spb/audi/q8/53132795.html;;;;;Санкт-Петербурге;дизель, 3.0 л;286 л.с., налог;АКПП;4WD;15 км;левый;2 поколение;черный;;3.0 50 TDI quattro tiptronic;;;
Audi;Q7;2023;13529900;https://auto.drom.ru/moscow/audi/q7/53125819.html;;;;;Москве;дизель, 3.0 л;286 л.с., налог;автомат;4WD;новый автомобиль;левый;;белый;;;;WAU**************;
Audi;Q8;2023;16350000;https://auto.drom.ru/moscow/audi/q8/53888807.html;;;;;Москве;дизель, 3.0 л;286 л.с., налог;АКПП;4WD;новый автомобиль;левый;2 поколение;черный;;3.0 50 TDI quattro tiptronic;;WAU**************;
Audi;Q8;2023;15250000;https://auto.drom.ru/moscow/audi/q8/53888806.html;;;;;Москве;дизель, 3.0 л;286 л.с., налог;АКПП;4WD;новый автомобиль;левый;1 поколение;черный;;3.0 50 TDI quattro tiptronic;;WAU**************;
Audi;Q7;2023;10790000;https://auto.drom.ru/spb/audi/q7/53117555.html;;;;;Санкт-Петербурге;дизель, 3.0 л;286 л.с., налог;автомат;4WD;50 км;левый;;черный;;;;;
Audi;Q7;2023;9000000;https://auto.drom.ru/ryazan/audi/q7/318047383.html;Характеристики совпадают с ПТС;1 запись о регистрации;Не числится в розыске;Ограничений не обнаружено;Рязани;дизель, 3.0 л;286 л.с., налог;автомат;4WD;55 000 км;левый;2 поколение, рестайлинг;черный;;;;;
Audi;Q6;2023;12530000;https://auto.drom.ru/moscow/audi/q6/825949996.html;;;;;Москве;бензин, 2.5 л;299 л.с., налог;робот;4WD;новый автомобиль;левый;1 поколение;;;2.5 50 TFSI quattro Roadjet;;LSV**************;
Audi;Q8;2023;13950000;https://auto.drom.ru/moscow/audi/q8/53524635.html;;;;;Москве;дизель, 3.0 л;231 л.с., налог;АКПП;4WD;11 км, без пробега по РФ;левый;2 поколение;черный;;3.0 45 TDI quattro tiptronic;;;
Audi;Q8;2023;14700000;https://auto.drom.ru/moscow/audi/q8/53523240.html;;;;;Москве;дизель, 3.0 л;231 л.с., налог;АКПП;4WD;новый автомобиль;левый;2 поколение;черный;;3.0 45 TDI quattro tiptronic;;WAU**************;
Audi;Q8;2023;17634500;https://auto.drom.ru/nizhniy-novgorod/audi/q8/53157304.html;;;;;Нижнем Новгороде;дизель, 3.0 л;;автомат;;новый автомобиль;левый;2 поколение;черный;;;;WAU**************;
Audi;Q7;2023;13650000;https://auto.drom.ru/spb/audi/q7/285975406.html;;;;;Санкт-Петербурге;дизель, 3.0 л;286 л.с., налог;автомат;4WD;34 км;левый;;черный;;;;;
Audi;Q4 e-tron;2023;5900000;https://auto.drom.ru/volgograd/audi/q4_e-tron/53088792.html;;;;;Волгограде;электро;295 л.с., налог;АКПП;4WD;106 км;левый;1 поколение;серый;;77 kWh 50 E-tron quattro;;;
Audi;Q7;2023;13650000;https://auto.drom.ru/spb/audi/q7/379510738.html;;;;;Санкт-Петербурге;дизель, 3.0 л;286 л.с., налог;автомат;4WD;43 км;левый;;белый;;;;;
Audi;Q5;2023;7725000;https://auto.drom.ru/spb/audi/q5/53875821.html;;;;;Санкт-Петербурге;бензин, 2.0 л;190 л.с., налог;автомат;4WD;50 км;левый;;черный;;;;;
Audi;Q5;2023;7725000;https://auto.drom.ru/spb/audi/q5/53875826.html;;;;;Санкт-Петербурге;бензин, 2.0 л;190 л.с., налог;автомат;4WD;50 км;левый;;серый;;;;;
Audi;Q7;2023;12370000;https://auto.drom.ru/spb/audi/q7/53874587.html;;;;;Санкт-Петербурге;дизель, 3.0 л;286 л.с., налог;автомат;4WD;14 км;левый;;серый;;;;;
Audi;Q5;2023;8492330;https://auto.drom.ru/moscow/audi/q5/53870736.html;;;;;Москве;бензин, 2.0 л;190 л.с., налог;автомат;4WD;новый автомобиль;левый;;серый;;;;LFV**************;
Audi;A6;2023;9469510;https://auto.drom.ru/moscow/audi/a6/53870655.html;;;;;Москве;бензин, 2.0 л;245 л.с., налог;автомат;4WD;новый автомобиль;левый;;черный;седан;;;LFV**************;
Audi;A6;2023;9456510;https://auto.drom.ru/moscow/audi/a6/53870657.html;;;;;Москве;бензин, 2.0 л;245 л.с., налог;автомат;4WD;новый автомобиль;левый;;черный;седан;;;LFV**************;
Audi;A6;2023;9681510;https://auto.drom.ru/moscow/audi/a6/53870659.html;;;;;Москве;бензин, 2.0 л;245 л.с., налог;автомат;4WD;новый автомобиль;левый;;черный;седан;;;LFV**************;
Audi;Q3;2023;4771120;https://auto.drom.ru/moscow/audi/q3/50972953.html;;;;;Москве;бензин, 1.4 л;150 л.с., налог;автомат;передний;новый автомобиль;левый;;белый;;;;LFV**************;
Audi;Q3;2023;4953695;https://auto.drom.ru/moscow/audi/q3/50972939.html;;;;;Москве;бензин, 1.4 л;150 л.с., налог;автомат;передний;новый автомобиль;левый;;белый;;;;LFV**************;
Audi;Q3;2023;4724135;https://auto.drom.ru/moscow/audi/q3/50972942.html;;;;;Москве;бензин, 1.4 л;150 л.с., налог;автомат;передний;новый автомобиль;левый;;белый;;;;LFV**************;
Audi;Q8;2023;13990000;https://auto.drom.ru/moscow/audi/q8/54146404.html;;;;;Москве;дизель, 3.0 л;286 л.с., налог;АКПП;4WD;новый автомобиль;левый;2 поколение;черный;;3.0 50 TDI quattro tiptronic;;WAU**************;
Mercedes-Benz;E-Class;1975;1115000;https://auto.drom.ru/moscow/mercedes-benz/e-class/53068795.html;;;;;Москве;дизель, 2.0 л;55 л.с., налог;механика;задний;60 000 км;правый;;зеленый;седан;;;;
Mercedes-Benz;W123;1979;600000;https://auto.drom.ru/moscow/mercedes-benz/w123/53337361.html;Модель, мощность двигателя не совпадают с ПТС;3 записи о регистрации;Не числится в розыске;Ограничений не обнаружено;Москве;бензин, 2.3 л;109 л.с., налог;механика;задний;303 704 км;левый;1 поколение;красный;седан;2.3 MT 230;;;
Mercedes-Benz;W123;1980;150000;https://auto.drom.ru/moscow/mercedes-benz/w123/48749285.html;;;;;Москве;бензин, 2.5 л;129 л.с., налог;механика;задний;123 123 км;левый;1 поколение;зеленый;седан;2.5 MT 250;требуется ремонт или не на ходу;;
Mercedes-Benz;Mercedes;1980;223000;https://auto.drom.ru/moscow/mercedes-benz/mercedes/53230566.html;Характеристики совпадают с ПТС;2 записи о регистрации;Не числится в розыске;Ограничений не обнаружено;Москве;дизель, 2.0 л;55 л.с., налог;;задний;310 000 км;левый;;оранжевый;;;;;
Mercedes-Benz;W123;1981;249999;https://auto.drom.ru/moscow/mercedes-benz/w123/54088252.html;Модель не совпадает с ПТС;5 записей о регистрации;Не числится в розыске;Ограничений не обнаружено;Москве;бензин, 2.0 л;109 л.с., налог;механика;задний;255 000 км;левый;1 поколение;красный;седан;2.0 MT 200;;;
Mercedes-Benz;W123;1982;90000;https://auto.drom.ru/spb/mercedes-benz/w123/50122473.html;;;;;Санкт-Петербурге;дизель, 3.0 л;88 л.с., налог;механика;задний;347 690 км;левый;1 поколение;зеленый;седан;3.0d MT 300 D;требуется ремонт или не на ходу;;
Mercedes-Benz;Mercedes;1982;650000;https://auto.drom.ru/moscow/mercedes-benz/mercedes/49260591.html;Модель не совпадает с ПТС;3 записи о регистрации;Не числится в розыске;Ограничений не обнаружено;Москве;бензин, 2.3 л;136 л.с., налог;механика;задний;382 000 км;левый;;красный;;;;;
Mercedes-Benz;S-Class;1983;600000;https://auto.drom.ru/moscow/mercedes-benz/s-class/50526240.html;Год не совпадает с ПТС;3 записи о регистрации;Не числится в розыске;Ограничений не обнаружено;Москве;бензин, 5.0 л;231 л.с., налог;АКПП;задний;239 000 км;левый;2 поколение;;седан;500 SEL AT;;;
