Бренд;Модель;Год;Цена;URL;ПТС;Владельцы;Розыск;Ограничения;Город;Двигатель;Мощность;Коробка передач;Привод;Пробег;Руль;Поколение;Цвет;Тип кузова;Комплектация;Особые отметки;VIN;
Audi;A5;2019;4700000;https://auto.drom.ru/moscow/audi/a5/54144523.html;Характеристики совпадают с ПТС;2 записи о регистрации;Не числится в розыске;Ограничений не обнаружено;Москве;бензин, 2.0 л;252 л.с., налог;автомат;4WD;49 000 км;левый;2 поколение;белый;лифтбек;;;;
Audi;A4;2019;2111000;https://auto.drom.ru/spb/audi/a4/54144206.html;Характеристики совпадают с ПТС;1 запись о регистрации;Не числится в розыске;Ограничений не обнаружено;Санкт-Петербурге;дизель, 2.0 л;150 л.с., налог;робот;передний;215 000 км;левый;5 поколение;черный;универсал;;;;
Audi;A5;2019;4100000;https://auto.drom.ru/moscow/audi/a5/54138844.html;Характеристики совпадают с ПТС;2 записи о регистрации;Не числится в розыске;Ограничений не обнаружено;Москве;дизель, 2.0 л;190 л.с., налог;робот;4WD;54 300 км;левый;2 поколение;белый;лифтбек;2.0 40 TDI quattro S tronic Sport;;;
Audi;Q8;2019;6429789;https://auto.drom.ru/spb/audi/q8/53483101.html;Характеристики совпадают с ПТС;3 записи о регистрации;Не числится в розыске;Ограничений не обнаружено;Санкт-Петербурге;дизель, 3.0 л;249 л.с., налог;АКПП;4WD;116 719 км;левый;1 поколение;синий;;;;;
Audi;Q5;2019;5700000;https://auto.drom.ru/nizhniy-novgorod/audi/q5/53059595.html;Характеристики совпадают с ПТС;1 запись о регистрации;Не числится в розыске;Ограничений не обнаружено;Нижнем Новгороде;дизель, 3.0 л;231 л.с., налог;АКПП;4WD;34 055 км;левый;2 поколение;серый;;;;;
Audi;A4 allroad quattro;2019;3331475;https://auto.drom.ru/kazan/audi/a4_allroad_quattro/53059742.html;Характеристики совпадают с ПТС;1 запись о регистрации;Не числится в розыске;Ограничений не обнаружено;Казани;бензин, 2.0 л;249 л.с., налог;робот;4WD;110 500 км;левый;2 поколение;черный;;2.0 45 TFSI S Tronic quattro;;;
Audi;A4;2019;2250000;https://auto.drom.ru/spb/audi/a4/52592586.html;;;;;Санкт-Петербурге;дизель, 2.0 л;150 л.с., налог;робот;передний;200 000 км;левый;5 поколение;черный;универсал;2.0 35 TDI S tronic;;;
Audi;SQ5;2019;6600000;https://auto.drom.ru/minsk/audi/sq5/52575664.html;;;;;Минске;дизель, 3.0 л;347 л.с., налог;автомат;4WD;21 000 км;левый;2 поколение;синий;;;;;
Audi;Q3;2019;3100000;https://auto.drom.ru/lipetsk/audi/q3/582881721.html;Характеристики совпадают с ПТС;1 запись о регистрации;Не числится в розыске;Ограничений не обнаружено;Липецке;бензин, 2.0 л;231 л.с., налог;автомат;4WD;63 021 км;левый;;красный;;;;;
Audi;A6;2019;3950000;https://auto.drom.ru/moscow/audi/a6/474592656.html;Характеристики совпадают с ПТС;2 записи о регистрации;Не числится в розыске;Ограничений не обнаружено;Москве;бензин, 2.0 л;245 л.с., налог;автомат;4WD;58 405 км;левый;;белый;седан;;;;
Audi;Q7;2019;5500000;https://auto.drom.ru/spb/audi/q7/364721164.html;Характеристики совпадают с ПТС;1 запись о регистрации;Не числится в розыске;Ограничений не обнаружено;Санкт-Петербурге;дизель, 3.0 л;231 л.с., налог;АКПП;4WD;84 200 км;левый;2 поколение;черный;;3.0 45 TDI quattro tiptronic;;;
Audi;Q3;2019;2647552;https://auto.drom.ru/lida/audi/q3/53462429.html;;;;;Лиде;дизель, 2.0 л;150 л.с., налог;автомат;передний;190 000 км;левый;2 поколение;черный;;;;;
Audi;A5;2019;3650000;https://auto.drom.ru/moscow/audi/a5/53773373.html;;;;;Москве;бензин, 2.0 л;249 л.с., налог;робот;4WD;44 233 км;левый;2 поколение;белый;лифтбек;2.0 45 TFSI quattro S tronic Design;;;
Audi;A8;2019;5999000;https://auto.drom.ru/spb/audi/a8/639676257.html;Характеристики совпадают с ПТС;2 записи о регистрации;Не числится в розыске;Ограничений не обнаружено;Санкт-Петербурге;дизель, 3.0 л;286 л.с., налог;автомат;4WD;142 000 км;левый;;черный;;;;;
Audi;SQ5;2019;3999999;https://auto.drom.ru/podolsk/audi/sq5/506000149.html;;;;;Подольске;бензин, 3.0 л;354 л.с., налог;АКПП;4WD;81 000 км, без пробега по РФ;левый;2 поколение;белый;;3.0 TFSI quattro tiptronic;;;
Audi;A5;2019;4297000;https://auto.drom.ru/moscow/audi/a5/116200408.html;Характеристики совпадают с ПТС;1 запись о регистрации;Не числится в розыске;Ограничений не обнаружено;Москве;бензин, 2.0 л;249 л.с., налог;робот;4WD;58 540 км;левый;2 поколение;черный;лифтбек;;;;
Audi;A4;2019;2377000;https://auto.drom.ru/himki/audi/a4/54123872.html;Характеристики совпадают с ПТС;2 записи о регистрации;Не числится в розыске;Ограничений не обнаружено;Химках;бензин, 1.4 л;150 л.с., налог;робот;передний;85 446 км;левый;5 поколение;белый;седан;;;;
Audi;A4;2019;2250000;https://auto.drom.ru/lyubertsy/audi/a4/54131503.html;;;;;Люберцах;бензин, 2.0 л;150 л.с., налог;автомат;передний;175 000 км;левый;5 поколение;черный;универсал;;;;
Audi;Q7;2019;5190000;https://auto.drom.ru/moscow/audi/q7/54123291.html;Характеристики совпадают с ПТС;1 запись о регистрации;Не числится в розыске;Ограничений не обнаружено;Москве;дизель, 3.0 л;249 л.с., налог;АКПП;4WD;91 142 км;левый;2 поколение;коричневый;;;;;
Audi;Q8;2019;6425000;https://auto.drom.ru/moscow/audi/q8/52363602.html;Характеристики совпадают с ПТС;5 записей о регистрации;Не числится в розыске;Ограничений не обнаружено;Москве;бензин, 3.0 л;340 л.с., налог;автомат;4WD;69 000 км;левый;;синий;;;;;
Audi;Q7;2019;6390000;https://auto.drom.ru/moscow/audi/q7/52154672.html;Характеристики совпадают с ПТС;1 запись о регистрации;Не числится в розыске;Ограничений не обнаружено;Москве;дизель, 3.0 л;286 л.с., налог;АКПП;4WD;52 093 км;левый;2 поколение;черный;;3.0 50 TDI quattro tiptronic;;;
Audi;A7;2019;5750000;https://auto.drom.ru/moscow/audi/a7/700941027.html;Характеристики совпадают с ПТС;1 запись о регистрации;Не числится в розыске;Ограничений не обнаружено;Москве;дизель, 3.0 л;231 л.с., налог;автомат;4WD;71 000 км;левый;;серый;;;;;
Audi;Q8;2019;5999000;https://auto.drom.ru/minsk/audi/q8/51336492.html;;;;;Минске;дизель, 3.0 л;249 л.с., налог;АКПП;4WD;115 000 км;левый;1 поколение;оранжевый;;;;;
Audi;Q5;2019;3670000;https://auto.drom.ru/moscow/audi/q5/54111947.html;Характеристики совпадают с ПТС;2 записи о регистрации;Не числится в розыске;Ограничений не обнаружено;Москве;бензин, 2.0 л;249 л.с., налог;робот;4WD;93 500 км;левый;2 поколение;зеленый;;;;;
Audi;A4 allroad quattro;2019;3150000;https://auto.drom.ru/spb/audi/a4_allroad_quattro/53462831.html;Характеристики совпадают с ПТС;1 запись о регистрации;Не числится в розыске;Ограничений не обнаружено;Санкт-Петербурге;бензин, 2.0 л;249 л.с., налог;робот;4WD;60 000 км;левый;2 поколение;серый;;2.0 45 TFSI S Tronic quattro;;;
Audi;A4;2019;3100000;https://auto.drom.ru/roslavl/audi/a4/52577486.html;Характеристики совпадают с ПТС;1 запись о регистрации;Не числится в розыске;Ограничений не обнаружено;Рославле;бензин, 2.0 л;249 л.с., налог;робот;4WD;57 500 км;левый;5 поколение;синий;седан;2.0 45 TFSI quattro S tronic Sport;;;
Audi;Q2;2019;2150000;https://auto.drom.ru/lipetsk/audi/q2/52576068.html;;;;;Липецке;бензин, 1.0 л;116 л.с., налог;робот;передний;16 250 км;правый;1 поколение;синий;;1.0 30 TFSI Sport;;;
Audi;A5;2019;3119000;https://auto.drom.ru/spb/audi/a5/52143255.html;Характеристики совпадают с ПТС;3 записи о регистрации;Не числится в розыске;Ограничений не обнаружено;Санкт-Петербурге;дизель, 2.0 л;190 л.с., налог;робот;4WD;66 500 км;левый;2 поколение;синий;лифтбек;;;;
Audi;Q5;2019;3900000;https://auto.drom.ru/moscow/audi/q5/51714749.html;;;;;Москве;дизель, 2.0 л;190 л.с., налог;робот;4WD;75 000 км;левый;2 поколение;черный;;2.0 40 TDI quattro S tronic Design;;;
Audi;Q8;2019;6990000;https://auto.drom.ru/spb/audi/q8/50750560.html;;;;;Санкт-Петербурге;дизель, 3.0 л;286 л.с., налог;автомат;4WD;96 891 км;левый;1 поколение;черный;;;;;
Audi;Q5;2019;3250000;https://auto.drom.ru/nizhniy-novgorod/audi/q5/211529953.html;;;;;Нижнем Новгороде;бензин, 2.0 л;249 л.с., налог;робот;4WD;75 000 км, без пробега по РФ;левый;2 поколение;черный;;;;;
Audi;A5;2019;3140000;https://auto.drom.ru/balashiha/audi/a5/901816830.html;Характеристики совпадают с ПТС;1 запись о регистрации;Не числится в розыске;Ограничений не обнаружено;Балашихе;бензин, 2.0 л;190 л.с., налог;робот;передний;69 296 км;левый;2 поколение;синий;лифтбек;;;;
Audi;Q8;2019;7197000;https://auto.drom.ru/moscow/audi/q8/501677748.html;Характеристики совпадают с ПТС;3 записи о регистрации;Не числится в розыске;Ограничений не обнаружено;Москве;дизель, 3.0 л;249 л.с., налог;АКПП;4WD;73 519 км;левый;1 поколение;серебристый;;;;;
Audi;A6;2019;3132706;https://auto.drom.ru/minsk/audi/a6/320875518.html;;;;;Минске;дизель, 2.0 л;163 л.с., налог;автомат;передний;172 000 км;левый;5 поколение;черный;универсал;;;;
Audi;A4;2019;2900000;https://auto.drom.ru/minsk/audi/a4/369831594.html;;;;;Минске;дизель, 3.0 л;231 л.с., налог;автомат;4WD;129 300 км;левый;5 поколение;черный;универсал;;;;
Audi;RS5;2019;6454853;https://auto.drom.ru/minsk/audi/rs5/54108412.html;;;;;Минске;бензин, 2.9 л;450 л.с., налог;АКПП;4WD;44 000 км;левый;2 поколение, рестайлинг;черный;лифтбек;;;;
Audi;A4;2019;2569000;https://auto.drom.ru/moscow/audi/a4/109951323.html;Характеристики совпадают с ПТС;1 запись о регистрации;Не числится в розыске;Ограничений не обнаружено;Москве;бензин, 1.4 л;150 л.с., налог;робот;передний;123 753 км;левый;5 поколение;белый;седан;;;;
Audi;Q8;2019;7999000;https://auto.drom.ru/moscow/audi/q8/551915832.html;Характеристики совпадают с ПТС;2 записи о регистрации;Не числится в розыске;Ограничений не обнаружено;Москве;дизель, 3.0 л;249 л.с., налог;АКПП;4WD;48 319 км;левый;1 поколение;оранжевый;;;;;
Audi;Q8;2019;5749000;https://auto.drom.ru/moscow/audi/q8/54109035.html;Характеристики совпадают с ПТС;2 записи о регистрации;Не числится в розыске;Ограничений не обнаружено;Москве;дизель, 3.0 л;249 л.с., налог;АКПП;4WD;124 047 км;левый;1 поколение;белый;;;;;
Audi;e-tron;2019;5379000;https://auto.drom.ru/moscow/audi/e-tron/53450168.html;Мощность двигателя не совпадает с ПТС;1 запись о регистрации;Не числится в розыске;Ограничений не обнаружено;Москве;электро;;автомат;4WD;38 777 км;левый;1 поколение;синий;;;;;
Audi;A5;2019;3077000;https://auto.drom.ru/moscow/audi/a5/54109200.html;Характеристики совпадают с ПТС;1 запись о регистрации;Не числится в розыске;Ограничений не обнаружено;Москве;бензин, 2.0 л;190 л.с., налог;робот;передний;44 000 км;левый;2 поколение;серый;лифтбек;;;;
Audi;A8;2019;6900000;https://auto.drom.ru/moscow/audi/a8/54109065.html;Характеристики совпадают с ПТС;2 записи о регистрации;Не числится в розыске;Ограничений не обнаружено;Москве;бензин, 3.0 л;340 л.с., налог;автомат;4WD;72 578 км;левый;;черный;;;;;
Audi;A7;2019;5949000;https://auto.drom.ru/moscow/audi/a7/54108632.html;Характеристики совпадают с ПТС;2 записи о регистрации;Не числится в розыске;Ограничений не обнаружено;Москве;бензин, 3.0 л;340 л.с., налог;робот;4WD;74 676 км;левый;2 поколение;синий;;;;;
Audi;Q5;2019;3350000;https://auto.drom.ru/spb/audi/q5/54100493.html;;;;;Санкт-Петербурге;бензин, 2.0 л;245 л.с., налог;робот;4WD;67 314 км, без пробега по РФ;левый;2 поколение;черный;;;;;
Audi;Q8;2019;6289000;https://auto.drom.ru/moscow/audi/q8/54100027.html;Характеристики совпадают с ПТС;1 запись о регистрации;Не числится в розыске;Ограничений не обнаружено;Москве;дизель, 3.0 л;231 л.с., налог;автомат;4WD;53 701 км;левый;;черный;;;;;
Audi;A3;2019;2219000;https://auto.drom.ru/spb/audi/a3/53816595.html;Характеристики совпадают с ПТС;2 записи о регистрации;Не числится в розыске;Ограничений не обнаружено;Санкт-Петербурге;бензин, 1.4 л;150 л.с., налог;робот;передний;59 100 км;левый;3 поколение, рестайлинг;белый;седан;;;;
Audi;A6;2019;3490000;https://auto.drom.ru/spb/audi/a6/53812766.html;Мощность двигателя не совпадает с ПТС;2 записи о регистрации;Не числится в розыске;Ограничений не обнаружено;Санкт-Петербурге;дизель, 2.0 л;204 л.с., налог;автомат;4WD;114 687 км;левый;;черный;седан;;;;
Audi;Q5;2019;3369000;https://auto.drom.ru/spb/audi/q5/53438246.html;Год не совпадает с ПТС;2 записи о регистрации;Не числится в розыске;Ограничений не обнаружено;Санкт-Петербурге;дизель, 2.0 л;190 л.с., налог;робот;4WD;170 000 км;левый;2 поколение;синий;;;;;
Audi;Q5;2019;4069000;https://auto.drom.ru/moscow/audi/q5/53011884.html;;;;;Москве;дизель, 2.0 л;190 л.с., налог;робот;4WD;91 000 км;левый;2 поколение;черный;;2.0 40 TDI quattro S tronic Sport;;;
Audi;Q5;2019;4100000;https://auto.drom.ru/moscow/audi/q5/423990485.html;Характеристики совпадают с ПТС;1 запись о регистрации;Не числится в розыске;Ограничений не обнаружено;Москве;бензин, 2.0 л;249 л.с., налог;робот;4WD;66 014 км;левый;2 поколение;коричневый;;;;;
Audi;Q8;2019;7770000;https://auto.drom.ru/spb/audi/q8/52570105.html;Характеристики совпадают с ПТС;1 запись о регистрации;Не числится в розыске;Ограничений не обнаружено;Санкт-Петербурге;бензин, 3.0 л, гибрид;340 л.с., налог;АКПП;4WD;153 500 км;левый;1 поколение;синий;;3.0 55 TFSI quattro tiptronic Sport;;;
Audi;Q5;2019;4140000;https://auto.drom.ru/cheboksary/audi/q5/52129542.html;;;;;Чебоксарах;дизель, 2.0 л;190 л.с., налог;робот;4WD;43 216 км;левый;2 поколение;синий;;;;;
Audi;Q8;2019;7450000;https://auto.drom.ru/cheboksary/audi/q8/52129547.html;;;;;Чебоксарах;бензин, 3.0 л;340 л.с., налог;автомат;4WD;24 073 км;левый;;синий;;;;;
Audi;A4;2019;3550000;https://auto.drom.ru/moscow/audi/a4/904674785.html;;;;;Москве;бензин, 2.0 л;249 л.с., налог;робот;4WD;56 000 км;левый;5 поколение;черный;седан;2.0 45 TFSI quattro S tronic Sport;;;
Audi;A6;2019;3049444;https://auto.drom.ru/minsk/audi/a6/54097250.html;;;;;Минске;дизель, 2.0 л;163 л.с., налог;автомат;передний;136 000 км;левый;5 поколение;черный;седан;;;;
Audi;A4;2019;3549000;https://auto.drom.ru/moscow/audi/a4/260669671.html;Мощность двигателя не совпадает с ПТС;1 запись о регистрации;Не числится в розыске;Ограничений не обнаружено;Москве;бензин, 2.0 л;249 л.с., налог;робот;4WD;74 703 км;левый;5 поколение;белый;седан;;;;
Audi;Q5;2019;3849000;https://auto.drom.ru/nizhniy-novgorod/audi/q5/356613888.html;;;;;Нижнем Новгороде;бензин, 2.0 л;249 л.с., налог;робот;4WD;45 750 км;левый;2 поколение;белый;;2.0 45 TFSI quattro S tronic Sport;;;
Audi;Q5;2019;3600000;https://auto.drom.ru/moscow/audi/q5/922115245.html;;;;;Москве;дизель, 2.0 л, ГБО;190 л.с., налог;робот;4WD;165 000 км;левый;2 поколение;серый;;2.0 40 TDI quattro S tronic Design;;;
Audi;A6;2019;3799500;https://auto.drom.ru/moscow/audi/a6/52991861.html;Характеристики совпадают с ПТС;4 записи о регистрации;Не числится в розыске;Ограничений не обнаружено;Москве;бензин, 2.0 л;245 л.с., налог;автомат;4WD;93 887 км;левый;;коричневый;седан;;;;
Audi;Q5;2019;4549000;https://auto.drom.ru/moscow/audi/q5/54093511.html;;;;;Москве;дизель, 3.0 л;286 л.с., налог;робот;4WD;76 116 км;левый;2 поколение;серый;;;;;
Audi;Q7;2019;5319000;https://auto.drom.ru/moscow/audi/q7/344381024.html;Характеристики совпадают с ПТС;2 записи о регистрации;Не числится в розыске;Ограничений не обнаружено;Москве;дизель, 3.0 л;249 л.с., налог;АКПП;4WD;94 502 км;левый;2 поколение;белый;;;;;
Audi;A5;2019;4150000;https://auto.drom.ru/moscow/audi/a5/54098823.html;Характеристики совпадают с ПТС;1 запись о регистрации;Не числится в розыске;Ограничений не обнаружено;Москве;бензин, 2.0 л;249 л.с., налог;робот;4WD;67 666 км;левый;2 поколение;серый;лифтбек;2.0 45 TFSI quattro S tronic Sport;;;
Audi;Q7;2019;6598000;https://auto.drom.ru/moscow/audi/q7/54094683.html;Характеристики совпадают с ПТС;1 запись о регистрации;Не числится в розыске;Ограничений не обнаружено;Москве;дизель, 3.0 л;286 л.с., налог;АКПП;4WD;83 950 км;левый;2 поколение;серый;;3.0 50 TDI quattro tiptronic;;;
Audi;A3;2019;1979789;https://auto.drom.ru/spb/audi/a3/53433811.html;Характеристики совпадают с ПТС;1 запись о регистрации;Не числится в розыске;Ограничений не обнаружено;Санкт-Петербурге;бензин, 1.4 л;150 л.с., налог;робот;передний;111 754 км;левый;3 поколение, рестайлинг;белый;седан;;;;
Audi;Q3;2019;3287000;https://auto.drom.ru/moscow/audi/q3/829855295.html;Характеристики совпадают с ПТС;2 записи о регистрации;Не числится в розыске;Ограничений не обнаружено;Москве;бензин, 1.4 л;150 л.с., налог;робот;передний;66 625 км;левый;;оранжевый;;;;;
Audi;A5;2019;3650000;https://auto.drom.ru/spb/audi/a5/602542416.html;Характеристики совпадают с ПТС;4 записи о регистрации;Не числится в розыске;Ограничений не обнаружено;Санкт-Петербурге;дизель, 2.0 л;190 л.с., налог;робот;4WD;75 000 км;левый;2 поколение;белый;лифтбек;;;;
Audi;Q8;2019;6990000;https://auto.drom.ru/moscow/audi/q8/54085628.html;Характеристики совпадают с ПТС;1 запись о регистрации;Не числится в розыске;Ограничений не обнаружено;Москве;дизель, 3.0 л;286 л.с., налог;автомат;4WD;86 400 км;левый;1 поколение;синий;;;;;
Audi;A5;2019;2630000;https://auto.drom.ru/spb/audi/a5/53419326.html;Характеристики совпадают с ПТС;3 записи о регистрации;Не числится в розыске;Ограничений не обнаружено;Санкт-Петербурге;бензин, 2.0 л;190 л.с., налог;робот;передний;137 765 км;левый;2 поколение;черный;лифтбек;;;;
Audi;Q7;2019;5599000;https://auto.drom.ru/voronezh/audi/q7/52529975.html;;;;;Воронеже;дизель, 3.0 л;231 л.с., налог;АКПП;4WD;76 831 км;левый;2 поколение;белый;;3.0 45 TDI quattro tiptronic;;;
Audi;Q7;2019;6295000;https://auto.drom.ru/moscow/audi/q7/52528828.html;Характеристики совпадают с ПТС;3 записи о регистрации;Не числится в розыске;Ограничений не обнаружено;Москве;дизель, 3.0 л;249 л.с., налог;АКПП;4WD;31 000 км;левый;2 поколение;черный;;;;;
Audi;A5;2019;2950000;https://auto.drom.ru/moscow/audi/a5/363460833.html;Характеристики совпадают с ПТС;4 записи о регистрации;Не числится в розыске;Ограничений не обнаружено;Москве;бензин, 2.0 л;190 л.с., налог;робот;передний;55 000 км;левый;2 поколение;белый;лифтбек;;;;
Audi;A3;2019;2699000;https://auto.drom.ru/moscow/audi/a3/153358337.html;Характеристики совпадают с ПТС;1 запись о регистрации;Не числится в розыске;Ограничений не обнаружено;Москве;бензин, 1.4 л;150 л.с., налог;робот;передний;54 000 км;левый;3 поколение, рестайлинг;серый;седан;;;;
Audi;A8;2019;10300000;https://auto.drom.ru/kazan/audi/a8/333307240.html;Характеристики совпадают с ПТС;1 запись о регистрации;Не числится в розыске;Ограничений не обнаружено;Казани;бензин, 4.0 л;460 л.с., налог;автомат;4WD;33 100 км;;;белый;;;;;
Audi;S4;2019;4153839;https://auto.drom.ru/minsk/audi/s4/763341286.html;;;;;Минске;бензин, 3.0 л;354 л.с., налог;автомат;4WD;55 000 км;левый;6 поколение, рестайлинг;черный;седан;;;;
Audi;Q8;2019;7690000;https://auto.drom.ru/moscow/audi/q8/948563672.html;Характеристики совпадают с ПТС;2 записи о регистрации;Не числится в розыске;Ограничений не обнаружено;Москве;бензин, 3.0 л, гибрид;340 л.с., налог;АКПП;4WD;64 000 км;левый;1 поколение;черный;;3.0 55 TFSI quattro tiptronic;;;
Audi;A3;2019;2850000;https://auto.drom.ru/spb/audi/a3/779446099.html;;;;;Санкт-Петербурге;бензин, 2.0 л;190 л.с., налог;робот;передний;61 500 км, без пробега по РФ;левый;3 поколение, рестайлинг;синий;седан;2.0 40 TFSI S tronic Sport;;;
Audi;A4;2019;2790000;https://auto.drom.ru/moscow/audi/a4/117052845.html;;;;;Москве;бензин, 2.0 л, гибрид;150 л.с., налог;робот;передний;117 000 км, без пробега по РФ;левый;5 поколение, рестайлинг;серый;седан;2.0 35 TFSI S tronic;;;
Audi;Q7;2019;5590000;https://auto.drom.ru/moscow/audi/q7/671037753.html;Характеристики совпадают с ПТС;2 записи о регистрации;Не числится в розыске;Ограничений не обнаружено;Москве;дизель, 3.0 л;249 л.с., налог;АКПП;4WD;120 444 км;левый;2 поколение;синий;;;;;
Audi;A8;2019;7450000;https://auto.drom.ru/moscow/audi/a8/54072785.html;Характеристики совпадают с ПТС;1 запись о регистрации;Не числится в розыске;Ограничений не обнаружено;Москве;дизель, 3.0 л;286 л.с., налог;автомат;4WD;36 863 км;левый;;черный;;;;;
Audi;Q5;2019;3820000;https://auto.drom.ru/moscow/audi/q5/54074793.html;Характеристики совпадают с ПТС;1 запись о регистрации;Не числится в розыске;Ограничений не обнаружено;Москве;бензин, 2.0 л;249 л.с., налог;робот;4WD;71 167 км;левый;2 поколение;зеленый;;;;;
Audi;A6;2019;4300000;https://auto.drom.ru/spb/audi/a6/796582770.html;Характеристики совпадают с ПТС;1 запись о регистрации;Не числится в розыске;Ограничений не обнаружено;Санкт-Петербурге;дизель, 3.0 л;286 л.с., налог;автомат;4WD;94 251 км;левый;;черный;седан;;;;
Audi;Q3;2019;3225000;https://auto.drom.ru/moscow/audi/q3/53788567.html;Характеристики совпадают с ПТС;3 записи о регистрации;Не числится в розыске;Ограничений не обнаружено;Москве;бензин, 1.4 л;150 л.с., налог;робот;передний;45 927 км;левый;;серый;;;;;
Audi;A4;2019;2730000;https://auto.drom.ru/yoshkar-ola/audi/a4/53779897.html;Характеристики совпадают с ПТС;2 записи о регистрации;Не числится в розыске;Ограничений не обнаружено;Йошкар-Оле;бензин, 1.4 л;150 л.с., налог;робот;передний;70 000 км;левый;5 поколение;серый;седан;1.4 35 TFSI S tronic;;;
Audi;A5;2019;3140000;https://auto.drom.ru/moscow/audi/a5/53406491.html;Характеристики совпадают с ПТС;2 записи о регистрации;Не числится в розыске;Ограничений не обнаружено;Москве;бензин, 2.0 л;190 л.с., налог;робот;передний;40 608 км;левый;2 поколение;белый;лифтбек;;;;
Audi;Q8;2019;5845000;https://auto.drom.ru/moscow/audi/q8/53395483.html;Характеристики совпадают с ПТС;3 записи о регистрации;Не числится в розыске;Ограничений не обнаружено;Москве;дизель, 3.0 л;249 л.с., налог;АКПП;4WD;129 006 км;левый;1 поколение;серый;;3.0 45 TDI quattro tiptronic;;;
Audi;A3;2019;2578000;https://auto.drom.ru/moscow/audi/a3/832143123.html;Характеристики совпадают с ПТС;2 записи о регистрации;Не числится в розыске;Ограничений не обнаружено;Москве;бензин, 1.4 л;150 л.с., налог;робот;передний;37 400 км;левый;3 поколение, рестайлинг;красный;седан;;;;
Audi;Q5;2019;4990000;https://auto.drom.ru/kazan/audi/q5/51670794.html;;;;;Казани;дизель, 2.0 л;190 л.с., налог;робот;4WD;23 442 км;левый;2 поколение;черный;;;;;
Audi;Q7;2019;5820000;https://auto.drom.ru/moscow/audi/q7/54067107.html;Характеристики совпадают с ПТС;2 записи о регистрации;Не числится в розыске;Ограничений не обнаружено;Москве;дизель, 3.0 л;249 л.с., налог;АКПП;4WD;95 319 км;левый;2 поколение;белый;;;;;
Audi;A4;2019;2785000;https://auto.drom.ru/moscow/audi/a4/54066334.html;Характеристики совпадают с ПТС;1 запись о регистрации;Не числится в розыске;Ограничений не обнаружено;Москве;бензин, 1.4 л;150 л.с., налог;робот;передний;28 105 км;левый;5 поколение;черный;седан;;;;
Audi;A6;2019;3950000;https://auto.drom.ru/moscow/audi/a6/54065451.html;Характеристики совпадают с ПТС;3 записи о регистрации;Не числится в розыске;Ограничений не обнаружено;Москве;бензин, 2.0 л, гибрид;245 л.с., налог;робот;4WD;93 000 км;левый;5 поколение;черный;седан;2.0 45 TFSI quattro S tronic;;;
Audi;A4;2019;2345700;https://auto.drom.ru/moscow/audi/a4/54065273.html;Характеристики совпадают с ПТС;1 запись о регистрации;Не числится в розыске;Ограничений не обнаружено;Москве;бензин, 1.4 л;150 л.с., налог;робот;передний;123 613 км;левый;5 поколение;белый;седан;;;;
Audi;A6;2019;5650000;https://auto.drom.ru/tver/audi/a6/54062723.html;Характеристики совпадают с ПТС;1 запись о регистрации;Не числится в розыске;Ограничений не обнаружено;Твери;дизель, 3.0 л, гибрид;286 л.с., налог;АКПП;4WD;59 000 км;левый;5 поколение;черный;седан;3.0 50 TDI quattro tiptronic Sport;;;
Audi;Q5;2019;4050000;https://auto.drom.ru/moscow/audi/q5/54059793.html;Характеристики совпадают с ПТС;3 записи о регистрации;Не числится в розыске;Ограничений не обнаружено;Москве;бензин, 2.0 л;249 л.с., налог;робот;4WD;64 240 км;левый;2 поколение;черный;;;;;
Audi;A5;2019;2754000;https://auto.drom.ru/spb/audi/a5/53774536.html;Характеристики совпадают с ПТС;3 записи о регистрации;Не числится в розыске;Ограничений не обнаружено;Санкт-Петербурге;бензин, 2.0 л;190 л.с., налог;робот;передний;119 000 км;левый;2 поколение;белый;лифтбек;;;;
Audi;A8;2019;7900000;https://auto.drom.ru/moscow/audi/a8/53772626.html;Характеристики совпадают с ПТС;1 запись о регистрации;Не числится в розыске;Ограничений не обнаружено;Москве;дизель, 3.0 л;286 л.с., налог;автомат;4WD;45 513 км;левый;;синий;;;;;
Audi;e-tron;2019;5650000;https://auto.drom.ru/tver/audi/e-tron/52068909.html;;;;;Твери;электро;;автомат;4WD;55 000 км;левый;1 поколение;серый;;;;;
Audi;Q8;2019;7500000;https://auto.drom.ru/moscow/audi/q8/51664814.html;Характеристики совпадают с ПТС;1 запись о регистрации;Не числится в розыске;Ограничений не обнаружено;Москве;дизель, 3.0 л;249 л.с., налог;АКПП;4WD;74 515 км;левый;1 поколение;синий;;;;;
Audi;Q5;2019;3500000;https://auto.drom.ru/spb/audi/q5/720430964.html;Характеристики совпадают с ПТС;1 запись о регистрации;Не числится в розыске;Ограничений не обнаружено;Санкт-Петербурге;бензин, 2.0 л;249 л.с., налог;робот;4WD;150 658 км;левый;2 поколение;синий;;;;;
Audi;A3;2019;1980000;https://auto.drom.ru/kaluga/audi/a3/920899448.html;Характеристики совпадают с ПТС;2 записи о регистрации;Не числится в розыске;Ограничений не обнаружено;Калуге;бензин, 1.4 л;150 л.с., налог;робот;передний;117 000 км;левый;3 поколение, рестайлинг;белый;седан;1.4 35 TFSI COD ultra S tronic;;;
Audi;Q8;2019;8080000;https://auto.drom.ru/moscow/audi/q8/349141118.html;Характеристики совпадают с ПТС;2 записи о регистрации;Не числится в розыске;Ограничений не обнаружено;Москве;дизель, 3.0 л;249 л.с., налог;АКПП;4WD;41 452 км;левый;1 поколение;черный;;;;;
Audi;Q7;2019;5250000;https://auto.drom.ru/moscow/audi/q7/734165467.html;Характеристики совпадают с ПТС;1 запись о регистрации;Не числится в розыске;Ограничений не обнаружено;Москве;дизель, 3.0 л;249 л.с., налог;АКПП;4WD;104 304 км;левый;2 поколение;белый;;;;;
Audi;Q5;2019;3899000;https://auto.drom.ru/moscow/audi/q5/783686182.html;Характеристики совпадают с ПТС;1 запись о регистрации;Не числится в розыске;Ограничений не обнаружено;Москве;бензин, 2.0 л;249 л.с., налог;робот;4WD;117 889 км;левый;2 поколение;белый;;;;;
Audi;A3;2019;2415000;https://auto.drom.ru/moscow/audi/a3/442021562.html;Характеристики совпадают с ПТС;1 запись о регистрации;Не числится в розыске;Ограничений не обнаружено;Москве;бензин, 1.4 л;150 л.с., налог;робот;передний;49 537 км;левый;3 поколение, рестайлинг;синий;седан;;;;
Audi;A5;2019;3949789;https://auto.drom.ru/spb/audi/a5/751715999.html;Характеристики совпадают с ПТС;1 запись о регистрации;Не числится в розыске;Ограничений не обнаружено;Санкт-Петербурге;бензин, 2.0 л;249 л.с., налог;робот;4WD;62 518 км;левый;2 поколение;красный;купе;;;;
Audi;A6;2019;4120000;https://auto.drom.ru/moscow/audi/a6/219462856.html;Характеристики совпадают с ПТС;1 запись о регистрации;Не числится в розыске;Ограничений не обнаружено;Москве;бензин, 2.0 л;245 л.с., налог;автомат;4WD;92 000 км;левый;;серый;седан;;;;
Audi;A7;2019;6180000;https://auto.drom.ru/moscow/audi/a7/306857922.html;Характеристики совпадают с ПТС;3 записи о регистрации;Не числится в розыске;Ограничений не обнаружено;Москве;бензин, 3.0 л;340 л.с., налог;робот;4WD;59 000 км;левый;2 поколение;серый;;;;;
Audi;A8;2019;6850000;https://auto.drom.ru/moscow/audi/a8/52959709.html;Характеристики совпадают с ПТС;2 записи о регистрации;Не числится в розыске;Ограничений не обнаружено;Москве;бензин, 3.0 л;340 л.с., налог;автомат;4WD;65 235 км;левый;;черный;;;;;
Audi;A4;2019;3400000;https://auto.drom.ru/moscow/audi/a4/52946255.html;;;;;Москве;дизель, 2.0 л, гибрид;163 л.с., налог;робот;передний;90 000 км;левый;5 поколение, рестайлинг;черный;универсал;2.0 35 TDI S tronic;;;
Audi;Q8;2019;7990000;https://auto.drom.ru/moscow/audi/q8/52938496.html;Характеристики совпадают с ПТС;1 запись о регистрации;Не числится в розыске;Ограничений не обнаружено;Москве;бензин, 3.0 л, гибрид;340 л.с., налог;АКПП;4WD;70 000 км;левый;1 поколение;синий;;3.0 55 TFSI quattro tiptronic Sport;;;
Audi;A4 allroad quattro;2019;3250000;https://auto.drom.ru/lyubertsy/audi/a4_allroad_quattro/53566783.html;;;;;Люберцах;бензин, 2.0 л;249 л.с., налог;робот;4WD;70 000 км, без пробега по РФ;левый;2 поколение;черный;;2.0 45 TFSI S Tronic quattro;;;
Audi;Q5;2019;3509000;https://auto.drom.ru/spb/audi/q5/53360153.html;Характеристики совпадают с ПТС;5 записей о регистрации;Не числится в розыске;Ограничений не обнаружено;Санкт-Петербурге;бензин, 2.0 л;249 л.с., налог;робот;4WD;55 000 км;левый;2 поколение;серый;;;;;
Audi;Q3;2019;3490000;https://auto.drom.ru/ivanovo/audi/q3/54043588.html;;;;;Иваново;бензин, 2.0 л;180 л.с., налог;робот;4WD;85 751 км;левый;2 поколение;черный;;;;;
Audi;A3;2019;1999000;https://auto.drom.ru/nizhniy-novgorod/audi/a3/611495082.html;Характеристики совпадают с ПТС;1 запись о регистрации;Не числится в розыске;Ограничений не обнаружено;Нижнем Новгороде;бензин, 1.4 л;150 л.с., налог;робот;передний;107 000 км;левый;3 поколение, рестайлинг;белый;седан;;;;
Audi;Q5;2019;4190000;https://auto.drom.ru/spb/audi/q5/54045586.html;Характеристики совпадают с ПТС;1 запись о регистрации;Не числится в розыске;Ограничений не обнаружено;Санкт-Петербурге;бензин, 2.0 л;249 л.с., налог;робот;4WD;57 000 км;левый;2 поколение;голубой;;2.0 45 TFSI quattro S tronic Advance;;;
Audi;SQ8;2019;9450000;https://auto.drom.ru/moscow/audi/sq8/54041836.html;Характеристики совпадают с ПТС;1 запись о регистрации;Не числится в розыске;Ограничений не обнаружено;Москве;дизель, 4.0 л, гибрид;435 л.с., налог;АКПП;4WD;74 702 км;левый;1 поколение;черный;;4.0 TDI quattro tiptronic;;;
Audi;A6 allroad quattro;2019;4400000;https://auto.drom.ru/spb/audi/a6_allroad_quattro/54036297.html;;;;;Санкт-Петербурге;дизель, 3.0 л;231 л.с., налог;автомат;4WD;172 000 км, без пробега по РФ;левый;;серый;;;;;
Audi;A8;2019;6199000;https://auto.drom.ru/moscow/audi/a8/53756952.html;Характеристики совпадают с ПТС;1 запись о регистрации;Не числится в розыске;Ограничений не обнаружено;Москве;бензин, 3.0 л;340 л.с., налог;автомат;4WD;32 562 км;левый;;белый;;;;;
Audi;Q5;2019;3534690;https://auto.drom.ru/minsk/audi/q5/678480108.html;;;;;Минске;бензин, 2.0 л;252 л.с., налог;автомат;4WD;54 000 км;левый;2 поколение;белый;;;;;
Audi;A7;2019;5430000;https://auto.drom.ru/spb/audi/a7/130693988.html;Характеристики совпадают с ПТС;1 запись о регистрации;Не числится в розыске;Ограничений не обнаружено;Санкт-Петербурге;бензин, 3.0 л;340 л.с., налог;робот;4WD;116 000 км;левый;2 поколение;синий;;;;;
Audi;A4;2019;2726101;https://auto.drom.ru/minsk/audi/a4/53357020.html;;;;;Минске;дизель, 2.0 л;190 л.с., налог;робот;4WD;183 800 км;левый;5 поколение;;универсал;;;;
Audi;S5;2019;5250000;https://auto.drom.ru/moscow/audi/s5/625411218.html;;;;;Москве;дизель, 3.0 л;347 л.с., налог;автомат;4WD;59 000 км, без пробега по РФ;левый;2 поколение;серебристый;лифтбек;;;;
Audi;Q8;2019;6750000;https://auto.drom.ru/spb/audi/q8/240617914.html;Характеристики совпадают с ПТС;3 записи о регистрации;Не числится в розыске;Ограничений не обнаружено;Санкт-Петербурге;дизель, 3.0 л;249 л.с., налог;АКПП;4WD;77 490 км;левый;1 поколение;серый;;;;;
Audi;Q7;2019;6200000;https://auto.drom.ru/moscow/audi/q7/472933179.html;Характеристики совпадают с ПТС;2 записи о регистрации;Не числится в розыске;Ограничений не обнаружено;Москве;дизель, 3.0 л;249 л.с., налог;АКПП;4WD;83 165 км;левый;2 поколение;белый;;;;;
Audi;A6;2019;3003332;https://auto.drom.ru/minsk/audi/a6/52885401.html;;;;;Минске;дизель, 3.0 л;286 л.с., налог;автомат;4WD;110 000 км;левый;5 поколение;серебристый;универсал;;;;
Audi;A7;2019;5449999;https://auto.drom.ru/moscow/audi/a7/795471832.html;Характеристики совпадают с ПТС;2 записи о регистрации;Не числится в розыске;Ограничений не обнаружено;Москве;бензин, 3.0 л;340 л.с., налог;робот;4WD;61 150 км;левый;2 поколение;белый;;;;;
Audi;Q8;2019;7199700;https://auto.drom.ru/moscow/audi/q8/54016667.html;Характеристики совпадают с ПТС;2 записи о регистрации;Не числится в розыске;Ограничений не обнаружено;Москве;бензин, 3.0 л;340 л.с., налог;автомат;4WD;47 067 км;левый;;синий;;;;;
Audi;A6;2019;3637000;https://auto.drom.ru/moscow/audi/a6/54015968.html;Характеристики совпадают с ПТС;2 записи о регистрации;Не числится в розыске;Ограничений не обнаружено;Москве;дизель, 2.0 л;204 л.с., налог;автомат;4WD;107 700 км;левый;;серый;седан;;;;
Audi;Q7;2019;5500000;https://auto.drom.ru/kazan/audi/q7/408929287.html;Характеристики совпадают с ПТС;1 запись о регистрации;Не числится в розыске;Ограничений не обнаружено;Казани;дизель, 3.0 л;249 л.с., налог;АКПП;4WD;133 000 км, без пробега по РФ;левый;2 поколение;белый;;;;;
Audi;S6;2019;5399000;https://auto.drom.ru/moscow/audi/s6/782445380.html;Электронный ПТС выдан;;Не числится в розыске;Ограничений не обнаружено;Москве;дизель, 3.0 л;349 л.с., налог;АКПП;4WD;59 000 км, без пробега по РФ;левый;5 поколение;черный;универсал;3.0 TDI quattro tiptronic;;;
Audi;A4;2019;2769000;https://auto.drom.ru/spb/audi/a4/53318830.html;Характеристики совпадают с ПТС;1 запись о регистрации;Не числится в розыске;Ограничений не обнаружено;Санкт-Петербурге;дизель, 2.0 л;190 л.с., налог;робот;4WD;90 677 км;левый;5 поколение;красный;седан;;;;
Audi;A6;2019;3339000;https://auto.drom.ru/voronezh/audi/a6/53313516.html;Характеристики совпадают с ПТС;1 запись о регистрации;Не числится в розыске;Ограничений не обнаружено;Воронеже;дизель, 2.0 л;204 л.с., налог;автомат;4WD;132 015 км;левый;;черный;универсал;;;;
Audi;A5;2019;3990000;https://auto.drom.ru/moscow/audi/a5/51072560.html;Характеристики совпадают с ПТС;1 запись о регистрации;Не числится в розыске;Ограничений не обнаружено;Москве;дизель, 3.0 л;231 л.с., налог;автомат;4WD;99 800 км;левый;2 поколение;белый;лифтбек;;;;
Audi;A6;2019;3132706;https://auto.drom.ru/minsk/audi/a6/710986765.html;;;;;Минске;дизель, 3.0 л;231 л.с., налог;автомат;4WD;183 718 км;левый;5 поколение;черный;универсал;;;;
Audi;A6 allroad quattro;2019;4611269;https://auto.drom.ru/minsk/audi/a6_allroad_quattro/53309895.html;;;;;Минске;дизель, 3.0 л;231 л.с., налог;автомат;4WD;112 000 км;левый;4 поколение;белый;;;;;
Audi;A6;2019;3077260;https://auto.drom.ru/minsk/audi/a6/52837290.html;;;;;Минске;дизель, 2.0 л;163 л.с., налог;автомат;передний;183 000 км, без пробега по РФ;левый;5 поколение;белый;универсал;;;;
Audi;A6 allroad quattro;2019;5050000;https://auto.drom.ru/moscow/audi/a6_allroad_quattro/53310537.html;;;;;Москве;дизель, 3.0 л, гибрид;249 л.с., налог;АКПП;4WD;61 300 км;левый;4 поколение;;;;;;
Audi;A6 allroad quattro;2019;5300000;https://auto.drom.ru/moscow/audi/a6_allroad_quattro/53310556.html;;;;;Москве;дизель, 3.0 л, гибрид;249 л.с., налог;АКПП;4WD;65 400 км;левый;4 поколение;;;;;;
Audi;A4;2019;3290000;https://auto.drom.ru/moscow/audi/a4/241419204.html;;;;;Москве;дизель, 2.0 л;190 л.с., налог;робот;4WD;89 725 км;левый;5 поколение;синий;универсал;;;;
Audi;A4;2019;2700000;https://auto.drom.ru/moscow/audi/a4/53997197.html;Характеристики совпадают с ПТС;1 запись о регистрации;Не числится в розыске;Ограничений не обнаружено;Москве;дизель, 2.0 л;150 л.с., налог;робот;передний;85 722 км;левый;5 поколение;серый;универсал;;;;
Audi;A4;2019;2530000;https://auto.drom.ru/moscow/audi/a4/54001737.html;Характеристики совпадают с ПТС;1 запись о регистрации;Не числится в розыске;Ограничений не обнаружено;Москве;бензин, 1.4 л;150 л.с., налог;робот;передний;79 610 км;левый;5 поколение;синий;седан;;;;
Audi;A4;2019;2550000;https://auto.drom.ru/spb/audi/a4/53702787.html;;;;;Санкт-Петербурге;дизель, 2.0 л;136 л.с., налог;автомат;передний;162 038 км;левый;;серый;универсал;;;;
Audi;A7;2019;6200000;https://auto.drom.ru/spb/audi/a7/53311966.html;Характеристики совпадают с ПТС;1 запись о регистрации;Не числится в розыске;Ограничений не обнаружено;Санкт-Петербурге;дизель, 3.0 л;286 л.с., налог;автомат;4WD;57 290 км;левый;;коричневый;;;;;
Audi;A5;2019;2999000;https://auto.drom.ru/spb/audi/a5/53309147.html;Характеристики совпадают с ПТС;1 запись о регистрации;Не числится в розыске;Ограничений не обнаружено;Санкт-Петербурге;бензин, 2.0 л;190 л.с., налог;автомат;передний;90 000 км;левый;;серый;хэтчбек 5 дв.;;;;
Audi;A6;2019;3639000;https://auto.drom.ru/moscow/audi/a6/262083162.html;Мощность двигателя не совпадает с ПТС;2 записи о регистрации;Не числится в розыске;Ограничений не обнаружено;Москве;бензин, 2.0 л;245 л.с., налог;автомат;4WD;125 000 км;левый;;белый;седан;;;;
Audi;Q8;2019;7200000;https://auto.drom.ru/spb/audi/q8/517632344.html;Характеристики совпадают с ПТС;1 запись о регистрации;Не числится в розыске;Ограничений не обнаружено;Санкт-Петербурге;бензин, 3.0 л;340 л.с., налог;автомат;4WD;39 964 км;левый;;синий;;;;;
Audi;A3;2019;2079230;https://auto.drom.ru/minsk/audi/a3/53294273.html;;;;;Минске;бензин, 2.0 л;228 л.с., налог;робот;4WD;62 000 км;левый;3 поколение, рестайлинг;серый;седан;2.0 45 TFSI S Tronic quattro Premium Plus;;;
Audi;A6;2019;1750000;https://auto.drom.ru/moscow/audi/a6/530290651.html;Характеристики совпадают с ПТС;1 запись о регистрации;Не числится в розыске;Ограничений не обнаружено;Москве;бензин, 2.0 л;215 л.с., налог;автомат;4WD;53 689 км;левый;5 поколение;черный;универсал;;требуется ремонт или не на ходу;;
Audi;Q7;2019;7240000;https://auto.drom.ru/moscow/audi/q7/573311673.html;;;;;Москве;дизель, 3.0 л;286 л.с., налог;АКПП;4WD;66 075 км;левый;2 поколение;черный;;3.0 50 TDI quattro tiptronic;;;
Audi;Q7;2019;5250000;https://auto.drom.ru/spb/audi/q7/411789340.html;Характеристики совпадают с ПТС;1 запись о регистрации;Не числится в розыске;Ограничений не обнаружено;Санкт-Петербурге;бензин, 2.0 л;252 л.с., налог;АКПП;4WD;72 505 км;левый;2 поколение;синий;;;;;
Audi;A4;2019;2290000;https://auto.drom.ru/minsk/audi/a4/52409725.html;;;;;Минске;бензин, 2.0 л;249 л.с., налог;робот;передний;79 000 км, без пробега по РФ;левый;5 поколение;белый;седан;;;;
Audi;A5;2019;3900000;https://auto.drom.ru/moscow/audi/a5/53677370.html;;;;;Москве;бензин, 2.0 л;252 л.с., налог;автомат;4WD;25 632 км;левый;;серый;лифтбек;;;;
Audi;e-tron;2019;5000000;https://auto.drom.ru/spb/audi/e-tron/53683076.html;Мощность двигателя не совпадает с ПТС;1 запись о регистрации;Не числится в розыске;Ограничений не обнаружено;Санкт-Петербурге;электро;;автомат;4WD;76 609 км;левый;1 поколение;синий;;;;;
Audi;A4;2019;3450000;https://auto.drom.ru/belgorod/audi/a4/53681002.html;Характеристики совпадают с ПТС;2 записи о регистрации;Не числится в розыске;Ограничений не обнаружено;Белгороде;бензин, 2.0 л;249 л.с., налог;робот;4WD;60 000 км;левый;5 поколение;синий;седан;;;;
Audi;Q5;2019;4574305;https://auto.drom.ru/minsk/audi/q5/52388119.html;;;;;Минске;дизель, 3.0 л;231 л.с., налог;АКПП;4WD;148 967 км;левый;2 поколение;серый;;;;;
Audi;RS5;2019;6670000;https://auto.drom.ru/spb/audi/rs5/328323284.html;Характеристики совпадают с ПТС;3 записи о регистрации;Не числится в розыске;Ограничений не обнаружено;Санкт-Петербурге;бензин, 2.9 л;450 л.с., налог;АКПП;4WD;66 000 км;левый;2 поколение;серый;купе;;;;
Audi;A4;2019;2700000;https://auto.drom.ru/moscow/audi/a4/52825329.html;;;;;Москве;бензин, 1.4 л;150 л.с., налог;робот;передний;160 000 км;левый;5 поколение;черный;седан;;;;
Audi;Q3;2019;3400000;https://auto.drom.ru/smolensk/audi/q3/52384187.html;;;;;Смоленске;дизель, 2.0 л;150 л.с., налог;автомат;передний;67 000 км;левый;2 поколение;белый;;;;;
Audi;A4;2019;3800000;https://auto.drom.ru/moscow/audi/a4/784895664.html;Характеристики совпадают с ПТС;1 запись о регистрации;Не числится в розыске;Ограничений не обнаружено;Москве;дизель, 2.0 л;190 л.с., налог;робот;4WD;55 864 км;левый;5 поколение;красный;седан;2.0 40 TDI quattro S tronic Sport;;;
Audi;RS Q8;2019;15340000;https://auto.drom.ru/balashiha/audi/rs_q8/865678533.html;;;;;Балашихе;бензин, 4.0 л;600 л.с., налог;автомат;4WD;8 987 км;левый;;оранжевый;;;;;
Audi;Q7;2019;3687167;https://auto.drom.ru/minsk/audi/q7/53946177.html;;;;;Минске;бензин, 3.0 л;333 л.с., налог;АКПП;4WD;49 705 км;левый;2 поколение;черный;;3.0 55 TFSI quattro tiptronic Business;;;
Audi;A4;2019;2750000;https://auto.drom.ru/moscow/audi/a4/353889759.html;Характеристики совпадают с ПТС;1 запись о регистрации;Не числится в розыске;Ограничений не обнаружено;Москве;бензин;252 л.с., налог;автомат;4WD;63 888 км;левый;5 поколение;серый;седан;;;;
Audi;A3;2019;1800000;https://auto.drom.ru/moscow/audi/a3/53630221.html;Характеристики совпадают с ПТС;1 запись о регистрации;Не числится в розыске;Ограничений не обнаружено;Москве;бензин, 1.4 л;150 л.с., налог;робот;передний;111 000 км;левый;3 поколение, рестайлинг;красный;седан;;;;
Audi;A4;2019;3949000;https://auto.drom.ru/moscow/audi/a4/53629391.html;Характеристики совпадают с ПТС;2 записи о регистрации;Не числится в розыске;Ограничений не обнаружено;Москве;бензин, 2.0 л;249 л.с., налог;робот;4WD;31 903 км;левый;5 поколение;серый;седан;;;;
Audi;Q5;2019;3399149;https://auto.drom.ru/spb/audi/q5/53227177.html;;;;;Санкт-Петербурге;бензин, 2.0 л;252 л.с., налог;автомат;4WD;68 556 км;левый;2 поколение;серый;;;;;
Audi;Q8;2019;6149000;https://auto.drom.ru/spb/audi/q8/53218322.html;Мощность двигателя не совпадает с ПТС;1 запись о регистрации;Не числится в розыске;Ограничений не обнаружено;Санкт-Петербурге;дизель, 3.0 л;249 л.с., налог;АКПП;4WD;137 072 км;левый;1 поколение;бежевый;;3.0 45 TDI quattro tiptronic;;;
Audi;A6;2019;3390000;https://auto.drom.ru/ryazan/audi/a6/51102787.html;;;;;Рязани;дизель, 2.0 л;204 л.с., налог;автомат;передний;114 051 км;левый;;черный;универсал;;;;
Audi;A6;2019;3048613;https://auto.drom.ru/minsk/audi/a6/52327320.html;;;;;Минске;дизель, 2.0 л;204 л.с., налог;автомат;передний;119 000 км;левый;5 поколение;;универсал;;;;
Audi;A4;2019;3700000;https://auto.drom.ru/nizhniy-novgorod/audi/a4/50513864.html;Характеристики совпадают с ПТС;1 запись о регистрации;Не числится в розыске;Ограничений не обнаружено;Нижнем Новгороде;бензин, 2.0 л;249 л.с., налог;робот;4WD;48 000 км;левый;5 поколение;черный;седан;2.0 45 TFSI quattro S tronic Sport;;;
Audi;Q7;2019;6967060;https://auto.drom.ru/moscow/audi/q7/53203537.html;Характеристики совпадают с ПТС;1 запись о регистрации;Не числится в розыске;Ограничений не обнаружено;Москве;дизель, 3.0 л;231 л.с., налог;АКПП;4WD;34 542 км;левый;2 поколение;белый;;3.0 45 TDI quattro tiptronic;;;
Audi;A3;2019;1999000;https://auto.drom.ru/moscow/audi/a3/52769614.html;;;;;Москве;бензин, 1.0 л;116 л.с., налог;робот;передний;100 000 км;левый;3 поколение, рестайлинг;черный;хэтчбек 5 дв.;1.0 30 TFSI S Tronic;;;
Audi;A3;2019;1829000;https://auto.drom.ru/spb/audi/a3/279606203.html;Характеристики совпадают с ПТС;1 запись о регистрации;Не числится в розыске;Ограничений не обнаружено;Санкт-Петербурге;бензин, 1.4 л;150 л.с., налог;робот;передний;130 123 км;левый;3 поколение, рестайлинг;белый;седан;;;;
Audi;Q3;2019;2999000;https://auto.drom.ru/spb/audi/q3/713978604.html;Характеристики совпадают с ПТС;2 записи о регистрации;Не числится в розыске;Ограничений не обнаружено;Санкт-Петербурге;бензин, 1.4 л;150 л.с., налог;робот;передний;80 520 км;левый;;оранжевый;;;;;
Audi;A8;2019;8169000;https://auto.drom.ru/moscow/audi/a8/467570960.html;Характеристики совпадают с ПТС;2 записи о регистрации;Не числится в розыске;Ограничений не обнаружено;Москве;дизель, 3.0 л;249 л.с., налог;автомат;4WD;64 816 км;левый;;серый;;;;;
Audi;A4;2019;2900000;https://auto.drom.ru/minsk/audi/a4/188358196.html;;;;;Минске;бензин, 2.0 л;249 л.с., налог;робот;4WD;54 700 км;левый;5 поколение;синий;седан;;;;
Audi;Q7;2019;4125000;https://auto.drom.ru/moscow/audi/q7/53955032.html;Характеристики совпадают с ПТС;4 записи о регистрации;Не числится в розыске;Ограничений не обнаружено;Москве;дизель, 3.0 л;249 л.с., налог;АКПП;4WD;127 839 км;левый;2 поколение;белый;;;;;
Audi;A4;2019;2480000;https://auto.drom.ru/moscow/audi/a4/53954748.html;Характеристики совпадают с ПТС;2 записи о регистрации;Не числится в розыске;Ограничений не обнаружено;Москве;бензин, 1.4 л;150 л.с., налог;робот;передний;30 796 км;левый;5 поколение;белый;седан;;;;
Audi;A3;2019;2150000;https://auto.drom.ru/moscow/audi/a3/53950618.html;Характеристики совпадают с ПТС;2 записи о регистрации;Не числится в розыске;Ограничений не обнаружено;Москве;бензин, 1.4 л;150 л.с., налог;робот;передний;117 813 км;левый;3 поколение, рестайлинг;белый;седан;;;;
Audi;A5;2019;3945000;https://auto.drom.ru/spb/audi/a5/53608508.html;Характеристики совпадают с ПТС;1 запись о регистрации;Не числится в розыске;Ограничений не обнаружено;Санкт-Петербурге;бензин, 2.0 л;190 л.с., налог;робот;передний;23 000 км;левый;2 поколение;синий;лифтбек;;;;
Audi;A6;2019;4150000;https://auto.drom.ru/voronezh/audi/a6/53203205.html;;;;;Воронеже;дизель, 2.0 л;204 л.с., налог;автомат;передний;67 658 км;левый;;белый;седан;;;;
Audi;Q5;2019;4900000;https://auto.drom.ru/voronezh/audi/q5/53200412.html;Характеристики совпадают с ПТС;1 запись о регистрации;Не числится в розыске;Ограничений не обнаружено;Воронеже;бензин, 2.0 л;249 л.с., налог;робот;4WD;39 977 км;левый;2 поколение;синий;;;;;
Audi;A4;2019;2499000;https://auto.drom.ru/moscow/audi/a4/170131001.html;Характеристики совпадают с ПТС;2 записи о регистрации;Не числится в розыске;Ограничений не обнаружено;Москве;бензин, 1.4 л;150 л.с., налог;робот;передний;73 002 км;левый;5 поколение;серый;седан;;;;
Audi;A4;2019;2150000;https://auto.drom.ru/moscow/audi/a4/413041104.html;;;;;Москве;дизель, 2.0 л;150 л.с., налог;робот;передний;194 000 км;левый;5 поколение;серый;седан;2.0 35 TDI S tronic;;;
Audi;A4;2019;2850000;https://auto.drom.ru/moscow/audi/a4/53943531.html;Характеристики совпадают с ПТС;2 записи о регистрации;Не числится в розыске;Ограничений не обнаружено;Москве;бензин, 1.4 л;150 л.с., налог;робот;передний;47 188 км;левый;5 поколение;черный;седан;;;;
Audi;A6;2019;3999000;https://auto.drom.ru/moscow/audi/a6/49535056.html;Характеристики совпадают с ПТС;3 записи о регистрации;Не числится в розыске;Ограничений не обнаружено;Москве;бензин, 2.0 л;245 л.с., налог;автомат;4WD;86 000 км;левый;;черный;седан;;;;
Audi;A4;2019;3197000;https://auto.drom.ru/moscow/audi/a4/53947483.html;Характеристики совпадают с ПТС;1 запись о регистрации;Не числится в розыске;Ограничений не обнаружено;Москве;дизель, 2.0 л;190 л.с., налог;робот;4WD;147 000 км;левый;5 поколение;серебристый;универсал;2.0 40 TDI quattro S tronic Sport;;;
Audi;A3;2019;2330000;https://auto.drom.ru/moscow/audi/a3/290506153.html;Характеристики совпадают с ПТС;1 запись о регистрации;Не числится в розыске;Ограничений не обнаружено;Москве;бензин, 1.4 л;150 л.с., налог;робот;передний;58 484 км;левый;3 поколение, рестайлинг;синий;седан;;;;
Audi;TT;2019;2999999;https://auto.drom.ru/minsk/audi/tt/52223570.html;;;;;Минске;бензин, 2.0 л;197 л.с., налог;автомат;передний;139 000 км;левый;3 поколение;серый;хэтчбек 3 дв.;;;;
Audi;Q7;2019;6375000;https://auto.drom.ru/rostov/audi/q7/53174358.html;Характеристики совпадают с ПТС;1 запись о регистрации;Не числится в розыске;Ограничений не обнаружено;Ростове;дизель, 3.0 л;249 л.с., налог;АКПП;4WD;68 000 км;левый;2 поколение;коричневый;;3.0 45 TDI quattro tiptronic Advance;;;
Audi;Q7;2019;5780000;https://auto.drom.ru/spb/audi/q7/501656016.html;Характеристики совпадают с ПТС;1 запись о регистрации;Не числится в розыске;Ограничений не обнаружено;Санкт-Петербурге;дизель, 3.0 л;249 л.с., налог;АКПП;4WD;98 705 км;левый;2 поколение;коричневый;;;;;
Audi;Q3;2019;3200000;https://auto.drom.ru/orsha_rb/audi/q3/778865063.html;;;;;Орше;бензин, 2.0 л;180 л.с., налог;робот;4WD;79 336 км;левый;2 поколение;черный;;;;;
Audi;A4;2019;3419085;https://auto.drom.ru/minsk/audi/a4/52079262.html;;;;;Минске;бензин, 2.0 л;245 л.с., налог;автомат;4WD;54 400 км;левый;5 поколение, рестайлинг;;седан;;;;
Audi;Q7;2019;5350000;https://auto.drom.ru/ryazan/audi/q7/140393232.html;Характеристики совпадают с ПТС;2 записи о регистрации;Не числится в розыске;Ограничений не обнаружено;Рязани;дизель, 3.0 л;249 л.с., налог;АКПП;4WD;180 000 км;левый;2 поколение;серый;;;;;
Audi;A4;2019;3500000;https://auto.drom.ru/bryansk/audi/a4/53570986.html;Характеристики совпадают с ПТС;1 запись о регистрации;Не числится в розыске;Ограничений не обнаружено;Брянске;дизель, 2.0 л;190 л.с., налог;робот;4WD;75 000 км;левый;5 поколение;белый;универсал;2.0 40 TDI quattro S tronic Sport;;;
Audi;A3;2019;2259789;https://auto.drom.ru/spb/audi/a3/564298104.html;Характеристики совпадают с ПТС;2 записи о регистрации;Не числится в розыске;Ограничений не обнаружено;Санкт-Петербурге;бензин, 1.4 л;150 л.с., налог;робот;передний;60 000 км;левый;3 поколение, рестайлинг;серебристый;седан;;;;
Audi;A6;2019;3550000;https://auto.drom.ru/cheboksary/audi/a6/53490740.html;;;;;Чебоксарах;бензин, 2.0 л;245 л.с., налог;автомат;4WD;145 000 км;левый;5 поколение;черный;седан;;;;
Audi;Q8;2019;6629000;https://auto.drom.ru/spb/audi/q8/777458033.html;Характеристики совпадают с ПТС;1 запись о регистрации;Не числится в розыске;Ограничений не обнаружено;Санкт-Петербурге;дизель, 3.0 л;286 л.с., налог;автомат;4WD;85 000 км;левый;1 поколение;синий;;;;;
Audi;Q7;2019;7199000;https://auto.drom.ru/nizhniy-novgorod/audi/q7/49919697.html;Характеристики совпадают с ПТС;1 запись о регистрации;Не числится в розыске;Ограничений не обнаружено;Нижнем Новгороде;дизель, 3.0 л;286 л.с., налог;автомат;4WD;83 531 км;левый;2 поколение, рестайлинг;белый;;;;;
Audi;A4;2019;3319000;https://auto.drom.ru/moscow/audi/a4/370734854.html;Характеристики совпадают с ПТС;1 запись о регистрации;Не числится в розыске;Ограничений не обнаружено;Москве;бензин, 1.4 л;150 л.с., налог;робот;передний;1 476 км;левый;5 поколение;зеленый;седан;;;;
Audi;A4;2019;3320000;https://auto.drom.ru/moscow/audi/a4/53917022.html;Характеристики совпадают с ПТС;3 записи о регистрации;Не числится в розыске;Ограничений не обнаружено;Москве;бензин, 2.0 л;249 л.с., налог;робот;4WD;17 857 км;левый;5 поколение;серебристый;седан;;;;
Audi;A4;2019;3100000;https://auto.drom.ru/spb/audi/a4/451338225.html;;;;;Санкт-Петербурге;бензин, 2.0 л;249 л.с., налог;робот;4WD;58 873 км;левый;5 поколение;черный;седан;;;;
