Бренд;Модель;Год;Цена;URL;ПТС;Владельцы;Розыск;Ограничения;Город;Двигатель;Мощность;Коробка передач;Привод;Пробег;Руль;Поколение;Цвет;Тип кузова;Комплектация;Особые отметки;
BMW;X3;2018;4197000;https://auto.drom.ru/spb/bmw/x3/296849377.html;Характеристики совпадают с ПТС;5 записей о регистрации;Не числится в розыске;Ограничений не обнаружено;Санкт-Петербурге;дизель, 3.0 л;249 л.с., налог;АКПП;4WD;104 772 км;левый;3 поколение;черный;;;;
BMW;X4;2018;4350000;https://auto.drom.ru/himki/bmw/x4/53688007.html;Характеристики совпадают с ПТС;2 записи о регистрации;Не числится в розыске;Ограничений не обнаружено;Химках;дизель, 3.0 л;249 л.с., налог;АКПП;4WD;50 602 км;левый;;синий;;;;
BMW;X3;2018;4190000;https://auto.drom.ru/moscow/bmw/x3/53300138.html;Характеристики совпадают с ПТС;1 запись о регистрации;Не числится в розыске;Ограничений не обнаружено;Москве;дизель, 3.0 л;249 л.с., налог;АКПП;4WD;138 124 км;левый;3 поколение;серебристый;;;;
BMW;2-Series Gran Tourer;2018;1850000;https://auto.drom.ru/ivanovo/bmw/2-series_gran_tourer/50380405.html;Характеристики совпадают с ПТС;1 запись о регистрации;Не числится в розыске;Ограничений не обнаружено;Иваново;дизель, 1.5 л;116 л.с., налог;механика;передний;69 146 км;левый;1 поколение, рестайлинг;синий;;216d MT;;
BMW;X5;2018;7520000;https://auto.drom.ru/spb/bmw/x5/49088657.html;Характеристики совпадают с ПТС;3 записи о регистрации;Не числится в розыске;Ограничений не обнаружено;Санкт-Петербурге;бензин, 4.4 л;462 л.с., налог;АКПП;4WD;68 000 км;левый;4 поколение;белый;;xDrive 50i AT;;
BMW;X3;2018;4290000;https://auto.drom.ru/moscow/bmw/x3/837728167.html;Характеристики совпадают с ПТС;1 запись о регистрации;Не числится в розыске;Ограничений не обнаружено;Москве;дизель, 3.0 л;265 л.с., налог;автомат;4WD;128 000 км;левый;3 поколение;черный;;;;
BMW;3-Series;2018;3497000;https://auto.drom.ru/penza/bmw/3-series/52807045.html;Год не совпадает с ПТС;2 записи о регистрации;Не числится в розыске;Ограничений не обнаружено;Пензе;дизель, 2.0 л;190 л.с., налог;АКПП;4WD;34 200 км;левый;6 поколение, рестайлинг;;седан;;;
BMW;X1;2018;2060748;https://auto.drom.ru/minsk/bmw/x1/481110928.html;;;;;Минске;бензин, 2.0 л;245 л.с., налог;автомат;передний;110 000 км;левый;2 поколение;черный;;;;
BMW;X3;2018;4500000;https://auto.drom.ru/spb/bmw/x3/459218244.html;Характеристики совпадают с ПТС;2 записи о регистрации;Не числится в розыске;Ограничений не обнаружено;Санкт-Петербурге;дизель, 2.0 л;190 л.с., налог;АКПП;4WD;56 000 км;левый;3 поколение;серебристый;;xDrive 20d AT M Sport;;
BMW;5-Series;2018;3199000;https://auto.drom.ru/moscow/bmw/5-series/936699437.html;Характеристики совпадают с ПТС;4 записи о регистрации;Не числится в розыске;Ограничений не обнаружено;Москве;дизель, 2.0 л;190 л.с., налог;АКПП;задний;79 000 км;левый;7 поколение;черный;седан;;;
BMW;3-Series Gran Turismo;2018;3300000;https://auto.drom.ru/moscow/bmw/3-series_gran_turismo/880522093.html;Характеристики совпадают с ПТС;3 записи о регистрации;Не числится в розыске;Ограничений не обнаружено;Москве;дизель, 2.0 л;190 л.с., налог;автомат;4WD;82 253 км;левый;;синий;;;;
BMW;X1;2018;2254000;https://auto.drom.ru/kazan/bmw/x1/604667572.html;Характеристики совпадают с ПТС;3 записи о регистрации;Не числится в розыске;Ограничений не обнаружено;Казани;дизель, 1.5 л;116 л.с., налог;автомат;передний;107 118 км;левый;;черный;;;;
BMW;5-Series;2018;2273291;https://auto.drom.ru/minsk/bmw/5-series/339026942.html;;;;;Минске;дизель, 2.0 л;190 л.с., налог;АКПП;задний;288 740 км;левый;7 поколение;серебристый;универсал;520d AT;;
BMW;6-Series Gran Turismo;2018;3257000;https://auto.drom.ru/moscow/bmw/6-series_gran_turismo/471578319.html;Характеристики совпадают с ПТС;2 записи о регистрации;Не числится в розыске;Ограничений не обнаружено;Москве;бензин, 2.0 л;249 л.с., налог;АКПП;задний;147 532 км;левый;1 поколение;синий;;;;
BMW;5-Series;2018;2950000;https://auto.drom.ru/moscow/bmw/5-series/792688308.html;Характеристики совпадают с ПТС;2 записи о регистрации;Не числится в розыске;Ограничений не обнаружено;Москве;бензин, 2.0 л;184 л.с., налог;АКПП;задний;104 000 км;левый;7 поколение;серый;седан;520i AT Business;;
BMW;5-Series;2018;2490455;https://auto.drom.ru/minsk/bmw/5-series/382469711.html;;;;;Минске;бензин, 2.0 л;252 л.с., налог;АКПП;задний;200 000 км;левый;7 поколение;черный;седан;530i AT;;
BMW;1-Series;2018;1850000;https://auto.drom.ru/moscow/bmw/1-series/246477211.html;Характеристики совпадают с ПТС;1 запись о регистрации;Не числится в розыске;Ограничений не обнаружено;Москве;бензин, 1.5 л;136 л.с., налог;АКПП;задний;105 000 км;левый;2 поколение;белый;хэтчбек 5 дв.;;;
BMW;3-Series;2018;2537000;https://auto.drom.ru/moscow/bmw/3-series/632027617.html;Характеристики совпадают с ПТС;1 запись о регистрации;Не числится в розыске;Ограничений не обнаружено;Москве;бензин, 2.0 л;184 л.с., налог;АКПП;задний;92 310 км;левый;;белый;седан;;;
BMW;5-Series;2018;3400000;https://auto.drom.ru/moscow/bmw/5-series/580100669.html;Характеристики совпадают с ПТС;3 записи о регистрации;Не числится в розыске;Ограничений не обнаружено;Москве;бензин, 2.0 л;249 л.с., налог;АКПП;4WD;64 274 км;левый;7 поколение;белый;седан;;;
BMW;7-Series;2018;4650000;https://auto.drom.ru/kazan/bmw/7-series/53986804.html;Цвет не совпадает с ПТС;2 записи о регистрации;Не числится в розыске;Ограничений не обнаружено;Казани;бензин, 2.0 л;249 л.с., налог;автомат;задний;118 270 км;левый;;черный;;;;
BMW;X5;2018;3920000;https://auto.drom.ru/moscow/bmw/x5/53287106.html;Характеристики совпадают с ПТС;2 записи о регистрации;Не числится в розыске;Ограничений не обнаружено;Москве;дизель, 3.0 л;218 л.с., налог;АКПП;4WD;106 578 км;левый;3 поколение;белый;;xDrive 25d AT Business;;
BMW;1-Series;2018;1600000;https://auto.drom.ru/moscow/bmw/1-series/53225217.html;Характеристики совпадают с ПТС;3 записи о регистрации;Не числится в розыске;Ограничений не обнаружено;Москве;бензин, 1.5 л;136 л.с., налог;АКПП;задний;87 000 км;левый;2 поколение, 2 рестайлинг;черный;хэтчбек 5 дв.;118i AT Base;;
BMW;X2;2018;2956000;https://auto.drom.ru/moscow/bmw/x2/52837505.html;Характеристики совпадают с ПТС;1 запись о регистрации;Не числится в розыске;Ограничений не обнаружено;Москве;бензин, 2.0 л;231 л.с., налог;автомат;4WD;41 700 км;левый;;белый;;;;
BMW;5-Series;2018;3565000;https://auto.drom.ru/volgograd/bmw/5-series/52496067.html;Характеристики совпадают с ПТС;3 записи о регистрации;Не числится в розыске;Ограничений не обнаружено;Волгограде;дизель, 2.0 л;190 л.с., налог;АКПП;задний;67 000 км;левый;7 поколение;серый;седан;;;
BMW;5-Series;2018;3990000;https://auto.drom.ru/spb/bmw/5-series/691497877.html;Характеристики совпадают с ПТС;2 записи о регистрации;Не числится в розыске;Ограничений не обнаружено;Санкт-Петербурге;бензин, 3.0 л;340 л.с., налог;АКПП;4WD;142 000 км;левый;7 поколение;серый;седан;;;
BMW;X5;2018;2910829;https://auto.drom.ru/minsk/bmw/x5/53560557.html;;;;;Минске;бензин, 3.0 л;306 л.с., налог;АКПП;задний;84 000 км;левый;3 поколение;белый;;sDrive 35i AT;;
BMW;5-Series;2018;5997422;https://auto.drom.ru/minsk/bmw/5-series/52388464.html;;;;;Минске;бензин, 4.4 л;462 л.с., налог;АКПП;4WD;98 239 км;левый;7 поколение;черный;седан;;;
BMW;3-Series;2018;2729990;https://auto.drom.ru/moscow/bmw/3-series/133915402.html;Характеристики совпадают с ПТС;2 записи о регистрации;Не числится в розыске;Ограничений не обнаружено;Москве;бензин, 2.0 л;184 л.с., налог;АКПП;4WD;132 866 км;левый;;серый;седан;;;
BMW;5-Series;2018;4365841;https://auto.drom.ru/spb/bmw/5-series/310003510.html;Характеристики совпадают с ПТС;1 запись о регистрации;Не числится в розыске;Ограничений не обнаружено;Санкт-Петербурге;дизель, 3.0 л;249 л.с., налог;АКПП;4WD;121 507 км;левый;7 поколение;черный;седан;;;
BMW;2-Series Gran Tourer;2018;2440000;https://auto.drom.ru/spb/bmw/2-series_gran_tourer/53978024.html;Характеристики совпадают с ПТС;1 запись о регистрации;Не числится в розыске;Ограничений не обнаружено;Санкт-Петербурге;бензин, 1.5 л;140 л.с., налог;АКПП;передний;121 000 км;левый;1 поколение, рестайлинг;синий;;218i AT;;
BMW;3-Series;2018;2475000;https://auto.drom.ru/spb/bmw/3-series/53661139.html;Характеристики совпадают с ПТС;1 запись о регистрации;Не числится в розыске;Ограничений не обнаружено;Санкт-Петербурге;бензин, 1.5 л;136 л.с., налог;АКПП;задний;63 250 км;левый;6 поколение, рестайлинг;черный;седан;;;
BMW;4-Series;2018;2259000;https://auto.drom.ru/spb/bmw/4-series/53272603.html;Характеристики совпадают с ПТС;1 запись о регистрации;Не числится в розыске;Ограничений не обнаружено;Санкт-Петербурге;дизель, 2.0 л;150 л.с., налог;автомат;задний;80 726 км;левый;;красный;купе;;;
BMW;5-Series;2018;2500000;https://auto.drom.ru/moscow/bmw/5-series/53271944.html;Характеристики совпадают с ПТС;1 запись о регистрации;Не числится в розыске;Ограничений не обнаружено;Москве;бензин, 2.0 л;184 л.с., налог;АКПП;задний;243 723 км;левый;7 поколение;черный;седан;;;
BMW;X2;2018;2990000;https://auto.drom.ru/moscow/bmw/x2/189566455.html;Характеристики совпадают с ПТС;2 записи о регистрации;Не числится в розыске;Ограничений не обнаружено;Москве;дизель, 2.0 л;190 л.с., налог;АКПП;4WD;81 865 км;левый;1 поколение;белый;;;;
BMW;4-Series;2018;2448870;https://auto.drom.ru/minsk/bmw/4-series/53541364.html;;;;;Минске;бензин, 2.0 л;252 л.с., налог;автомат;задний;103 000 км;левый;1 поколение, рестайлинг;синий;лифтбек;;;
BMW;5-Series;2018;2763065;https://auto.drom.ru/minsk/bmw/5-series/53541032.html;;;;;Минске;дизель, 2.0 л;190 л.с., налог;АКПП;4WD;146 000 км;левый;7 поколение;черный;универсал;520d AT xDrive;;
BMW;X6;2018;4800000;https://auto.drom.ru/spb/bmw/x6/833890916.html;Характеристики совпадают с ПТС;3 записи о регистрации;Не числится в розыске;Ограничений не обнаружено;Санкт-Петербурге;дизель, 3.0 л;249 л.с., налог;АКПП;4WD;84 000 км;левый;2 поколение;черный;;;;
BMW;5-Series;2018;3299999;https://auto.drom.ru/moscow/bmw/5-series/53140372.html;Характеристики совпадают с ПТС;2 записи о регистрации;Не числится в розыске;Ограничений не обнаружено;Москве;дизель, 3.0 л;265 л.с., налог;АКПП;задний;140 000 км;левый;7 поколение;синий;универсал;530d AT;;
BMW;X3;2018;4200000;https://auto.drom.ru/moscow/bmw/x3/230048508.html;;;;;Москве;бензин, 3.0 л;360 л.с., налог;АКПП;4WD;114 000 км;левый;3 поколение;синий;;xDrive M40i AT Base;;
BMW;2-Series Active Tourer;2018;2315000;https://auto.drom.ru/moscow/bmw/2-series_active_tourer/374144188.html;Характеристики совпадают с ПТС;1 запись о регистрации;Не числится в розыске;Ограничений не обнаружено;Москве;бензин, 1.5 л, гибрид;136 л.с., налог;АКПП;4WD;69 000 км;левый;1 поколение, рестайлинг;черный;;225xe AT xDrive Luxury;;
BMW;i3;2018;2522799;https://auto.drom.ru/minsk/bmw/i3/52309764.html;;;;;Минске;электро;170 л.с., налог;АКПП;задний;52 000 км;левый;1 поколение, рестайлинг;серый;хэтчбек 5 дв.;i3 120 Ah;;
BMW;X4;2018;2915000;https://auto.drom.ru/moscow/bmw/x4/545433881.html;Характеристики совпадают с ПТС;3 записи о регистрации;Не числится в розыске;Ограничений не обнаружено;Москве;дизель, 2.0 л;190 л.с., налог;АКПП;4WD;170 905 км;левый;;черный;;;;
BMW;6-Series Gran Turismo;2018;4349000;https://auto.drom.ru/moscow/bmw/6-series_gran_turismo/327887918.html;Характеристики совпадают с ПТС;1 запись о регистрации;Не числится в розыске;Ограничений не обнаружено;Москве;дизель, 3.0 л;265 л.с., налог;автомат;4WD;90 892 км;левый;;коричневый;;;;
BMW;X1;2018;1903650;https://auto.drom.ru/minsk/bmw/x1/52775461.html;;;;;Минске;дизель, 1.5 л;116 л.с., налог;механика;передний;201 000 км;левый;2 поколение;черный;;;;
BMW;5-Series;2018;3699999;https://auto.drom.ru/spb/bmw/5-series/53974522.html;Характеристики совпадают с ПТС;2 записи о регистрации;Не числится в розыске;Ограничений не обнаружено;Санкт-Петербурге;дизель, 2.0 л;190 л.с., налог;АКПП;задний;86 000 км;левый;7 поколение;синий;седан;;;
BMW;X4;2018;5690000;https://auto.drom.ru/spb/bmw/x4/53651471.html;Характеристики совпадают с ПТС;1 запись о регистрации;Не числится в розыске;Ограничений не обнаружено;Санкт-Петербурге;дизель, 3.0 л;265 л.с., налог;автомат;4WD;48 425 км;левый;2 поколение;черный;;;;
BMW;7-Series;2018;3985000;https://auto.drom.ru/novaya-usman/bmw/7-series/53249713.html;Мощность двигателя не совпадает с ПТС;1 запись о регистрации;Не числится в розыске;Ограничений не обнаружено;Новой Усмани;бензин, 2.0 л, гибрид;258 л.с., налог;АКПП;задний;34 510 км;правый;6 поколение;белый;;740e iPerformance M Sport;;
BMW;5-Series;2018;3300000;https://auto.drom.ru/spb/bmw/5-series/52810032.html;Характеристики совпадают с ПТС;3 записи о регистрации;Не числится в розыске;Ограничений не обнаружено;Санкт-Петербурге;бензин, 2.0 л;249 л.с., налог;АКПП;4WD;230 000 км;левый;7 поколение;черный;седан;530i AT xDrive M Sport;;
BMW;X1;2018;2500000;https://auto.drom.ru/kazan/bmw/x1/52804223.html;Характеристики совпадают с ПТС;4 записи о регистрации;Не числится в розыске;Ограничений не обнаружено;Казани;бензин, 1.5 л;140 л.с., налог;автомат;передний;100 021 км;левый;;коричневый;;;;
BMW;X1;2018;2935000;https://auto.drom.ru/moscow/bmw/x1/568121554.html;Характеристики совпадают с ПТС;1 запись о регистрации;Не числится в розыске;Ограничений не обнаружено;Москве;бензин, 2.0 л;192 л.с., налог;автомат;4WD;59 000 км;левый;2 поколение;белый;;;;
BMW;1-Series;2018;2200000;https://auto.drom.ru/zvenigorod/bmw/1-series/105752840.html;Характеристики совпадают с ПТС;2 записи о регистрации;Не числится в розыске;Ограничений не обнаружено;Звенигороде;бензин, 1.5 л;136 л.с., налог;АКПП;задний;160 000 км;левый;2 поколение, 2 рестайлинг;красный;хэтчбек 5 дв.;118i AT Model Advantage;;
BMW;5-Series;2018;3300000;https://auto.drom.ru/balashiha/bmw/5-series/656463588.html;Характеристики совпадают с ПТС;2 записи о регистрации;Не числится в розыске;Ограничений не обнаружено;Балашихе;дизель, 2.0 л;190 л.с., налог;АКПП;задний;78 495 км;левый;7 поколение;серый;седан;;;
BMW;X3;2018;3000000;https://auto.drom.ru/spb/bmw/x3/54132162.html;Характеристики совпадают с ПТС;5 записей о регистрации;Не числится в розыске;Ограничений не обнаружено;Санкт-Петербурге;бензин, 2.0 л;184 л.с., налог;АКПП;4WD;112 000 км;левый;3 поколение;коричневый;;xDrive 20i AT Luxury;;
BMW;X6;2018;4550000;https://auto.drom.ru/krasnogorsk/bmw/x6/348672276.html;Характеристики совпадают с ПТС;2 записи о регистрации;Не числится в розыске;Ограничений не обнаружено;Красногорске;дизель, 3.0 л;313 л.с., налог;АКПП;4WD;127 000 км;левый;2 поколение;черный;;;;
BMW;7-Series;2018;4237008;https://auto.drom.ru/minsk/bmw/7-series/53239015.html;;;;;Минске;бензин, 3.0 л;326 л.с., налог;АКПП;задний;53 000 км;левый;6 поколение;черный;;;;
BMW;5-Series;2018;2600000;https://auto.drom.ru/moscow/bmw/5-series/299220668.html;Характеристики совпадают с ПТС;1 запись о регистрации;Не числится в розыске;Ограничений не обнаружено;Москве;бензин, 2.0 л;184 л.с., налог;АКПП;задний;218 261 км;левый;7 поколение;черный;седан;;;
BMW;5-Series;2018;2500000;https://auto.drom.ru/moscow/bmw/5-series/101910766.html;Характеристики совпадают с ПТС;1 запись о регистрации;Не числится в розыске;Ограничений не обнаружено;Москве;бензин, 2.0 л;184 л.с., налог;АКПП;задний;202 709 км;левый;7 поколение;черный;седан;;;
BMW;5-Series;2018;3799000;https://auto.drom.ru/voronezh/bmw/5-series/561629657.html;Характеристики совпадают с ПТС;1 запись о регистрации;Не числится в розыске;Ограничений не обнаружено;Воронеже;дизель, 2.0 л;231 л.с., налог;АКПП;задний;100 181 км;левый;7 поколение;серый;седан;525d AT;;
BMW;5-Series;2018;3410000;https://auto.drom.ru/moscow/bmw/5-series/53650285.html;Характеристики совпадают с ПТС;2 записи о регистрации;Не числится в розыске;Ограничений не обнаружено;Москве;дизель, 2.0 л;190 л.с., налог;АКПП;задний;92 000 км;левый;7 поколение;черный;универсал;520d AT;;
BMW;X3;2018;3069000;https://auto.drom.ru/spb/bmw/x3/53646417.html;Характеристики совпадают с ПТС;4 записи о регистрации;Не числится в розыске;Ограничений не обнаружено;Санкт-Петербурге;бензин, 2.0 л;184 л.с., налог;АКПП;4WD;115 000 км;левый;3 поколение;черный;;;;
BMW;4-Series;2018;4375000;https://auto.drom.ru/moscow/bmw/4-series/916605685.html;Мощность двигателя не совпадает с ПТС;1 запись о регистрации;Не числится в розыске;Ограничений не обнаружено;Москве;бензин, 3.0 л;326 л.с., налог;автомат;4WD;24 911 км;левый;;белый;открытый;;;
BMW;4-Series;2018;3489000;https://auto.drom.ru/spb/bmw/4-series/52785236.html;Характеристики совпадают с ПТС;3 записи о регистрации;Не числится в розыске;Ограничений не обнаружено;Санкт-Петербурге;дизель, 2.0 л;190 л.с., налог;АКПП;4WD;49 000 км;левый;1 поколение, рестайлинг;голубой;купе;;;
BMW;3-Series;2018;2160000;https://auto.drom.ru/moscow/bmw/3-series/51747989.html;Характеристики совпадают с ПТС;1 запись о регистрации;Не числится в розыске;Ограничений не обнаружено;Москве;дизель, 2.0 л;190 л.с., налог;АКПП;4WD;152 506 км;левый;6 поколение, рестайлинг;черный;универсал;320d xDrive AT;;
BMW;7-Series;2018;5100000;https://auto.drom.ru/moscow/bmw/7-series/51539133.html;Характеристики совпадают с ПТС;5 записей о регистрации;Не числится в розыске;Ограничений не обнаружено;Москве;дизель, 3.0 л;249 л.с., налог;автомат;4WD;101 000 км;левый;6 поколение;черный;;;;
BMW;X6;2018;5550000;https://auto.drom.ru/moscow/bmw/x6/50324520.html;Характеристики совпадают с ПТС;3 записи о регистрации;Не числится в розыске;Ограничений не обнаружено;Москве;бензин, 4.4 л;575 л.с., налог;АКПП;4WD;96 835 км;левый;2 поколение;черный;;;;
BMW;3-Series;2018;2650000;https://auto.drom.ru/moscow/bmw/3-series/50163931.html;;;;;Москве;дизель, 3.0 л;258 л.с., налог;АКПП;задний;233 222 км;левый;6 поколение, рестайлинг;черный;универсал;330d AT;;
BMW;X3;2018;3840000;https://auto.drom.ru/kazan/bmw/x3/47996817.html;Характеристики совпадают с ПТС;2 записи о регистрации;Не числится в розыске;Ограничений не обнаружено;Казани;бензин, 2.0 л;249 л.с., налог;АКПП;4WD;100 000 км;левый;3 поколение;черный;;xDrive 30i AT M Sport;;
BMW;5-Series;2018;2550000;https://auto.drom.ru/spb/bmw/5-series/53436357.html;Характеристики совпадают с ПТС;1 запись о регистрации;Не числится в розыске;Ограничений не обнаружено;Санкт-Петербурге;бензин, 2.0 л;184 л.с., налог;АКПП;задний;227 698 км;левый;7 поколение;черный;седан;;;
BMW;5-Series;2018;3950000;https://auto.drom.ru/kazan/bmw/5-series/531023018.html;;;;;Казани;дизель, 2.0 л;190 л.с., налог;АКПП;4WD;92 000 км;левый;7 поколение;серый;седан;520d AT xDrive M Sport;;
BMW;X2;2018;2849000;https://auto.drom.ru/moscow/bmw/x2/268603527.html;Характеристики совпадают с ПТС;3 записи о регистрации;Не числится в розыске;Ограничений не обнаружено;Москве;бензин, 1.5 л;140 л.с., налог;робот;передний;67 934 км;левый;1 поколение;синий;;;;
BMW;X3;2018;3570000;https://auto.drom.ru/nizhniy-novgorod/bmw/x3/775868774.html;Мощность двигателя не совпадает с ПТС;1 запись о регистрации;Не числится в розыске;Ограничений не обнаружено;Нижнем Новгороде;дизель, 2.0 л;190 л.с., налог;АКПП;4WD;175 000 км;левый;3 поколение;серый;;xDrive 20d AT xLine;;
BMW;X5;2018;6990000;https://auto.drom.ru/moscow/bmw/x5/53220961.html;;;;;Москве;дизель, 3.0 л;249 л.с., налог;АКПП;4WD;42 125 км;левый;4 поколение;черный;;xDrive 30d AT xLine;;
BMW;5-Series;2018;3649000;https://auto.drom.ru/tula/bmw/5-series/514423809.html;Цвет не совпадает с ПТС;1 запись о регистрации;Не числится в розыске;Ограничений не обнаружено;Туле;дизель, 2.0 л;190 л.с., налог;АКПП;4WD;94 058 км;левый;7 поколение;коричневый;седан;;;
BMW;6-Series Gran Turismo;2018;3960000;https://auto.drom.ru/moscow/bmw/6-series_gran_turismo/53634858.html;Характеристики совпадают с ПТС;3 записи о регистрации;Не числится в розыске;Ограничений не обнаружено;Москве;дизель, 3.0 л;320 л.с., налог;АКПП;4WD;95 000 км;левый;1 поколение;черный;;;;
BMW;X6;2018;5550000;https://auto.drom.ru/moscow/bmw/x6/53634538.html;Цвет не совпадает с ПТС;3 записи о регистрации;Не числится в розыске;Ограничений не обнаружено;Москве;дизель, 3.0 л;313 л.с., налог;АКПП;4WD;77 327 км;левый;2 поколение;голубой;;;;
BMW;5-Series;2018;4020000;https://auto.drom.ru/moscow/bmw/5-series/53631727.html;Характеристики совпадают с ПТС;1 запись о регистрации;Не числится в розыске;Ограничений не обнаружено;Москве;дизель, 3.0 л;249 л.с., налог;АКПП;4WD;64 360 км;левый;7 поколение;черный;седан;;;
BMW;5-Series;2018;3400000;https://auto.drom.ru/spb/bmw/5-series/53637021.html;Характеристики совпадают с ПТС;4 записи о регистрации;Не числится в розыске;Ограничений не обнаружено;Санкт-Петербурге;дизель, 2.0 л;190 л.с., налог;АКПП;4WD;91 825 км;левый;7 поколение;черный;седан;;;
BMW;5-Series;2018;3499000;https://auto.drom.ru/kursk/bmw/5-series/53231187.html;Характеристики совпадают с ПТС;6 записей о регистрации;Не числится в розыске;Ограничений не обнаружено;Курске;бензин, 2.0 л;249 л.с., налог;АКПП;4WD;128 770 км;левый;7 поколение;черный;седан;;;
BMW;X3;2018;3950000;https://auto.drom.ru/spb/bmw/x3/53218617.html;;;;;Санкт-Петербурге;дизель, 2.0 л;190 л.с., налог;АКПП;4WD;68 058 км, без пробега по РФ;левый;3 поколение;серый;;xDrive 20d AT M Sport;;
BMW;X6;2018;4650000;https://auto.drom.ru/moscow/bmw/x6/51852757.html;Характеристики совпадают с ПТС;3 записи о регистрации;Не числится в розыске;Ограничений не обнаружено;Москве;дизель, 3.0 л;313 л.с., налог;АКПП;4WD;83 134 км;левый;2 поколение;синий;;;;
BMW;5-Series;2018;2815000;https://auto.drom.ru/moscow/bmw/5-series/333691382.html;Характеристики совпадают с ПТС;3 записи о регистрации;Не числится в розыске;Ограничений не обнаружено;Москве;бензин, 2.0 л;184 л.с., налог;АКПП;задний;103 500 км;левый;7 поколение;черный;седан;;;
BMW;5-Series;2018;2994550;https://auto.drom.ru/spb/bmw/5-series/52918049.html;Характеристики совпадают с ПТС;3 записи о регистрации;Не числится в розыске;Ограничений не обнаружено;Санкт-Петербурге;дизель, 2.0 л;190 л.с., налог;АКПП;4WD;183 100 км;левый;7 поколение;черный;седан;;;
BMW;3-Series;2018;2425000;https://auto.drom.ru/moscow/bmw/3-series/411085254.html;Характеристики совпадают с ПТС;2 записи о регистрации;Не числится в розыске;Ограничений не обнаружено;Москве;бензин, 1.5 л;136 л.с., налог;АКПП;задний;55 000 км;левый;6 поколение, рестайлинг;черный;седан;;;
BMW;6-Series Gran Turismo;2018;5530000;https://auto.drom.ru/moscow/bmw/6-series_gran_turismo/432694180.html;Характеристики совпадают с ПТС;1 запись о регистрации;Не числится в розыске;Ограничений не обнаружено;Москве;дизель, 3.0 л;249 л.с., налог;АКПП;4WD;38 000 км;левый;1 поколение;черный;;;;
BMW;X3;2018;3000000;https://auto.drom.ru/moscow/bmw/x3/53946766.html;Характеристики совпадают с ПТС;1 запись о регистрации;Не числится в розыске;Ограничений не обнаружено;Москве;дизель, 2.0 л;190 л.с., налог;АКПП;4WD;181 492 км;левый;3 поколение;черный;;xDrive 20d AT M Sport;;
BMW;5-Series;2018;3574000;https://auto.drom.ru/moscow/bmw/5-series/872000690.html;;;;;Москве;бензин, 2.0 л;252 л.с., налог;АКПП;задний;68 443 км;левый;7 поколение;серебристый;седан;530i AT;;
BMW;X6;2018;5049700;https://auto.drom.ru/moscow/bmw/x6/407636456.html;Характеристики совпадают с ПТС;1 запись о регистрации;Не числится в розыске;Ограничений не обнаружено;Москве;дизель, 3.0 л;249 л.с., налог;АКПП;4WD;68 607 км;левый;2 поколение;белый;;;;
BMW;X5;2018;3950000;https://auto.drom.ru/spb/bmw/x5/587325294.html;Характеристики совпадают с ПТС;3 записи о регистрации;Не числится в розыске;Ограничений не обнаружено;Санкт-Петербурге;дизель, 3.0 л;218 л.с., налог;АКПП;4WD;136 156 км;левый;3 поколение;черный;;xDrive 25d AT Business;;
BMW;2-Series Active Tourer;2018;1910000;https://auto.drom.ru/moscow/bmw/2-series_active_tourer/592611922.html;Характеристики совпадают с ПТС;2 записи о регистрации;Не числится в розыске;Ограничений не обнаружено;Москве;бензин, 1.5 л;140 л.с., налог;робот;передний;63 805 км;левый;1 поколение, рестайлинг;белый;;;;
BMW;3-Series;2018;2070000;https://auto.drom.ru/spb/bmw/3-series/528310522.html;Характеристики совпадают с ПТС;2 записи о регистрации;Не числится в розыске;Ограничений не обнаружено;Санкт-Петербурге;бензин, 1.5 л;136 л.с., налог;АКПП;задний;84 347 км;левый;6 поколение, рестайлинг;синий;седан;;;
BMW;5-Series;2018;4550000;https://auto.drom.ru/moscow/bmw/5-series/939339333.html;Характеристики совпадают с ПТС;2 записи о регистрации;Не числится в розыске;Ограничений не обнаружено;Москве;дизель, 3.0 л;249 л.с., налог;АКПП;4WD;116 500 км;левый;7 поколение;синий;седан;530d AT xDrive M Sport;;
BMW;1-Series;2018;2085000;https://auto.drom.ru/himki/bmw/1-series/52768024.html;Характеристики совпадают с ПТС;3 записи о регистрации;Не числится в розыске;Ограничений не обнаружено;Химках;бензин, 1.5 л;136 л.с., налог;АКПП;задний;35 267 км;левый;2 поколение;оранжевый;хэтчбек 5 дв.;;;
BMW;5-Series;2018;2500000;https://auto.drom.ru/moscow/bmw/5-series/479706096.html;Характеристики совпадают с ПТС;1 запись о регистрации;Не числится в розыске;Ограничений не обнаружено;Москве;бензин, 2.0 л;184 л.с., налог;АКПП;задний;217 372 км;левый;7 поколение;черный;седан;;;
BMW;X4;2018;3999000;https://auto.drom.ru/moscow/bmw/x4/884034192.html;Характеристики совпадают с ПТС;1 запись о регистрации;Не числится в розыске;Ограничений не обнаружено;Москве;дизель, 2.0 л;190 л.с., налог;АКПП;4WD;157 337 км;левый;;черный;;;;
BMW;3-Series;2018;2079000;https://auto.drom.ru/moscow/bmw/3-series/396318671.html;Характеристики совпадают с ПТС;3 записи о регистрации;Не числится в розыске;Ограничений не обнаружено;Москве;бензин, 1.5 л;136 л.с., налог;АКПП;задний;93 000 км;левый;6 поколение, рестайлинг;черный;седан;;;
BMW;5-Series;2018;3319000;https://auto.drom.ru/moscow/bmw/5-series/872377826.html;Характеристики совпадают с ПТС;3 записи о регистрации;Не числится в розыске;Ограничений не обнаружено;Москве;бензин, 2.0 л;184 л.с., налог;АКПП;задний;100 600 км;левый;7 поколение;белый;седан;;;
BMW;5-Series;2018;4345000;https://auto.drom.ru/himki/bmw/5-series/534299688.html;Характеристики совпадают с ПТС;4 записи о регистрации;Не числится в розыске;Ограничений не обнаружено;Химках;дизель, 3.0 л;249 л.с., налог;АКПП;4WD;80 350 км;левый;7 поколение;серый;седан;;;
BMW;5-Series;2018;3471000;https://auto.drom.ru/spb/bmw/5-series/53957383.html;;;;;Санкт-Петербурге;дизель, 2.0 л;190 л.с., налог;АКПП;задний;92 000 км;левый;7 поколение;черный;седан;;;
BMW;1-Series;2018;2050000;https://auto.drom.ru/ivanovo/bmw/1-series/53957063.html;Характеристики совпадают с ПТС;4 записи о регистрации;Не числится в розыске;Ограничений не обнаружено;Иваново;бензин, 1.5 л;136 л.с., налог;АКПП;задний;60 031 км;левый;2 поколение;синий;хэтчбек 5 дв.;;;
BMW;X5;2018;3880000;https://auto.drom.ru/moscow/bmw/x5/53622497.html;Характеристики совпадают с ПТС;2 записи о регистрации;Не числится в розыске;Ограничений не обнаружено;Москве;дизель, 2.0 л;218 л.с., налог;автомат;4WD;160 000 км;левый;3 поколение;синий;;;;
BMW;3-Series;2018;2229000;https://auto.drom.ru/spb/bmw/3-series/53620818.html;Характеристики совпадают с ПТС;3 записи о регистрации;Не числится в розыске;Ограничений не обнаружено;Санкт-Петербурге;дизель, 2.0 л;190 л.с., налог;автомат;4WD;218 109 км;левый;;черный;лифтбек;;;
BMW;X3;2018;4899999;https://auto.drom.ru/moscow/bmw/x3/53620666.html;Мощность двигателя не совпадает с ПТС;1 запись о регистрации;Не числится в розыске;Ограничений не обнаружено;Москве;дизель, 3.0 л;249 л.с., налог;АКПП;4WD;125 700 км;левый;3 поколение;черный;;xDrive 30d AT M Sport;;
BMW;X3;2018;4150000;https://auto.drom.ru/moscow/bmw/x3/53494066.html;Характеристики совпадают с ПТС;2 записи о регистрации;Не числится в розыске;Ограничений не обнаружено;Москве;дизель, 2.0 л;190 л.с., налог;АКПП;4WD;49 000 км;левый;3 поколение;синий;;xDrive 20d AT xLine;;
BMW;X6;2018;4650000;https://auto.drom.ru/moscow/bmw/x6/53212212.html;Характеристики совпадают с ПТС;1 запись о регистрации;Не числится в розыске;Ограничений не обнаружено;Москве;дизель, 3.0 л;249 л.с., налог;АКПП;4WD;101 761 км;левый;2 поколение;серый;;;;
BMW;5-Series;2018;3310000;https://auto.drom.ru/spb/bmw/5-series/53203551.html;Характеристики совпадают с ПТС;2 записи о регистрации;Не числится в розыске;Ограничений не обнаружено;Санкт-Петербурге;дизель, 2.0 л;190 л.с., налог;АКПП;4WD;136 766 км;левый;7 поколение;серый;седан;;;
BMW;X4;2018;4900000;https://auto.drom.ru/kazan/bmw/x4/52757545.html;Характеристики совпадают с ПТС;1 запись о регистрации;Не числится в розыске;Ограничений не обнаружено;Казани;дизель, 2.0 л;190 л.с., налог;АКПП;4WD;88 099 км;левый;;серебристый;;;;
BMW;7-Series;2018;4950000;https://auto.drom.ru/spb/bmw/7-series/49604222.html;Характеристики совпадают с ПТС;1 запись о регистрации;Не числится в розыске;Ограничений не обнаружено;Санкт-Петербурге;бензин, 2.0 л;249 л.с., налог;автомат;задний;56 000 км;левый;6 поколение;черный;;;;
BMW;3-Series;2018;2389789;https://auto.drom.ru/spb/bmw/3-series/567256097.html;Характеристики совпадают с ПТС;1 запись о регистрации;Не числится в розыске;Ограничений не обнаружено;Санкт-Петербурге;бензин, 2.0 л;184 л.с., налог;АКПП;4WD;68 177 км;левый;;черный;седан;;;
BMW;X5;2018;6900000;https://auto.drom.ru/moscow/bmw/x5/122517578.html;Характеристики совпадают с ПТС;1 запись о регистрации;Не числится в розыске;Ограничений не обнаружено;Москве;дизель, 3.0 л;249 л.с., налог;АКПП;4WD;99 391 км;левый;;белый;;;;
BMW;5-Series;2018;3165000;https://auto.drom.ru/spb/bmw/5-series/359261141.html;Характеристики совпадают с ПТС;2 записи о регистрации;Не числится в розыске;Ограничений не обнаружено;Санкт-Петербурге;дизель, 2.0 л;190 л.с., налог;АКПП;4WD;129 000 км;левый;7 поколение;черный;универсал;520d AT xDrive;;
BMW;5-Series;2018;4950000;https://auto.drom.ru/spb/bmw/5-series/386675958.html;Характеристики совпадают с ПТС;2 записи о регистрации;Не числится в розыске;Ограничений не обнаружено;Санкт-Петербурге;дизель, 3.0 л;249 л.с., налог;АКПП;4WD;75 715 км;левый;7 поколение;черный;седан;;;
BMW;3-Series Gran Turismo;2018;2998711;https://auto.drom.ru/minsk/bmw/3-series_gran_turismo/53163720.html;;;;;Минске;дизель, 2.0 л;190 л.с., налог;автомат;4WD;47 000 км;левый;6 поколение, рестайлинг;черный;;;;
BMW;X4;2018;3876608;https://auto.drom.ru/minsk/bmw/x4/53176766.html;;;;;Минске;бензин, 2.0 л;184 л.с., налог;АКПП;4WD;104 000 км;левый;2 поколение;бордовый;;;;
BMW;X1;2018;2449000;https://auto.drom.ru/volgograd/bmw/x1/53951513.html;Характеристики совпадают с ПТС;1 запись о регистрации;Не числится в розыске;Ограничений не обнаружено;Волгограде;дизель, 1.5 л;116 л.с., налог;автомат;передний;108 696 км;левый;;черный;;;;
BMW;X5;2018;6699999;https://auto.drom.ru/moscow/bmw/x5/53951129.html;;;;;Москве;дизель, 3.0 л;400 л.с., налог;АКПП;4WD;110 000 км;левый;4 поколение;черный;;M50d AT;;
BMW;5-Series;2018;3100000;https://auto.drom.ru/moscow/bmw/5-series/53609589.html;Характеристики совпадают с ПТС;5 записей о регистрации;Не числится в розыске;Ограничений не обнаружено;Москве;дизель, 2.0 л;190 л.с., налог;АКПП;4WD;245 000 км;левый;7 поколение;черный;седан;520d AT xDrive Exclusive;;
BMW;3-Series;2018;3450000;https://auto.drom.ru/kirov/bmw/3-series/53609240.html;Характеристики совпадают с ПТС;1 запись о регистрации;Не числится в розыске;Ограничений не обнаружено;Кирове;дизель, 2.0 л;190 л.с., налог;АКПП;4WD;53 183 км;левый;;черный;седан;;;
BMW;5-Series;2018;3459000;https://auto.drom.ru/spb/bmw/5-series/53608435.html;Характеристики совпадают с ПТС;3 записи о регистрации;Не числится в розыске;Ограничений не обнаружено;Санкт-Петербурге;дизель, 2.0 л;190 л.с., налог;АКПП;4WD;114 300 км;левый;7 поколение;серый;седан;;;
BMW;5-Series;2018;2500000;https://auto.drom.ru/moscow/bmw/5-series/53606314.html;Характеристики совпадают с ПТС;1 запись о регистрации;Не числится в розыске;Ограничений не обнаружено;Москве;бензин, 2.0 л;184 л.с., налог;АКПП;задний;206 608 км;левый;7 поколение;черный;седан;;;
BMW;i3;2018;2100000;https://auto.drom.ru/moscow/bmw/i3/53606338.html;;;;;Москве;электро;170 л.с., налог;АКПП;задний;55 000 км;левый;1 поколение, рестайлинг;белый;хэтчбек 5 дв.;i3 120 Ah;;
BMW;3-Series;2018;2429000;https://auto.drom.ru/spb/bmw/3-series/53202692.html;Характеристики совпадают с ПТС;3 записи о регистрации;Не числится в розыске;Ограничений не обнаружено;Санкт-Петербурге;дизель, 2.0 л;190 л.с., налог;АКПП;задний;127 000 км;левый;;синий;седан;;;
BMW;7-Series;2018;4570000;https://auto.drom.ru/moscow/bmw/7-series/53202279.html;Характеристики совпадают с ПТС;3 записи о регистрации;Не числится в розыске;Ограничений не обнаружено;Москве;дизель, 3.0 л;320 л.с., налог;АКПП;4WD;106 972 км;левый;6 поколение;черный;;;;
BMW;3-Series;2018;2750000;https://auto.drom.ru/moscow/bmw/3-series/53199220.html;Характеристики совпадают с ПТС;1 запись о регистрации;Не числится в розыске;Ограничений не обнаружено;Москве;бензин, 2.0 л;252 л.с., налог;АКПП;4WD;96 700 км;левый;6 поколение, рестайлинг;бордовый;седан;330i xDrive AT;;
BMW;X3;2018;3600000;https://auto.drom.ru/moscow/bmw/x3/53198474.html;Характеристики совпадают с ПТС;1 запись о регистрации;Не числится в розыске;Ограничений не обнаружено;Москве;бензин, 2.0 л;249 л.с., налог;АКПП;4WD;67 500 км;левый;3 поколение;серый;;;;
BMW;5-Series;2018;2600000;https://auto.drom.ru/moscow/bmw/5-series/52317527.html;Характеристики совпадают с ПТС;1 запись о регистрации;Не числится в розыске;Ограничений не обнаружено;Москве;бензин, 2.0 л;184 л.с., налог;АКПП;задний;214 444 км;левый;7 поколение;черный;седан;;;
BMW;5-Series;2018;3000000;https://auto.drom.ru/moscow/bmw/5-series/52317528.html;Характеристики совпадают с ПТС;1 запись о регистрации;Не числится в розыске;Ограничений не обнаружено;Москве;бензин, 2.0 л;184 л.с., налог;АКПП;задний;170 226 км;левый;7 поколение;черный;седан;;;
BMW;X6;2018;5500000;https://auto.drom.ru/bryansk/bmw/x6/50683929.html;;;;;Брянске;дизель, 3.0 л;381 л.с., налог;АКПП;4WD;99 000 км;левый;2 поколение;серебристый;;xDrive M50d AT;;
BMW;X1;2018;3100000;https://auto.drom.ru/moscow/bmw/x1/869744748.html;Характеристики совпадают с ПТС;1 запись о регистрации;Не числится в розыске;Ограничений не обнаружено;Москве;бензин, 2.0 л;192 л.с., налог;автомат;4WD;86 529 км;левый;2 поколение;синий;;;;
BMW;3-Series;2018;2450000;https://auto.drom.ru/minsk/bmw/3-series/316636643.html;;;;;Минске;бензин, 2.0 л;249 л.с., налог;автомат;4WD;70 000 км;левый;6 поколение, рестайлинг;белый;седан;;;
BMW;X3;2018;3200000;https://auto.drom.ru/minsk/bmw/x3/422798200.html;Мощность двигателя не совпадает с ПТС;1 запись о регистрации;Не числится в розыске;Ограничений не обнаружено;Минске;бензин, 2.0 л;249 л.с., налог;автомат;задний;75 000 км;левый;3 поколение;;;;;
BMW;5-Series;2018;3655000;https://auto.drom.ru/moscow/bmw/5-series/712862993.html;Характеристики совпадают с ПТС;2 записи о регистрации;Не числится в розыске;Ограничений не обнаружено;Москве;дизель, 2.0 л;190 л.с., налог;АКПП;4WD;88 220 км;левый;7 поколение;синий;седан;;;
BMW;5-Series;2018;3650000;https://auto.drom.ru/minsk/bmw/5-series/52426207.html;;;;;Минске;бензин, 2.0 л;252 л.с., налог;АКПП;задний;52 300 км;левый;7 поколение;черный;седан;530i AT;;
BMW;3-Series;2018;1843000;https://auto.drom.ru/himki/bmw/3-series/770211252.html;Характеристики совпадают с ПТС;3 записи о регистрации;Не числится в розыске;Ограничений не обнаружено;Химках;бензин, 1.5 л;136 л.с., налог;АКПП;задний;144 420 км;левый;6 поколение, рестайлинг;черный;седан;;;
BMW;4-Series;2018;3315000;https://auto.drom.ru/moscow/bmw/4-series/555795969.html;Характеристики совпадают с ПТС;2 записи о регистрации;Не числится в розыске;Ограничений не обнаружено;Москве;дизель, 2.0 л;190 л.с., налог;АКПП;4WD;84 283 км;левый;1 поколение, рестайлинг;коричневый;купе;;;
BMW;5-Series;2018;3750000;https://auto.drom.ru/moscow/bmw/5-series/53171019.html;Характеристики совпадают с ПТС;2 записи о регистрации;Не числится в розыске;Ограничений не обнаружено;Москве;бензин, 2.0 л;252 л.с., налог;АКПП;задний;87 000 км;левый;7 поколение;белый;седан;530i AT;;
BMW;5-Series;2018;3380000;https://auto.drom.ru/moscow/bmw/5-series/53948049.html;Характеристики совпадают с ПТС;1 запись о регистрации;Не числится в розыске;Ограничений не обнаружено;Москве;бензин, 2.0 л;184 л.с., налог;АКПП;задний;77 416 км;левый;7 поколение;серый;седан;;;
BMW;3-Series;2018;1949000;https://auto.drom.ru/himki/bmw/3-series/226526937.html;Характеристики совпадают с ПТС;1 запись о регистрации;Не числится в розыске;Ограничений не обнаружено;Химках;бензин, 1.5 л;136 л.с., налог;АКПП;задний;138 600 км;левый;6 поколение, рестайлинг;синий;седан;;;
BMW;2-Series Active Tourer;2018;2325000;https://auto.drom.ru/moscow/bmw/2-series_active_tourer/53941713.html;Характеристики совпадают с ПТС;1 запись о регистрации;Не числится в розыске;Ограничений не обнаружено;Москве;бензин, 1.5 л;140 л.с., налог;робот;передний;72 302 км;левый;1 поколение, рестайлинг;черный;;;;
BMW;X5;2018;4290000;https://auto.drom.ru/gubkin/bmw/x5/53349829.html;Характеристики совпадают с ПТС;2 записи о регистрации;Не числится в розыске;Ограничений не обнаружено;Губкине;бензин, 3.0 л;306 л.с., налог;АКПП;4WD;95 000 км;левый;3 поколение;черный;;;;
BMW;X3;2018;4189000;https://auto.drom.ru/voronezh/bmw/x3/53187241.html;Характеристики совпадают с ПТС;1 запись о регистрации;Не числится в розыске;Ограничений не обнаружено;Воронеже;дизель, 2.0 л;190 л.с., налог;АКПП;4WD;42 329 км;левый;3 поколение;белый;;;;
BMW;5-Series;2018;2300000;https://auto.drom.ru/moscow/bmw/5-series/52734625.html;Характеристики совпадают с ПТС;1 запись о регистрации;Не числится в розыске;Ограничений не обнаружено;Москве;бензин, 2.0 л;184 л.с., налог;АКПП;задний;199 737 км;левый;7 поколение;черный;седан;;;
BMW;5-Series;2018;2650000;https://auto.drom.ru/moscow/bmw/5-series/52734676.html;Характеристики совпадают с ПТС;1 запись о регистрации;Не числится в розыске;Ограничений не обнаружено;Москве;бензин, 2.0 л;184 л.с., налог;АКПП;задний;233 944 км;левый;7 поколение;черный;седан;;;
BMW;5-Series;2018;2500000;https://auto.drom.ru/moscow/bmw/5-series/52727425.html;Характеристики совпадают с ПТС;1 запись о регистрации;Не числится в розыске;Ограничений не обнаружено;Москве;бензин, 2.0 л;184 л.с., налог;АКПП;задний;213 203 км;левый;7 поколение;черный;седан;;;
BMW;X5;2018;4200000;https://auto.drom.ru/moscow/bmw/x5/102911131.html;Характеристики совпадают с ПТС;4 записи о регистрации;Не числится в розыске;Ограничений не обнаружено;Москве;дизель, 3.0 л;249 л.с., налог;АКПП;4WD;169 701 км;левый;;черный;;;;
BMW;X1;2018;2965000;https://auto.drom.ru/kazan/bmw/x1/142073059.html;Характеристики совпадают с ПТС;1 запись о регистрации;Не числится в розыске;Ограничений не обнаружено;Казани;дизель, 2.0 л;190 л.с., налог;АКПП;4WD;96 579 км;левый;2 поколение;коричневый;;;;
BMW;X5;2018;2500000;https://auto.drom.ru/moscow/bmw/x5/266120580.html;Характеристики совпадают с ПТС;3 записи о регистрации;Не числится в розыске;Ограничений не обнаружено;Москве;дизель, 3.0 л;249 л.с., налог;АКПП;4WD;190 000 км;левый;3 поколение;черный;;;требуется ремонт или не на ходу;
BMW;5-Series;2018;3490000;https://auto.drom.ru/saratov/bmw/5-series/53936367.html;Характеристики совпадают с ПТС;2 записи о регистрации;Не числится в розыске;Ограничений не обнаружено;Саратове;дизель, 2.0 л;190 л.с., налог;АКПП;задний;227 297 км;левый;7 поколение;черный;седан;;;
BMW;8-Series;2018;8300000;https://auto.drom.ru/moscow/bmw/8-series/53935907.html;Характеристики совпадают с ПТС;3 записи о регистрации;Не числится в розыске;Ограничений не обнаружено;Москве;бензин, 4.4 л;530 л.с., налог;АКПП;4WD;58 600 км;левый;2 поколение;синий;купе;M850i AT xDrive Base;;
BMW;6-Series Gran Turismo;2018;4380000;https://auto.drom.ru/spb/bmw/6-series_gran_turismo/53933683.html;Характеристики совпадают с ПТС;1 запись о регистрации;Не числится в розыске;Ограничений не обнаружено;Санкт-Петербурге;дизель, 3.0 л;249 л.с., налог;АКПП;4WD;87 000 км;левый;1 поколение;белый;;;;
BMW;5-Series;2018;4300000;https://auto.drom.ru/spb/bmw/5-series/53930187.html;Характеристики совпадают с ПТС;4 записи о регистрации;Не числится в розыске;Ограничений не обнаружено;Санкт-Петербурге;дизель, 3.0 л;249 л.с., налог;АКПП;4WD;116 483 км;левый;7 поколение;серый;седан;;;
BMW;4-Series;2018;4170000;https://auto.drom.ru/moscow/bmw/4-series/53583445.html;Характеристики совпадают с ПТС;1 запись о регистрации;Не числится в розыске;Ограничений не обнаружено;Москве;бензин, 2.0 л;249 л.с., налог;АКПП;задний;47 593 км;левый;1 поколение, рестайлинг;черный;открытый;430i AT;;
BMW;X2;2018;3500000;https://auto.drom.ru/moscow/bmw/x2/53173596.html;Характеристики совпадают с ПТС;1 запись о регистрации;Не числится в розыске;Ограничений не обнаружено;Москве;бензин, 2.0 л;192 л.с., налог;робот;передний;25 000 км;левый;1 поколение;белый;;sDrive 20i DCT Advantage;;
BMW;5-Series;2018;2500000;https://auto.drom.ru/moscow/bmw/5-series/52717892.html;Характеристики совпадают с ПТС;1 запись о регистрации;Не числится в розыске;Ограничений не обнаружено;Москве;бензин, 2.0 л;184 л.с., налог;АКПП;задний;218 326 км;левый;7 поколение;черный;седан;;;
BMW;5-Series;2018;2500000;https://auto.drom.ru/moscow/bmw/5-series/52711529.html;Характеристики совпадают с ПТС;1 запись о регистрации;Не числится в розыске;Ограничений не обнаружено;Москве;бензин, 2.0 л;184 л.с., налог;АКПП;задний;227 567 км;левый;7 поколение;черный;седан;;;
BMW;5-Series;2018;2500000;https://auto.drom.ru/moscow/bmw/5-series/52292813.html;Характеристики совпадают с ПТС;1 запись о регистрации;Не числится в розыске;Ограничений не обнаружено;Москве;бензин, 2.0 л;184 л.с., налог;АКПП;задний;190 677 км;левый;7 поколение;черный;седан;;;
BMW;5-Series;2018;2500000;https://auto.drom.ru/moscow/bmw/5-series/52292816.html;Характеристики совпадают с ПТС;1 запись о регистрации;Не числится в розыске;Ограничений не обнаружено;Москве;бензин, 2.0 л;184 л.с., налог;АКПП;задний;189 051 км;левый;7 поколение;черный;седан;;;
BMW;4-Series;2018;4970000;https://auto.drom.ru/moscow/bmw/4-series/52291905.html;Характеристики совпадают с ПТС;2 записи о регистрации;Не числится в розыске;Ограничений не обнаружено;Москве;дизель, 2.0 л;190 л.с., налог;АКПП;4WD;18 700 км;левый;1 поколение, рестайлинг;белый;купе;420d AT xDrive M Sport;;
BMW;4-Series;2018;2500000;https://auto.drom.ru/minsk/bmw/4-series/52286909.html;;;;;Минске;дизель, 2.0 л;190 л.с., налог;АКПП;4WD;160 000 км, без пробега по РФ;левый;1 поколение, рестайлинг;черный;лифтбек;420d AT xDrive Base;;
BMW;5-Series;2018;2600000;https://auto.drom.ru/moscow/bmw/5-series/52282932.html;Характеристики совпадают с ПТС;1 запись о регистрации;Не числится в розыске;Ограничений не обнаружено;Москве;бензин, 2.0 л;184 л.с., налог;АКПП;задний;212 510 км;левый;7 поколение;черный;седан;;;
BMW;5-Series;2018;2500000;https://auto.drom.ru/moscow/bmw/5-series/52282934.html;Характеристики совпадают с ПТС;1 запись о регистрации;Не числится в розыске;Ограничений не обнаружено;Москве;бензин, 2.0 л;184 л.с., налог;АКПП;задний;223 960 км;левый;7 поколение;черный;седан;;;
BMW;7-Series;2018;4020000;https://auto.drom.ru/spb/bmw/7-series/169722725.html;;;;;Санкт-Петербурге;бензин, 3.0 л;326 л.с., налог;АКПП;задний;102 000 км;левый;6 поколение;белый;;740Li AT;;
BMW;X3;2018;3150000;https://auto.drom.ru/kursk/bmw/x3/882145515.html;Характеристики совпадают с ПТС;1 запись о регистрации;Не числится в розыске;Ограничений не обнаружено;Курске;бензин, 2.0 л;184 л.с., налог;АКПП;4WD;162 348 км;левый;3 поколение;белый;;;;
BMW;3-Series;2018;2050000;https://auto.drom.ru/moscow/bmw/3-series/607796213.html;Характеристики совпадают с ПТС;1 запись о регистрации;Не числится в розыске;Ограничений не обнаружено;Москве;бензин, 1.5 л;136 л.с., налог;АКПП;задний;107 687 км;левый;6 поколение, рестайлинг;черный;седан;;;
BMW;3-Series;2018;2350000;https://auto.drom.ru/moscow/bmw/3-series/53572066.html;;;;;Москве;дизель, 2.0 л;190 л.с., налог;АКПП;задний;121 000 км;левый;6 поколение, рестайлинг;черный;универсал;320d AT;;
BMW;X1;2018;2550000;https://auto.drom.ru/moscow/bmw/x1/53568360.html;Характеристики совпадают с ПТС;1 запись о регистрации;Не числится в розыске;Ограничений не обнаружено;Москве;бензин, 1.5 л;140 л.с., налог;робот;передний;69 702 км;левый;2 поколение;серый;;;;
BMW;3-Series;2018;2800000;https://auto.drom.ru/spb/bmw/3-series/53163160.html;Характеристики совпадают с ПТС;2 записи о регистрации;Не числится в розыске;Ограничений не обнаружено;Санкт-Петербурге;дизель, 2.0 л;150 л.с., налог;АКПП;задний;122 685 км;левый;6 поколение, рестайлинг;белый;седан;318d AT;;
BMW;5-Series;2018;2699000;https://auto.drom.ru/moscow/bmw/5-series/53161129.html;Характеристики совпадают с ПТС;1 запись о регистрации;Не числится в розыске;Ограничений не обнаружено;Москве;дизель, 2.0 л;190 л.с., налог;АКПП;4WD;232 500 км;левый;7 поколение;белый;универсал;520d AT xDrive;;
BMW;X3;2018;3555000;https://auto.drom.ru/polotsk/bmw/x3/53150639.html;;;;;Полоцке;бензин, 2.0 л;249 л.с., налог;АКПП;4WD;78 000 км;левый;3 поколение;синий;;xDrive 30i AT Base;;
BMW;5-Series;2018;4440000;https://auto.drom.ru/moscow/bmw/5-series/52706756.html;Характеристики совпадают с ПТС;1 запись о регистрации;Не числится в розыске;Ограничений не обнаружено;Москве;дизель, 2.0 л;190 л.с., налог;АКПП;задний;57 000 км;левый;7 поколение;синий;седан;;;
BMW;X4;2018;3879990;https://auto.drom.ru/nizhniy-novgorod/bmw/x4/52706245.html;Характеристики совпадают с ПТС;2 записи о регистрации;Не числится в розыске;Ограничений не обнаружено;Нижнем Новгороде;дизель, 2.0 л;190 л.с., налог;АКПП;4WD;49 575 км;левый;;белый;;;;
BMW;1-Series;2018;2700000;https://auto.drom.ru/moscow/bmw/1-series/52912582.html;;;;;Москве;дизель, 2.0 л;190 л.с., налог;АКПП;задний;68 000 км, без пробега по РФ;левый;2 поколение, 2 рестайлинг;белый;хэтчбек 5 дв.;120d AT Model M Sport;;
BMW;5-Series;2018;4190000;https://auto.drom.ru/spb/bmw/5-series/596108256.html;Характеристики совпадают с ПТС;5 записей о регистрации;Не числится в розыске;Ограничений не обнаружено;Санкт-Петербурге;дизель, 3.0 л;249 л.с., налог;АКПП;4WD;114 000 км;левый;7 поколение;серый;седан;;;
BMW;6-Series Gran Turismo;2018;5000000;https://auto.drom.ru/moscow/bmw/6-series_gran_turismo/529670372.html;;;;;Москве;бензин, 3.0 л;340 л.с., налог;АКПП;4WD;54 000 км, без пробега по РФ;левый;1 поколение;серебристый;;;;
BMW;5-Series;2018;2547000;https://auto.drom.ru/moscow/bmw/5-series/794547233.html;Характеристики совпадают с ПТС;1 запись о регистрации;Не числится в розыске;Ограничений не обнаружено;Москве;бензин, 2.0 л;184 л.с., налог;АКПП;задний;127 000 км;левый;7 поколение;черный;седан;;;
BMW;7-Series;2018;9900000;https://auto.drom.ru/moscow/bmw/7-series/53893369.html;;;;;Москве;бензин, 4.4 л;608 л.с., налог;автомат;4WD;59 890 км;левый;6 поколение;белый;;;;
BMW;X6;2018;4395000;https://auto.drom.ru/moscow/bmw/x6/53540644.html;Характеристики совпадают с ПТС;5 записей о регистрации;Не числится в розыске;Ограничений не обнаружено;Москве;дизель, 3.0 л;249 л.с., налог;АКПП;4WD;148 529 км;левый;2 поколение;серый;;;;
BMW;X6;2018;4550000;https://auto.drom.ru/moscow/bmw/x6/53910252.html;Характеристики совпадают с ПТС;2 записи о регистрации;Не числится в розыске;Ограничений не обнаружено;Москве;дизель, 3.0 л;249 л.с., налог;АКПП;4WD;141 407 км;левый;2 поколение;черный;;;;
BMW;3-Series;2018;1694550;https://auto.drom.ru/spb/bmw/3-series/53560774.html;Характеристики совпадают с ПТС;2 записи о регистрации;Не числится в розыске;Ограничений не обнаружено;Санкт-Петербурге;бензин, 1.5 л;136 л.с., налог;АКПП;задний;196 000 км;левый;6 поколение, рестайлинг;белый;седан;;;
BMW;X1;2018;2799000;https://auto.drom.ru/spb/bmw/x1/53135736.html;Характеристики совпадают с ПТС;1 запись о регистрации;Не числится в розыске;Ограничений не обнаружено;Санкт-Петербурге;дизель, 2.0 л;150 л.с., налог;АКПП;4WD;61 380 км;левый;2 поколение;коричневый;;;;
BMW;5-Series;2018;2650000;https://auto.drom.ru/moscow/bmw/5-series/52690352.html;Характеристики совпадают с ПТС;1 запись о регистрации;Не числится в розыске;Ограничений не обнаружено;Москве;бензин, 2.0 л;184 л.с., налог;АКПП;задний;199 630 км;левый;7 поколение;черный;седан;;;
BMW;Z4;2018;4750000;https://auto.drom.ru/moscow/bmw/z4/50549149.html;Характеристики совпадают с ПТС;1 запись о регистрации;Не числится в розыске;Ограничений не обнаружено;Москве;бензин, 2.0 л;197 л.с., налог;АКПП;задний;55 000 км;левый;3 поколение;черный;открытый;sDrive 20i AT Base;;
BMW;5-Series;2018;3400000;https://auto.drom.ru/moscow/bmw/5-series/471996925.html;Характеристики совпадают с ПТС;2 записи о регистрации;Не числится в розыске;Ограничений не обнаружено;Москве;дизель, 2.0 л;190 л.с., налог;АКПП;4WD;95 000 км;левый;7 поколение;синий;седан;;;
BMW;X3;2018;4149000;https://auto.drom.ru/moscow/bmw/x3/53871509.html;;;;;Москве;бензин, 2.0 л;249 л.с., налог;АКПП;4WD;43 000 км;левый;3 поколение;синий;;xDrive 30i AT Base;;
BMW;5-Series;2018;2650000;https://auto.drom.ru/moscow/bmw/5-series/52093350.html;Характеристики совпадают с ПТС;1 запись о регистрации;Не числится в розыске;Ограничений не обнаружено;Москве;бензин, 2.0 л;184 л.с., налог;АКПП;задний;216 756 км;левый;7 поколение;черный;седан;;;
BMW;X1;2018;2960000;https://auto.drom.ru/moscow/bmw/x1/53239946.html;;;;;Москве;дизель, 2.0 л;190 л.с., налог;АКПП;4WD;94 500 км;левый;2 поколение;оранжевый;;xDrive20d AT Sport Line;;
BMW;5-Series;2018;3400000;https://auto.drom.ru/moscow/bmw/5-series/53539333.html;Характеристики совпадают с ПТС;3 записи о регистрации;Не числится в розыске;Ограничений не обнаружено;Москве;2.0 л;;автомат;;89 375 км;левый;7 поколение;черный;седан;;;
BMW;3-Series;2018;2443000;https://auto.drom.ru/moscow/bmw/3-series/674088442.html;Характеристики совпадают с ПТС;2 записи о регистрации;Не числится в розыске;Ограничений не обнаружено;Москве;бензин, 2.0 л;184 л.с., налог;АКПП;4WD;122 971 км;левый;;синий;седан;;;
BMW;X1;2018;2749000;https://auto.drom.ru/spb/bmw/x1/53540429.html;Характеристики совпадают с ПТС;1 запись о регистрации;Не числится в розыске;Ограничений не обнаружено;Санкт-Петербурге;бензин, 2.0 л;192 л.с., налог;автомат;передний;51 642 км;левый;2 поколение;черный;;;;
BMW;X2;2018;2750000;https://auto.drom.ru/moscow/bmw/x2/52672369.html;Характеристики совпадают с ПТС;1 запись о регистрации;Не числится в розыске;Ограничений не обнаружено;Москве;бензин, 2.0 л;231 л.с., налог;автомат;4WD;47 068 км;левый;;черный;;;;
BMW;4-Series;2018;3790000;https://auto.drom.ru/saratov/bmw/4-series/595269577.html;Характеристики совпадают с ПТС;2 записи о регистрации;Не числится в розыске;Ограничений не обнаружено;Саратове;дизель, 2.0 л;190 л.с., налог;АКПП;задний;69 000 км;левый;1 поколение, рестайлинг;белый;купе;420d AT;;
BMW;4-Series;2018;2959000;https://auto.drom.ru/spb/bmw/4-series/375637528.html;Характеристики совпадают с ПТС;1 запись о регистрации;Не числится в розыске;Ограничений не обнаружено;Санкт-Петербурге;дизель, 2.0 л;190 л.с., налог;автомат;задний;108 000 км;левый;;черный;лифтбек;;;
BMW;6-Series Gran Turismo;2018;4600000;https://auto.drom.ru/belgorod/bmw/6-series_gran_turismo/53119038.html;Мощность двигателя не совпадает с ПТС;1 запись о регистрации;Не числится в розыске;Ограничений не обнаружено;Белгороде;дизель, 2.0 л;190 л.с., налог;автомат;задний;95 000 км;левый;1 поколение;белый;;;;
BMW;X3;2018;2846234;https://auto.drom.ru/minsk/bmw/x3/52010825.html;;;;;Минске;дизель, 2.0 л;150 л.с., налог;автомат;задний;179 000 км;левый;3 поколение;;;;;
BMW;X5;2018;4289000;https://auto.drom.ru/himki/bmw/x5/662401240.html;Характеристики совпадают с ПТС;4 записи о регистрации;Не числится в розыске;Ограничений не обнаружено;Химках;дизель, 3.0 л;249 л.с., налог;АКПП;4WD;122 811 км;левый;;черный;;;;
BMW;5-Series;2018;4350000;https://auto.drom.ru/moscow/bmw/5-series/223345129.html;Цвет не совпадает с ПТС;1 запись о регистрации;Не числится в розыске;Ограничений не обнаружено;Москве;дизель, 2.0 л;231 л.с., налог;АКПП;задний;72 260 км;левый;7 поколение;бежевый;седан;525d AT;;
BMW;X5;2018;6650000;https://auto.drom.ru/spb/bmw/x5/243746914.html;Характеристики совпадают с ПТС;4 записи о регистрации;Не числится в розыске;Ограничений не обнаружено;Санкт-Петербурге;дизель, 3.0 л;249 л.с., налог;АКПП;4WD;117 521 км;левый;;синий;;;;
BMW;3-Series;2018;2899900;https://auto.drom.ru/spb/bmw/3-series/101649348.html;Характеристики совпадают с ПТС;2 записи о регистрации;Не числится в розыске;Ограничений не обнаружено;Санкт-Петербурге;бензин, 2.0 л;184 л.с., налог;АКПП;4WD;172 000 км;левый;;белый;седан;;;
BMW;7-Series;2018;4440000;https://auto.drom.ru/spb/bmw/7-series/53895414.html;Характеристики совпадают с ПТС;6 записей о регистрации;Не числится в розыске;Ограничений не обнаружено;Санкт-Петербурге;бензин, 2.0 л;258 л.с., налог;АКПП;задний;91 500 км;левый;6 поколение;черный;;730i AT;;
BMW;X1;2018;2495000;https://auto.drom.ru/yaroslavl/bmw/x1/53892080.html;Характеристики совпадают с ПТС;1 запись о регистрации;Не числится в розыске;Ограничений не обнаружено;Ярославле;дизель, 2.0 л;150 л.с., налог;АКПП;передний;129 000 км;левый;2 поколение;черный;;sDrive18d AT Sport Line;;
BMW;X1;2018;2090000;https://auto.drom.ru/moscow/bmw/x1/53535642.html;Характеристики совпадают с ПТС;3 записи о регистрации;Не числится в розыске;Ограничений не обнаружено;Москве;дизель, 2.0 л;150 л.с., налог;АКПП;4WD;147 776 км;левый;2 поколение;черный;;;;
