Бренд;Модель;Год;Цена;URL;ПТС;Владельцы;Розыск;Ограничения;Город;Двигатель;Мощность;Коробка передач;Привод;Тип кузова;Цвет;Пробег;Руль;Поколение;Комплектация;Особые отметки;VIN;
Mercedes-Benz;C-Class;2019;4350000;https://auto.drom.ru/moscow/mercedes-benz/c-class/53413656.html;Характеристики совпадают с ПТС;2 записи о регистрации;Не числится в розыске;Ограничений не обнаружено;Москве;бензин, 1.5 л, гибрид;184 л.с., налог;АКПП;4WD;седан;зеленый;58 600 км;левый;4 поколение, рестайлинг;C 200 4MATIC Sport;;;
Mercedes-Benz;E-Class;2019;6650000;https://auto.drom.ru/moscow/mercedes-benz/e-class/52968187.html;Характеристики совпадают с ПТС;1 запись о регистрации;Не числится в розыске;Ограничений не обнаружено;Москве;бензин, 2.0 л;197 л.с., налог;АКПП;4WD;седан;серый;10 600 км;левый;5 поколение;E 200 4MATIC Premium;;;
Mercedes-Benz;C-Class;2019;2180000;https://auto.drom.ru/moscow/mercedes-benz/c-class/52619666.html;Характеристики совпадают с ПТС;1 запись о регистрации;Не числится в розыске;Ограничений не обнаружено;Москве;бензин, 1.6 л;150 л.с., налог;АКПП;задний;седан;черный;132 472 км;левый;4 поколение, рестайлинг;;;;
Mercedes-Benz;C-Class;2019;2750000;https://auto.drom.ru/minsk/mercedes-benz/c-class/52613187.html;;;;;Минске;бензин, 1.5 л, гибрид;184 л.с., налог;АКПП;4WD;седан;серый;66 000 км;левый;4 поколение, рестайлинг;C 200 4MATIC Premium;;;
Mercedes-Benz;G-Class;2019;18000000;https://auto.drom.ru/moscow/mercedes-benz/g-class/50573617.html;Характеристики совпадают с ПТС;2 записи о регистрации;Не числится в розыске;Ограничений не обнаружено;Москве;бензин, 4.0 л;585 л.с., налог;робот;4WD;джип/suv 5 дв.;черный;87 000 км;левый;3 поколение;G 63 AMG;;;
Mercedes-Benz;C-Class;2019;2580000;https://auto.drom.ru/moscow/mercedes-benz/c-class/50180450.html;Характеристики совпадают с ПТС;1 запись о регистрации;Не числится в розыске;Ограничений не обнаружено;Москве;бензин, 1.6 л;150 л.с., налог;АКПП;задний;седан;черный;81 747 км;левый;4 поколение, рестайлинг;;;;
Mercedes-Benz;C-Class;2019;2309926;https://auto.drom.ru/minsk/mercedes-benz/c-class/54144820.html;;;;;Минске;дизель, 1.6 л;122 л.с., налог;АКПП;задний;универсал;зеленый;110 000 км;левый;4 поколение, рестайлинг;C 180 d AT Exclusive;;;
Mercedes-Benz;E-Class;2019;4700000;https://auto.drom.ru/moscow/mercedes-benz/e-class/54029260.html;;;;;Москве;бензин, 1.5 л, гибрид;184 л.с., налог;АКПП;задний;седан;белый;17 000 км, без пробега по РФ;правый;5 поколение;E 200 Avantgarde;;;
Mercedes-Benz;GLE;2019;8500000;https://auto.drom.ru/kirov/mercedes-benz/gle-class/53429297.html;Характеристики совпадают с ПТС;1 запись о регистрации;Не числится в розыске;Ограничений не обнаружено;Кирове;дизель, 2.9 л;330 л.с., налог;АКПП;4WD;;белый;59 880 км;левый;2 поколение;GLE 400 d 4MATIC Sport;;;
Mercedes-Benz;GLA-Class;2019;2697000;https://auto.drom.ru/moscow/mercedes-benz/gla-class/127392474.html;Характеристики совпадают с ПТС;3 записи о регистрации;Не числится в розыске;Ограничений не обнаружено;Москве;бензин, 1.6 л;150 л.с., налог;робот;передний;;черный;97 760 км;левый;1 поколение, рестайлинг;;;;
Mercedes-Benz;GLC Coupe;2019;4799000;https://auto.drom.ru/himki/mercedes-benz/glc_coupe/190850231.html;Характеристики совпадают с ПТС;1 запись о регистрации;Не числится в розыске;Ограничений не обнаружено;Химках;дизель, 2.0 л;194 л.с., налог;АКПП;4WD;;синий;95 715 км;левый;1 поколение, рестайлинг;;;;
Mercedes-Benz;E-Class;2019;4068000;https://auto.drom.ru/moscow/mercedes-benz/e-class/302782716.html;Характеристики совпадают с ПТС;2 записи о регистрации;Не числится в розыске;Ограничений не обнаружено;Москве;бензин, 2.0 л;184 л.с., налог;АКПП;4WD;купе;серебристый;132 000 км;левый;5 поколение;;;;
Mercedes-Benz;V-Class;2019;7600000;https://auto.drom.ru/moscow/mercedes-benz/v-class/53844325.html;;;;;Москве;дизель, 2.0 л;239 л.с., налог;автомат;4WD;;черный;51 301 км;левый;;;;;
Mercedes-Benz;E-Class;2019;3778000;https://auto.drom.ru/moscow/mercedes-benz/e-class/52510601.html;Характеристики совпадают с ПТС;3 записи о регистрации;Не числится в розыске;Ограничений не обнаружено;Москве;бензин, 2.0 л;197 л.с., налог;АКПП;4WD;седан;белый;97 973 км;левый;5 поколение;;;;
Mercedes-Benz;E-Class;2019;4100000;https://auto.drom.ru/moscow/mercedes-benz/e-class/54145567.html;Характеристики совпадают с ПТС;1 запись о регистрации;Не числится в розыске;Ограничений не обнаружено;Москве;бензин, 2.0 л;197 л.с., налог;АКПП;4WD;седан;черный;73 650 км;левый;5 поколение;E 200 AТ 4MATIC Exclusive;;;
Mercedes-Benz;E-Class;2019;5300000;https://auto.drom.ru/moscow/mercedes-benz/e-class/478160465.html;;;;;Москве;дизель, 2.0 л;194 л.с., налог;АКПП;4WD;седан;черный;47 500 км, без пробега по РФ;левый;5 поколение;E 220 d 4MATIC Exclusive;;;
Mercedes-Benz;GLE;2019;6695000;https://auto.drom.ru/moscow/mercedes-benz/gle-class/54142680.html;Характеристики совпадают с ПТС;1 запись о регистрации;Не числится в розыске;Ограничений не обнаружено;Москве;дизель, 3.0 л;249 л.с., налог;автомат;4WD;;синий;78 962 км;левый;;;;;
Mercedes-Benz;C-Class;2019;2850000;https://auto.drom.ru/moscow/mercedes-benz/c-class/53852608.html;Характеристики совпадают с ПТС;1 запись о регистрации;Не числится в розыске;Ограничений не обнаружено;Москве;бензин, 1.5 л;156 л.с., налог;АКПП;задний;седан;черный;130 000 км;левый;4 поколение, рестайлинг;C 180 AT;;;
Mercedes-Benz;GLS-Class;2019;7300000;https://auto.drom.ru/zvenigorod/mercedes-benz/gls-class/53482788.html;Характеристики совпадают с ПТС;3 записи о регистрации;Не числится в розыске;Ограничений не обнаружено;Звенигороде;дизель, 3.0 л;249 л.с., налог;АКПП;4WD;;черный;58 000 км;левый;1 поколение;350 d 4MATIC Особая серия;;;
Mercedes-Benz;C-Class;2019;3490000;https://auto.drom.ru/moscow/mercedes-benz/c-class/52824102.html;;;;;Москве;дизель, 2.0 л;194 л.с., налог;автомат;задний;седан;серый;47 370 км;левый;4 поколение, рестайлинг;;;;
Mercedes-Benz;CLA-Class;2019;3328000;https://auto.drom.ru/spb/mercedes-benz/cla-class/52603900.html;Характеристики совпадают с ПТС;3 записи о регистрации;Не числится в розыске;Ограничений не обнаружено;Санкт-Петербурге;бензин, 1.3 л;150 л.с., налог;робот;передний;седан;желтый;28 000 км;левый;2 поколение;CLA 200 DCT Sport;;;
Mercedes-Benz;GLS-Class;2019;9333000;https://auto.drom.ru/moscow/mercedes-benz/gls-class/52782484.html;Характеристики совпадают с ПТС;1 запись о регистрации;Не числится в розыске;Ограничений не обнаружено;Москве;бензин, 3.0 л, гибрид;367 л.с., налог;АКПП;4WD;;черный;98 500 км;левый;2 поколение;GLS 450 4MATIC Sport;;;
Mercedes-Benz;V-Class;2019;6250000;https://auto.drom.ru/chehov/mercedes-benz/v-class/54134494.html;Характеристики совпадают с ПТС;4 записи о регистрации;Не числится в розыске;Ограничений не обнаружено;Чехове;дизель, 2.1 л;190 л.с., налог;АКПП;4WD;;серый;156 000 км;левый;3 поколение;250 d AT 4MATIC Avantgarde Edition Special Edition Длинный;;;
Mercedes-Benz;CLA-Class;2019;2461000;https://auto.drom.ru/spb/mercedes-benz/cla-class/53765269.html;Характеристики совпадают с ПТС;3 записи о регистрации;Не числится в розыске;Ограничений не обнаружено;Санкт-Петербурге;бензин, 1.3 л;150 л.с., налог;робот;передний;седан;черный;104 003 км;левый;2 поколение;CLA 200 DCT Sport;;;
Mercedes-Benz;GLE;2019;7600000;https://auto.drom.ru/moscow/mercedes-benz/gle-class/662332130.html;Характеристики совпадают с ПТС;3 записи о регистрации;Не числится в розыске;Ограничений не обнаружено;Москве;дизель, 2.9 л;330 л.с., налог;АКПП;4WD;;белый;88 164 км;левый;2 поколение;GLE 400 d 4MATIC Sport;;;
Mercedes-Benz;GLE;2019;6889000;https://auto.drom.ru/voronezh/mercedes-benz/gle-class/824269311.html;Характеристики совпадают с ПТС;1 запись о регистрации;Не числится в розыске;Ограничений не обнаружено;Воронеже;дизель, 2.0 л;245 л.с., налог;АКПП;4WD;;белый;43 680 км;левый;2 поколение;;;;
Mercedes-Benz;CLA-Class;2019;2900000;https://auto.drom.ru/togliatti/mercedes-benz/cla-class/53628095.html;;;;;Тольятти;бензин, 1.6 л;156 л.с., налог;робот;передний;универсал;черный;111 687 км;левый;1 поколение, рестайлинг;CLA 200 DCT;;;
Mercedes-Benz;C-Class;2019;3075000;https://auto.drom.ru/himki/mercedes-benz/c-class/54123875.html;Характеристики совпадают с ПТС;1 запись о регистрации;Не числится в розыске;Ограничений не обнаружено;Химках;бензин, 2.0 л;204 л.с., налог;автомат;4WD;седан;черный;46 223 км;левый;;;;;
Mercedes-Benz;GLS-Class;2019;9988000;https://auto.drom.ru/moscow/mercedes-benz/gls-class/54130227.html;Характеристики совпадают с ПТС;4 записи о регистрации;Не числится в розыске;Ограничений не обнаружено;Москве;дизель, 2.9 л;330 л.с., налог;АКПП;4WD;;синий;40 828 км;левый;2 поколение;GLS 400 d 4MATIC Premium;;;
Mercedes-Benz;C-Class;2019;2025000;https://auto.drom.ru/spb/mercedes-benz/c-class/54131415.html;Характеристики совпадают с ПТС;1 запись о регистрации;Не числится в розыске;Ограничений не обнаружено;Санкт-Петербурге;дизель, 1.6 л;160 л.с., налог;АКПП;задний;универсал;серый;217 150 км;левый;4 поколение, рестайлинг;;;;
Mercedes-Benz;GLC;2019;3770000;https://auto.drom.ru/moscow/mercedes-benz/glc-class/54130442.html;Характеристики совпадают с ПТС;2 записи о регистрации;Не числится в розыске;Ограничений не обнаружено;Москве;дизель, 2.1 л;204 л.с., налог;АКПП;4WD;;черный;106 683 км;левый;1 поколение;;;;
Mercedes-Benz;GLC;2019;4579000;https://auto.drom.ru/spb/mercedes-benz/glc-class/53840060.html;Характеристики совпадают с ПТС;2 записи о регистрации;Не числится в розыске;Ограничений не обнаружено;Санкт-Петербурге;бензин, 2.0 л;197 л.с., налог;АКПП;4WD;;черный;16 227 км;левый;1 поколение, рестайлинг;;;;
Mercedes-Benz;CLS-Class;2019;6150000;https://auto.drom.ru/moscow/mercedes-benz/cls-class/53050083.html;Характеристики совпадают с ПТС;1 запись о регистрации;Не числится в розыске;Ограничений не обнаружено;Москве;дизель, 2.9 л;340 л.с., налог;АКПП;4WD;седан;серый;51 903 км;левый;3 поколение;;;;
Mercedes-Benz;GLC;2019;4249000;https://auto.drom.ru/spb/mercedes-benz/glc-class/53037794.html;Характеристики совпадают с ПТС;1 запись о регистрации;Не числится в розыске;Ограничений не обнаружено;Санкт-Петербурге;дизель, 2.0 л;245 л.с., налог;АКПП;4WD;;черный;86 940 км;левый;1 поколение, рестайлинг;;;;
Mercedes-Benz;GLA-Class;2019;2128000;https://auto.drom.ru/moscow/mercedes-benz/gla-class/52592428.html;Характеристики совпадают с ПТС;2 записи о регистрации;Не числится в розыске;Ограничений не обнаружено;Москве;бензин, 1.6 л;150 л.с., налог;робот;передний;;синий;103 542 км;левый;1 поколение, рестайлинг;;;;
Mercedes-Benz;GLC;2019;3950000;https://auto.drom.ru/engels/mercedes-benz/glc-class/50553988.html;;;;;Энгельсе;дизель, 2.0 л;194 л.с., налог;АКПП;4WD;;черный;82 935 км;левый;1 поколение, рестайлинг;GLC 220d 4MATIC AT Premium;;;
Mercedes-Benz;GLE;2019;6299000;https://auto.drom.ru/yaroslavl/mercedes-benz/gle-class/526301092.html;;;;;Ярославле;дизель, 2.9 л;272 л.с., налог;АКПП;4WD;;черный;94 481 км;левый;2 поколение;GLE 350d 4MATIC;;;
Mercedes-Benz;A-Class;2019;18500000;https://auto.drom.ru/moscow/mercedes-benz/a-class/854190231.html;Модель, объем двигателя, мощность двигателя не совпадают с ПТС;2 записи о регистрации;Не числится в розыске;Ограничений не обнаружено;Москве;бензин, 6.3 л;650 л.с., налог;;;седан;белый;53 000 км;левый;4 поколение;;;;
Mercedes-Benz;GLE;2019;5720000;https://auto.drom.ru/moscow/mercedes-benz/gle-class/476491013.html;;;;;Москве;дизель, 2.0 л;245 л.с., налог;АКПП;4WD;;черный;85 200 км, без пробега по РФ;левый;2 поколение;GLE 300d 4MATIC;;;
Mercedes-Benz;C-Class;2019;3350000;https://auto.drom.ru/kazan/mercedes-benz/c-class/561599535.html;Характеристики совпадают с ПТС;3 записи о регистрации;Не числится в розыске;Ограничений не обнаружено;Казани;бензин, 1.6 л;150 л.с., налог;АКПП;задний;седан;серебристый;69 303 км;левый;4 поколение, рестайлинг;;;;
Mercedes-Benz;GLS-Class;2019;8190000;https://auto.drom.ru/moscow/mercedes-benz/gls-class/54118532.html;Характеристики совпадают с ПТС;3 записи о регистрации;Не числится в розыске;Ограничений не обнаружено;Москве;дизель, 2.9 л;330 л.с., налог;АКПП;4WD;;черный;115 753 км;левый;2 поколение;;;;
Mercedes-Benz;E-Class;2019;3755000;https://auto.drom.ru/moscow/mercedes-benz/e-class/53452710.html;Характеристики совпадают с ПТС;5 записей о регистрации;Не числится в розыске;Ограничений не обнаружено;Москве;бензин, 2.0 л;197 л.с., налог;АКПП;4WD;седан;черный;73 958 км;левый;5 поколение;;;;
Mercedes-Benz;GLE;2019;7600000;https://auto.drom.ru/moscow/mercedes-benz/gle-class/53035032.html;Характеристики совпадают с ПТС;1 запись о регистрации;Не числится в розыске;Ограничений не обнаружено;Москве;бензин, 3.0 л;367 л.с., налог;АКПП;4WD;;синий;67 000 км;левый;2 поколение;;;;
Mercedes-Benz;GLC;2019;4375000;https://auto.drom.ru/spb/mercedes-benz/glc-class/53019987.html;Характеристики совпадают с ПТС;1 запись о регистрации;Не числится в розыске;Ограничений не обнаружено;Санкт-Петербурге;дизель, 2.0 л;245 л.с., налог;АКПП;4WD;;черный;77 697 км;левый;1 поколение, рестайлинг;;;;
Mercedes-Benz;GLC;2019;4289000;https://auto.drom.ru/moscow/mercedes-benz/glc-class/287726570.html;Характеристики совпадают с ПТС;3 записи о регистрации;Не числится в розыске;Ограничений не обнаружено;Москве;бензин, 2.0 л;197 л.с., налог;АКПП;4WD;;белый;58 089 км;левый;1 поколение, рестайлинг;;;;
Mercedes-Benz;C-Class;2019;1828418;https://auto.drom.ru/minsk/mercedes-benz/c-class/53016963.html;;;;;Минске;дизель, 1.6 л;160 л.с., налог;механика;задний;универсал;синий;253 943 км;левый;4 поколение, рестайлинг;;;;
Mercedes-Benz;C-Class;2019;3535000;https://auto.drom.ru/moscow/mercedes-benz/c-class/54101172.html;Характеристики совпадают с ПТС;1 запись о регистрации;Не числится в розыске;Ограничений не обнаружено;Москве;бензин, 1.5 л;184 л.с., налог;АКПП;4WD;седан;белый;119 807 км;левый;4 поколение, рестайлинг;;;;
Mercedes-Benz;A-Class;2019;2744789;https://auto.drom.ru/spb/mercedes-benz/a-class/53818969.html;Характеристики совпадают с ПТС;1 запись о регистрации;Не числится в розыске;Ограничений не обнаружено;Санкт-Петербурге;бензин, 1.3 л;150 л.с., налог;робот;передний;хэтчбек 5 дв.;серый;46 534 км;левый;4 поколение;;;;
Mercedes-Benz;E-Class;2019;9900000;https://auto.drom.ru/moscow/mercedes-benz/e-class/53449174.html;;;;;Москве;бензин, 4.0 л;571 л.с., налог;робот;4WD;седан;белый;29 000 км;левый;5 поколение;;;;
Mercedes-Benz;A-Class;2019;2055550;https://auto.drom.ru/moscow/mercedes-benz/a-class/53438226.html;Характеристики совпадают с ПТС;2 записи о регистрации;Не числится в розыске;Ограничений не обнаружено;Москве;бензин, 1.3 л;150 л.с., налог;робот;передний;хэтчбек 5 дв.;красный;86 495 км;левый;4 поколение;;;;
Mercedes-Benz;C-Class;2019;2855000;https://auto.drom.ru/spb/mercedes-benz/c-class/53179030.html;Характеристики совпадают с ПТС;2 записи о регистрации;Не числится в розыске;Ограничений не обнаружено;Санкт-Петербурге;дизель, 1.6 л;122 л.с., налог;АКПП;задний;универсал;синий;127 777 км;левый;4 поколение, рестайлинг;;;;
Mercedes-Benz;E-Class;2019;4020000;https://auto.drom.ru/spb/mercedes-benz/e-class/53010509.html;Характеристики совпадают с ПТС;2 записи о регистрации;Не числится в розыске;Ограничений не обнаружено;Санкт-Петербурге;бензин, 2.0 л;197 л.с., налог;АКПП;4WD;седан;черный;92 000 км;левый;5 поколение;;;;
Mercedes-Benz;GLC;2019;4670000;https://auto.drom.ru/spb/mercedes-benz/glc-class/52568185.html;Характеристики совпадают с ПТС;1 запись о регистрации;Не числится в розыске;Ограничений не обнаружено;Санкт-Петербурге;бензин, 2.0 л;197 л.с., налог;АКПП;4WD;;серый;26 876 км;левый;1 поколение, рестайлинг;GLC 200 4MATIC AT Premium;;;
Mercedes-Benz;GLC;2019;3200000;https://auto.drom.ru/minsk/mercedes-benz/glc-class/54084492.html;;;;;Минске;бензин, 2.0 л;249 л.с., налог;АКПП;4WD;;белый;91 000 км;левый;1 поколение, рестайлинг;GLC 300 4MATIC AT Sport Plus;;;
Mercedes-Benz;C-Class;2019;2175000;https://auto.drom.ru/moscow/mercedes-benz/c-class/50079685.html;Характеристики совпадают с ПТС;1 запись о регистрации;Не числится в розыске;Ограничений не обнаружено;Москве;бензин, 1.6 л;150 л.с., налог;АКПП;задний;седан;черный;129 503 км;левый;4 поколение, рестайлинг;;;;
Mercedes-Benz;E-Class;2020;4189000;https://auto.drom.ru/spb/mercedes-benz/e-class/53451014.html;Характеристики совпадают с ПТС;4 записи о регистрации;Не числится в розыске;Ограничений не обнаружено;Санкт-Петербурге;бензин, 2.0 л;197 л.с., налог;АКПП;4WD;седан;черный;113 000 км;левый;5 поколение;;;;
Mercedes-Benz;GLC;2020;4687000;https://auto.drom.ru/moscow/mercedes-benz/glc-class/260854536.html;Характеристики совпадают с ПТС;2 записи о регистрации;Не числится в розыске;Ограничений не обнаружено;Москве;дизель, 2.0 л;194 л.с., налог;АКПП;4WD;;красный;42 782 км;левый;1 поколение, рестайлинг;;;;
Mercedes-Benz;E-Class;2020;5490000;https://auto.drom.ru/spb/mercedes-benz/e-class/152173606.html;;;;;Санкт-Петербурге;бензин, 2.0 л;258 л.с., налог;АКПП;задний;седан;;32 889 км, без пробега по РФ;левый;5 поколение, рестайлинг;;;;
Mercedes-Benz;A-Class;2020;3600000;https://auto.drom.ru/moscow/mercedes-benz/a-class/53679218.html;Характеристики совпадают с ПТС;3 записи о регистрации;Не числится в розыске;Ограничений не обнаружено;Москве;бензин, 1.3 л;150 л.с., налог;робот;передний;хэтчбек 5 дв.;белый;41 009 км;левый;4 поколение;A 200 DCT Sport;;;
Mercedes-Benz;E-Class;2020;4100000;https://auto.drom.ru/moscow/mercedes-benz/e-class/53915940.html;Характеристики совпадают с ПТС;2 записи о регистрации;Не числится в розыске;Ограничений не обнаружено;Москве;бензин, 2.0 л;197 л.с., налог;АКПП;4WD;седан;черный;48 522 км;левый;5 поколение;;;;
Mercedes-Benz;E-Class;2020;5320000;https://auto.drom.ru/moscow/mercedes-benz/e-class/53311005.html;Характеристики совпадают с ПТС;3 записи о регистрации;Не числится в розыске;Ограничений не обнаружено;Москве;дизель, 2.0 л;194 л.с., налог;АКПП;4WD;седан;черный;88 000 км;левый;5 поколение, рестайлинг;E 220 d 4MATIC Sport;;;
Mercedes-Benz;GLB-Class;2020;3374000;https://auto.drom.ru/moscow/mercedes-benz/glb/53053900.html;Характеристики совпадают с ПТС;2 записи о регистрации;Не числится в розыске;Ограничений не обнаружено;Москве;бензин, 1.3 л;150 л.с., налог;автомат;передний;;белый;76 021 км;левый;;;;;
Mercedes-Benz;GLE Coupe;2020;9970000;https://auto.drom.ru/himki/mercedes-benz/gle_coupe/53898248.html;Характеристики совпадают с ПТС;1 запись о регистрации;Не числится в розыске;Ограничений не обнаружено;Химках;дизель, 2.9 л;249 л.с., налог;АКПП;4WD;;черный;6 780 км;левый;2 поколение;350 d 4MATIC;;;
Mercedes-Benz;GLE Coupe;2020;10195000;https://auto.drom.ru/himki/mercedes-benz/gle_coupe/51816220.html;Характеристики совпадают с ПТС;1 запись о регистрации;Не числится в розыске;Ограничений не обнаружено;Химках;дизель, 2.9 л;249 л.с., налог;АКПП;4WD;;черный;21 787 км;левый;2 поколение;350 d 4MATIC;;;
Mercedes-Benz;GLC Coupe;2020;4500000;https://auto.drom.ru/moscow/mercedes-benz/glc_coupe/136908524.html;;;;;Москве;бензин, 2.0 л;249 л.с., налог;АКПП;4WD;;серый;42 572 км;левый;1 поколение, рестайлинг;GLC 300 4MATIC AT Sport;;;
Mercedes-Benz;GLB-Class;2020;3789000;https://auto.drom.ru/moscow/mercedes-benz/glb/691992853.html;Характеристики совпадают с ПТС;1 запись о регистрации;Не числится в розыске;Ограничений не обнаружено;Москве;бензин, 1.3 л;150 л.с., налог;автомат;4WD;;белый;44 849 км;левый;1 поколение;;;;
Mercedes-Benz;GLE;2020;8200000;https://auto.drom.ru/tula/mercedes-benz/gle-class/53901727.html;Характеристики совпадают с ПТС;2 записи о регистрации;Не числится в розыске;Ограничений не обнаружено;Туле;дизель, 2.0 л;245 л.с., налог;АКПП;4WD;;черный;34 289 км;левый;2 поколение;;;;
Mercedes-Benz;GLB-Class;2020;3449000;https://auto.drom.ru/spb/mercedes-benz/glb/53126898.html;Характеристики совпадают с ПТС;2 записи о регистрации;Не числится в розыске;Ограничений не обнаружено;Санкт-Петербурге;дизель, 2.0 л;150 л.с., налог;робот;4WD;;черный;105 000 км;левый;1 поколение;;;;
Mercedes-Benz;GLE;2020;9550000;https://auto.drom.ru/moscow/mercedes-benz/gle-class/53124552.html;Характеристики совпадают с ПТС;1 запись о регистрации;Не числится в розыске;Ограничений не обнаружено;Москве;дизель, 2.9 л;330 л.с., налог;АКПП;4WD;;серый;57 525 км;левый;2 поколение;;;;
Mercedes-Benz;GLC;2020;4095700;https://auto.drom.ru/moscow/mercedes-benz/glc-class/52682114.html;Характеристики совпадают с ПТС;2 записи о регистрации;Не числится в розыске;Ограничений не обнаружено;Москве;дизель, 2.0 л;194 л.с., налог;АКПП;4WD;;синий;88 445 км;левый;1 поколение, рестайлинг;;;;
Mercedes-Benz;GLB-Class;2020;3695000;https://auto.drom.ru/moscow/mercedes-benz/glb/636637255.html;Характеристики совпадают с ПТС;1 запись о регистрации;Не числится в розыске;Ограничений не обнаружено;Москве;бензин, 1.3 л;150 л.с., налог;автомат;передний;;черный;35 619 км;левый;;;;;
Mercedes-Benz;CLA-Class;2020;4000000;https://auto.drom.ru/moscow/mercedes-benz/cla-class/526606647.html;Характеристики совпадают с ПТС;3 записи о регистрации;Не числится в розыске;Ограничений не обнаружено;Москве;бензин, 1.3 л;150 л.с., налог;робот;передний;седан;черный;15 287 км;левый;2 поколение;CLA 200 DCT Sport;;;
Mercedes-Benz;V-Class;2020;15200000;https://auto.drom.ru/moscow/mercedes-benz/v-class/53889105.html;Характеристики совпадают с ПТС;3 записи о регистрации;Не числится в розыске;Ограничений не обнаружено;Москве;дизель, 2.1 л;190 л.с., налог;АКПП;задний;;синий;47 329 км;левый;3 поколение;;;;
Mercedes-Benz;GLE;2020;7995000;https://auto.drom.ru/spb/mercedes-benz/gle-class/53889703.html;Характеристики совпадают с ПТС;3 записи о регистрации;Не числится в розыске;Ограничений не обнаружено;Санкт-Петербурге;дизель, 2.9 л;330 л.с., налог;АКПП;4WD;;черный;86 827 км;левый;2 поколение;;;;
Mercedes-Benz;GLC;2020;5640000;https://auto.drom.ru/spb/mercedes-benz/glc-class/53664682.html;Мощность двигателя не совпадает с ПТС;1 запись о регистрации;Не числится в розыске;Ограничений не обнаружено;Санкт-Петербурге;бензин, 2.0 л, гибрид;211 л.с., налог;АКПП;4WD;;;29 000 км;левый;1 поколение, рестайлинг;GLC 300 e 4MATIC;;;
Mercedes-Benz;GLC;2020;3690000;https://auto.drom.ru/kazan/mercedes-benz/glc-class/53532365.html;Характеристики совпадают с ПТС;3 записи о регистрации;Не числится в розыске;Ограничений не обнаружено;Казани;дизель, 2.0 л;194 л.с., налог;АКПП;4WD;;серый;64 246 км;левый;1 поколение, рестайлинг;;;;
Mercedes-Benz;GLC;2020;5000000;https://auto.drom.ru/spb/mercedes-benz/glc-class/53119184.html;Характеристики совпадают с ПТС;1 запись о регистрации;Не числится в розыске;Ограничений не обнаружено;Санкт-Петербурге;бензин, 2.0 л;197 л.с., налог;АКПП;4WD;;черный;46 000 км;левый;1 поколение, рестайлинг;GLC 200 AT 4MATIC;;;
Mercedes-Benz;S-Class;2020;13150000;https://auto.drom.ru/moscow/mercedes-benz/s-class/53117021.html;Характеристики совпадают с ПТС;2 записи о регистрации;Не числится в розыске;Ограничений не обнаружено;Москве;дизель, 2.9 л;330 л.с., налог;АКПП;4WD;седан;черный;45 389 км;левый;7 поколение;;;;
Mercedes-Benz;GLB-Class;2020;3595000;https://auto.drom.ru/spb/mercedes-benz/glb/53116986.html;Характеристики совпадают с ПТС;2 записи о регистрации;Не числится в розыске;Ограничений не обнаружено;Санкт-Петербурге;бензин, 2.0 л;224 л.с., налог;робот;4WD;;красный;66 751 км;левый;1 поколение;;;;
Mercedes-Benz;GLE;2020;6600000;https://auto.drom.ru/kazan/mercedes-benz/gle-class/52226702.html;Характеристики совпадают с ПТС;1 запись о регистрации;Не числится в розыске;Ограничений не обнаружено;Казани;бензин, 3.0 л;367 л.с., налог;АКПП;4WD;;белый;60 848 км;левый;2 поколение;;;;
Mercedes-Benz;A-Class;2020;5450000;https://auto.drom.ru/tver/mercedes-benz/a-class/50994967.html;Характеристики совпадают с ПТС;3 записи о регистрации;Не числится в розыске;Ограничений не обнаружено;Твери;бензин, 2.0 л;421 л.с., налог;робот;4WD;хэтчбек 5 дв.;черный;16 122 км;левый;4 поколение;A 45 S AMG DCT 4MATIC Особая Серия;;;
Mercedes-Benz;C-Class;2020;3750000;https://auto.drom.ru/spb/mercedes-benz/c-class/809446102.html;Характеристики совпадают с ПТС;1 запись о регистрации;Не числится в розыске;Ограничений не обнаружено;Санкт-Петербурге;бензин, 1.5 л;150 л.с., налог;автомат;задний;седан;серый;72 798 км;левый;;;;;
Mercedes-Benz;G-Class;2020;19890000;https://auto.drom.ru/moscow/mercedes-benz/g-class/779660481.html;Характеристики совпадают с ПТС;1 запись о регистрации;Не числится в розыске;Ограничений не обнаружено;Москве;дизель, 2.9 л;249 л.с., налог;АКПП;4WD;джип/suv 5 дв.;черный;19 950 км;левый;3 поколение;G 350 d;;;
Mercedes-Benz;E-Class;2020;4690000;https://auto.drom.ru/spb/mercedes-benz/e-class/337573366.html;Характеристики совпадают с ПТС;2 записи о регистрации;Не числится в розыске;Ограничений не обнаружено;Санкт-Петербурге;бензин, 2.0 л;197 л.с., налог;АКПП;4WD;седан;синий;71 741 км;левый;5 поколение, рестайлинг;E 200 4MATIC Sport;;;
Mercedes-Benz;C-Class;2020;3609900;https://auto.drom.ru/moscow/mercedes-benz/c-class/366075440.html;Характеристики совпадают с ПТС;2 записи о регистрации;Не числится в розыске;Ограничений не обнаружено;Москве;бензин, 1.5 л;150 л.с., налог;автомат;задний;седан;серый;60 306 км;левый;;;;;
Mercedes-Benz;AMG GT;2020;10400000;https://auto.drom.ru/moscow/mercedes-benz/amg_gt/53888355.html;Цвет не совпадает с ПТС;1 запись о регистрации;Не числится в розыске;Ограничений не обнаружено;Москве;бензин, 3.0 л, гибрид;367 л.с., налог;АКПП;4WD;лифтбек;белый;62 266 км;левый;1 поколение, рестайлинг;3.0 AT 43 4MATIC+ Особая Серия;;;
Mercedes-Benz;E-Class;2020;5855000;https://auto.drom.ru/moscow/mercedes-benz/e-class/53880252.html;Характеристики совпадают с ПТС;2 записи о регистрации;Не числится в розыске;Ограничений не обнаружено;Москве;бензин, 2.0 л;197 л.с., налог;АКПП;4WD;купе;черный;47 600 км;левый;5 поколение;;;;
Mercedes-Benz;E-Class;2020;6309000;https://auto.drom.ru/spb/mercedes-benz/e-class/53105353.html;Характеристики совпадают с ПТС;1 запись о регистрации;Не числится в розыске;Ограничений не обнаружено;Санкт-Петербурге;бензин, 2.0 л;197 л.с., налог;АКПП;4WD;седан;синий;47 500 км;левый;5 поколение, рестайлинг;E 200 4MATIC Sport;;;
Mercedes-Benz;GLC;2020;5500000;https://auto.drom.ru/moscow/mercedes-benz/glc-class/50594554.html;Объем двигателя не совпадает с ПТС;2 записи о регистрации;Не числится в розыске;Ограничений не обнаружено;Москве;бензин, 2.0 л;249 л.с., налог;АКПП;4WD;;черный;34 000 км;левый;1 поколение, рестайлинг;GLC 300 4MATIC AT Sport Plus;;;
Mercedes-Benz;C-Class;2020;3490000;https://auto.drom.ru/moscow/mercedes-benz/c-class/921737040.html;Характеристики совпадают с ПТС;2 записи о регистрации;Не числится в розыске;Ограничений не обнаружено;Москве;бензин, 2.0 л;203 л.с., налог;автомат;4WD;седан;красный;59 000 км;левый;4 поколение, рестайлинг;;;;
Mercedes-Benz;G-Class;2020;15500000;https://auto.drom.ru/moscow/mercedes-benz/g-class/748183206.html;Характеристики совпадают с ПТС;4 записи о регистрации;Не числится в розыске;Ограничений не обнаружено;Москве;дизель, 2.9 л;249 л.с., налог;АКПП;4WD;джип/suv 5 дв.;черный;57 920 км;левый;3 поколение;G 350 d;;;
Mercedes-Benz;V-Class;2020;5750000;https://auto.drom.ru/pavlovskiy-posad/mercedes-benz/v-class/51092929.html;Характеристики совпадают с ПТС;1 запись о регистрации;Не числится в розыске;Ограничений не обнаружено;Павловском Посаде;дизель, 2.1 л;163 л.с., налог;АКПП;задний;;черный;45 000 км;левый;3 поколение, рестайлинг;220 d AT L1;;;
Mercedes-Benz;S-Class;2020;24999999;https://auto.drom.ru/moscow/mercedes-benz/s-class/50057186.html;;;;;Москве;бензин, 3.0 л;367 л.с., налог;АКПП;4WD;седан;;18 212 км;левый;7 поколение;;;;
Mercedes-Benz;S-Class;2020;11990000;https://auto.drom.ru/moscow/mercedes-benz/s-class/54106655.html;Характеристики совпадают с ПТС;1 запись о регистрации;Не числится в розыске;Ограничений не обнаружено;Москве;дизель, 2.9 л;286 л.с., налог;АКПП;4WD;седан;черный;17 000 км;левый;7 поколение;S350 d 4MATIC AMG Line;;;
Mercedes-Benz;GLE;2020;7240000;https://auto.drom.ru/spb/mercedes-benz/gle-class/53867564.html;;;;;Санкт-Петербурге;дизель, 2.0 л;245 л.с., налог;АКПП;4WD;;черный;92 840 км;левый;2 поколение;;;;
Mercedes-Benz;GLC;2020;4600000;https://auto.drom.ru/istra/mercedes-benz/glc-class/53506443.html;Характеристики совпадают с ПТС;1 запись о регистрации;Не числится в розыске;Ограничений не обнаружено;Истре;бензин, 2.0 л;197 л.с., налог;АКПП;4WD;;белый;36 524 км;левый;1 поколение, рестайлинг;GLC 200 4MATIC AT Premium;;;
Mercedes-Benz;GLE;2021;11750000;https://auto.drom.ru/moscow/mercedes-benz/gle-class/52367607.html;Характеристики совпадают с ПТС;1 запись о регистрации;Не числится в розыске;Ограничений не обнаружено;Москве;бензин, 3.0 л, гибрид;435 л.с., налог;АКПП;4WD;;белый;29 000 км;левый;2 поколение;GLE 53 4MATIC+;;;
Mercedes-Benz;CLA-Class;2021;4199000;https://auto.drom.ru/spb/mercedes-benz/cla-class/54154522.html;Характеристики совпадают с ПТС;2 записи о регистрации;Не числится в розыске;Ограничений не обнаружено;Санкт-Петербурге;бензин, 1.3 л;150 л.с., налог;робот;4WD;седан;желтый;19 932 км;левый;2 поколение;CLA 200 DCT 4MATIC Sport;;;
Mercedes-Benz;AMG GT;2021;11545000;https://auto.drom.ru/moscow/mercedes-benz/amg_gt/54151850.html;Характеристики совпадают с ПТС;1 запись о регистрации;Не числится в розыске;Ограничений не обнаружено;Москве;бензин, 3.0 л, гибрид;367 л.с., налог;АКПП;4WD;лифтбек;синий;49 724 км;левый;1 поколение, рестайлинг;3.0 AT 43 4MATIC+ Особая Серия;;;
Mercedes-Benz;GLC;2021;4850000;https://auto.drom.ru/spb/mercedes-benz/glc-class/54146701.html;Характеристики совпадают с ПТС;1 запись о регистрации;Не числится в розыске;Ограничений не обнаружено;Санкт-Петербурге;дизель, 2.0 л;194 л.с., налог;АКПП;4WD;;серый;36 291 км;левый;1 поколение, рестайлинг;GLC 220d 4MATIC AT Premium;;;
Mercedes-Benz;GLS-Class;2021;14200000;https://auto.drom.ru/spb/mercedes-benz/gls-class/53866491.html;Характеристики совпадают с ПТС;1 запись о регистрации;Не числится в розыске;Ограничений не обнаружено;Санкт-Петербурге;дизель, 2.9 л;330 л.с., налог;АКПП;4WD;;серый;22 257 км;левый;2 поколение;GLS 400 d 4MATIC Luxury;;;
Mercedes-Benz;GLS-Class;2021;14190000;https://auto.drom.ru/spb/mercedes-benz/gls-class/53866499.html;Характеристики совпадают с ПТС;1 запись о регистрации;Не числится в розыске;Ограничений не обнаружено;Санкт-Петербурге;дизель, 2.9 л;330 л.с., налог;АКПП;4WD;;белый;35 965 км;левый;2 поколение;GLS 400 d 4MATIC Luxury;;;
Mercedes-Benz;S-Class;2021;16190000;https://auto.drom.ru/spb/mercedes-benz/s-class/53866502.html;Характеристики совпадают с ПТС;1 запись о регистрации;Не числится в розыске;Ограничений не обнаружено;Санкт-Петербурге;бензин, 3.0 л;367 л.с., налог;АКПП;4WD;седан;черный;32 670 км;левый;7 поколение;;;;
Mercedes-Benz;E-Class;2021;5655000;https://auto.drom.ru/moscow/mercedes-benz/e-class/53496983.html;Характеристики совпадают с ПТС;1 запись о регистрации;Не числится в розыске;Ограничений не обнаружено;Москве;бензин, 2.0 л;197 л.с., налог;АКПП;4WD;седан;черный;34 469 км;левый;5 поколение, рестайлинг;;;;
Mercedes-Benz;GLC;2021;6300000;https://auto.drom.ru/moscow/mercedes-benz/glc-class/53496690.html;Характеристики совпадают с ПТС;1 запись о регистрации;Не числится в розыске;Ограничений не обнаружено;Москве;дизель;;автомат;;;серебристый;70 418 км;левый;1 поколение, рестайлинг;;;;
Mercedes-Benz;S-Class;2021;23990750;https://auto.drom.ru/moscow/mercedes-benz/s-class/53493393.html;;;;;Москве;бензин, 4.0 л;503 л.с., налог;АКПП;4WD;седан;серый;;левый;7 поколение;;;;
Mercedes-Benz;GLS-Class;2021;17990320;https://auto.drom.ru/moscow/mercedes-benz/gls-class/53493408.html;;;;;Москве;бензин, 3.0 л;367 л.с., налог;автомат;4WD;;черный;;левый;;;;;
Mercedes-Benz;GLS-Class;2021;11150000;https://auto.drom.ru/moscow/mercedes-benz/gls-class/52562485.html;Характеристики совпадают с ПТС;1 запись о регистрации;Не числится в розыске;Ограничений не обнаружено;Москве;дизель, 2.9 л;330 л.с., налог;АКПП;4WD;;черный;59 274 км;левый;2 поколение;GLS 400 d 4MATIC Premium;;;
Mercedes-Benz;GLC;2021;5500000;https://auto.drom.ru/moscow/mercedes-benz/glc-class/47767199.html;Характеристики совпадают с ПТС;1 запись о регистрации;Не числится в розыске;Ограничений не обнаружено;Москве;бензин;;автомат;;;черный;23 427 км;левый;1 поколение, рестайлинг;;;;
Mercedes-Benz;GLS-Class;2021;17990320;https://auto.drom.ru/moscow/mercedes-benz/gls-class/53810259.html;;;;;Москве;бензин, 3.0 л;367 л.с., налог;автомат;4WD;;черный;;левый;;;;;
Mercedes-Benz;GLC;2021;3100000;https://auto.drom.ru/kazan/mercedes-benz/glc-class/564244463.html;Характеристики совпадают с ПТС;1 запись о регистрации;Не числится в розыске;Ограничений не обнаружено;Казани;дизель, 2.0 л;194 л.с., налог;АКПП;4WD;;черный;41 200 км;левый;1 поколение, рестайлинг;GLC 220d 4MATIC AT Premium;;;
Mercedes-Benz;V-Class;2021;7850000;https://auto.drom.ru/moscow/mercedes-benz/v-class/491994687.html;Характеристики совпадают с ПТС;1 запись о регистрации;Не числится в розыске;Ограничений не обнаружено;Москве;дизель, 2.1 л;190 л.с., налог;АКПП;4WD;;черный;123 000 км;левый;3 поколение, рестайлинг;250 d AT L2 Executive 4Matic;;;
Mercedes-Benz;E-Class;2021;5798000;https://auto.drom.ru/moscow/mercedes-benz/e-class/919045503.html;Характеристики совпадают с ПТС;2 записи о регистрации;Не числится в розыске;Ограничений не обнаружено;Москве;бензин, 2.0 л;197 л.с., налог;АКПП;4WD;седан;серый;62 150 км;левый;5 поколение, рестайлинг;;;;
Mercedes-Benz;GLS-Class;2021;14460320;https://auto.drom.ru/moscow/mercedes-benz/gls-class/123419306.html;Характеристики совпадают с ПТС;1 запись о регистрации;Не числится в розыске;Ограничений не обнаружено;Москве;дизель, 2.9 л;330 л.с., налог;АКПП;4WD;;белый;26 578 км;левый;2 поколение;;;;
Mercedes-Benz;GLE Coupe;2021;14200000;https://auto.drom.ru/moscow/mercedes-benz/gle_coupe/54144353.html;Характеристики совпадают с ПТС;3 записи о регистрации;Не числится в розыске;Ограничений не обнаружено;Москве;бензин, 4.0 л;612 л.с., налог;АКПП;4WD;;черный;40 000 км;левый;2 поколение;AMG 63 S 4MATIC+;;;
Mercedes-Benz;CLA-Class;2021;3999000;https://auto.drom.ru/spb/mercedes-benz/cla-class/54144111.html;Характеристики совпадают с ПТС;2 записи о регистрации;Не числится в розыске;Ограничений не обнаружено;Санкт-Петербурге;бензин, 1.3 л;150 л.с., налог;робот;4WD;седан;черный;26 208 км;левый;2 поколение;CLA 200 DCT 4MATIC Sport;;;
Mercedes-Benz;GLE;2021;11600000;https://auto.drom.ru/moscow/mercedes-benz/gle-class/151566691.html;Характеристики совпадают с ПТС;1 запись о регистрации;Не числится в розыске;Ограничений не обнаружено;Москве;дизель, 2.9 л;330 л.с., налог;АКПП;4WD;;зеленый;25 964 км;левый;2 поколение;;;;
Mercedes-Benz;E-Class;2021;6799000;https://auto.drom.ru/volgograd/mercedes-benz/e-class/54142782.html;Характеристики совпадают с ПТС;1 запись о регистрации;Не числится в розыске;Ограничений не обнаружено;Волгограде;бензин, 2.0 л;197 л.с., налог;АКПП;4WD;седан;черный;28 623 км;левый;5 поколение, рестайлинг;E 200 4MATIC Sport;;;
Mercedes-Benz;GLE;2021;8490000;https://auto.drom.ru/moscow/mercedes-benz/gle-class/53854824.html;Характеристики совпадают с ПТС;1 запись о регистрации;Не числится в розыске;Ограничений не обнаружено;Москве;дизель, 2.0 л;245 л.с., налог;АКПП;4WD;;черный;76 679 км;левый;2 поколение;;;;
Mercedes-Benz;GLE;2021;9290000;https://auto.drom.ru/moscow/mercedes-benz/gle-class/53854825.html;Характеристики совпадают с ПТС;2 записи о регистрации;Не числится в розыске;Ограничений не обнаружено;Москве;дизель, 2.0 л;245 л.с., налог;АКПП;4WD;;синий;40 851 км;левый;2 поколение;;;;
Mercedes-Benz;S-Class;2021;15399000;https://auto.drom.ru/moscow/mercedes-benz/s-class/53854528.html;Характеристики совпадают с ПТС;1 запись о регистрации;Не числится в розыске;Ограничений не обнаружено;Москве;дизель, 2.9 л;249 л.с., налог;АКПП;4WD;седан;серый;27 304 км;левый;7 поколение;S350 d 4MATIC Premium;;;
Mercedes-Benz;CLA-Class;2021;3350000;https://auto.drom.ru/spb/mercedes-benz/cla-class/53847783.html;;;;;Санкт-Петербурге;бензин, 1.3 л;136 л.с., налог;робот;передний;универсал;черный;26 458 км;левый;2 поколение;;;;
Mercedes-Benz;GLC Coupe;2021;6100000;https://auto.drom.ru/spb/mercedes-benz/glc_coupe/53845594.html;Характеристики совпадают с ПТС;2 записи о регистрации;Не числится в розыске;Ограничений не обнаружено;Санкт-Петербурге;бензин, 2.0 л;249 л.с., налог;АКПП;4WD;;красный;54 500 км;левый;1 поколение, рестайлинг;;;;
Mercedes-Benz;GLE Coupe;2021;10500000;https://auto.drom.ru/kuznetsk/mercedes-benz/gle_coupe/52604102.html;Характеристики совпадают с ПТС;1 запись о регистрации;Не числится в розыске;Ограничений не обнаружено;Кузнецке;дизель, 2.9 л;330 л.с., налог;АКПП;4WD;;синий;38 000 км;левый;2 поколение;GLE 400d 4MATIC;;;
Mercedes-Benz;A-Class;2021;3799000;https://auto.drom.ru/moscow/mercedes-benz/a-class/51662787.html;Характеристики совпадают с ПТС;1 запись о регистрации;Не числится в розыске;Ограничений не обнаружено;Москве;бензин, 1.3 л;163 л.с., налог;робот;передний;седан;белый;20 452 км;левый;4 поколение;;;;
Mercedes-Benz;GLS-Class;2021;15699000;https://auto.drom.ru/spb/mercedes-benz/gls-class/471021449.html;Характеристики совпадают с ПТС;2 записи о регистрации;Не числится в розыске;Ограничений не обнаружено;Санкт-Петербурге;бензин, 4.0 л, гибрид;612 л.с., налог;АКПП;4WD;;черный;19 200 км;левый;2 поколение;GLS 63 4MATIC+;;;
Mercedes-Benz;GLS-Class;2021;12890000;https://auto.drom.ru/spb/mercedes-benz/gls-class/53422469.html;Характеристики совпадают с ПТС;1 запись о регистрации;Не числится в розыске;Ограничений не обнаружено;Санкт-Петербурге;бензин, 3.0 л;367 л.с., налог;автомат;4WD;;белый;63 995 км;левый;;;;;
Mercedes-Benz;S-Class;2021;19500000;https://auto.drom.ru/moscow/mercedes-benz/s-class/54066674.html;Характеристики совпадают с ПТС;1 запись о регистрации;Не числится в розыске;Ограничений не обнаружено;Москве;бензин, 4.0 л;503 л.с., налог;АКПП;4WD;седан;белый;13 200 км;левый;7 поколение;S580 4MATIC Luxury;;;
Mercedes-Benz;E-Class;2021;5250000;https://auto.drom.ru/spb/mercedes-benz/e-class/116028871.html;Характеристики совпадают с ПТС;2 записи о регистрации;Не числится в розыске;Ограничений не обнаружено;Санкт-Петербурге;бензин, 2.0 л;197 л.с., налог;АКПП;4WD;седан;белый;70 990 км;левый;5 поколение, рестайлинг;;;;
Mercedes-Benz;E-Class;2021;5700000;https://auto.drom.ru/moscow/mercedes-benz/e-class/889532351.html;Характеристики совпадают с ПТС;5 записей о регистрации;Не числится в розыске;Ограничений не обнаружено;Москве;бензин, 2.0 л;197 л.с., налог;АКПП;4WD;седан;белый;12 000 км;левый;5 поколение, рестайлинг;;;;
Mercedes-Benz;S-Class;2021;24990750;https://auto.drom.ru/moscow/mercedes-benz/s-class/51396489.html;;;;;Москве;бензин, 4.0 л;503 л.с., налог;АКПП;4WD;седан;черный;;левый;7 поколение;;;;
Mercedes-Benz;S-Class;2021;23990750;https://auto.drom.ru/moscow/mercedes-benz/s-class/52368304.html;;;;;Москве;бензин, 4.0 л;503 л.с., налог;АКПП;4WD;седан;серый;;левый;7 поколение;;;;
Mercedes-Benz;CLA-Class;2021;3437000;https://auto.drom.ru/moscow/mercedes-benz/cla-class/54130223.html;Характеристики совпадают с ПТС;3 записи о регистрации;Не числится в розыске;Ограничений не обнаружено;Москве;бензин, 1.3 л;150 л.с., налог;робот;передний;седан;синий;70 066 км;левый;2 поколение;CLA 200 DCT Sport;;;
Mercedes-Benz;GLC;2021;5517000;https://auto.drom.ru/moscow/mercedes-benz/glc-class/53831490.html;Характеристики совпадают с ПТС;1 запись о регистрации;Не числится в розыске;Ограничений не обнаружено;Москве;бензин, 2.0 л;197 л.с., налог;АКПП;4WD;;серый;19 702 км;левый;1 поколение, рестайлинг;;;;
Mercedes-Benz;E-Class;2021;11600000;https://auto.drom.ru/moscow/mercedes-benz/e-class/52148216.html;Характеристики совпадают с ПТС;1 запись о регистрации;Не числится в розыске;Ограничений не обнаружено;Москве;бензин, 3.0 л;435 л.с., налог;АКПП;4WD;открытый;черный;27 262 км;левый;5 поколение, рестайлинг;;;;
Mercedes-Benz;E-Class;2021;7190000;https://auto.drom.ru/spb/mercedes-benz/e-class/857608924.html;Характеристики совпадают с ПТС;1 запись о регистрации;Не числится в розыске;Ограничений не обнаружено;Санкт-Петербурге;бензин, 2.0 л;197 л.с., налог;АКПП;4WD;седан;белый;31 521 км;левый;5 поколение, рестайлинг;E 200 4MATIC Sport;;;
Mercedes-Benz;E-Class;2021;5155000;https://auto.drom.ru/moscow/mercedes-benz/e-class/53045183.html;Характеристики совпадают с ПТС;1 запись о регистрации;Не числится в розыске;Ограничений не обнаружено;Москве;бензин, 2.0 л;197 л.с., налог;АКПП;4WD;седан;белый;49 030 км;левый;5 поколение, рестайлинг;;;;
Mercedes-Benz;GLC;2021;4650000;https://auto.drom.ru/spb/mercedes-benz/glc-class/828023230.html;Характеристики совпадают с ПТС;1 запись о регистрации;Не числится в розыске;Ограничений не обнаружено;Санкт-Петербурге;бензин, 2.0 л;197 л.с., налог;АКПП;4WD;;серый;36 970 км;левый;1 поколение, рестайлинг;GLC 200 4MATIC AT Premium;;;
Mercedes-Benz;G-Class;2021;26600000;https://auto.drom.ru/spb/mercedes-benz/g-class/54123222.html;Характеристики совпадают с ПТС;2 записи о регистрации;Не числится в розыске;Ограничений не обнаружено;Санкт-Петербурге;бензин, 4.0 л;585 л.с., налог;автомат;4WD;джип/suv 5 дв.;черный;52 425 км;левый;3 поколение;;;;
Mercedes-Benz;GLS-Class;2021;11900000;https://auto.drom.ru/spb/mercedes-benz/gls-class/54123091.html;Характеристики совпадают с ПТС;1 запись о регистрации;Не числится в розыске;Ограничений не обнаружено;Санкт-Петербурге;дизель, 2.9 л;330 л.с., налог;АКПП;4WD;;белый;76 880 км;левый;2 поколение;GLS 400 d 4MATIC Luxury;;;
Mercedes-Benz;GLE;2021;8990000;https://auto.drom.ru/spb/mercedes-benz/gle-class/53842642.html;Характеристики совпадают с ПТС;1 запись о регистрации;Не числится в розыске;Ограничений не обнаружено;Санкт-Петербурге;дизель, 2.0 л;245 л.с., налог;АКПП;4WD;;синий;39 997 км;левый;2 поколение;GLE 300 d 4MATIC Sport Plus;;;
Mercedes-Benz;GLE;2021;8990000;https://auto.drom.ru/moscow/mercedes-benz/gle-class/53842575.html;Характеристики совпадают с ПТС;1 запись о регистрации;Не числится в розыске;Ограничений не обнаружено;Москве;дизель, 2.0 л;245 л.с., налог;АКПП;4WD;;черный;61 059 км;левый;2 поколение;;;;
Mercedes-Benz;GLE;2021;9650000;https://auto.drom.ru/moscow/mercedes-benz/gle-class/53842576.html;Характеристики совпадают с ПТС;1 запись о регистрации;Не числится в розыске;Ограничений не обнаружено;Москве;дизель, 2.0 л;245 л.с., налог;АКПП;4WD;;черный;44 042 км;левый;2 поколение;;;;
Mercedes-Benz;GLC;2021;4995000;https://auto.drom.ru/moscow/mercedes-benz/glc-class/53837924.html;Характеристики совпадают с ПТС;2 записи о регистрации;Не числится в розыске;Ограничений не обнаружено;Москве;дизель, 2.0 л;194 л.с., налог;АКПП;4WD;;черный;34 849 км;левый;1 поколение, рестайлинг;;;;
Mercedes-Benz;GLE Coupe;2021;9350000;https://auto.drom.ru/spb/mercedes-benz/gle_coupe/53464698.html;Характеристики совпадают с ПТС;2 записи о регистрации;Не числится в розыске;Ограничений не обнаружено;Санкт-Петербурге;дизель, 2.9 л;249 л.с., налог;АКПП;4WD;;черный;99 306 км;левый;2 поколение;350 d 4MATIC;;;
Mercedes-Benz;GLE;2021;7700700;https://auto.drom.ru/moscow/mercedes-benz/gle-class/53052944.html;Характеристики совпадают с ПТС;4 записи о регистрации;Не числится в розыске;Ограничений не обнаружено;Москве;дизель, 2.0 л;245 л.с., налог;АКПП;4WD;;белый;41 288 км;левый;2 поколение;GLE 300 d 4MATIC Sport Plus;;;
Mercedes-Benz;GLE;2021;11999000;https://auto.drom.ru/yoshkar-ola/mercedes-benz/gle-class/53052494.html;Характеристики совпадают с ПТС;1 запись о регистрации;Не числится в розыске;Ограничений не обнаружено;Йошкар-Оле;бензин, 3.0 л, гибрид;435 л.с., налог;АКПП;4WD;;белый;52 000 км;левый;2 поколение;GLE 53 4MATIC+;;;
Mercedes-Benz;GLS-Class;2021;17990320;https://auto.drom.ru/moscow/mercedes-benz/gls-class/53037374.html;;;;;Москве;бензин, 3.0 л;367 л.с., налог;автомат;4WD;;черный;;левый;;;;;
Mercedes-Benz;GLS-Class;2021;13000000;https://auto.drom.ru/spb/mercedes-benz/gls-class/53028780.html;Характеристики совпадают с ПТС;1 запись о регистрации;Не числится в розыске;Ограничений не обнаружено;Санкт-Петербурге;бензин, 3.0 л;367 л.с., налог;автомат;4WD;;синий;39 470 км;левый;;;;;
Mercedes-Benz;E-Class;2021;5500000;https://auto.drom.ru/moscow/mercedes-benz/e-class/52389272.html;Характеристики совпадают с ПТС;1 запись о регистрации;Не числится в розыске;Ограничений не обнаружено;Москве;бензин, 2.0 л;197 л.с., налог;АКПП;4WD;седан;белый;62 192 км;левый;5 поколение, рестайлинг;;;;
Mercedes-Benz;S-Class;2021;24990750;https://auto.drom.ru/moscow/mercedes-benz/s-class/52227842.html;;;;;Москве;бензин, 4.0 л;503 л.с., налог;АКПП;4WD;седан;черный;;левый;7 поколение;;;;
Mercedes-Benz;GLE;2021;8920000;https://auto.drom.ru/moscow/mercedes-benz/gle-class/52160711.html;Характеристики совпадают с ПТС;1 запись о регистрации;Не числится в розыске;Ограничений не обнаружено;Москве;дизель, 2.0 л;245 л.с., налог;АКПП;4WD;;белый;25 388 км;левый;2 поколение;GLE 300 d 4MATIC Sport;;;
Mercedes-Benz;S-Class;2021;23990750;https://auto.drom.ru/moscow/mercedes-benz/s-class/51396488.html;;;;;Москве;бензин, 4.0 л;503 л.с., налог;АКПП;4WD;седан;серый;;левый;7 поколение;;;;
Mercedes-Benz;GLS-Class;2021;10298000;https://auto.drom.ru/voronezh/mercedes-benz/gls-class/920871404.html;Характеристики совпадают с ПТС;2 записи о регистрации;Не числится в розыске;Ограничений не обнаружено;Воронеже;дизель, 2.9 л;330 л.с., налог;АКПП;4WD;;синий;69 500 км;левый;2 поколение;;;;
Mercedes-Benz;E-Class;2021;5300000;https://auto.drom.ru/spb/mercedes-benz/e-class/446375178.html;Характеристики совпадают с ПТС;1 запись о регистрации;Не числится в розыске;Ограничений не обнаружено;Санкт-Петербурге;бензин, 2.0 л;197 л.с., налог;АКПП;4WD;седан;белый;67 123 км;левый;5 поколение, рестайлинг;E 200 4MATIC Sport;;;
Mercedes-Benz;S-Class;2021;12500000;https://auto.drom.ru/moscow/mercedes-benz/s-class/53609063.html;Характеристики совпадают с ПТС;1 запись о регистрации;Не числится в розыске;Ограничений не обнаружено;Москве;дизель, 2.9 л;249 л.с., налог;АКПП;4WD;седан;черный;40 060 км;левый;7 поколение;S350 d 4MATIC Premium;;;
Mercedes-Benz;GLB-Class;2021;4800000;https://auto.drom.ru/kursk/mercedes-benz/glb/543243490.html;Характеристики совпадают с ПТС;2 записи о регистрации;Не числится в розыске;Ограничений не обнаружено;Курске;дизель, 2.0 л;190 л.с., налог;робот;4WD;;синий;7 700 км;левый;1 поколение;GLB 220 d 4MATIC Sport;;;
Mercedes-Benz;S-Class;2021;12947000;https://auto.drom.ru/moscow/mercedes-benz/s-class/53336584.html;Характеристики совпадают с ПТС;2 записи о регистрации;Не числится в розыске;Ограничений не обнаружено;Москве;дизель, 2.9 л;249 л.с., налог;АКПП;4WD;седан;черный;22 075 км;левый;7 поколение;;;;
Mercedes-Benz;S-Class;2021;24747000;https://auto.drom.ru/spb/mercedes-benz/s-class/52571612.html;;;;;Санкт-Петербурге;бензин, 4.0 л;503 л.с., налог;АКПП;4WD;седан;черный;;левый;7 поколение;S580 4MATIC Bussines;;;
Mercedes-Benz;GLC;2021;5500000;https://auto.drom.ru/moscow/mercedes-benz/glc-class/645836732.html;;;;;Москве;бензин, 2.0 л;255 л.с., налог;автомат;4WD;;черный;28 500 км;левый;1 поколение, рестайлинг;;;;
Mercedes-Benz;GLS-Class;2021;14750320;https://auto.drom.ru/moscow/mercedes-benz/gls-class/54118272.html;Характеристики совпадают с ПТС;1 запись о регистрации;Не числится в розыске;Ограничений не обнаружено;Москве;дизель, 2.9 л;330 л.с., налог;АКПП;4WD;;белый;23 374 км;левый;2 поколение;;;;
Mercedes-Benz;E-Class;2021;6650000;https://auto.drom.ru/moscow/mercedes-benz/e-class/53821594.html;Характеристики совпадают с ПТС;1 запись о регистрации;Не числится в розыске;Ограничений не обнаружено;Москве;дизель, 2.0 л;194 л.с., налог;АКПП;4WD;седан;белый;34 900 км;левый;5 поколение, рестайлинг;;;;
Mercedes-Benz;G-Class;2021;18990000;https://auto.drom.ru/moscow/mercedes-benz/g-class/53821588.html;Характеристики совпадают с ПТС;1 запись о регистрации;Не числится в розыске;Ограничений не обнаружено;Москве;дизель, 2.9 л;249 л.с., налог;АКПП;4WD;джип/suv 5 дв.;черный;60 588 км;левый;3 поколение;G 350 d;;;
Mercedes-Benz;GLE;2021;8247000;https://auto.drom.ru/moscow/mercedes-benz/gle-class/801050748.html;Характеристики совпадают с ПТС;1 запись о регистрации;Не числится в розыске;Ограничений не обнаружено;Москве;дизель, 2.0 л;245 л.с., налог;АКПП;4WD;;белый;42 817 км;левый;2 поколение;GLE 300 d 4MATIC Sport Plus;;;
Mercedes-Benz;GLE;2021;8657000;https://auto.drom.ru/moscow/mercedes-benz/gle-class/170741717.html;Характеристики совпадают с ПТС;1 запись о регистрации;Не числится в розыске;Ограничений не обнаружено;Москве;дизель, 2.0 л;245 л.с., налог;АКПП;4WD;;белый;30 824 км;левый;2 поколение;GLE 300 d 4MATIC Sport;;;
Mercedes-Benz;S-Class;2021;13500000;https://auto.drom.ru/moscow/mercedes-benz/s-class/54120294.html;Характеристики совпадают с ПТС;1 запись о регистрации;Не числится в розыске;Ограничений не обнаружено;Москве;бензин, 3.0 л;367 л.с., налог;АКПП;4WD;седан;черный;65 849 км;левый;7 поколение;;;;
Mercedes-Benz;CLA-Class;2021;3270000;https://auto.drom.ru/moscow/mercedes-benz/cla-class/53463074.html;Характеристики совпадают с ПТС;3 записи о регистрации;Не числится в розыске;Ограничений не обнаружено;Москве;бензин, 1.3 л;150 л.с., налог;робот;передний;седан;серый;63 000 км;левый;2 поколение;CLA 200 DCT Sport;;;
Mercedes-Benz;GLC;2021;5570000;https://auto.drom.ru/moscow/mercedes-benz/glc-class/52572189.html;Характеристики совпадают с ПТС;1 запись о регистрации;Не числится в розыске;Ограничений не обнаружено;Москве;дизель, 2.0 л;245 л.с., налог;АКПП;4WD;;черный;39 267 км;левый;1 поколение, рестайлинг;;;;
Mercedes-Benz;S-Class;2021;25800000;https://auto.drom.ru/moscow/mercedes-benz/s-class/52139616.html;;;;;Москве;бензин, 4.0 л;503 л.с., налог;АКПП;4WD;седан;черный;;левый;7 поколение;;;;
Mercedes-Benz;GLC;2021;5399000;https://auto.drom.ru/vladimir/mercedes-benz/glc-class/46527010.html;Характеристики совпадают с ПТС;1 запись о регистрации;Не числится в розыске;Ограничений не обнаружено;Владимире;дизель, 2.0 л;194 л.с., налог;АКПП;4WD;;черный;6 966 км;левый;1 поколение, рестайлинг;;;;
Mercedes-Benz;GLE;2021;8900000;https://auto.drom.ru/moscow/mercedes-benz/gle-class/193657382.html;Характеристики совпадают с ПТС;1 запись о регистрации;Не числится в розыске;Ограничений не обнаружено;Москве;дизель, 2.0 л;245 л.с., налог;АКПП;4WD;;серый;26 000 км;левый;2 поколение;GLE 300 d 4MATIC Sport Plus;;;
Mercedes-Benz;GLB-Class;2021;4200000;https://auto.drom.ru/moscow/mercedes-benz/glb/236887577.html;Характеристики совпадают с ПТС;1 запись о регистрации;Не числится в розыске;Ограничений не обнаружено;Москве;дизель, 2.0 л;150 л.с., налог;робот;4WD;;красный;52 882 км;левый;1 поколение;;;;
Mercedes-Benz;GLC;2021;5598000;https://auto.drom.ru/moscow/mercedes-benz/glc-class/463641251.html;Характеристики совпадают с ПТС;1 запись о регистрации;Не числится в розыске;Ограничений не обнаружено;Москве;дизель, 2.0 л;245 л.с., налог;АКПП;4WD;;серый;11 267 км;левый;1 поколение, рестайлинг;;;;
Mercedes-Benz;E-Class;2021;4630000;https://auto.drom.ru/ryazan/mercedes-benz/e-class/54106583.html;Характеристики совпадают с ПТС;1 запись о регистрации;Не числится в розыске;Ограничений не обнаружено;Рязани;бензин, 2.0 л;197 л.с., налог;АКПП;4WD;седан;черный;105 000 км;левый;5 поколение, рестайлинг;E 200 4MATIC Sport;;;
Mercedes-Benz;E-Class;2021;6800000;https://auto.drom.ru/moscow/mercedes-benz/e-class/54105975.html;Характеристики совпадают с ПТС;2 записи о регистрации;Не числится в розыске;Ограничений не обнаружено;Москве;бензин, 2.0 л;197 л.с., налог;АКПП;4WD;купе;синий;42 000 км;левый;5 поколение, рестайлинг;E 200 4MATIC Sport;;;
Mercedes-Benz;CLS-Class;2021;6929000;https://auto.drom.ru/spb/mercedes-benz/cls-class/54104150.html;Характеристики совпадают с ПТС;2 записи о регистрации;Не числится в розыске;Ограничений не обнаружено;Санкт-Петербурге;дизель, 2.9 л;249 л.с., налог;АКПП;4WD;седан;черный;57 778 км;левый;3 поколение;;;;
Mercedes-Benz;GLC;2021;5790000;https://auto.drom.ru/moscow/mercedes-benz/glc-class/54101137.html;Характеристики совпадают с ПТС;2 записи о регистрации;Не числится в розыске;Ограничений не обнаружено;Москве;бензин, 2.0 л;249 л.с., налог;АКПП;4WD;;синий;70 930 км;левый;1 поколение, рестайлинг;GLC 300 4MATIC AT Sport Plus;;;
Mercedes-Benz;GLS-Class;2021;14590000;https://auto.drom.ru/moscow/mercedes-benz/gls-class/54099713.html;Характеристики совпадают с ПТС;2 записи о регистрации;Не числится в розыске;Ограничений не обнаружено;Москве;бензин, 3.0 л;367 л.с., налог;автомат;4WD;;синий;46 612 км;левый;;;;;
Mercedes-Benz;GLE;2021;7400000;https://auto.drom.ru/kaluga/mercedes-benz/gle-class/53820398.html;Характеристики совпадают с ПТС;2 записи о регистрации;Не числится в розыске;Ограничений не обнаружено;Калуге;дизель, 2.0 л;245 л.с., налог;АКПП;4WD;;черный;63 000 км;левый;2 поколение;GLE 300 d 4MATIC Sport;;;
Mercedes-Benz;GLS-Class;2021;9335000;https://auto.drom.ru/moscow/mercedes-benz/gls-class/53450699.html;Характеристики совпадают с ПТС;3 записи о регистрации;Не числится в розыске;Ограничений не обнаружено;Москве;дизель, 2.9 л;330 л.с., налог;АКПП;4WD;;черный;146 174 км;левый;2 поколение;;;;
Mercedes-Benz;V-Class;2021;7750000;https://auto.drom.ru/spb/mercedes-benz/v-class/52558683.html;Характеристики совпадают с ПТС;4 записи о регистрации;Не числится в розыске;Ограничений не обнаружено;Санкт-Петербурге;дизель, 2.1 л;190 л.с., налог;АКПП;4WD;;черный;98 000 км;левый;3 поколение, рестайлинг;;;;
Mercedes-Benz;GLS-Class;2021;10995000;https://auto.drom.ru/spb/mercedes-benz/gls-class/52184843.html;Характеристики совпадают с ПТС;3 записи о регистрации;Не числится в розыске;Ограничений не обнаружено;Санкт-Петербурге;дизель, 2.9 л;330 л.с., налог;АКПП;4WD;;черный;68 000 км;левый;2 поколение;;;;
Mercedes-Benz;GLC;2021;5650000;https://auto.drom.ru/yaroslavl/mercedes-benz/glc-class/52123378.html;Характеристики совпадают с ПТС;1 запись о регистрации;Не числится в розыске;Ограничений не обнаружено;Ярославле;дизель, 2.0 л;194 л.с., налог;АКПП;4WD;;синий;44 600 км;левый;1 поколение, рестайлинг;;;;
Mercedes-Benz;S-Class;2021;12800000;https://auto.drom.ru/moscow/mercedes-benz/s-class/568861446.html;Характеристики совпадают с ПТС;2 записи о регистрации;Не числится в розыске;Ограничений не обнаружено;Москве;бензин, 3.0 л;367 л.с., налог;АКПП;4WD;седан;черный;36 000 км;левый;7 поколение;S450 4MATIC Premium;;;
Mercedes-Benz;GLE;2021;11790000;https://auto.drom.ru/moscow/mercedes-benz/gle-class/515857529.html;Характеристики совпадают с ПТС;1 запись о регистрации;Не числится в розыске;Ограничений не обнаружено;Москве;дизель, 2.9 л;249 л.с., налог;автомат;4WD;;черный;44 680 км;левый;;;;;
Mercedes-Benz;A-Class;2021;3450000;https://auto.drom.ru/moscow/mercedes-benz/a-class/298652429.html;Характеристики совпадают с ПТС;2 записи о регистрации;Не числится в розыске;Ограничений не обнаружено;Москве;бензин, 1.3 л;150 л.с., налог;робот;передний;седан;белый;57 986 км;левый;4 поколение;;;;
Mercedes-Benz;GLS-Class;2021;12990000;https://auto.drom.ru/spb/mercedes-benz/gls-class/505224200.html;Характеристики совпадают с ПТС;3 записи о регистрации;Не числится в розыске;Ограничений не обнаружено;Санкт-Петербурге;дизель, 2.9 л;330 л.с., налог;АКПП;4WD;;черный;24 000 км;левый;2 поколение;GLS 400 d 4MATIC Luxury;;;
Mercedes-Benz;GLE;2021;7800000;https://auto.drom.ru/moscow/mercedes-benz/gle-class/276009863.html;Характеристики совпадают с ПТС;2 записи о регистрации;Не числится в розыске;Ограничений не обнаружено;Москве;дизель, 2.0 л;245 л.с., налог;АКПП;4WD;;черный;62 000 км;левый;2 поколение;GLE 300 d 4MATIC Sport;;;
Mercedes-Benz;GLS-Class;2021;12499000;https://auto.drom.ru/moscow/mercedes-benz/gls-class/582004120.html;Характеристики совпадают с ПТС;2 записи о регистрации;Не числится в розыске;Ограничений не обнаружено;Москве;дизель, 2.9 л;330 л.с., налог;АКПП;4WD;;черный;57 876 км;левый;2 поколение;GLS 400 d 4MATIC Luxury;;;
Mercedes-Benz;E-Class;2021;5895950;https://auto.drom.ru/moscow/mercedes-benz/e-class/310468254.html;Характеристики совпадают с ПТС;1 запись о регистрации;Не числится в розыске;Ограничений не обнаружено;Москве;дизель, 2.0 л;194 л.с., налог;АКПП;4WD;седан;белый;18 799 км;левый;5 поколение, рестайлинг;E 220 d 4MATIC Sport;;;
Mercedes-Benz;C-Class;2021;4760000;https://auto.drom.ru/moscow/mercedes-benz/c-class/54089236.html;Цвет не совпадает с ПТС;1 запись о регистрации;Не числится в розыске;Ограничений не обнаружено;Москве;бензин, 1.5 л;150 л.с., налог;автомат;задний;седан;бежевый;26 700 км;левый;;;;;
Mercedes-Benz;GLC Coupe;2021;7290000;https://auto.drom.ru/moscow/mercedes-benz/glc_coupe/54088839.html;Характеристики совпадают с ПТС;1 запись о регистрации;Не числится в розыске;Ограничений не обнаружено;Москве;дизель, 2.0 л;245 л.с., налог;АКПП;4WD;;серый;14 225 км;левый;1 поколение, рестайлинг;;;;
Mercedes-Benz;GLE;2021;8450000;https://auto.drom.ru/moscow/mercedes-benz/gle-class/54095408.html;Характеристики совпадают с ПТС;3 записи о регистрации;Не числится в розыске;Ограничений не обнаружено;Москве;дизель, 2.0 л;245 л.с., налог;АКПП;4WD;;черный;42 654 км;левый;2 поколение;GLE 300 d 4MATIC Sport Plus;;;
Mercedes-Benz;CLA-Class;2021;3610000;https://auto.drom.ru/moscow/mercedes-benz/cla-class/54088371.html;Характеристики совпадают с ПТС;1 запись о регистрации;Не числится в розыске;Ограничений не обнаружено;Москве;бензин, 1.3 л;150 л.с., налог;робот;передний;седан;красный;21 360 км;левый;2 поколение;CLA 200 DCT Sport;;;
Mercedes-Benz;E-Class;2021;6890000;https://auto.drom.ru/moscow/mercedes-benz/e-class/53811346.html;Характеристики совпадают с ПТС;3 записи о регистрации;Не числится в розыске;Ограничений не обнаружено;Москве;бензин, 2.0 л;197 л.с., налог;АКПП;4WD;купе;черный;57 314 км;левый;5 поколение, рестайлинг;E 200 4MATIC Sport;;;
Mercedes-Benz;V-Class;2021;7150000;https://auto.drom.ru/spb/mercedes-benz/v-class/53424738.html;Характеристики совпадают с ПТС;1 запись о регистрации;Не числится в розыске;Ограничений не обнаружено;Санкт-Петербурге;дизель, 2.1 л;163 л.с., налог;АКПП;4WD;;черный;118 403 км;левый;3 поколение, рестайлинг;;;;
Mercedes-Benz;GLS-Class;2021;10900000;https://auto.drom.ru/moscow/mercedes-benz/gls-class/494452502.html;Характеристики совпадают с ПТС;2 записи о регистрации;Не числится в розыске;Ограничений не обнаружено;Москве;бензин, 3.0 л;367 л.с., налог;автомат;4WD;;черный;64 945 км;левый;;;;;
Mercedes-Benz;GLC Coupe;2021;6549000;https://auto.drom.ru/moscow/mercedes-benz/glc_coupe/796641870.html;Характеристики совпадают с ПТС;1 запись о регистрации;Не числится в розыске;Ограничений не обнаружено;Москве;дизель, 2.0 л;245 л.с., налог;АКПП;4WD;;красный;38 685 км;левый;1 поколение, рестайлинг;;;;
Mercedes-Benz;EQS;2021;19693100;https://auto.drom.ru/moscow/mercedes-benz/eqs/53414632.html;;;;;Москве;электро;523 л.с., налог;АКПП;4WD;лифтбек;серый;;левый;1 поколение;EQS 580 4MATIC;;;
Mercedes-Benz;AMG GT;2021;30233400;https://auto.drom.ru/moscow/mercedes-benz/amg_gt/53414531.html;;;;;Москве;бензин, 4.0 л;585 л.с., налог;робот;задний;хэтчбек 3 дв.;черный;;левый;1 поколение, рестайлинг;4.0 DCT AMG GT R;;;
