Бренд;Модель;Год;Цена;URL;ПТС;Владельцы;Розыск;Ограничения;Город;Двигатель;Мощность;Коробка передач;Привод;Тип кузова;Цвет;Пробег;Руль;Поколение;Комплектация;Особые отметки;
BMW;1-Series;2007;777000;https://auto.drom.ru/spb/bmw/1-series/52815496.html;Характеристики совпадают с ПТС;4 записи о регистрации;Не числится в розыске;Ограничений не обнаружено;Санкт-Петербурге;бензин, 2.0 л;136 л.с., налог;АКПП;задний;хэтчбек 3 дв.;черный;156 984 км;левый;1 поколение, рестайлинг;118i AT Базовая;;
BMW;1-Series;2007;1200000;https://auto.drom.ru/moscow/bmw/1-series/52347749.html;Характеристики совпадают с ПТС;6 записей о регистрации;Не числится в розыске;Ограничений не обнаружено;Москве;бензин, 2.0 л;136 л.с., налог;АКПП;задний;хэтчбек 5 дв.;серый;167 636 км;левый;1 поколение, рестайлинг;118i AT Base;;
BMW;5-Series;2007;1100000;https://auto.drom.ru/spb/bmw/5-series/133830321.html;Характеристики совпадают с ПТС;3 записи о регистрации;Не числится в розыске;Ограничений не обнаружено;Санкт-Петербурге;дизель, 2.0 л;177 л.с., налог;АКПП;задний;седан;черный;367 682 км;левый;5 поколение, рестайлинг;520d AT;;
BMW;5-Series;2007;1370000;https://auto.drom.ru/belgorod/bmw/5-series/53647325.html;Объем двигателя не совпадает с ПТС;6 записей о регистрации;Не числится в розыске;Ограничений не обнаружено;Белгороде;дизель, 3.0 л;235 л.с., налог;АКПП;задний;седан;черный;450 000 км;левый;5 поколение, рестайлинг;530d AT;;
BMW;3-Series;2007;1155000;https://auto.drom.ru/stariy-oskol/bmw/3-series/53236501.html;Характеристики совпадают с ПТС;9 записей о регистрации;Не числится в розыске;Ограничений не обнаружено;Старом Осколе;бензин, 2.5 л;218 л.с., налог;АКПП;задний;седан;черный;310 000 км;левый;5 поколение;325i AT;;
BMW;X5;2007;1500000;https://auto.drom.ru/donetsk/bmw/x5/333455954.html;Характеристики совпадают с ПТС;12 записей о регистрации;Не числится в розыске;Ограничений не обнаружено;Донецке;бензин, 4.8 л;355 л.с., налог;АКПП;4WD;;синий;156 000 км;левый;2 поколение;;;
BMW;X5;2007;1990000;https://auto.drom.ru/yaroslavl/bmw/x5/52128797.html;Характеристики совпадают с ПТС;6 записей о регистрации;Не числится в розыске;Ограничений не обнаружено;Ярославле;бензин, 4.8 л;355 л.с., налог;АКПП;4WD;;серый;129 829 км;левый;2 поколение;;;
BMW;6-Series;2007;1500000;https://auto.drom.ru/ivanteevka/bmw/6-series/53210023.html;Характеристики совпадают с ПТС;8 записей о регистрации;Не числится в розыске;Ограничений не обнаружено;Ивантеевке;бензин, 3.0 л;272 л.с., налог;АКПП;задний;купе;черный;240 000 км;левый;2 поколение, рестайлинг;630Ci AT;;
BMW;X5;2007;1590000;https://auto.drom.ru/moscow/bmw/x5/53543399.html;Характеристики совпадают с ПТС;10 записей о регистрации;Не числится в розыске;Ограничений не обнаружено;Москве;бензин, 3.0 л;272 л.с., налог;АКПП;4WD;;серый;171 000 км;левый;2 поколение;;;
BMW;1-Series;2007;695000;https://auto.drom.ru/belgorod/bmw/1-series/778508597.html;Год не совпадает с ПТС;7 записей о регистрации;Не числится в розыске;Ограничений не обнаружено;Белгороде;бензин, 2.0 л;156 л.с., налог;АКПП;задний;хэтчбек 5 дв.;черный;180 000 км;левый;1 поколение, рестайлинг;120i AT Base;;
BMW;5-Series;2007;1700000;https://auto.drom.ru/togliatti/bmw/5-series/53948761.html;Характеристики совпадают с ПТС;1 запись о регистрации;Не числится в розыске;Ограничений не обнаружено;Тольятти;бензин, 3.0 л;272 л.с., налог;АКПП;задний;седан;черный;75 000 км;левый;5 поколение, рестайлинг;530i AT;;
BMW;3-Series;2007;920000;https://auto.drom.ru/moscow/bmw/3-series/52723996.html;Характеристики совпадают с ПТС;11 записей о регистрации;Не числится в розыске;Ограничений не обнаружено;Москве;бензин, 2.0 л;150 л.с., налог;АКПП;задний;седан;серый;216 000 км;левый;5 поколение;320i AT;;
BMW;3-Series;2007;865000;https://auto.drom.ru/rybinsk/bmw/3-series/52303874.html;Характеристики совпадают с ПТС;4 записи о регистрации;Не числится в розыске;Ограничений не обнаружено;Рыбинске;бензин, 2.0 л;129 л.с., налог;механика;задний;седан;серебристый;150 000 км;левый;5 поколение;;;
BMW;3-Series;2007;850000;https://auto.drom.ru/kazan/bmw/3-series/466579519.html;;;;;Казани;бензин, 2.0 л;156 л.с., налог;АКПП;задний;седан;;;левый;5 поколение;320i AT;;
BMW;X3;2007;930000;https://auto.drom.ru/kirov/bmw/x3/54134397.html;;;;;Кирове;бензин, 3.0 л;272 л.с., налог;АКПП;4WD;;белый;258 000 км;левый;1 поколение, рестайлинг;xDrive30i AT;;
BMW;3-Series;2007;890000;https://auto.drom.ru/saransk/bmw/3-series/53180553.html;Характеристики совпадают с ПТС;12 записей о регистрации;Не числится в розыске;Ограничений не обнаружено;Саранске;бензин, 2.0 л;150 л.с., налог;АКПП;задний;седан;синий;270 000 км;левый;5 поколение;;;
BMW;3-Series;2007;1300000;https://auto.drom.ru/tver/bmw/3-series/566576730.html;Характеристики совпадают с ПТС;2 записи о регистрации;Не числится в розыске;Ограничений не обнаружено;Твери;дизель, 2.0 л;177 л.с., налог;механика;задний;универсал;белый;270 000 км;левый;5 поколение;320d MT;;
BMW;X5;2007;1400000;https://auto.drom.ru/moscow/bmw/x5/53165950.html;;;;;Москве;бензин, 4.8 л, ГБО;355 л.с., налог;АКПП;4WD;;серый;150 000 км;левый;2 поколение;xDrive 48i AT Sport;;
BMW;X3;2007;840000;https://auto.drom.ru/moscow/bmw/x3/53918623.html;Характеристики совпадают с ПТС;3 записи о регистрации;Не числится в розыске;Ограничений не обнаружено;Москве;бензин, 2.5 л;218 л.с., налог;АКПП;4WD;;черный;224 485 км;левый;1 поколение, рестайлинг;xDrive25i AT;;
BMW;X3;2007;1300000;https://auto.drom.ru/kostroma/bmw/x3/53912913.html;Характеристики совпадают с ПТС;6 записей о регистрации;Не числится в розыске;Ограничений не обнаружено;Костроме;дизель, 2.0 л;177 л.с., налог;АКПП;4WD;;серый;290 000 км;левый;1 поколение, рестайлинг;xDrive 20d AT;;
BMW;X5;2007;1600000;https://auto.drom.ru/moscow/bmw/x5/742373345.html;Характеристики совпадают с ПТС;6 записей о регистрации;Не числится в розыске;Ограничений не обнаружено;Москве;бензин, 3.0 л;264 л.с., налог;АКПП;4WD;;серый;291 000 км;левый;2 поколение;xDrive 30i AT;;
BMW;3-Series;2007;1100000;https://auto.drom.ru/spb/bmw/3-series/884705569.html;Характеристики совпадают с ПТС;8 записей о регистрации;Не числится в розыске;Ограничений не обнаружено;Санкт-Петербурге;бензин, 2.5 л;218 л.с., налог;АКПП;4WD;купе;черный;206 000 км;левый;5 поколение;325i AT xDrive;;
BMW;X5;2007;1430000;https://auto.drom.ru/moscow/bmw/x5/374752701.html;Характеристики совпадают с ПТС;7 записей о регистрации;Не числится в розыске;Ограничений не обнаружено;Москве;бензин, 4.8 л;355 л.с., налог;АКПП;4WD;;серый;251 300 км;левый;2 поколение;xDrive 48i AT;;
BMW;X5;2007;1630000;https://auto.drom.ru/volgograd/bmw/x5/339300915.html;Характеристики совпадают с ПТС;3 записи о регистрации;Не числится в розыске;Ограничений не обнаружено;Волгограде;бензин, 3.0 л;272 л.с., налог;АКПП;4WD;;черный;307 500 км;левый;2 поколение;;;
BMW;X5;2007;1550000;https://auto.drom.ru/moscow/bmw/x5/190243061.html;Характеристики совпадают с ПТС;6 записей о регистрации;Не числится в розыске;Ограничений не обнаружено;Москве;бензин, 4.8 л;355 л.с., налог;АКПП;4WD;;черный;257 000 км;левый;2 поколение;xDrive 48i AT;;
BMW;3-Series;2007;900000;https://auto.drom.ru/moscow/bmw/3-series/254425661.html;Характеристики совпадают с ПТС;5 записей о регистрации;Не числится в розыске;Ограничений не обнаружено;Москве;бензин, 2.0 л;170 л.с., налог;механика;задний;универсал;белый;121 120 км;левый;5 поколение;320i MT;;
BMW;1-Series;2007;700000;https://auto.drom.ru/gorodets/bmw/1-series/53899778.html;Характеристики совпадают с ПТС;8 записей о регистрации;Не числится в розыске;Ограничений не обнаружено;Городце;бензин, 2.0 л;136 л.с., налог;АКПП;задний;хэтчбек 3 дв.;черный;185 000 км;левый;1 поколение, рестайлинг;118i AT Базовая;;
BMW;X5;2007;1050000;https://auto.drom.ru/moscow/bmw/x5/777674852.html;Характеристики совпадают с ПТС;4 записи о регистрации;Не числится в розыске;Ограничений не обнаружено;Москве;бензин, 3.0 л;264 л.с., налог;АКПП;4WD;;черный;380 000 км;левый;2 поколение;xDrive 30i AT;;
BMW;X5;2007;1490000;https://auto.drom.ru/tver/bmw/x5/283409202.html;Характеристики совпадают с ПТС;3 записи о регистрации;Не числится в розыске;Ограничений не обнаружено;Твери;бензин, 3.0 л;264 л.с., налог;АКПП;4WD;;черный;361 240 км;левый;2 поколение;xDrive 30i AT;;
BMW;X5;2007;1550000;https://auto.drom.ru/spb/bmw/x5/53866226.html;Характеристики совпадают с ПТС;4 записи о регистрации;Не числится в розыске;Ограничений не обнаружено;Санкт-Петербурге;дизель, 3.0 л;235 л.с., налог;АКПП;4WD;;черный;394 000 км;левый;2 поколение;;;
BMW;5-Series;2008;1179900;https://auto.drom.ru/nizhniy-novgorod/bmw/5-series/53497362.html;Характеристики совпадают с ПТС;5 записей о регистрации;Не числится в розыске;Ограничений не обнаружено;Нижнем Новгороде;бензин, 3.0 л;272 л.с., налог;АКПП;4WD;седан;черный;121 000 км;левый;5 поколение, рестайлинг;;;
BMW;5-Series;2008;1199999;https://auto.drom.ru/kirov/bmw/5-series/51864101.html;Характеристики совпадают с ПТС;7 записей о регистрации;Не числится в розыске;Ограничений не обнаружено;Кирове;бензин, 2.5 л;218 л.с., налог;АКПП;задний;седан;черный;212 250 км;левый;5 поколение, рестайлинг;525i AT;;
BMW;X5;2008;1779000;https://auto.drom.ru/spb/bmw/x5/715683891.html;Характеристики совпадают с ПТС;3 записи о регистрации;Не числится в розыске;Ограничений не обнаружено;Санкт-Петербурге;дизель, 3.0 л;231 л.с., налог;АКПП;4WD;;черный;300 000 км;левый;2 поколение;;;
BMW;X6;2008;2100000;https://auto.drom.ru/kalachinsk-saratov/bmw/x6/52167405.html;Характеристики совпадают с ПТС;14 записей о регистрации;Не числится в розыске;Ограничений не обнаружено;Калининске;бензин, 3.0 л;306 л.с., налог;АКПП;4WD;;черный;199 000 км;левый;1 поколение;xDrive 35i AT;;
BMW;1-Series;2008;650000;https://auto.drom.ru/ruza/bmw/1-series/767340105.html;Характеристики совпадают с ПТС;7 записей о регистрации;Не числится в розыске;Ограничений не обнаружено;Рузе;бензин, 1.6 л;116 л.с., налог;АКПП;задний;хэтчбек 5 дв.;белый;18 700 км;левый;1 поколение, рестайлинг;116i AT Base;;
BMW;X6;2008;1850000;https://auto.drom.ru/balashiha/bmw/x6/242664228.html;Характеристики совпадают с ПТС;11 записей о регистрации;Не числится в розыске;Ограничений не обнаружено;Балашихе;бензин, 3.0 л;306 л.с., налог;АКПП;4WD;;серый;204 000 км;левый;1 поколение;xDrive 35i AT;;
BMW;5-Series;2008;1280000;https://auto.drom.ru/kaluga/bmw/5-series/853039416.html;Характеристики совпадают с ПТС;6 записей о регистрации;Не числится в розыске;Ограничений не обнаружено;Калуге;бензин, 2.5 л;218 л.с., налог;АКПП;задний;седан;черный;211 400 км;левый;5 поколение, рестайлинг;525i AT;;
BMW;5-Series;2008;950000;https://auto.drom.ru/tula/bmw/5-series/512874216.html;;;;;Туле;бензин, 3.0 л;218 л.с., налог;АКПП;4WD;седан;черный;222 000 км;левый;5 поколение, рестайлинг;;документы с проблемами или отсутствуют;
BMW;X5;2008;1700000;https://auto.drom.ru/vladimir/bmw/x5/662043155.html;Характеристики совпадают с ПТС;4 записи о регистрации;Не числится в розыске;Есть ограничения;Владимире;дизель, 3.0 л;235 л.с., налог;АКПП;4WD;;серый;280 000 км;левый;2 поколение;xDrive 30d AT;;
BMW;X3;2008;1480000;https://auto.drom.ru/kirov/bmw/x3/53839416.html;Характеристики совпадают с ПТС;4 записи о регистрации;Не числится в розыске;Ограничений не обнаружено;Кирове;дизель, 2.0 л;177 л.с., налог;АКПП;4WD;;белый;;левый;1 поколение, рестайлинг;;;
BMW;X5;2008;1490000;https://auto.drom.ru/nizhniy-novgorod/bmw/x5/53842188.html;Характеристики совпадают с ПТС;6 записей о регистрации;Не числится в розыске;Ограничений не обнаружено;Нижнем Новгороде;бензин, 3.0 л;272 л.с., налог;АКПП;4WD;;черный;154 000 км;левый;2 поколение;xDrive 30i AT;;
BMW;3-Series;2008;900000;https://auto.drom.ru/moscow/bmw/3-series/53840867.html;Характеристики совпадают с ПТС;7 записей о регистрации;Не числится в розыске;Есть ограничения;Москве;бензин, 2.0 л;156 л.с., налог;АКПП;задний;седан;черный;290 000 км;левый;5 поколение, рестайлинг;;;
BMW;7-Series;2008;700000;https://auto.drom.ru/bryansk/bmw/7-series/878591348.html;;;;;Брянске;бензин, 4.0 л;306 л.с., налог;АКПП;задний;;черный;;левый;4 поколение, рестайлинг;;;
BMW;5-Series;2008;1500000;https://auto.drom.ru/kursk/bmw/5-series/53392757.html;Характеристики совпадают с ПТС;3 записи о регистрации;Не числится в розыске;Ограничений не обнаружено;Курске;бензин, 3.0 л;306 л.с., налог;АКПП;4WD;седан;белый;297 000 км;левый;5 поколение, рестайлинг;535xi AT;;
BMW;5-Series;2008;1180000;https://auto.drom.ru/moscow/bmw/5-series/876298462.html;Характеристики совпадают с ПТС;8 записей о регистрации;Не числится в розыске;Ограничений не обнаружено;Москве;бензин, 2.5 л;218 л.с., налог;АКПП;задний;седан;черный;272 099 км;левый;5 поколение, рестайлинг;525i AT;;
BMW;X5;2008;2250000;https://auto.drom.ru/moscow/bmw/x5/53382033.html;Характеристики совпадают с ПТС;4 записи о регистрации;Не числится в розыске;Ограничений не обнаружено;Москве;дизель, 3.0 л;235 л.с., налог;АКПП;4WD;;белый;198 000 км;левый;2 поколение;xDrive 30d AT;;
BMW;1-Series;2008;850000;https://auto.drom.ru/saratov/bmw/1-series/699368593.html;Характеристики совпадают с ПТС;8 записей о регистрации;Не числится в розыске;Ограничений не обнаружено;Саратове;бензин, 1.6 л;116 л.с., налог;АКПП;задний;хэтчбек 5 дв.;;229 000 км;левый;1 поколение, рестайлинг;116i AT Base;;
BMW;X5;2008;1709496;https://auto.drom.ru/minsk/bmw/x5/53016367.html;;;;;Минске;дизель, 3.0 л;265 л.с., налог;АКПП;4WD;;черный;300 620 км;левый;2 поколение;xDrive 35d AT;;
BMW;X5;2008;2150000;https://auto.drom.ru/moscow/bmw/x5/54107022.html;Характеристики совпадают с ПТС;5 записей о регистрации;Не числится в розыске;Ограничений не обнаружено;Москве;дизель, 3.0 л;286 л.с., налог;АКПП;4WD;;серый;211 045 км;левый;2 поколение;xDrive 35d AT Base;;
BMW;3-Series;2008;730000;https://auto.drom.ru/spb/bmw/3-series/50560655.html;Характеристики совпадают с ПТС;4 записи о регистрации;Не числится в розыске;Ограничений не обнаружено;Санкт-Петербурге;бензин, 1.6 л;122 л.с., налог;механика;задний;седан;черный;349 500 км;левый;5 поколение;316i MT;;
BMW;3-Series;2008;2200000;https://auto.drom.ru/spb/bmw/3-series/54108701.html;Характеристики совпадают с ПТС;6 записей о регистрации;Не числится в розыске;Ограничений не обнаружено;Санкт-Петербурге;бензин, 3.0 л;272 л.с., налог;АКПП;задний;купе;черный;230 000 км;левый;5 поколение;330i AT;;
BMW;X3;2008;1300000;https://auto.drom.ru/voronezh/bmw/x3/52636383.html;Характеристики совпадают с ПТС;3 записи о регистрации;Не числится в розыске;Ограничений не обнаружено;Воронеже;дизель, 2.0 л;177 л.с., налог;АКПП;4WD;;серый;163 243 км;левый;1 поколение, рестайлинг;;;
BMW;X5;2008;2199000;https://auto.drom.ru/moscow/bmw/x5/50912617.html;Характеристики совпадают с ПТС;2 записи о регистрации;Не числится в розыске;Ограничений не обнаружено;Москве;дизель, 3.0 л;235 л.с., налог;АКПП;4WD;;серый;157 000 км;левый;2 поколение;xDrive 30d AT;;
BMW;5-Series;2008;1478563;https://auto.drom.ru/minsk/bmw/5-series/54097974.html;;;;;Минске;дизель, 3.0 л;197 л.с., налог;АКПП;4WD;седан;синий;288 000 км;левый;5 поколение, рестайлинг;525d  AT xDrive;;
BMW;3-Series;2008;1050000;https://auto.drom.ru/spb/bmw/3-series/709234080.html;Характеристики совпадают с ПТС;5 записей о регистрации;Не числится в розыске;Ограничений не обнаружено;Санкт-Петербурге;бензин, 2.0 л;156 л.с., налог;АКПП;задний;купе;красный;154 938 км;левый;5 поколение;320i AT;;
BMW;3-Series;2008;950000;https://auto.drom.ru/elektrostal/bmw/3-series/53805464.html;Характеристики совпадают с ПТС;5 записей о регистрации;Не числится в розыске;Ограничений не обнаружено;Электростали;бензин, 2.5 л;218 л.с., налог;АКПП;4WD;седан;серый;218 000 км;левый;5 поколение;325xi AT;;
BMW;X5;2008;1890000;https://auto.drom.ru/moscow/bmw/x5/168832261.html;Характеристики совпадают с ПТС;4 записи о регистрации;Не числится в розыске;Ограничений не обнаружено;Москве;дизель, 3.0 л;235 л.с., налог;АКПП;4WD;;черный;260 000 км;левый;2 поколение;xDrive 30d AT;;
BMW;5-Series;2008;1300000;https://auto.drom.ru/saratov/bmw/5-series/315344532.html;Характеристики совпадают с ПТС;5 записей о регистрации;Не числится в розыске;Ограничений не обнаружено;Саратове;бензин, 3.0 л;218 л.с., налог;АКПП;4WD;седан;серебристый;218 000 км;левый;5 поколение, рестайлинг;525xi AT xDrive;;
BMW;3-Series;2008;1050000;https://auto.drom.ru/moscow/bmw/3-series/287882164.html;Характеристики совпадают с ПТС;7 записей о регистрации;Не числится в розыске;Ограничений не обнаружено;Москве;бензин, 2.0 л;136 л.с., налог;АКПП;задний;седан;черный;226 208 км;левый;5 поколение, рестайлинг;318i AT Базовая;;
BMW;3-Series;2008;1299000;https://auto.drom.ru/spb/bmw/3-series/501757114.html;Характеристики совпадают с ПТС;6 записей о регистрации;Не числится в розыске;Ограничений не обнаружено;Санкт-Петербурге;бензин, 2.5 л;218 л.с., налог;АКПП;задний;купе;черный;181 000 км;левый;5 поколение;325i AT;;
BMW;X5;2008;1600000;https://auto.drom.ru/spb/bmw/x5/52806341.html;Характеристики совпадают с ПТС;8 записей о регистрации;Не числится в розыске;Ограничений не обнаружено;Санкт-Петербурге;дизель, 3.0 л;286 л.с., налог;АКПП;4WD;;серый;300 000 км;левый;2 поколение;;;
BMW;1-Series;2008;720000;https://auto.drom.ru/vologda/bmw/1-series/53801753.html;Характеристики совпадают с ПТС;7 записей о регистрации;Не числится в розыске;Ограничений не обнаружено;Вологде;бензин, 2.0 л;136 л.с., налог;АКПП;задний;хэтчбек 5 дв.;белый;205 000 км;левый;1 поколение, рестайлинг;118i AT Base;;
BMW;X5;2008;1370000;https://auto.drom.ru/kazan/bmw/x5/53798488.html;;;;;Казани;бензин, 3.0 л;272 л.с., налог;АКПП;4WD;;серебристый;213 000 км;левый;2 поколение;;;
BMW;X5;2008;1830000;https://auto.drom.ru/nizhniy-novgorod/bmw/x5/570758138.html;Характеристики совпадают с ПТС;6 записей о регистрации;Не числится в розыске;Ограничений не обнаружено;Нижнем Новгороде;дизель, 3.0 л;235 л.с., налог;АКПП;4WD;;синий;310 000 км;левый;2 поколение;xDrive 30d AT;;
BMW;1-Series;2008;665000;https://auto.drom.ru/spb/bmw/1-series/281026630.html;Характеристики совпадают с ПТС;2 записи о регистрации;Не числится в розыске;Ограничений не обнаружено;Санкт-Петербурге;бензин, 1.6 л;115 л.с., налог;автомат;задний;хэтчбек 5 дв.;черный;207 000 км;левый;;;;
BMW;1-Series;2008;795000;https://auto.drom.ru/moscow/bmw/1-series/53780019.html;Характеристики совпадают с ПТС;6 записей о регистрации;Не числится в розыске;Ограничений не обнаружено;Москве;бензин, 1.6 л;115 л.с., налог;автомат;задний;хэтчбек 5 дв.;красный;174 000 км;левый;;;;
BMW;X5;2008;2000000;https://auto.drom.ru/moscow/bmw/x5/53406706.html;Характеристики совпадают с ПТС;5 записей о регистрации;Не числится в розыске;Ограничений не обнаружено;Москве;дизель, 3.0 л;235 л.с., налог;АКПП;4WD;;красный;300 000 км;левый;2 поколение;xDrive 30d AT;;
BMW;3-Series;2008;899000;https://auto.drom.ru/togliatti/bmw/3-series/52517365.html;Характеристики совпадают с ПТС;6 записей о регистрации;Не числится в розыске;Ограничений не обнаружено;Тольятти;бензин, 2.0 л;136 л.с., налог;АКПП;задний;седан;серый;261 272 км;левый;5 поколение;318i AT;;
BMW;5-Series;2008;1100000;https://auto.drom.ru/spb/bmw/5-series/50837031.html;Характеристики совпадают с ПТС;8 записей о регистрации;Не числится в розыске;Ограничений не обнаружено;Санкт-Петербурге;бензин, 2.5 л;218 л.с., налог;АКПП;задний;седан;черный;275 000 км;левый;5 поколение, рестайлинг;525i AT;;
BMW;X5;2008;2080000;https://auto.drom.ru/moscow/bmw/x5/124290064.html;Характеристики совпадают с ПТС;1 запись о регистрации;Не числится в розыске;Ограничений не обнаружено;Москве;дизель, 3.0 л;231 л.с., налог;АКПП;4WD;;черный;262 873 км;левый;2 поколение;;;
BMW;X5;2008;1650000;https://auto.drom.ru/korolev/bmw/x5/53359302.html;Характеристики совпадают с ПТС;7 записей о регистрации;Не числится в розыске;Ограничений не обнаружено;Королёве;бензин, 3.0 л;272 л.с., налог;АКПП;4WD;;серый;240 000 км;левый;2 поколение;xDrive 30i AT Base;;
BMW;X6;2008;1720000;https://auto.drom.ru/moscow/bmw/x6/51667482.html;Характеристики совпадают с ПТС;5 записей о регистрации;Не числится в розыске;Ограничений не обнаружено;Москве;бензин, 3.0 л;306 л.с., налог;АКПП;4WD;;зеленый;250 000 км;левый;1 поколение;xDrive 35i AT;;
BMW;X6;2008;1810000;https://auto.drom.ru/moscow/bmw/x6/701374514.html;Характеристики совпадают с ПТС;1 запись о регистрации;Не числится в розыске;Ограничений не обнаружено;Москве;бензин, 3.0 л;306 л.с., налог;АКПП;4WD;;красный;226 052 км;левый;1 поколение;xDrive 35i AT;;
BMW;X3;2008;949000;https://auto.drom.ru/moscow/bmw/x3/54047841.html;Характеристики совпадают с ПТС;5 записей о регистрации;Не числится в розыске;Ограничений не обнаружено;Москве;бензин, 3.0 л;272 л.с., налог;АКПП;4WD;;черный;204 258 км;левый;1 поколение, рестайлинг;;;
BMW;3-Series;2008;670000;https://auto.drom.ru/vladimir/bmw/3-series/54054478.html;Характеристики совпадают с ПТС;4 записи о регистрации;Не числится в розыске;Есть ограничения;Владимире;бензин, 2.0 л;136 л.с., налог;АКПП;задний;седан;красный;199 700 км;левый;5 поколение;318i AT;требуется ремонт или не на ходу, документы с проблемами или отсутствуют;
BMW;X6;2008;1799900;https://auto.drom.ru/voronezh/bmw/x6/54047793.html;Характеристики совпадают с ПТС;6 записей о регистрации;Не числится в розыске;Ограничений не обнаружено;Воронеже;дизель, 3.0 л;286 л.с., налог;АКПП;4WD;;черный;283 565 км;левый;1 поколение;xDrive 35d AT;;
BMW;X5;2008;1700000;https://auto.drom.ru/moscow/bmw/x5/52495274.html;Характеристики совпадают с ПТС;7 записей о регистрации;Не числится в розыске;Ограничений не обнаружено;Москве;бензин, 4.8 л;355 л.с., налог;АКПП;4WD;;черный;264 000 км;левый;2 поколение;xDrive 48i AT Luxury;;
BMW;X5;2008;1700000;https://auto.drom.ru/moscow/bmw/x5/52058906.html;Характеристики совпадают с ПТС;5 записей о регистрации;Не числится в розыске;Ограничений не обнаружено;Москве;бензин, 3.0 л;272 л.с., налог;АКПП;4WD;;черный;250 000 км;левый;2 поколение;;;
BMW;X5;2008;1500000;https://auto.drom.ru/kaluga/bmw/x5/155192472.html;Характеристики совпадают с ПТС;7 записей о регистрации;Не числится в розыске;Ограничений не обнаружено;Калуге;бензин, 4.8 л;355 л.с., налог;АКПП;4WD;;черный;279 000 км;левый;2 поколение;;;
BMW;3-Series;2008;850000;https://auto.drom.ru/petushki/bmw/3-series/827799686.html;Характеристики совпадают с ПТС;6 записей о регистрации;Не числится в розыске;Ограничений не обнаружено;Петушках;бензин, 2.0 л;156 л.с., налог;АКПП;задний;седан;синий;230 000 км;левый;5 поколение;320i AT;;
BMW;X5;2008;1718830;https://auto.drom.ru/minsk/bmw/x5/53751458.html;Характеристики совпадают с ПТС;5 записей о регистрации;Не числится в розыске;Есть ограничения;Минске;дизель, 3.0 л;235 л.с., налог;АКПП;4WD;;коричневый;309 500 км;левый;2 поколение;xDrive 30d AT;;
BMW;5-Series;2008;1320000;https://auto.drom.ru/bryansk/bmw/5-series/53370817.html;Характеристики совпадают с ПТС;8 записей о регистрации;Не числится в розыске;Ограничений не обнаружено;Брянске;бензин, 2.0 л;170 л.с., налог;АКПП;задний;седан;серый;265 000 км;левый;5 поколение, рестайлинг;520i AT;;
BMW;1-Series;2008;825000;https://auto.drom.ru/moscow/bmw/1-series/51247112.html;Характеристики совпадают с ПТС;15 записей о регистрации;Не числится в розыске;Ограничений не обнаружено;Москве;бензин, 1.6 л;116 л.с., налог;АКПП;задний;хэтчбек 3 дв.;черный;201 000 км;левый;1 поколение, рестайлинг;116i AT Базовая;;
BMW;5-Series;2008;1234878;https://auto.drom.ru/minsk/bmw/5-series/380906590.html;;;;;Минске;бензин, 3.0 л;272 л.с., налог;АКПП;задний;седан;черный;281 000 км;левый;5 поколение, рестайлинг;530i AT;;
BMW;X5;2008;1999999;https://auto.drom.ru/penza/bmw/x5/828049110.html;Характеристики совпадают с ПТС;4 записи о регистрации;Не числится в розыске;Ограничений не обнаружено;Пензе;дизель, 3.0 л;286 л.с., налог;АКПП;4WD;;черный;279 700 км;левый;2 поколение;xDrive 35d AT Base;;
BMW;X6;2008;2450000;https://auto.drom.ru/sergach/bmw/x6/897833866.html;Характеристики совпадают с ПТС;3 записи о регистрации;Не числится в розыске;Ограничений не обнаружено;Сергаче;бензин, 4.4 л;408 л.с., налог;АКПП;4WD;;белый;115 000 км;левый;1 поколение;xDrive 50i AT;;
BMW;X5;2008;1840000;https://auto.drom.ru/moscow/bmw/x5/53746706.html;Характеристики совпадают с ПТС;2 записи о регистрации;Не числится в розыске;Ограничений не обнаружено;Москве;дизель, 3.0 л;235 л.с., налог;АКПП;4WD;;черный;243 400 км;левый;2 поколение;xDrive 30d AT;;
BMW;3-Series;2008;1500000;https://auto.drom.ru/moscow/bmw/3-series/53745439.html;Характеристики совпадают с ПТС;14 записей о регистрации;Не числится в розыске;Ограничений не обнаружено;Москве;бензин, 2.5 л;218 л.с., налог;АКПП;задний;купе;черный;220 000 км;левый;5 поколение;325i AT;;
BMW;X5;2008;1850000;https://auto.drom.ru/kolomna/bmw/x5/53353406.html;Характеристики совпадают с ПТС;4 записи о регистрации;Не числится в розыске;Ограничений не обнаружено;Коломне;дизель, 3.0 л;211 л.с., налог;автомат;4WD;;серый;363 500 км;левый;2 поколение;;;
BMW;X6;2008;1360000;https://auto.drom.ru/moscow/bmw/x6/166900394.html;Цвет не совпадает с ПТС;9 записей о регистрации;Не числится в розыске;Ограничений не обнаружено;Москве;бензин, 3.0 л;306 л.с., налог;АКПП;4WD;;голубой;;левый;1 поколение;xDrive 35i AT;;
BMW;7-Series;2008;1250000;https://auto.drom.ru/moscow/bmw/7-series/492376616.html;Характеристики совпадают с ПТС;13 записей о регистрации;Не числится в розыске;Ограничений не обнаружено;Москве;бензин, 3.0 л;326 л.с., налог;АКПП;задний;;серебристый;254 682 км;левый;5 поколение;740i AT;;
BMW;X5;2008;1470000;https://auto.drom.ru/moscow/bmw/x5/54022311.html;Характеристики совпадают с ПТС;5 записей о регистрации;Не числится в розыске;Ограничений не обнаружено;Москве;бензин, 3.0 л;272 л.с., налог;АКПП;4WD;;бежевый;337 464 км;левый;2 поколение;;;
BMW;1-Series;2008;744789;https://auto.drom.ru/spb/bmw/1-series/457246634.html;Характеристики совпадают с ПТС;6 записей о регистрации;Не числится в розыске;Ограничений не обнаружено;Санкт-Петербурге;бензин, 1.6 л;115 л.с., налог;автомат;задний;хэтчбек 5 дв.;красный;205 628 км;левый;;;;
BMW;3-Series;2008;1300000;https://auto.drom.ru/moscow/bmw/3-series/584201013.html;Характеристики совпадают с ПТС;4 записи о регистрации;Не числится в розыске;Ограничений не обнаружено;Москве;дизель, 2.0 л;163 л.с., налог;автомат;задний;универсал;серый;355 000 км;левый;5 поколение, рестайлинг;;;
BMW;X5;2008;1650000;https://auto.drom.ru/lipetsk/bmw/x5/52512117.html;Характеристики совпадают с ПТС;5 записей о регистрации;Не числится в розыске;Ограничений не обнаружено;Липецке;бензин, 4.8 л;355 л.с., налог;АКПП;4WD;;черный;304 509 км;левый;2 поколение;;;
BMW;X3;2008;1500000;https://auto.drom.ru/moscow/bmw/x3/327810599.html;Характеристики совпадают с ПТС;1 запись о регистрации;Не числится в розыске;Ограничений не обнаружено;Москве;дизель, 2.0 л;177 л.с., налог;АКПП;4WD;;серый;250 000 км;левый;1 поколение, рестайлинг;xDrive20d AT;;
BMW;7-Series;2008;1285000;https://auto.drom.ru/moscow/bmw/7-series/543283072.html;Характеристики совпадают с ПТС;1 запись о регистрации;Не числится в розыске;Ограничений не обнаружено;Москве;бензин, 4.4 л;407 л.с., налог;АКПП;задний;;черный;343 468 км;левый;5 поколение;;;
BMW;7-Series;2008;1150000;https://auto.drom.ru/kostroma/bmw/7-series/53726418.html;;;;;Костроме;бензин, 4.0 л;306 л.с., налог;АКПП;задний;;черный;272 000 км;левый;4 поколение, рестайлинг;740i AT;;
BMW;X5;2008;1399000;https://auto.drom.ru/kazan/bmw/x5/304860171.html;Характеристики совпадают с ПТС;11 записей о регистрации;Не числится в розыске;Ограничений не обнаружено;Казани;бензин, 3.0 л;272 л.с., налог;АКПП;4WD;;серый;214 000 км;левый;2 поколение;;;
BMW;X5;2008;1650000;https://auto.drom.ru/moscow/bmw/x5/451544975.html;Характеристики совпадают с ПТС;1 запись о регистрации;Не числится в розыске;Ограничений не обнаружено;Москве;бензин, 3.0 л;272 л.с., налог;АКПП;4WD;;белый;223 595 км;левый;2 поколение;xDrive 30i AT;;
BMW;3-Series;2008;1282000;https://auto.drom.ru/moscow/bmw/3-series/730315992.html;Характеристики совпадают с ПТС;7 записей о регистрации;Не числится в розыске;Ограничений не обнаружено;Москве;бензин, 2.5 л;218 л.с., налог;АКПП;задний;купе;красный;264 173 км;левый;5 поколение;325i AT;;
BMW;X6;2008;1695000;https://auto.drom.ru/spb/bmw/x6/915446095.html;Характеристики совпадают с ПТС;4 записи о регистрации;Не числится в розыске;Ограничений не обнаружено;Санкт-Петербурге;дизель, 3.0 л;235 л.с., налог;АКПП;4WD;;белый;255 000 км;левый;1 поколение;xDrive 30d AT;;
BMW;X6;2008;1150000;https://auto.drom.ru/domodedovo/bmw/x6/261641525.html;;;;;Домодедово;бензин, 4.4 л;408 л.с., налог;АКПП;4WD;;черный;198 000 км;левый;1 поколение;xDrive 50i AT;требуется ремонт или не на ходу;
BMW;X5;2008;1550000;https://auto.drom.ru/spb/bmw/x5/567871954.html;Характеристики совпадают с ПТС;6 записей о регистрации;Не числится в розыске;Ограничений не обнаружено;Санкт-Петербурге;дизель, 3.0 л;235 л.с., налог;АКПП;4WD;;черный;375 300 км;левый;2 поколение;xDrive 30d AT;;
BMW;X3;2008;1201333;https://auto.drom.ru/minsk/bmw/x3/53708248.html;Характеристики совпадают с ПТС;2 записи о регистрации;Не числится в розыске;Ограничений не обнаружено;Минске;дизель, 2.0 л;177 л.с., налог;АКПП;4WD;;серый;244 000 км;левый;1 поколение, рестайлинг;;;
BMW;X6;2008;1691014;https://auto.drom.ru/minsk/bmw/x6/53713098.html;Характеристики совпадают с ПТС;5 записей о регистрации;Не числится в розыске;Ограничений не обнаружено;Минске;бензин, 3.0 л;306 л.с., налог;АКПП;4WD;;серый;162 000 км;левый;1 поколение;xDrive 35i AT;;
BMW;5-Series;2008;1190000;https://auto.drom.ru/ulyanovsk/bmw/5-series/53998889.html;Характеристики совпадают с ПТС;5 записей о регистрации;Не числится в розыске;Есть ограничения;Ульяновске;дизель, 2.0 л;177 л.с., налог;АКПП;задний;седан;черный;275 000 км;левый;5 поколение, рестайлинг;;;
BMW;X5;2008;2200000;https://auto.drom.ru/moscow/bmw/x5/52869870.html;Характеристики совпадают с ПТС;2 записи о регистрации;Не числится в розыске;Ограничений не обнаружено;Москве;дизель, 3.0 л;286 л.с., налог;АКПП;4WD;;черный;316 000 км;левый;2 поколение;;;
BMW;X3;2008;1529000;https://auto.drom.ru/mihaylovka/bmw/x3/708353450.html;Характеристики совпадают с ПТС;5 записей о регистрации;Не числится в розыске;Ограничений не обнаружено;Михайловке;дизель, 3.0 л;218 л.с., налог;АКПП;4WD;;бордовый;303 000 км;левый;1 поколение, рестайлинг;xDrive30d AT;;
BMW;3-Series;2008;1216000;https://auto.drom.ru/himki/bmw/3-series/673804830.html;Характеристики совпадают с ПТС;3 записи о регистрации;Не числится в розыске;Ограничений не обнаружено;Химках;бензин, 2.5 л;218 л.с., налог;АКПП;задний;седан;серый;144 584 км;левый;5 поколение;;;
BMW;5-Series;2008;1100000;https://auto.drom.ru/moscow/bmw/5-series/611965055.html;Характеристики совпадают с ПТС;1 запись о регистрации;Не числится в розыске;Ограничений не обнаружено;Москве;дизель, 2.0 л;163 л.с., налог;АКПП;задний;седан;серый;199 065 км;левый;5 поколение, рестайлинг;520d AT Edition Fleet;;
BMW;X5;2008;1299000;https://auto.drom.ru/kazan/bmw/x5/775701412.html;Характеристики совпадают с ПТС;11 записей о регистрации;Не числится в розыске;Ограничений не обнаружено;Казани;бензин, 3.0 л;272 л.с., налог;АКПП;4WD;;серый;213 000 км;левый;2 поколение;;;
BMW;5-Series;2008;950000;https://auto.drom.ru/ruza/bmw/5-series/177727298.html;Характеристики совпадают с ПТС;5 записей о регистрации;Не числится в розыске;Ограничений не обнаружено;Рузе;бензин, 2.5 л;218 л.с., налог;АКПП;задний;седан;черный;304 000 км;левый;5 поколение, рестайлинг;525i AT;;
BMW;X3;2008;868000;https://auto.drom.ru/voronezh/bmw/x3/403834580.html;Характеристики совпадают с ПТС;6 записей о регистрации;Не числится в розыске;Ограничений не обнаружено;Воронеже;бензин, 3.0 л;272 л.с., налог;АКПП;4WD;;черный;278 658 км;левый;1 поколение, рестайлинг;;;
BMW;X5;2008;1427738;https://auto.drom.ru/lida/bmw/x5/53938350.html;Характеристики совпадают с ПТС;3 записи о регистрации;Не числится в розыске;Ограничений не обнаружено;Лиде;бензин, 3.0 л;272 л.с., налог;АКПП;4WD;;белый;265 000 км;левый;2 поколение;xDrive 30i AT Base;;
BMW;1-Series;2008;770000;https://auto.drom.ru/kazan/bmw/1-series/120821702.html;;;;;Казани;бензин, 1.6 л;116 л.с., налог;механика;задний;хэтчбек 5 дв.;;162 870 км;левый;1 поколение, рестайлинг;116i MT Base;;
BMW;1-Series;2008;1250000;https://auto.drom.ru/moscow/bmw/1-series/53975282.html;Характеристики совпадают с ПТС;6 записей о регистрации;Не числится в розыске;Ограничений не обнаружено;Москве;дизель, 2.0 л;177 л.с., налог;АКПП;задний;купе;белый;223 968 км;левый;1 поколение, рестайлинг;120d AT Base;;
BMW;7-Series;2008;1300000;https://auto.drom.ru/moscow/bmw/7-series/53271850.html;Характеристики совпадают с ПТС;5 записей о регистрации;Не числится в розыске;Есть ограничения;Москве;бензин, 3.0 л;258 л.с., налог;АКПП;задний;;черный;296 800 км;левый;4 поколение, рестайлинг;730i AT;;
BMW;1-Series;2008;1011892;https://auto.drom.ru/minsk/bmw/1-series/53897575.html;;;;;Минске;дизель, 2.0 л;177 л.с., налог;АКПП;задний;купе;синий;361 000 км;левый;1 поколение, рестайлинг;120d AT Base;;
BMW;3-Series;2008;965000;https://auto.drom.ru/moscow/bmw/3-series/911457529.html;Характеристики совпадают с ПТС;4 записи о регистрации;Не числится в розыске;Ограничений не обнаружено;Москве;бензин, 2.0 л;136 л.с., налог;АКПП;задний;седан;серый;270 000 км;левый;5 поколение;318i AT;;
BMW;5-Series;2008;1450000;https://auto.drom.ru/kazan/bmw/5-series/53974978.html;Характеристики совпадают с ПТС;4 записи о регистрации;Не числится в розыске;Ограничений не обнаружено;Казани;дизель, 2.0 л;177 л.с., налог;механика;задний;седан;черный;359 000 км;левый;5 поколение, рестайлинг;;;
BMW;X5;2008;1700000;https://auto.drom.ru/smolensk/bmw/x5/53974505.html;Характеристики совпадают с ПТС;11 записей о регистрации;Не числится в розыске;Ограничений не обнаружено;Смоленске;дизель, 3.0 л;286 л.с., налог;АКПП;4WD;;черный;322 000 км;левый;2 поколение;xDrive 35d AT;;
BMW;X5;2008;1750000;https://auto.drom.ru/moscow/bmw/x5/53712700.html;Характеристики совпадают с ПТС;11 записей о регистрации;Не числится в розыске;Ограничений не обнаружено;Москве;дизель, 3.0 л;235 л.с., налог;АКПП;4WD;;синий;313 000 км;левый;2 поколение;xDrive 30d AT;;
BMW;5-Series;2008;1205953;https://auto.drom.ru/minsk/bmw/5-series/53202576.html;Характеристики совпадают с ПТС;9 записей о регистрации;Не числится в розыске;Ограничений не обнаружено;Минске;бензин, 4.8 л;367 л.с., налог;АКПП;задний;седан;синий;261 000 км;левый;5 поколение, рестайлинг;550i AT;;
BMW;X5;2008;1799900;https://auto.drom.ru/moscow/bmw/x5/605849820.html;Характеристики совпадают с ПТС;3 записи о регистрации;Не числится в розыске;Ограничений не обнаружено;Москве;бензин, 3.0 л;272 л.с., налог;АКПП;4WD;;черный;106 809 км;левый;2 поколение;;;
BMW;X6;2008;2100000;https://auto.drom.ru/vitebsk/bmw/x6/896456729.html;Год, цвет не совпадают с ПТС;2 записи о регистрации;Не числится в розыске;Ограничений не обнаружено;Витебске;бензин, 3.0 л;306 л.с., налог;АКПП;4WD;;черный;177 000 км;левый;1 поколение;xDrive 35i AT;;
BMW;5-Series;2008;800000;https://auto.drom.ru/saratov/bmw/5-series/53968284.html;Характеристики совпадают с ПТС;9 записей о регистрации;Не числится в розыске;Есть ограничения;Саратове;бензин, 2.5 л;218 л.с., налог;АКПП;задний;седан;белый;230 000 км;левый;5 поколение, рестайлинг;525i AT;;
BMW;X3;2008;950000;https://auto.drom.ru/mozhaisk/bmw/x3/53644331.html;Характеристики совпадают с ПТС;3 записи о регистрации;Не числится в розыске;Ограничений не обнаружено;Можайске;бензин, 2.5 л;218 л.с., налог;АКПП;4WD;;серый;363 586 км;левый;1 поколение, рестайлинг;xDrive 25i AT;;
BMW;X5;2008;1699000;https://auto.drom.ru/yoshkar-ola/bmw/x5/805449057.html;Характеристики совпадают с ПТС;5 записей о регистрации;Не числится в розыске;Ограничений не обнаружено;Йошкар-Оле;дизель, 3.0 л;235 л.с., налог;АКПП;4WD;;черный;217 829 км;левый;2 поколение;xDrive 30d AT;;
BMW;X3;2008;1250000;https://auto.drom.ru/konosha/bmw/x3/53965291.html;Характеристики совпадают с ПТС;3 записи о регистрации;Не числится в розыске;Ограничений не обнаружено;Коноше;бензин, 2.5 л;218 л.с., налог;АКПП;4WD;;синий;199 470 км;левый;1 поколение, рестайлинг;;;
BMW;5-Series;2008;1300000;https://auto.drom.ru/ryazan/bmw/5-series/53965277.html;Характеристики совпадают с ПТС;4 записи о регистрации;Не числится в розыске;Ограничений не обнаружено;Рязани;бензин, 3.0 л;272 л.с., налог;АКПП;4WD;седан;синий;164 300 км;левый;5 поколение, рестайлинг;;;
BMW;X3;2008;1050000;https://auto.drom.ru/cherepovets/bmw/x3/53632806.html;Характеристики совпадают с ПТС;4 записи о регистрации;Не числится в розыске;Ограничений не обнаружено;Череповце;бензин, 2.0 л;150 л.с., налог;механика;4WD;;серый;202 000 км;левый;1 поколение, рестайлинг;xDrive20i MT;;
BMW;X5;2008;1550000;https://auto.drom.ru/moscow/bmw/x5/53624254.html;Характеристики совпадают с ПТС;3 записи о регистрации;Не числится в розыске;Ограничений не обнаружено;Москве;бензин, 3.0 л;272 л.с., налог;АКПП;4WD;;бордовый;72 000 км;левый;2 поколение;xDrive 30i AT;;
BMW;1-Series;2008;1650000;https://auto.drom.ru/moscow/bmw/1-series/870219140.html;Характеристики совпадают с ПТС;13 записей о регистрации;Не числится в розыске;Ограничений не обнаружено;Москве;бензин, 3.0 л;265 л.с., налог;АКПП;задний;хэтчбек 5 дв.;серый;209 000 км;левый;1 поколение, рестайлинг;130i AT Base;;
BMW;X3;2008;950000;https://auto.drom.ru/nizhniy-novgorod/bmw/x3/479933511.html;Характеристики совпадают с ПТС;7 записей о регистрации;Не числится в розыске;Ограничений не обнаружено;Нижнем Новгороде;бензин, 2.5 л;218 л.с., налог;АКПП;4WD;;синий;269 000 км;левый;1 поколение, рестайлинг;xDrive25i AT;;
BMW;1-Series;2008;861000;https://auto.drom.ru/moscow/bmw/1-series/53614627.html;Характеристики совпадают с ПТС;2 записи о регистрации;Не числится в розыске;Ограничений не обнаружено;Москве;бензин, 1.6 л;115 л.с., налог;автомат;задний;хэтчбек 5 дв.;красный;155 600 км;левый;;;;
BMW;1-Series;2008;1050000;https://auto.drom.ru/moscow/bmw/1-series/226694507.html;Характеристики совпадают с ПТС;6 записей о регистрации;Не числится в розыске;Ограничений не обнаружено;Москве;дизель, 2.0 л;143 л.с., налог;механика;задний;хэтчбек 5 дв.;черный;377 919 км;левый;1 поколение, рестайлинг;;;
BMW;3-Series;2008;809789;https://auto.drom.ru/spb/bmw/3-series/853581260.html;Характеристики совпадают с ПТС;5 записей о регистрации;Не числится в розыске;Ограничений не обнаружено;Санкт-Петербурге;бензин, 2.0 л;156 л.с., налог;АКПП;задний;седан;черный;307 145 км;левый;5 поколение;;;
BMW;X5;2008;1678000;https://auto.drom.ru/moscow/bmw/x5/348039302.html;Характеристики совпадают с ПТС;4 записи о регистрации;Не числится в розыске;Ограничений не обнаружено;Москве;бензин, 3.0 л;264 л.с., налог;АКПП;4WD;;золотистый;263 862 км;левый;2 поколение;xDrive 30i AT;;
BMW;7-Series;2008;1350000;https://auto.drom.ru/livny/bmw/7-series/337818188.html;Характеристики совпадают с ПТС;7 записей о регистрации;Не числится в розыске;Есть ограничения;Ливнах;бензин, 4.4 л;407 л.с., налог;АКПП;задний;;серый;275 000 км;левый;5 поколение;750Li AT Базовая;;
BMW;X5;2008;1550000;https://auto.drom.ru/spb/bmw/x5/398073065.html;Характеристики совпадают с ПТС;7 записей о регистрации;Не числится в розыске;Ограничений не обнаружено;Санкт-Петербурге;дизель, 3.0 л;235 л.с., налог;АКПП;4WD;;черный;450 000 км;левый;2 поколение;xDrive 30d AT;;
BMW;X6;2008;1100000;https://auto.drom.ru/moscow/bmw/x6/541260281.html;Характеристики совпадают с ПТС;9 записей о регистрации;Не числится в розыске;Ограничений не обнаружено;Москве;бензин, 3.0 л;306 л.с., налог;АКПП;4WD;;черный;200 000 км;левый;1 поколение;xDrive 35i AT;;
BMW;X6;2008;1234000;https://auto.drom.ru/bryansk/bmw/x6/550891811.html;Характеристики совпадают с ПТС;2 записи о регистрации;Не числится в розыске;Ограничений не обнаружено;Брянске;дизель, 3.0 л;286 л.с., налог;АКПП;4WD;;белый;276 000 км;левый;1 поколение;xDrive 35d AT;;
BMW;X3;2008;1020000;https://auto.drom.ru/moscow/bmw/x3/695652063.html;Характеристики совпадают с ПТС;5 записей о регистрации;Не числится в розыске;Ограничений не обнаружено;Москве;бензин, 3.0 л;272 л.с., налог;АКПП;4WD;;черный;273 681 км;левый;1 поколение, рестайлинг;xDrive30i AT;;
BMW;X6;2008;1990000;https://auto.drom.ru/voronezh/bmw/x6/53941836.html;Цвет не совпадает с ПТС;6 записей о регистрации;Не числится в розыске;Ограничений не обнаружено;Воронеже;дизель, 3.0 л;286 л.с., налог;АКПП;4WD;;синий;191 168 км;левый;1 поколение;xDrive 35d AT;;
BMW;3-Series;2008;1170000;https://auto.drom.ru/voronezh/bmw/3-series/607127425.html;Характеристики совпадают с ПТС;7 записей о регистрации;Не числится в розыске;Ограничений не обнаружено;Воронеже;бензин, 2.0 л;156 л.с., налог;АКПП;задний;купе;белый;290 835 км;левый;5 поколение;320i AT;;
BMW;3-Series;2008;1200000;https://auto.drom.ru/bryansk/bmw/3-series/361942771.html;Характеристики совпадают с ПТС;6 записей о регистрации;Не числится в розыске;Ограничений не обнаружено;Брянске;дизель, 2.0 л;177 л.с., налог;АКПП;задний;седан;черный;363 300 км;левый;5 поколение, рестайлинг;320d AT;;
BMW;1-Series;2008;890000;https://auto.drom.ru/moscow/bmw/1-series/174025857.html;Характеристики совпадают с ПТС;8 записей о регистрации;Не числится в розыске;Ограничений не обнаружено;Москве;бензин, 2.0 л;136 л.с., налог;АКПП;задний;хэтчбек 5 дв.;черный;201 000 км;левый;1 поколение, рестайлинг;118i AT Base;;
BMW;5-Series;2008;985000;https://auto.drom.ru/moscow/bmw/5-series/53938758.html;Характеристики совпадают с ПТС;5 записей о регистрации;Не числится в розыске;Ограничений не обнаружено;Москве;бензин, 2.5 л;218 л.с., налог;АКПП;задний;седан;черный;278 000 км;левый;5 поколение, рестайлинг;525i AT;;
BMW;X3;2008;1400000;https://auto.drom.ru/pskov/bmw/x3/52712849.html;Характеристики совпадают с ПТС;3 записи о регистрации;Не числится в розыске;Есть ограничения;Пскове;дизель, 2.0 л;177 л.с., налог;АКПП;4WD;;черный;215 286 км;левый;1 поколение, рестайлинг;;;
BMW;7-Series;2008;1400000;https://auto.drom.ru/kazan/bmw/7-series/402259339.html;Характеристики совпадают с ПТС;2 записи о регистрации;Не числится в розыске;Ограничений не обнаружено;Казани;бензин, 4.8 л;367 л.с., налог;АКПП;задний;;белый;224 795 км;левый;4 поколение, рестайлинг;750Li AT;;
BMW;1-Series;2008;950000;https://auto.drom.ru/moscow/bmw/1-series/480043639.html;Характеристики совпадают с ПТС;4 записи о регистрации;Не числится в розыске;Ограничений не обнаружено;Москве;бензин, 1.6 л;116 л.с., налог;механика;задний;хэтчбек 3 дв.;белый;210 000 км;левый;1 поколение, рестайлинг;116i MT Базовая;;
BMW;X3;2008;1649888;https://auto.drom.ru/nizhniy-novgorod/bmw/x3/53926594.html;Характеристики совпадают с ПТС;2 записи о регистрации;Не числится в розыске;Ограничений не обнаружено;Нижнем Новгороде;дизель, 3.0 л;218 л.с., налог;АКПП;4WD;;белый;323 222 км;левый;1 поколение, рестайлинг;;;
BMW;X6;2008;1845000;https://auto.drom.ru/yaroslavl/bmw/x6/53925347.html;Характеристики совпадают с ПТС;3 записи о регистрации;Не числится в розыске;Ограничений не обнаружено;Ярославле;дизель, 3.0 л;235 л.с., налог;АКПП;4WD;;красный;236 262 км;левый;1 поколение;xDrive 30d AT;;
BMW;X3;2008;980000;https://auto.drom.ru/dzerzhinsk/bmw/x3/49944585.html;Объем двигателя не совпадает с ПТС;6 записей о регистрации;Не числится в розыске;Ограничений не обнаружено;Дзержинске;бензин, 2.5 л;218 л.с., налог;АКПП;4WD;;красный;180 000 км;левый;1 поколение, рестайлинг;xDrive25i AT;;
BMW;3-Series;2008;895000;https://auto.drom.ru/moscow/bmw/3-series/53917575.html;Характеристики совпадают с ПТС;3 записи о регистрации;Не числится в розыске;Ограничений не обнаружено;Москве;бензин, 2.0 л;136 л.с., налог;АКПП;задний;седан;белый;237 926 км;левый;5 поколение;;;
BMW;X5;2008;1550000;https://auto.drom.ru/nizhniy-novgorod/bmw/x5/52989158.html;Характеристики совпадают с ПТС;6 записей о регистрации;Не числится в розыске;Ограничений не обнаружено;Нижнем Новгороде;бензин, 3.0 л;272 л.с., налог;АКПП;4WD;;черный;278 445 км;левый;2 поколение;xDrive 30i AT;;
BMW;X5;2008;1500000;https://auto.drom.ru/spb/bmw/x5/417109389.html;Характеристики совпадают с ПТС;2 записи о регистрации;Не числится в розыске;Ограничений не обнаружено;Санкт-Петербурге;бензин, 3.0 л;264 л.с., налог;АКПП;4WD;;черный;340 000 км;левый;2 поколение;xDrive 30i AT;;
BMW;X5;2008;1870000;https://auto.drom.ru/yaroslavl/bmw/x5/53542005.html;Характеристики совпадают с ПТС;3 записи о регистрации;Не числится в розыске;Ограничений не обнаружено;Ярославле;дизель, 3.0 л;235 л.с., налог;АКПП;4WD;;черный;352 000 км;левый;2 поколение;xDrive 30d AT;;
BMW;3-Series;2008;870000;https://auto.drom.ru/yoshkar-ola/bmw/3-series/53132031.html;Характеристики совпадают с ПТС;9 записей о регистрации;Не числится в розыске;Ограничений не обнаружено;Йошкар-Оле;бензин, 2.0 л;156 л.с., налог;АКПП;задний;седан;черный;217 000 км;левый;5 поколение;320i AT;;
BMW;X5;2008;1690000;https://auto.drom.ru/balashiha/bmw/x5/732041256.html;Характеристики совпадают с ПТС;5 записей о регистрации;Не числится в розыске;Ограничений не обнаружено;Балашихе;дизель, 3.0 л;286 л.с., налог;АКПП;4WD;;черный;303 000 км;левый;2 поколение;xDrive 35d AT;;
BMW;5-Series;2008;1116000;https://auto.drom.ru/himki/bmw/5-series/53487616.html;Объем двигателя, мощность двигателя не совпадают с ПТС;2 записи о регистрации;Не числится в розыске;Ограничений не обнаружено;Химках;дизель, 2.0 л;163 л.с., налог;механика;задний;седан;синий;;левый;5 поколение, рестайлинг;520d MT Edition Fleet;;
BMW;X3;2008;999999;https://auto.drom.ru/moscow/bmw/x3/774999104.html;Характеристики совпадают с ПТС;6 записей о регистрации;Не числится в розыске;Ограничений не обнаружено;Москве;бензин, 2.5 л;218 л.с., налог;АКПП;4WD;;черный;150 000 км;левый;1 поколение, рестайлинг;xDrive 25i AT;;
BMW;X6;2008;1450000;https://auto.drom.ru/togliatti/bmw/x6/785987965.html;Характеристики совпадают с ПТС;5 записей о регистрации;Не числится в розыске;Ограничений не обнаружено;Тольятти;бензин, 3.0 л;306 л.с., налог;АКПП;4WD;;серебристый;317 000 км;левый;1 поколение;xDrive 35i AT;;
BMW;3-Series;2008;1000000;https://auto.drom.ru/saransk/bmw/3-series/716802501.html;Характеристики совпадают с ПТС;8 записей о регистрации;Не числится в розыске;Ограничений не обнаружено;Саранске;бензин, 2.0 л;136 л.с., налог;АКПП;задний;седан;черный;244 000 км;левый;5 поколение;318i AT;;
BMW;5-Series;2008;1100000;https://auto.drom.ru/balashiha/bmw/5-series/53533951.html;Характеристики совпадают с ПТС;10 записей о регистрации;Не числится в розыске;Есть ограничения;Балашихе;бензин, 3.0 л;272 л.с., налог;АКПП;4WD;седан;черный;269 000 км;левый;5 поколение, рестайлинг;530xi AT xDrive;;
BMW;3-Series;2008;1700000;https://auto.drom.ru/belgorod/bmw/3-series/53114583.html;Характеристики совпадают с ПТС;8 записей о регистрации;Не числится в розыске;Ограничений не обнаружено;Белгороде;бензин, 3.0 л;272 л.с., налог;АКПП;задний;открытый;белый;170 000 км;левый;5 поколение;330i AT;;
BMW;3-Series;2008;1350000;https://auto.drom.ru/spb/bmw/3-series/53524428.html;Характеристики совпадают с ПТС;3 записи о регистрации;Не числится в розыске;Ограничений не обнаружено;Санкт-Петербурге;дизель, 2.0 л;177 л.с., налог;механика;задний;купе;черный;240 000 км;левый;5 поколение;320d MT;;
BMW;X5;2008;4000000;https://auto.drom.ru/kazan/bmw/x5/52099578.html;;;;;Казани;бензин, 4.8 л;355 л.с., налог;АКПП;4WD;;серый;250 000 км;левый;2 поколение;;;
BMW;Z4;2008;2750000;https://auto.drom.ru/bryansk/bmw/z4/53516979.html;Характеристики совпадают с ПТС;1 запись о регистрации;Не числится в розыске;Ограничений не обнаружено;Брянске;бензин, 3.0 л;265 л.с., налог;АКПП;задний;купе;белый;65 000 км;левый;1 поколение, рестайлинг;3.0Si AT;;
BMW;X3;2008;850000;https://auto.drom.ru/moscow/bmw/x3/888250390.html;Характеристики совпадают с ПТС;3 записи о регистрации;Не числится в розыске;Ограничений не обнаружено;Москве;бензин, 3.0 л;272 л.с., налог;АКПП;4WD;;черный;266 000 км;левый;1 поколение, рестайлинг;xDrive30i AT;;
BMW;3-Series;2008;900000;https://auto.drom.ru/moscow/bmw/3-series/761137180.html;Характеристики совпадают с ПТС;9 записей о регистрации;Не числится в розыске;Ограничений не обнаружено;Москве;бензин, 2.0 л;156 л.с., налог;АКПП;задний;седан;черный;220 000 км;левый;5 поколение;320i AT;;
BMW;X6;2008;1385000;https://auto.drom.ru/spb/bmw/x6/54155231.html;Характеристики совпадают с ПТС;2 записи о регистрации;Не числится в розыске;Ограничений не обнаружено;Санкт-Петербурге;бензин, 3.0 л;306 л.с., налог;АКПП;4WD;;белый;327 089 км;левый;1 поколение;xDrive 35i AT;;
BMW;X6;2008;1450000;https://auto.drom.ru/balashiha/bmw/x6/53877470.html;Характеристики совпадают с ПТС;12 записей о регистрации;Не числится в розыске;Ограничений не обнаружено;Балашихе;бензин, 3.0 л;306 л.с., налог;АКПП;4WD;;бордовый;328 000 км;левый;1 поколение;xDrive 35i AT;;
BMW;1-Series;2008;850000;https://auto.drom.ru/spb/bmw/1-series/53429245.html;Характеристики совпадают с ПТС;;Не числится в розыске;Ограничений не обнаружено;Санкт-Петербурге;бензин, 1.6 л;116 л.с., налог;АКПП;задний;хэтчбек 5 дв.;серый;285 000 км;левый;1 поколение, рестайлинг;116i AT Base;;
BMW;3-Series;2008;1200000;https://auto.drom.ru/spb/bmw/3-series/54150177.html;Характеристики совпадают с ПТС;6 записей о регистрации;Не числится в розыске;Ограничений не обнаружено;Санкт-Петербурге;дизель, 2.0 л;177 л.с., налог;АКПП;задний;седан;серебристый;345 000 км;левый;5 поколение;320d AT;;
BMW;5-Series;2008;1245000;https://auto.drom.ru/moscow/bmw/5-series/54150023.html;Характеристики совпадают с ПТС;;Не числится в розыске;Ограничений не обнаружено;Москве;бензин, 3.0 л;272 л.с., налог;АКПП;4WD;седан;черный;260 000 км;левый;5 поколение, рестайлинг;530i AT xDrive;;
BMW;7-Series;2008;970000;https://auto.drom.ru/moscow/bmw/7-series/54149889.html;Характеристики совпадают с ПТС;;Не числится в розыске;Ограничений не обнаружено;Москве;бензин, 3.0 л;258 л.с., налог;АКПП;задний;;черный;250 000 км;левый;4 поколение, рестайлинг;;;
BMW;3-Series;2008;2170000;https://auto.drom.ru/spb/bmw/3-series/54146222.html;Характеристики совпадают с ПТС;9 записей о регистрации;Не числится в розыске;Ограничений не обнаружено;Санкт-Петербурге;бензин, 3.0 л;306 л.с., налог;АКПП;задний;купе;бежевый;199 200 км;левый;5 поколение;335i AT;;
BMW;3-Series;2008;890000;https://auto.drom.ru/cheboksary/bmw/3-series/53866702.html;Характеристики совпадают с ПТС;10 записей о регистрации;Не числится в розыске;Ограничений не обнаружено;Чебоксарах;бензин, 2.5 л;218 л.с., налог;АКПП;4WD;седан;серый;292 000 км;левый;5 поколение;325xi AT;;
BMW;3-Series;2008;949990;https://auto.drom.ru/spb/bmw/3-series/53864016.html;Характеристики совпадают с ПТС;12 записей о регистрации;Не числится в розыске;Ограничений не обнаружено;Санкт-Петербурге;бензин, 2.5 л;218 л.с., налог;АКПП;4WD;купе;белый;247 000 км;левый;5 поколение;325i AT xDrive;;
BMW;X6;2009;2000000;https://auto.drom.ru/yadrin/bmw/x6/53489051.html;Характеристики совпадают с ПТС;4 записи о регистрации;Не числится в розыске;Ограничений не обнаружено;Ядрине;бензин, 3.0 л;306 л.с., налог;АКПП;4WD;;красный;228 000 км;левый;1 поколение;;;
BMW;1-Series;2009;675000;https://auto.drom.ru/moscow/bmw/1-series/192285035.html;Характеристики совпадают с ПТС;9 записей о регистрации;Не числится в розыске;Ограничений не обнаружено;Москве;бензин, 1.6 л;115 л.с., налог;автомат;задний;хэтчбек 5 дв.;черный;345 025 км;левый;;;;
BMW;X6;2009;2249999;https://auto.drom.ru/spb/bmw/x6/889315794.html;Характеристики совпадают с ПТС;4 записи о регистрации;Не числится в розыске;Ограничений не обнаружено;Санкт-Петербурге;дизель, 3.0 л;235 л.с., налог;АКПП;4WD;;серебристый;231 000 км;левый;1 поколение;xDrive 30d AT;;
BMW;5-Series Gran Turismo;2009;1850000;https://auto.drom.ru/moscow/bmw/5-series_gran_turismo/157987091.html;Характеристики совпадают с ПТС;5 записей о регистрации;Не числится в розыске;Ограничений не обнаружено;Москве;дизель, 3.0 л;245 л.с., налог;АКПП;задний;;бежевый;210 085 км;левый;6 поколение;530d AT;;
BMW;X6;2009;1490000;https://auto.drom.ru/moscow/bmw/x6/808695017.html;Характеристики совпадают с ПТС;14 записей о регистрации;Не числится в розыске;Ограничений не обнаружено;Москве;бензин, 3.0 л;306 л.с., налог;АКПП;4WD;;белый;252 039 км;левый;1 поколение;;;
BMW;7-Series;2009;1788137;https://auto.drom.ru/lida/bmw/7-series/53454939.html;;;;;Лиде;дизель, 3.0 л;245 л.с., налог;АКПП;задний;;черный;275 000 км;левый;5 поколение;730Ld AT;;
BMW;7-Series;2009;2000000;https://auto.drom.ru/moscow/bmw/7-series/421299895.html;Характеристики совпадают с ПТС;4 записи о регистрации;Не числится в розыске;Ограничений не обнаружено;Москве;дизель, 3.0 л;245 л.с., налог;АКПП;задний;;черный;290 000 км;левый;5 поколение;;;
BMW;X5;2009;2349000;https://auto.drom.ru/spb/bmw/x5/504805021.html;Характеристики совпадают с ПТС;1 запись о регистрации;Не числится в розыске;Ограничений не обнаружено;Санкт-Петербурге;дизель, 3.0 л;235 л.с., налог;АКПП;4WD;;черный;192 415 км;левый;2 поколение;xDrive 30d AT;;
BMW;7-Series;2009;1650000;https://auto.drom.ru/moscow/bmw/7-series/439731930.html;Характеристики совпадают с ПТС;7 записей о регистрации;Не числится в розыске;Ограничений не обнаружено;Москве;бензин, 4.4 л;407 л.с., налог;АКПП;4WD;;черный;197 000 км;левый;5 поколение;;;
BMW;5-Series;2009;1210000;https://auto.drom.ru/nizhniy-novgorod/bmw/5-series/54134329.html;Характеристики совпадают с ПТС;9 записей о регистрации;Не числится в розыске;Ограничений не обнаружено;Нижнем Новгороде;дизель, 2.0 л;177 л.с., налог;АКПП;задний;седан;черный;278 000 км;левый;5 поколение, рестайлинг;;;
BMW;X3;2009;990000;https://auto.drom.ru/reutov/bmw/x3/53469282.html;Характеристики совпадают с ПТС;2 записи о регистрации;Не числится в розыске;Ограничений не обнаружено;Реутове;дизель, 2.0 л;177 л.с., налог;АКПП;4WD;;серый;249 000 км;левый;1 поколение, рестайлинг;xDrive20d AT;;
BMW;X5;2009;1740000;https://auto.drom.ru/spb/bmw/x5/174899048.html;Характеристики совпадают с ПТС;5 записей о регистрации;Не числится в розыске;Ограничений не обнаружено;Санкт-Петербурге;дизель, 3.0 л;286 л.с., налог;АКПП;4WD;;синий;293 000 км;левый;2 поколение;xDrive 35d AT;;
BMW;X5;2009;2428000;https://auto.drom.ru/moscow/bmw/x5/438665961.html;Характеристики совпадают с ПТС;3 записи о регистрации;Не числится в розыске;Ограничений не обнаружено;Москве;дизель, 3.0 л;235 л.с., налог;АКПП;4WD;;черный;246 302 км;левый;2 поколение;xDrive 30d AT;;
BMW;X6;2009;3150000;https://auto.drom.ru/moscow/bmw/x6/150951224.html;Характеристики совпадают с ПТС;3 записи о регистрации;Не числится в розыске;Ограничений не обнаружено;Москве;бензин, 3.0 л;306 л.с., налог;АКПП;4WD;;бордовый;157 000 км;левый;1 поколение;;;
BMW;7-Series;2009;2050000;https://auto.drom.ru/volgograd/bmw/7-series/218806277.html;Характеристики совпадают с ПТС;8 записей о регистрации;Не числится в розыске;Ограничений не обнаружено;Волгограде;дизель, 3.0 л;245 л.с., налог;АКПП;задний;;черный;285 000 км;левый;5 поколение;730Ld AT;;
BMW;3-Series;2009;1450000;https://auto.drom.ru/ryazan/bmw/3-series/53811491.html;Характеристики совпадают с ПТС;1 запись о регистрации;Не числится в розыске;Ограничений не обнаружено;Рязани;бензин, 3.0 л;230 л.с., налог;АКПП;задний;купе;черный;163 000 км;левый;5 поколение;328i AT;;
BMW;X1;2009;1500000;https://auto.drom.ru/pskov/bmw/x1/54098592.html;Объем двигателя не совпадает с ПТС;6 записей о регистрации;Не числится в розыске;Ограничений не обнаружено;Пскове;дизель, 2.0 л;177 л.с., налог;АКПП;4WD;;красный;150 000 км;левый;1 поколение;xDrive 20d AT Базовая;;
BMW;5-Series;2009;1350000;https://auto.drom.ru/moscow/bmw/5-series/648248137.html;Характеристики совпадают с ПТС;4 записи о регистрации;Не числится в розыске;Ограничений не обнаружено;Москве;бензин, 2.5 л;218 л.с., налог;АКПП;задний;седан;красный;245 000 км;левый;5 поколение, рестайлинг;525i AT;;
BMW;X3;2009;1600000;https://auto.drom.ru/moscow/bmw/x3/54107271.html;Характеристики совпадают с ПТС;2 записи о регистрации;Не числится в розыске;Ограничений не обнаружено;Москве;дизель, 2.0 л;177 л.с., налог;АКПП;4WD;;серый;230 000 км;левый;1 поколение, рестайлинг;xDrive20d AT;;
