Бренд;Модель;Год;Цена;URL;ПТС;Владельцы;Розыск;Ограничения;Город;Двигатель;Мощность;Коробка передач;Привод;Пробег;Руль;Поколение;Цвет;Тип кузова;Комплектация;Особые отметки;VIN;
Audi;A5;2015;2339789;https://auto.drom.ru/spb/audi/a5/54088986.html;Характеристики совпадают с ПТС;4 записи о регистрации;Не числится в розыске;Ограничений не обнаружено;Санкт-Петербурге;бензин, 2.0 л;230 л.с., налог;робот;4WD;57 160 км;левый;1 поколение, рестайлинг;белый;купе;;;;
Audi;A3;2015;2230000;https://auto.drom.ru/spb/audi/a3/53433665.html;Характеристики совпадают с ПТС;4 записи о регистрации;Не числится в розыске;Ограничений не обнаружено;Санкт-Петербурге;бензин, 1.8 л;180 л.с., налог;робот;4WD;83 217 км;левый;3 поколение;серебристый;седан;;;;
Audi;Q7;2015;3200000;https://auto.drom.ru/ivanovo/audi/q7/53428224.html;Характеристики совпадают с ПТС;3 записи о регистрации;Не числится в розыске;Ограничений не обнаружено;Иваново;бензин, 3.0 л;333 л.с., налог;АКПП;4WD;250 000 км;левый;2 поколение;черный;;;;;
Audi;Q7;2015;3998000;https://auto.drom.ru/moscow/audi/q7/219648778.html;Характеристики совпадают с ПТС;2 записи о регистрации;Не числится в розыске;Ограничений не обнаружено;Москве;дизель, 3.0 л;249 л.с., налог;АКПП;4WD;182 073 км;левый;2 поколение;черный;;;;;
Audi;Q7;2015;3200000;https://auto.drom.ru/kraskovo/audi/q7/597844606.html;Характеристики совпадают с ПТС;2 записи о регистрации;Не числится в розыске;Ограничений не обнаружено;Краскове;дизель, 3.0 л;249 л.с., налог;АКПП;4WD;199 000 км;левый;2 поколение;черный;;3.0 45 TDI quattro tiptronic Comfort;;;
Audi;A6 allroad quattro;2015;3583206;https://auto.drom.ru/minsk/audi/a6_allroad_quattro/532262130.html;;;;;Минске;бензин, 3.0 л;333 л.с., налог;робот;4WD;67 000 км;левый;3 поколение, рестайлинг;серый;;3.0 TFSI quattro S tronic Business;;;
Audi;Q7;2015;2767686;https://auto.drom.ru/minsk/audi/q7/52968928.html;Характеристики совпадают с ПТС;2 записи о регистрации;Не числится в розыске;Ограничений не обнаружено;Минске;бензин, 3.0 л;333 л.с., налог;АКПП;4WD;211 000 км;левый;2 поколение;белый;;3.0 55 TFSI quattro tiptronic Comfort;;;
Audi;A4;2015;1797000;https://auto.drom.ru/moscow/audi/a4/53408526.html;Характеристики совпадают с ПТС;3 записи о регистрации;Не числится в розыске;Ограничений не обнаружено;Москве;бензин, 1.8 л;170 л.с., налог;вариатор;передний;63 000 км;левый;4 поколение, рестайлинг;коричневый;седан;;;;
Audi;A6;2015;1729000;https://auto.drom.ru/spb/audi/a6/53801550.html;Характеристики совпадают с ПТС;5 записей о регистрации;Не числится в розыске;Ограничений не обнаружено;Санкт-Петербурге;бензин, 1.8 л;190 л.с., налог;робот;передний;188 000 км;левый;4 поколение, рестайлинг;белый;седан;;;;
Audi;A1;2015;1689000;https://auto.drom.ru/moscow/audi/a1/918740707.html;Характеристики совпадают с ПТС;2 записи о регистрации;Не числится в розыске;Ограничений не обнаружено;Москве;бензин, 1.4 л;125 л.с., налог;робот;передний;88 399 км;левый;1 поколение, рестайлинг;белый;хэтчбек 3 дв.;;;;
Audi;A4;2015;2695000;https://auto.drom.ru/moscow/audi/a4/143339492.html;Характеристики совпадают с ПТС;1 запись о регистрации;Не числится в розыске;Ограничений не обнаружено;Москве;бензин, 1.4 л;150 л.с., налог;робот;передний;62 344 км;левый;5 поколение;серый;седан;;;;
Audi;Q3;2015;2199874;https://auto.drom.ru/spb/audi/q3/132119660.html;Характеристики совпадают с ПТС;3 записи о регистрации;Не числится в розыске;Ограничений не обнаружено;Санкт-Петербурге;бензин, 2.0 л;180 л.с., налог;робот;4WD;118 539 км;левый;1 поколение, рестайлинг;синий;;;;;
Audi;Q7;2015;4250000;https://auto.drom.ru/moscow/audi/q7/423478822.html;Характеристики совпадают с ПТС;1 запись о регистрации;Не числится в розыске;Ограничений не обнаружено;Москве;дизель, 3.0 л;249 л.с., налог;АКПП;4WD;177 000 км;левый;2 поколение;синий;;;;;
Audi;Q7;2015;3899999;https://auto.drom.ru/shuya/audi/q7/668423227.html;Характеристики совпадают с ПТС;3 записи о регистрации;Не числится в розыске;Ограничений не обнаружено;Шуе;дизель, 3.0 л;249 л.с., налог;АКПП;4WD;179 900 км;левый;2 поколение;белый;;;;;
Audi;Q3;2015;2148000;https://auto.drom.ru/moscow/audi/q3/331879734.html;Характеристики совпадают с ПТС;1 запись о регистрации;Не числится в розыске;Ограничений не обнаружено;Москве;бензин, 2.0 л;180 л.с., налог;робот;4WD;139 000 км;левый;1 поколение, рестайлинг;коричневый;;;;;
Audi;Q3;2015;1970000;https://auto.drom.ru/moscow/audi/q3/659240348.html;Характеристики совпадают с ПТС;4 записи о регистрации;Не числится в розыске;Ограничений не обнаружено;Москве;бензин, 2.0 л;180 л.с., налог;робот;4WD;127 000 км;левый;1 поколение, рестайлинг;белый;;;;;
Audi;A3;2015;1470000;https://auto.drom.ru/moscow/audi/a3/108469545.html;Характеристики совпадают с ПТС;2 записи о регистрации;Не числится в розыске;Ограничений не обнаружено;Москве;бензин, 1.4 л;125 л.с., налог;робот;передний;201 400 км;левый;3 поколение;белый;седан;;;;
Audi;Q5;2015;2450000;https://auto.drom.ru/stariy-oskol/audi/q5/579793575.html;Характеристики совпадают с ПТС;1 запись о регистрации;Не числится в розыске;Ограничений не обнаружено;Старом Осколе;бензин, 2.0 л;230 л.с., налог;АКПП;4WD;144 000 км;левый;1 поколение, рестайлинг;белый;;;;;
Audi;A6;2015;2600000;https://auto.drom.ru/moscow/audi/a6/945726517.html;Характеристики совпадают с ПТС;2 записи о регистрации;Не числится в розыске;Ограничений не обнаружено;Москве;бензин, 1.8 л;190 л.с., налог;робот;передний;101 785 км;левый;4 поколение, рестайлинг;черный;седан;;;;
Audi;Q7;2015;4690000;https://auto.drom.ru/moscow/audi/q7/144817242.html;Характеристики совпадают с ПТС;1 запись о регистрации;Не числится в розыске;Ограничений не обнаружено;Москве;дизель, 3.0 л;249 л.с., налог;АКПП;4WD;48 191 км;левый;2 поколение;черный;;;;;
Audi;A5;2015;1870000;https://auto.drom.ru/moscow/audi/a5/54066054.html;Характеристики совпадают с ПТС;4 записи о регистрации;Не числится в розыске;Ограничений не обнаружено;Москве;бензин, 2.0 л;230 л.с., налог;робот;4WD;178 100 км;левый;1 поколение, рестайлинг;черный;лифтбек;2.0 TFSI quattro S tronic Sport;;;
Audi;A4;2015;2100000;https://auto.drom.ru/volgograd/audi/a4/53770095.html;Характеристики совпадают с ПТС;2 записи о регистрации;Не числится в розыске;Ограничений не обнаружено;Волгограде;бензин, 2.0 л;190 л.с., налог;робот;передний;102 563 км;левый;5 поколение;белый;седан;;;;
Audi;A6;2015;2425700;https://auto.drom.ru/moscow/audi/a6/463519267.html;Характеристики совпадают с ПТС;5 записей о регистрации;Не числится в розыске;Ограничений не обнаружено;Москве;бензин, 2.8 л;220 л.с., налог;робот;4WD;122 739 км;левый;4 поколение, рестайлинг;черный;седан;;;;
Audi;Q3;2015;2000000;https://auto.drom.ru/moscow/audi/q3/257730459.html;Характеристики совпадают с ПТС;3 записи о регистрации;Не числится в розыске;Ограничений не обнаружено;Москве;бензин, 2.0 л;180 л.с., налог;робот;4WD;103 077 км;левый;1 поколение, рестайлинг;красный;;;;;
Audi;A1;2015;1199000;https://auto.drom.ru/moscow/audi/a1/585266858.html;Характеристики совпадают с ПТС;2 записи о регистрации;Не числится в розыске;Ограничений не обнаружено;Москве;бензин, 1.4 л;125 л.с., налог;робот;передний;210 000 км;левый;1 поколение, рестайлинг;;хэтчбек 5 дв.;;;;
Audi;Q5;2015;2330000;https://auto.drom.ru/spb/audi/q5/588047572.html;Характеристики совпадают с ПТС;3 записи о регистрации;Не числится в розыске;Ограничений не обнаружено;Санкт-Петербурге;бензин, 2.0 л;225 л.с., налог;АКПП;4WD;153 522 км;левый;1 поколение, рестайлинг;синий;;;;;
Audi;Q5;2015;2529000;https://auto.drom.ru/spb/audi/q5/765430825.html;Характеристики совпадают с ПТС;2 записи о регистрации;Не числится в розыске;Ограничений не обнаружено;Санкт-Петербурге;бензин, 2.0 л;225 л.с., налог;АКПП;4WD;117 000 км;левый;1 поколение, рестайлинг;белый;;;;;
Audi;A3;2015;1604000;https://auto.drom.ru/moscow/audi/a3/661967034.html;Характеристики совпадают с ПТС;1 запись о регистрации;Не числится в розыске;Ограничений не обнаружено;Москве;бензин, 1.4 л;125 л.с., налог;робот;передний;75 949 км;левый;3 поколение;черный;седан;;;;
Audi;A3;2015;1694000;https://auto.drom.ru/voronezh/audi/a3/416259700.html;Характеристики совпадают с ПТС;3 записи о регистрации;Не числится в розыске;Ограничений не обнаружено;Воронеже;бензин, 1.4 л;125 л.с., налог;робот;передний;78 665 км;левый;3 поколение;коричневый;седан;;;;
Audi;A6;2015;1667444;https://auto.drom.ru/kazan/audi/a6/53369761.html;Характеристики совпадают с ПТС;6 записей о регистрации;Не числится в розыске;Ограничений не обнаружено;Казани;бензин, 1.8 л;190 л.с., налог;робот;передний;197 219 км;левый;4 поколение, рестайлинг;черный;седан;;;;
Audi;A6;2015;2100000;https://auto.drom.ru/bryansk/audi/a6/52854731.html;Характеристики совпадают с ПТС;3 записи о регистрации;Не числится в розыске;Ограничений не обнаружено;Брянске;бензин, 1.8 л;190 л.с., налог;робот;передний;250 000 км;левый;4 поколение, рестайлинг;черный;седан;;;;
Audi;Q3;2015;2260000;https://auto.drom.ru/moscow/audi/q3/52509532.html;Характеристики совпадают с ПТС;2 записи о регистрации;Не числится в розыске;Ограничений не обнаружено;Москве;бензин, 2.0 л;180 л.с., налог;робот;4WD;103 900 км;левый;1 поколение, рестайлинг;серый;;;;;
Audi;Q3;2015;2079000;https://auto.drom.ru/voronezh/audi/q3/345346414.html;Характеристики совпадают с ПТС;5 записей о регистрации;Не числится в розыске;Ограничений не обнаружено;Воронеже;бензин, 2.0 л;180 л.с., налог;робот;4WD;95 503 км;левый;1 поколение, рестайлинг;белый;;;;;
Audi;Q5;2015;2800000;https://auto.drom.ru/bryansk/audi/q5/824007157.html;Характеристики совпадают с ПТС;4 записи о регистрации;Не числится в розыске;Ограничений не обнаружено;Брянске;бензин, 2.0 л;225 л.с., налог;АКПП;4WD;130 500 км;левый;1 поколение, рестайлинг;серый;;2.0 TFSI quattro tiptronic Sport;;;
Audi;A4;2015;2174650;https://auto.drom.ru/kazan/audi/a4/688419123.html;Характеристики совпадают с ПТС;3 записи о регистрации;Не числится в розыске;Ограничений не обнаружено;Казани;бензин, 2.0 л;225 л.с., налог;робот;4WD;159 900 км;левый;4 поколение, рестайлинг;черный;седан;;;;
Audi;Q3;2015;2098900;https://auto.drom.ru/moscow/audi/q3/858727840.html;Характеристики совпадают с ПТС;1 запись о регистрации;Не числится в розыске;Ограничений не обнаружено;Москве;бензин, 2.0 л;180 л.с., налог;робот;4WD;120 000 км;левый;1 поколение, рестайлинг;голубой;;;;;
Audi;A3;2015;1489000;https://auto.drom.ru/moscow/audi/a3/53746101.html;Характеристики совпадают с ПТС;2 записи о регистрации;Не числится в розыске;Ограничений не обнаружено;Москве;бензин, 1.4 л;125 л.с., налог;робот;передний;132 318 км;левый;3 поколение;красный;седан;;;;
Audi;A7;2015;3435000;https://auto.drom.ru/moscow/audi/a7/882109591.html;Характеристики совпадают с ПТС;2 записи о регистрации;Не числится в розыске;Ограничений не обнаружено;Москве;бензин, 2.0 л;249 л.с., налог;робот;4WD;89 705 км;левый;1 поколение, рестайлинг;синий;;;;;
Audi;Q5;2015;2319000;https://auto.drom.ru/spb/audi/q5/53746090.html;Характеристики совпадают с ПТС;1 запись о регистрации;Не числится в розыске;Ограничений не обнаружено;Санкт-Петербурге;дизель, 2.0 л;177 л.с., налог;робот;4WD;103 232 км;левый;1 поколение, рестайлинг;белый;;;;;
Audi;Q3;2015;2065000;https://auto.drom.ru/ulyanovsk/audi/q3/468176089.html;Характеристики совпадают с ПТС;3 записи о регистрации;Не числится в розыске;Ограничений не обнаружено;Ульяновске;бензин, 2.0 л;180 л.с., налог;робот;4WD;119 000 км;левый;1 поколение, рестайлинг;белый;;;;;
Audi;Q3;2015;2400000;https://auto.drom.ru/moscow/audi/q3/237161041.html;Характеристики совпадают с ПТС;4 записи о регистрации;Не числится в розыске;Ограничений не обнаружено;Москве;бензин, 2.0 л;180 л.с., налог;робот;4WD;80 000 км;левый;1 поколение, рестайлинг;золотистый;;2.0 TFSI quattro S tronic Sport;;;
Audi;A3;2015;1934000;https://auto.drom.ru/balashiha/audi/a3/54022009.html;Характеристики совпадают с ПТС;3 записи о регистрации;Не числится в розыске;Ограничений не обнаружено;Балашихе;бензин, 1.8 л;180 л.с., налог;робот;4WD;143 625 км;левый;3 поколение;синий;седан;;;;
Audi;A3;2015;1799000;https://auto.drom.ru/ulyanovsk/audi/a3/52464071.html;Характеристики совпадают с ПТС;2 записи о регистрации;Не числится в розыске;Ограничений не обнаружено;Ульяновске;бензин, 1.8 л;180 л.с., налог;робот;4WD;49 000 км;правый;3 поколение;белый;седан;1.8 TFSI Quattro S Line Package;;;
Audi;Q3;2015;2079000;https://auto.drom.ru/kolomna/audi/q3/799361100.html;Характеристики совпадают с ПТС;1 запись о регистрации;Не числится в розыске;Ограничений не обнаружено;Коломне;бензин, 2.0 л;180 л.с., налог;робот;4WD;109 000 км;левый;1 поколение, рестайлинг;черный;;;;;
Audi;TT;2015;3287000;https://auto.drom.ru/moscow/audi/tt/244200738.html;Характеристики совпадают с ПТС;1 запись о регистрации;Не числится в розыске;Ограничений не обнаружено;Москве;бензин, 2.0 л;230 л.с., налог;автомат;4WD;64 027 км;левый;;красный;купе;;;;
Audi;A6;2015;2430000;https://auto.drom.ru/moscow/audi/a6/931155992.html;Характеристики совпадают с ПТС;3 записи о регистрации;Не числится в розыске;Ограничений не обнаружено;Москве;бензин, 1.8 л;190 л.с., налог;робот;передний;130 372 км;левый;4 поколение, рестайлинг;серый;седан;;;;
Audi;A8;2015;2635000;https://auto.drom.ru/moscow/audi/a8/53727249.html;Характеристики совпадают с ПТС;5 записей о регистрации;Не числится в розыске;Ограничений не обнаружено;Москве;3.0 л;;автомат;;158 506 км;левый;3 поколение, рестайлинг;черный;;;;;
Audi;A6;2015;1882000;https://auto.drom.ru/moscow/audi/a6/53324152.html;Характеристики совпадают с ПТС;2 записи о регистрации;Не числится в розыске;Ограничений не обнаружено;Москве;бензин, 1.8 л;190 л.с., налог;робот;передний;240 000 км;левый;4 поколение, рестайлинг;серый;седан;;;;
Audi;A4 allroad quattro;2015;1985000;https://auto.drom.ru/spb/audi/a4_allroad_quattro/53322807.html;Характеристики совпадают с ПТС;2 записи о регистрации;Не числится в розыске;Ограничений не обнаружено;Санкт-Петербурге;бензин, 2.0 л;225 л.с., налог;робот;4WD;140 692 км;левый;1 поколение, рестайлинг;синий;;;;;
Audi;A5;2015;2180000;https://auto.drom.ru/kazan/audi/a5/326503575.html;Характеристики совпадают с ПТС;2 записи о регистрации;Не числится в розыске;Ограничений не обнаружено;Казани;бензин, 2.0 л;225 л.с., налог;робот;4WD;105 500 км;левый;1 поколение, рестайлинг;белый;купе;;;;
Audi;Q5;2015;2171640;https://auto.drom.ru/minsk/audi/q5/54003389.html;;;;;Минске;бензин, 3.0 л;272 л.с., налог;АКПП;4WD;87 000 км;левый;1 поколение, рестайлинг;белый;;3.0 TFSI quattro tiptronic;;;
Audi;A6;2015;1775000;https://auto.drom.ru/kazan/audi/a6/807551975.html;Характеристики совпадают с ПТС;6 записей о регистрации;Не числится в розыске;Ограничений не обнаружено;Казани;бензин, 1.8 л;190 л.с., налог;робот;передний;214 929 км;левый;4 поколение, рестайлинг;черный;седан;;;;
Audi;A7;2015;2597000;https://auto.drom.ru/moscow/audi/a7/522248974.html;Характеристики совпадают с ПТС;3 записи о регистрации;Не числится в розыске;Ограничений не обнаружено;Москве;бензин, 2.0 л;249 л.с., налог;робот;4WD;218 000 км;левый;1 поколение, рестайлинг;серый;;;;;
Audi;A4;2015;2255000;https://auto.drom.ru/moscow/audi/a4/53997199.html;Характеристики совпадают с ПТС;1 запись о регистрации;Не числится в розыске;Ограничений не обнаружено;Москве;бензин, 1.4 л;150 л.с., налог;робот;передний;58 500 км;левый;5 поколение;коричневый;седан;;;;
Audi;RS3;2015;3900000;https://auto.drom.ru/spb/audi/rs3/53695335.html;Объем двигателя не совпадает с ПТС;5 записей о регистрации;Не числится в розыске;Ограничений не обнаружено;Санкт-Петербурге;бензин, 4.2 л;367 л.с., налог;автомат;4WD;90 000 км;левый;;красный;хэтчбек 5 дв.;;;;
Audi;A4 allroad quattro;2015;2365000;https://auto.drom.ru/moscow/audi/a4_allroad_quattro/852506179.html;Характеристики совпадают с ПТС;3 записи о регистрации;Не числится в розыске;Ограничений не обнаружено;Москве;бензин, 2.0 л;225 л.с., налог;робот;4WD;141 150 км;левый;1 поколение, рестайлинг;черный;;;;;
Audi;A7;2015;2490455;https://auto.drom.ru/minsk/audi/a7/52842348.html;;;;;Минске;бензин, 2.8 л;220 л.с., налог;робот;4WD;87 000 км;левый;1 поколение, рестайлинг;черный;;;;;
Audi;Q7;2015;3091121;https://auto.drom.ru/minsk/audi/q7/52836474.html;Характеристики совпадают с ПТС;2 записи о регистрации;Не числится в розыске;Ограничений не обнаружено;Минске;бензин, 3.0 л;333 л.с., налог;АКПП;4WD;245 000 км;левый;2 поколение;серый;;;;;
Audi;Q5;2015;2269000;https://auto.drom.ru/spb/audi/q5/658525398.html;Характеристики совпадают с ПТС;5 записей о регистрации;Не числится в розыске;Ограничений не обнаружено;Санкт-Петербурге;бензин, 2.0 л;225 л.с., налог;АКПП;4WD;119 450 км;левый;1 поколение, рестайлинг;коричневый;;;;;
Audi;A6;2015;1850000;https://auto.drom.ru/belgorod/audi/a6/53985423.html;Характеристики совпадают с ПТС;6 записей о регистрации;Не числится в розыске;Ограничений не обнаружено;Белгороде;бензин, 1.8 л;190 л.с., налог;робот;передний;218 000 км;левый;4 поколение, рестайлинг;черный;седан;;;;
Audi;Q3;2015;2338000;https://auto.drom.ru/moscow/audi/q3/947223853.html;Характеристики совпадают с ПТС;2 записи о регистрации;Не числится в розыске;Ограничений не обнаружено;Москве;бензин, 2.0 л;180 л.с., налог;робот;4WD;54 426 км;левый;1 поколение, рестайлинг;коричневый;;;;;
Audi;A5;2015;2550000;https://auto.drom.ru/moscow/audi/a5/53989009.html;Характеристики совпадают с ПТС;3 записи о регистрации;Не числится в розыске;Ограничений не обнаружено;Москве;бензин, 2.0 л;230 л.с., налог;робот;4WD;109 000 км;левый;1 поколение, рестайлинг;черный;купе;2.0 TFSI quattro S Tronic Sport;;;
Audi;A4;2015;1550000;https://auto.drom.ru/belgorod/audi/a4/53985682.html;Характеристики совпадают с ПТС;7 записей о регистрации;Не числится в розыске;Ограничений не обнаружено;Белгороде;бензин, 1.8 л;170 л.с., налог;вариатор;передний;113 000 км;левый;4 поколение, рестайлинг;черный;седан;1.8 TFSI Multitronic Sport;;;
Audi;Q7;2015;3690000;https://auto.drom.ru/tver/audi/q7/53983038.html;Характеристики совпадают с ПТС;3 записи о регистрации;Не числится в розыске;Ограничений не обнаружено;Твери;дизель, 3.0 л;249 л.с., налог;АКПП;4WD;212 165 км;левый;2 поколение;черный;;;;;
Audi;TT;2015;2990000;https://auto.drom.ru/moscow/audi/tt/53287355.html;Характеристики совпадают с ПТС;3 записи о регистрации;Не числится в розыске;Ограничений не обнаружено;Москве;бензин, 2.0 л;230 л.с., налог;робот;4WD;96 500 км;левый;3 поколение;серый;хэтчбек 3 дв.;2.0 TFSI quattro S tronic;;;
Audi;Q5;2015;1877333;https://auto.drom.ru/spb/audi/q5/52757384.html;Характеристики совпадают с ПТС;5 записей о регистрации;Не числится в розыске;Ограничений не обнаружено;Санкт-Петербурге;дизель, 2.0 л;177 л.с., налог;робот;4WD;132 867 км;левый;1 поколение, рестайлинг;белый;;;;;
Audi;A4;2015;1990000;https://auto.drom.ru/dzerzhinsk/audi/a4/795663073.html;Характеристики совпадают с ПТС;4 записи о регистрации;Не числится в розыске;Ограничений не обнаружено;Дзержинске;бензин, 1.8 л;170 л.с., налог;вариатор;передний;132 000 км;левый;4 поколение, рестайлинг;черный;седан;1.8 TFSI Multitronic Ambition;;;
Audi;A4;2015;1590000;https://auto.drom.ru/moscow/audi/a4/568197414.html;Характеристики совпадают с ПТС;3 записи о регистрации;Не числится в розыске;Ограничений не обнаружено;Москве;бензин, 1.8 л;170 л.с., налог;вариатор;передний;181 000 км;левый;4 поколение, рестайлинг;синий;седан;1.8 TFSI Multitronic Comfort;;;
Audi;Q5;2015;2350000;https://auto.drom.ru/spb/audi/q5/53270284.html;Характеристики совпадают с ПТС;2 записи о регистрации;Не числится в розыске;Ограничений не обнаружено;Санкт-Петербурге;бензин, 2.0 л;225 л.с., налог;АКПП;4WD;158 300 км;левый;1 поколение, рестайлинг;белый;;;;;
Audi;A6 allroad quattro;2015;2549000;https://auto.drom.ru/moscow/audi/a6_allroad_quattro/53116860.html;Характеристики совпадают с ПТС;3 записи о регистрации;Не числится в розыске;Ограничений не обнаружено;Москве;дизель, 3.0 л;245 л.с., налог;робот;4WD;44 042 км;левый;3 поколение, рестайлинг;черный;;;;;
Audi;A5;2015;2250000;https://auto.drom.ru/kazan/audi/a5/928328556.html;Характеристики совпадают с ПТС;2 записи о регистрации;Не числится в розыске;Ограничений не обнаружено;Казани;бензин, 2.0 л;225 л.с., налог;робот;4WD;105 000 км;левый;1 поколение, рестайлинг;белый;купе;2.0 TFSI quattro S Tronic Sport;;;
Audi;Q3;2015;1843584;https://auto.drom.ru/minsk/audi/q3/53910366.html;Характеристики совпадают с ПТС;;Не числится в розыске;Ограничений не обнаружено;Минске;бензин, 2.0 л;180 л.с., налог;робот;4WD;147 000 км;левый;1 поколение, рестайлинг;черный;;2.0 TFSI quattro S tronic Comfort;;;
Audi;A7;2015;3050000;https://auto.drom.ru/moscow/audi/a7/52160042.html;Характеристики совпадают с ПТС;6 записей о регистрации;Не числится в розыске;Ограничений не обнаружено;Москве;бензин, 3.0 л;333 л.с., налог;робот;4WD;140 000 км;левый;1 поколение, рестайлинг;белый;;3.0 TFSI quattro S tronic Sline;;;
Audi;Q5;2015;2400000;https://auto.drom.ru/mytishchi/audi/q5/53610560.html;Характеристики совпадают с ПТС;7 записей о регистрации;Не числится в розыске;Ограничений не обнаружено;Мытищах;бензин, 2.0 л;225 л.с., налог;АКПП;4WD;90 000 км;левый;1 поколение, рестайлинг;белый;;2.0 TFSI quattro tiptronic Sport;;;
Audi;A6 allroad quattro;2015;2550000;https://auto.drom.ru/moscow/audi/a6_allroad_quattro/361417930.html;Характеристики совпадают с ПТС;4 записи о регистрации;Не числится в розыске;Ограничений не обнаружено;Москве;дизель, 3.0 л;245 л.с., налог;робот;4WD;218 675 км;левый;3 поколение, рестайлинг;белый;;;;;
Audi;A8;2015;2200000;https://auto.drom.ru/moscow/audi/a8/336648006.html;Характеристики совпадают с ПТС;2 записи о регистрации;Не числится в розыске;Ограничений не обнаружено;Москве;бензин, 3.0 л;310 л.с., налог;АКПП;4WD;238 000 км;левый;3 поколение, рестайлинг;черный;;;;;
Audi;Q5;2015;2250000;https://auto.drom.ru/ramenskoe/audi/q5/51247796.html;Характеристики совпадают с ПТС;2 записи о регистрации;Не числится в розыске;Ограничений не обнаружено;Раменском;дизель, 3.0 л;245 л.с., налог;робот;4WD;153 267 км;левый;1 поколение, рестайлинг;серый;;;;;
Audi;A6;2015;2229000;https://auto.drom.ru/spb/audi/a6/626724910.html;Характеристики совпадают с ПТС;1 запись о регистрации;Не числится в розыске;Ограничений не обнаружено;Санкт-Петербурге;бензин, 1.8 л;190 л.с., налог;робот;передний;112 295 км;левый;4 поколение, рестайлинг;черный;седан;;;;
Audi;A4;2015;1650000;https://auto.drom.ru/moscow/audi/a4/53650455.html;Характеристики совпадают с ПТС;2 записи о регистрации;Не числится в розыске;Ограничений не обнаружено;Москве;бензин, 1.8 л;170 л.с., налог;вариатор;передний;136 000 км;левый;4 поколение, рестайлинг;белый;седан;;;;
Audi;A1;2015;1336000;https://auto.drom.ru/spb/audi/a1/495741756.html;Характеристики совпадают с ПТС;2 записи о регистрации;Не числится в розыске;Ограничений не обнаружено;Санкт-Петербурге;бензин, 1.4 л;125 л.с., налог;робот;передний;78 291 км;левый;1 поколение, рестайлинг;белый;хэтчбек 3 дв.;;;;
Audi;A5;2015;1900000;https://auto.drom.ru/serpuhov/audi/a5/263311797.html;Характеристики совпадают с ПТС;2 записи о регистрации;Не числится в розыске;Ограничений не обнаружено;Серпухове;бензин, 1.8 л;170 л.с., налог;вариатор;передний;113 000 км;левый;1 поколение, рестайлинг;серый;лифтбек;1.8 TFSI Multitronic Sport;;;
Audi;Q7;2015;3501000;https://auto.drom.ru/moscow/audi/q7/616134304.html;Характеристики совпадают с ПТС;3 записи о регистрации;Не числится в розыске;Ограничений не обнаружено;Москве;дизель, 3.0 л;249 л.с., налог;АКПП;4WD;199 500 км;левый;2 поколение;черный;;3.0 45 TDI quattro tiptronic;;;
Audi;Q7;2015;4095000;https://auto.drom.ru/moscow/audi/q7/375082568.html;Характеристики совпадают с ПТС;2 записи о регистрации;Не числится в розыске;Ограничений не обнаружено;Москве;дизель, 3.0 л;249 л.с., налог;АКПП;4WD;129 357 км;левый;2 поколение;бежевый;;;;;
Audi;A6;2015;2100000;https://auto.drom.ru/moscow/audi/a6/322598148.html;Характеристики совпадают с ПТС;1 запись о регистрации;Не числится в розыске;Ограничений не обнаружено;Москве;бензин, 1.8 л;190 л.с., налог;робот;передний;149 783 км;левый;4 поколение, рестайлинг;белый;седан;;;;
Audi;A5;2015;2650000;https://auto.drom.ru/spb/audi/a5/620923416.html;Характеристики совпадают с ПТС;2 записи о регистрации;Не числится в розыске;Ограничений не обнаружено;Санкт-Петербурге;бензин, 2.0 л;225 л.с., налог;робот;4WD;93 972 км;левый;1 поколение, рестайлинг;синий;лифтбек;;;;
Audi;A4;2015;1600000;https://auto.drom.ru/moscow/audi/a4/53630781.html;Характеристики совпадают с ПТС;4 записи о регистрации;Не числится в розыске;Ограничений не обнаружено;Москве;бензин, 1.8 л;170 л.с., налог;вариатор;передний;66 000 км;левый;4 поколение, рестайлинг;коричневый;седан;;;;
Audi;Q7;2015;3394000;https://auto.drom.ru/himki/audi/q7/195415463.html;Характеристики совпадают с ПТС;3 записи о регистрации;Не числится в розыске;Ограничений не обнаружено;Химках;дизель, 3.0 л;249 л.с., налог;АКПП;4WD;208 549 км;левый;2 поколение;белый;;;;;
Audi;A6;2015;3250000;https://auto.drom.ru/moscow/audi/a6/53631449.html;Характеристики совпадают с ПТС;4 записи о регистрации;Не числится в розыске;Ограничений не обнаружено;Москве;дизель, 3.0 л;245 л.с., налог;робот;4WD;159 000 км;левый;4 поколение, рестайлинг;черный;седан;;;;
Audi;A5;2015;2450000;https://auto.drom.ru/voronezh/audi/a5/202652621.html;Характеристики совпадают с ПТС;4 записи о регистрации;Не числится в розыске;Ограничений не обнаружено;Воронеже;бензин, 2.0 л;230 л.с., налог;робот;4WD;79 000 км;левый;1 поколение, рестайлинг;серый;купе;2.0 TFSI quattro S Tronic;;;
Audi;A3;2015;1715000;https://auto.drom.ru/moscow/audi/a3/591832831.html;Характеристики совпадают с ПТС;2 записи о регистрации;Не числится в розыске;Ограничений не обнаружено;Москве;бензин, 1.2 л;110 л.с., налог;робот;передний;41 535 км;левый;3 поколение;бордовый;хэтчбек 5 дв.;;;;
Audi;Q3;2015;1899000;https://auto.drom.ru/kolomna/audi/q3/686080863.html;Характеристики совпадают с ПТС;1 запись о регистрации;Не числится в розыске;Ограничений не обнаружено;Коломне;бензин, 2.0 л;180 л.с., налог;робот;4WD;146 006 км;левый;1 поколение, рестайлинг;синий;;;;;
Audi;Q7;2015;3790000;https://auto.drom.ru/voronezh/audi/q7/53956519.html;Характеристики совпадают с ПТС;2 записи о регистрации;Не числится в розыске;Ограничений не обнаружено;Воронеже;дизель, 3.0 л;249 л.с., налог;АКПП;4WD;230 416 км;левый;2 поколение;белый;;;;;
Audi;Q5;2015;2200000;https://auto.drom.ru/moscow/audi/q5/53210019.html;Характеристики совпадают с ПТС;4 записи о регистрации;Не числится в розыске;Ограничений не обнаружено;Москве;бензин, 2.0 л;225 л.с., налог;АКПП;4WD;118 600 км;левый;1 поколение, рестайлинг;черный;;;;;
Audi;A8;2015;2540000;https://auto.drom.ru/moscow/audi/a8/823681883.html;Характеристики совпадают с ПТС;2 записи о регистрации;Не числится в розыске;Ограничений не обнаружено;Москве;бензин, 3.0 л;310 л.с., налог;АКПП;4WD;192 253 км;левый;3 поколение, рестайлинг;черный;;;;;
Audi;A6;2015;2060000;https://auto.drom.ru/spb/audi/a6/256568466.html;Характеристики совпадают с ПТС;2 записи о регистрации;Не числится в розыске;Ограничений не обнаружено;Санкт-Петербурге;бензин, 1.8 л;190 л.с., налог;робот;передний;153 000 км;левый;4 поколение, рестайлинг;черный;седан;;;;
Audi;A6;2015;1880000;https://auto.drom.ru/spb/audi/a6/223132145.html;Характеристики совпадают с ПТС;2 записи о регистрации;Не числится в розыске;Ограничений не обнаружено;Санкт-Петербурге;бензин, 1.8 л;190 л.с., налог;робот;передний;148 833 км;левый;4 поколение, рестайлинг;белый;седан;;;;
Audi;A4;2015;1695000;https://auto.drom.ru/moscow/audi/a4/735129158.html;Характеристики совпадают с ПТС;;Не числится в розыске;Ограничений не обнаружено;Москве;бензин, 1.8 л;170 л.с., налог;вариатор;передний;92 138 км;левый;4 поколение, рестайлинг;черный;седан;;;;
Audi;A4;2015;1717000;https://auto.drom.ru/himki/audi/a4/849937268.html;Характеристики совпадают с ПТС;1 запись о регистрации;Не числится в розыске;Ограничений не обнаружено;Химках;бензин, 1.8 л;170 л.с., налог;вариатор;передний;110 242 км;левый;4 поколение, рестайлинг;коричневый;седан;;;;
Audi;A6;2015;2250000;https://auto.drom.ru/moscow/audi/a6/53202435.html;Характеристики совпадают с ПТС;6 записей о регистрации;Не числится в розыске;Ограничений не обнаружено;Москве;бензин, 2.8 л;220 л.с., налог;робот;4WD;125 158 км;левый;4 поколение, рестайлинг;белый;седан;;;;
Audi;Q5;2015;2184000;https://auto.drom.ru/moscow/audi/q5/195136161.html;Характеристики совпадают с ПТС;3 записи о регистрации;Не числится в розыске;Ограничений не обнаружено;Москве;дизель, 2.0 л;177 л.с., налог;робот;4WD;141 000 км;левый;1 поколение, рестайлинг;синий;;;;;
Audi;Q5;2015;2059000;https://auto.drom.ru/spb/audi/q5/166358840.html;Характеристики совпадают с ПТС;3 записи о регистрации;Не числится в розыске;Ограничений не обнаружено;Санкт-Петербурге;бензин, 2.0 л;225 л.с., налог;АКПП;4WD;182 248 км;левый;1 поколение, рестайлинг;золотистый;;;;;
Audi;Q7;2015;3459000;https://auto.drom.ru/moscow/audi/q7/449467249.html;Характеристики совпадают с ПТС;5 записей о регистрации;Не числится в розыске;Ограничений не обнаружено;Москве;дизель, 3.0 л;249 л.с., налог;АКПП;4WD;246 000 км;левый;2 поколение;коричневый;;;;;
Audi;A4;2015;1909900;https://auto.drom.ru/moscow/audi/a4/53598369.html;Характеристики совпадают с ПТС;2 записи о регистрации;Не числится в розыске;Ограничений не обнаружено;Москве;бензин, 2.0 л;225 л.с., налог;робот;4WD;87 845 км;левый;4 поколение, рестайлинг;черный;седан;;;;
Audi;Q7;2015;4800000;https://auto.drom.ru/moscow/audi/q7/262932217.html;Характеристики совпадают с ПТС;1 запись о регистрации;Не числится в розыске;Ограничений не обнаружено;Москве;дизель, 3.0 л;249 л.с., налог;АКПП;4WD;91 000 км;левый;2 поколение;черный;;3.0 45 TDI quattro tiptronic Sport;;;
Audi;A8;2015;3399000;https://auto.drom.ru/moscow/audi/a8/51896687.html;Характеристики совпадают с ПТС;4 записи о регистрации;Не числится в розыске;Ограничений не обнаружено;Москве;бензин, 3.0 л;310 л.с., налог;АКПП;4WD;98 095 км;левый;3 поколение, рестайлинг;коричневый;;;;;
Audi;A5;2015;2150000;https://auto.drom.ru/moscow/audi/a5/872912839.html;Характеристики совпадают с ПТС;2 записи о регистрации;Не числится в розыске;Ограничений не обнаружено;Москве;бензин, 2.0 л;225 л.с., налог;робот;4WD;171 335 км;левый;1 поколение, рестайлинг;серый;лифтбек;;;;
Audi;Q3;2015;2399000;https://auto.drom.ru/moscow/audi/q3/460288029.html;Характеристики совпадают с ПТС;1 запись о регистрации;Не числится в розыске;Ограничений не обнаружено;Москве;бензин, 2.0 л;180 л.с., налог;робот;4WD;68 655 км;левый;1 поколение, рестайлинг;белый;;;;;
Audi;A3;2015;1660000;https://auto.drom.ru/korolev/audi/a3/863720693.html;Характеристики совпадают с ПТС;2 записи о регистрации;Не числится в розыске;Ограничений не обнаружено;Королёве;бензин, 1.2 л;110 л.с., налог;робот;передний;41 400 км;левый;3 поколение;бордовый;хэтчбек 5 дв.;1.2 TFSI S Tronic Attraction;;;
Audi;Q7;2015;3470000;https://auto.drom.ru/moscow/audi/q7/375387251.html;Характеристики совпадают с ПТС;1 запись о регистрации;Не числится в розыске;Ограничений не обнаружено;Москве;дизель, 3.0 л;249 л.с., налог;АКПП;4WD;225 919 км;левый;2 поколение;коричневый;;;;;
Audi;Q3;2015;1990000;https://auto.drom.ru/moscow/audi/q3/710974497.html;Характеристики совпадают с ПТС;5 записей о регистрации;Не числится в розыске;Ограничений не обнаружено;Москве;бензин, 2.0 л;180 л.с., налог;робот;4WD;188 000 км;левый;1 поколение, рестайлинг;золотистый;;2.0 TFSI quattro S tronic Comfort;;;
Audi;Q7;2015;3699000;https://auto.drom.ru/moscow/audi/q7/400629194.html;Характеристики совпадают с ПТС;3 записи о регистрации;Не числится в розыске;Ограничений не обнаружено;Москве;дизель, 3.0 л;249 л.с., налог;АКПП;4WD;158 704 км;левый;2 поколение;белый;;;;;
Audi;Q3;2015;1999000;https://auto.drom.ru/moscow/audi/q3/887488787.html;Характеристики совпадают с ПТС;1 запись о регистрации;Не числится в розыске;Ограничений не обнаружено;Москве;бензин, 1.4 л;150 л.с., налог;робот;передний;46 895 км;левый;1 поколение, рестайлинг;голубой;;;;;
Audi;Q7;2015;3579000;https://auto.drom.ru/spb/audi/q7/404998918.html;Характеристики совпадают с ПТС;1 запись о регистрации;Не числится в розыске;Ограничений не обнаружено;Санкт-Петербурге;дизель, 3.0 л;249 л.с., налог;АКПП;4WD;208 500 км;левый;2 поколение;серый;;;;;
Audi;A5;2015;1750000;https://auto.drom.ru/serpuhov/audi/a5/575745172.html;Характеристики совпадают с ПТС;4 записи о регистрации;Не числится в розыске;Ограничений не обнаружено;Серпухове;бензин, 2.0 л;225 л.с., налог;робот;4WD;99 300 км;левый;1 поколение, рестайлинг;белый;купе;2.0 TFSI quattro S Tronic;;;
Audi;A6;2015;2470000;https://auto.drom.ru/spb/audi/a6/434997244.html;Характеристики совпадают с ПТС;6 записей о регистрации;Не числится в розыске;Ограничений не обнаружено;Санкт-Петербурге;бензин, 3.0 л;333 л.с., налог;робот;4WD;130 533 км;левый;4 поколение, рестайлинг;черный;седан;;;;
Audi;RS Q3;2015;3190000;https://auto.drom.ru/moscow/audi/rs_q3/53916189.html;Характеристики совпадают с ПТС;3 записи о регистрации;Не числится в розыске;Ограничений не обнаружено;Москве;бензин, 2.5 л;340 л.с., налог;робот;4WD;96 685 км;левый;1 поколение, рестайлинг;голубой;;2.5 TFSI quattro S tronic;;;
Audi;A6;2015;1929000;https://auto.drom.ru/cheboksary/audi/a6/435651467.html;Характеристики совпадают с ПТС;4 записи о регистрации;Не числится в розыске;Ограничений не обнаружено;Чебоксарах;бензин, 1.8 л;190 л.с., налог;робот;передний;210 000 км;левый;4 поколение, рестайлинг;черный;седан;;;;
Audi;A8;2015;2650000;https://auto.drom.ru/ramenskoe/audi/a8/53904574.html;Характеристики совпадают с ПТС;3 записи о регистрации;Не числится в розыске;Ограничений не обнаружено;Раменском;бензин, 3.0 л;310 л.с., налог;АКПП;4WD;225 000 км;левый;3 поколение, рестайлинг;черный;;3.0 TFSI quattro tiptronic L;;;
Audi;Q3;2015;2129000;https://auto.drom.ru/voronezh/audi/q3/53132792.html;Характеристики совпадают с ПТС;1 запись о регистрации;Не числится в розыске;Ограничений не обнаружено;Воронеже;бензин, 2.0 л;180 л.с., налог;робот;4WD;172 000 км;левый;1 поколение, рестайлинг;черный;;;;;
Audi;A6;2015;1772000;https://auto.drom.ru/himki/audi/a6/52680820.html;Характеристики совпадают с ПТС;2 записи о регистрации;Не числится в розыске;Ограничений не обнаружено;Химках;бензин, 1.8 л;190 л.с., налог;робот;передний;240 000 км;левый;4 поколение, рестайлинг;серый;седан;;;;
Audi;A6 allroad quattro;2015;3200000;https://auto.drom.ru/moscow/audi/a6_allroad_quattro/324225205.html;Характеристики совпадают с ПТС;3 записи о регистрации;Не числится в розыске;Ограничений не обнаружено;Москве;бензин, 3.0 л;333 л.с., налог;робот;4WD;69 000 км;левый;3 поколение, рестайлинг;синий;;3.0 TFSI quattro S tronic Business;;;
Audi;A3;2015;1279000;https://auto.drom.ru/spb/audi/a3/928059503.html;Характеристики совпадают с ПТС;6 записей о регистрации;Не числится в розыске;Ограничений не обнаружено;Санкт-Петербурге;бензин, 1.4 л;125 л.с., налог;робот;передний;135 000 км;левый;3 поколение;черный;седан;;;;
Audi;Q7;2015;2550000;https://auto.drom.ru/moscow/audi/q7/53108876.html;Характеристики совпадают с ПТС;3 записи о регистрации;Не числится в розыске;Ограничений не обнаружено;Москве;дизель, 3.0 л;245 л.с., налог;АКПП;4WD;176 000 км;левый;1 поколение, рестайлинг;серый;;;;;
Audi;A4;2015;1980000;https://auto.drom.ru/spb/audi/a4/888028350.html;Характеристики совпадают с ПТС;3 записи о регистрации;Не числится в розыске;Ограничений не обнаружено;Санкт-Петербурге;бензин, 2.0 л;190 л.с., налог;робот;передний;198 000 км;левый;5 поколение;белый;седан;;;;
Audi;A4;2015;1495000;https://auto.drom.ru/voronezh/audi/a4/53896029.html;Характеристики совпадают с ПТС;3 записи о регистрации;Не числится в розыске;Ограничений не обнаружено;Воронеже;бензин, 1.8 л;170 л.с., налог;вариатор;передний;184 222 км;левый;4 поколение, рестайлинг;белый;седан;;;;
Audi;Q7;2015;3367000;https://auto.drom.ru/moscow/audi/q7/53889352.html;Характеристики совпадают с ПТС;3 записи о регистрации;Не числится в розыске;Ограничений не обнаружено;Москве;дизель, 3.0 л;249 л.с., налог;АКПП;4WD;183 834 км;левый;2 поколение;коричневый;;;;;
Audi;R8;2015;17500000;https://auto.drom.ru/moscow/audi/r8/53532217.html;Характеристики совпадают с ПТС;1 запись о регистрации;Не числится в розыске;Ограничений не обнаружено;Москве;бензин, 5.2 л;610 л.с., налог;робот;4WD;8 425 км;левый;2 поколение;серый;купе;;;;
Audi;A6;2015;1700000;https://auto.drom.ru/velikie-luki/audi/a6/319097969.html;Характеристики совпадают с ПТС;5 записей о регистрации;Не числится в розыске;Ограничений не обнаружено;Великих Луках;бензин, 1.8 л;190 л.с., налог;робот;передний;146 000 км;левый;4 поколение, рестайлинг;коричневый;седан;1.8 TFSI S tronic Comfort;;;
Audi;Q7;2015;3700000;https://auto.drom.ru/spb/audi/q7/356954881.html;Характеристики совпадают с ПТС;2 записи о регистрации;Не числится в розыске;Ограничений не обнаружено;Санкт-Петербурге;дизель, 3.0 л;249 л.с., налог;АКПП;4WD;137 000 км;левый;2 поколение;белый;;3.0 45 TDI quattro tiptronic Business;;;
Audi;A1;2015;1550000;https://auto.drom.ru/moscow/audi/a1/53887779.html;Характеристики совпадают с ПТС;1 запись о регистрации;Не числится в розыске;Ограничений не обнаружено;Москве;бензин, 1.0 л;95 л.с., налог;робот;передний;73 000 км;правый;1 поколение, рестайлинг;красный;хэтчбек 3 дв.;;;;
Audi;A6;2015;2199000;https://auto.drom.ru/voronezh/audi/a6/53524755.html;Характеристики совпадают с ПТС;4 записи о регистрации;Не числится в розыске;Ограничений не обнаружено;Воронеже;бензин, 2.8 л;220 л.с., налог;робот;4WD;273 469 км;левый;4 поколение, рестайлинг;черный;седан;;;;
Audi;RS7;2015;5550000;https://auto.drom.ru/moscow/audi/rs7/53968618.html;Характеристики совпадают с ПТС;5 записей о регистрации;Не числится в розыске;Ограничений не обнаружено;Москве;бензин, 4.0 л;560 л.с., налог;АКПП;4WD;138 500 км;левый;1 поколение, рестайлинг;синий;;4.0 TFSI tiptronic quattro;;;
Audi;A8;2015;2250000;https://auto.drom.ru/moscow/audi/a8/53507697.html;Характеристики совпадают с ПТС;4 записи о регистрации;Не числится в розыске;Ограничений не обнаружено;Москве;бензин, 3.0 л;310 л.с., налог;АКПП;4WD;268 000 км;левый;3 поколение, рестайлинг;черный;;;;;
Audi;Q3;2016;1939000;https://auto.drom.ru/spb/audi/q3/54147518.html;Характеристики совпадают с ПТС;4 записи о регистрации;Не числится в розыске;Ограничений не обнаружено;Санкт-Петербурге;бензин, 1.4 л;150 л.с., налог;робот;передний;81 271 км;левый;1 поколение;серый;;;;;
Audi;A5;2016;2550000;https://auto.drom.ru/voronezh/audi/a5/53486065.html;Характеристики совпадают с ПТС;9 записей о регистрации;Не числится в розыске;Ограничений не обнаружено;Воронеже;бензин, 2.0 л;249 л.с., налог;робот;4WD;198 083 км;левый;2 поколение;черный;купе;;;;
Audi;TT RS;2016;4500000;https://auto.drom.ru/moscow/audi/tt_rs/53079277.html;Характеристики совпадают с ПТС;8 записей о регистрации;Не числится в розыске;Ограничений не обнаружено;Москве;бензин, 2.5 л;400 л.с., налог;робот;4WD;115 000 км;левый;3 поколение;красный;хэтчбек 3 дв.;;;;
Audi;A6;2016;2549000;https://auto.drom.ru/voronezh/audi/a6/245789804.html;Характеристики совпадают с ПТС;5 записей о регистрации;Не числится в розыске;Ограничений не обнаружено;Воронеже;бензин, 2.0 л;249 л.с., налог;робот;4WD;146 724 км;левый;4 поколение, рестайлинг;белый;седан;;;;
Audi;A3;2016;1895000;https://auto.drom.ru/moscow/audi/a3/403881550.html;Характеристики совпадают с ПТС;3 записи о регистрации;Не числится в розыске;Ограничений не обнаружено;Москве;бензин, 1.2 л;110 л.с., налог;робот;передний;55 176 км;левый;3 поколение;белый;хэтчбек 5 дв.;;;;
Audi;Q7;2016;4599000;https://auto.drom.ru/moscow/audi/q7/701875667.html;Характеристики совпадают с ПТС;2 записи о регистрации;Не числится в розыске;Ограничений не обнаружено;Москве;дизель, 3.0 л;249 л.с., налог;АКПП;4WD;145 345 км;левый;2 поколение;черный;;;;;
Audi;Q3;2016;2300000;https://auto.drom.ru/moscow/audi/q3/933978727.html;Характеристики совпадают с ПТС;3 записи о регистрации;Не числится в розыске;Ограничений не обнаружено;Москве;бензин, 2.0 л;180 л.с., налог;робот;4WD;124 335 км;левый;1 поколение;серый;;;;;
Audi;Q3;2016;2399000;https://auto.drom.ru/tula/audi/q3/54143952.html;Характеристики совпадают с ПТС;3 записи о регистрации;Не числится в розыске;Ограничений не обнаружено;Туле;бензин, 2.0 л;180 л.с., налог;робот;4WD;64 683 км;левый;1 поколение;золотистый;;;;;
Audi;A6 allroad quattro;2016;2420000;https://auto.drom.ru/spb/audi/a6_allroad_quattro/53483568.html;Характеристики совпадают с ПТС;5 записей о регистрации;Не числится в розыске;Ограничений не обнаружено;Санкт-Петербурге;бензин, 3.0 л;333 л.с., налог;робот;4WD;230 520 км;левый;3 поколение, рестайлинг;серый;;;;;
Audi;A4;2016;2530000;https://auto.drom.ru/orel/audi/a4/53482718.html;Характеристики совпадают с ПТС;2 записи о регистрации;Не числится в розыске;Ограничений не обнаружено;Орле;дизель, 2.0 л;150 л.с., налог;механика;передний;177 000 км;левый;5 поколение;серый;универсал;2.0 35 TDI MT Design;;;
Audi;Q7;2016;4300000;https://auto.drom.ru/spb/audi/q7/532168772.html;Характеристики совпадают с ПТС;4 записи о регистрации;Не числится в розыске;Ограничений не обнаружено;Санкт-Петербурге;дизель, 3.0 л;249 л.с., налог;АКПП;4WD;120 000 км;левый;2 поколение;черный;;;;;
Audi;Q7;2016;3995500;https://auto.drom.ru/cheboksary/audi/q7/54133410.html;Характеристики совпадают с ПТС;5 записей о регистрации;Не числится в розыске;Ограничений не обнаружено;Чебоксарах;дизель, 3.0 л;249 л.с., налог;АКПП;4WD;173 353 км;левый;2 поколение;белый;;;;;
Audi;TT;2016;3690000;https://auto.drom.ru/moscow/audi/tt/53841758.html;Характеристики совпадают с ПТС;2 записи о регистрации;Не числится в розыске;Ограничений не обнаружено;Москве;бензин, 2.0 л;230 л.с., налог;автомат;4WD;79 781 км;левый;;желтый;купе;;;;
Audi;A3;2016;1959000;https://auto.drom.ru/moscow/audi/a3/876098282.html;Характеристики совпадают с ПТС;2 записи о регистрации;Не числится в розыске;Ограничений не обнаружено;Москве;бензин, 1.4 л;150 л.с., налог;робот;передний;87 399 км;левый;3 поколение;серый;седан;;;;
Audi;A6;2016;2900000;https://auto.drom.ru/kaluga/audi/a6/251930750.html;Характеристики совпадают с ПТС;2 записи о регистрации;Не числится в розыске;Ограничений не обнаружено;Калуге;бензин, 1.8 л;190 л.с., налог;робот;передний;58 000 км;левый;4 поколение, рестайлинг;черный;седан;1.8 TFSI S tronic;;;
Audi;A5;2016;3829789;https://auto.drom.ru/spb/audi/a5/53452007.html;Характеристики совпадают с ПТС;2 записи о регистрации;Не числится в розыске;Ограничений не обнаружено;Санкт-Петербурге;дизель, 2.0 л;190 л.с., налог;робот;4WD;10 533 км;левый;;красный;купе;;;;
Audi;A4;2016;3296700;https://auto.drom.ru/kazan/audi/a4/53035520.html;Характеристики совпадают с ПТС;3 записи о регистрации;Не числится в розыске;Ограничений не обнаружено;Казани;бензин, 2.0 л;249 л.с., налог;автомат;4WD;124 000 км;;;черный;универсал;;;;
Audi;Q5;2016;2299734;https://auto.drom.ru/kazan/audi/q5/52575534.html;Характеристики совпадают с ПТС;3 записи о регистрации;Не числится в розыске;Ограничений не обнаружено;Казани;бензин, 2.0 л;180 л.с., налог;АКПП;4WD;180 000 км;левый;1 поколение, рестайлинг;коричневый;;;;;
Audi;Q5;2016;2290000;https://auto.drom.ru/spb/audi/q5/398137033.html;Характеристики совпадают с ПТС;2 записи о регистрации;Не числится в розыске;Ограничений не обнаружено;Санкт-Петербурге;бензин, 2.0 л;230 л.с., налог;АКПП;4WD;222 000 км;левый;1 поколение, рестайлинг;коричневый;;;;;
Audi;A7;2016;3050000;https://auto.drom.ru/moscow/audi/a7/454210703.html;Характеристики совпадают с ПТС;1 запись о регистрации;Не числится в розыске;Ограничений не обнаружено;Москве;бензин, 3.0 л;333 л.с., налог;робот;4WD;119 303 км;левый;1 поколение, рестайлинг;черный;;;;;
Audi;A6;2016;2655000;https://auto.drom.ru/spb/audi/a6/53447873.html;Характеристики совпадают с ПТС;3 записи о регистрации;Не числится в розыске;Ограничений не обнаружено;Санкт-Петербурге;бензин, 3.0 л;333 л.с., налог;робот;4WD;114 000 км;левый;4 поколение, рестайлинг;черный;седан;;;;
Audi;A3;2016;1435000;https://auto.drom.ru/spb/audi/a3/53438266.html;Характеристики совпадают с ПТС;2 записи о регистрации;Не числится в розыске;Ограничений не обнаружено;Санкт-Петербурге;бензин, 1.4 л;125 л.с., налог;робот;передний;198 431 км;левый;3 поколение;белый;седан;;;;
Audi;Q5;2016;2063000;https://auto.drom.ru/kazan/audi/q5/52124853.html;Характеристики совпадают с ПТС;2 записи о регистрации;Не числится в розыске;Ограничений не обнаружено;Казани;бензин, 2.0 л;230 л.с., налог;АКПП;4WD;248 131 км;левый;1 поколение, рестайлинг;белый;;;;;
Audi;Q7;2016;3474550;https://auto.drom.ru/spb/audi/q7/277448577.html;Характеристики совпадают с ПТС;3 записи о регистрации;Не числится в розыске;Ограничений не обнаружено;Санкт-Петербурге;дизель, 3.0 л;249 л.с., налог;АКПП;4WD;205 169 км;левый;2 поколение;черный;;;;;
Audi;A6;2016;2285000;https://auto.drom.ru/spb/audi/a6/54090209.html;Характеристики совпадают с ПТС;5 записей о регистрации;Не числится в розыске;Ограничений не обнаружено;Санкт-Петербурге;бензин, 1.8 л;190 л.с., налог;робот;передний;88 600 км;левый;4 поколение, рестайлинг;черный;седан;;;;
Audi;A6;2016;4055000;https://auto.drom.ru/moscow/audi/a6/53436350.html;Характеристики совпадают с ПТС;1 запись о регистрации;Не числится в розыске;Ограничений не обнаружено;Москве;бензин, 3.0 л;333 л.с., налог;робот;4WD;59 158 км;левый;4 поколение, рестайлинг;черный;универсал;;;;
Audi;A5;2016;2300000;https://auto.drom.ru/spb/audi/a5/52992022.html;Характеристики совпадают с ПТС;3 записи о регистрации;Не числится в розыске;Ограничений не обнаружено;Санкт-Петербурге;бензин, 2.0 л;230 л.с., налог;робот;4WD;143 150 км;левый;1 поколение, рестайлинг;синий;лифтбек;;;;
Audi;A6;2016;2602000;https://auto.drom.ru/kazan/audi/a6/52480944.html;Характеристики совпадают с ПТС;4 записи о регистрации;Не числится в розыске;Ограничений не обнаружено;Казани;бензин, 2.0 л;249 л.с., налог;робот;4WD;169 220 км;левый;4 поколение, рестайлинг;коричневый;седан;;;;
Audi;Q7;2016;4650000;https://auto.drom.ru/moscow/audi/q7/748386017.html;Характеристики совпадают с ПТС;4 записи о регистрации;Не числится в розыске;Ограничений не обнаружено;Москве;дизель, 3.0 л;249 л.с., налог;АКПП;4WD;154 000 км;левый;2 поколение;черный;;3.0 45 TDI quattro tiptronic Business;;;
Audi;A4;2016;2200000;https://auto.drom.ru/spb/audi/a4/785432276.html;Характеристики совпадают с ПТС;4 записи о регистрации;Не числится в розыске;Ограничений не обнаружено;Санкт-Петербурге;бензин, 2.0 л;249 л.с., налог;робот;4WD;59 000 км;левый;5 поколение;белый;седан;2.0 45 TFSI quattro S tronic;;;
Audi;Q3;2016;2519000;https://auto.drom.ru/moscow/audi/q3/683764683.html;Характеристики совпадают с ПТС;2 записи о регистрации;Не числится в розыске;Ограничений не обнаружено;Москве;бензин, 2.0 л;180 л.с., налог;робот;4WD;47 273 км;левый;1 поколение;черный;;;;;
Audi;A4;2016;2175000;https://auto.drom.ru/moscow/audi/a4/371041362.html;Характеристики совпадают с ПТС;2 записи о регистрации;Не числится в розыске;Ограничений не обнаружено;Москве;бензин, 1.4 л;150 л.с., налог;робот;передний;116 800 км;левый;5 поколение;белый;седан;;;;
Audi;A6;2016;2348000;https://auto.drom.ru/moscow/audi/a6/473316355.html;Характеристики совпадают с ПТС;2 записи о регистрации;Не числится в розыске;Ограничений не обнаружено;Москве;бензин, 1.8 л;190 л.с., налог;робот;передний;92 000 км;левый;4 поколение, рестайлинг;белый;седан;;;;
Audi;Q7;2016;3350000;https://auto.drom.ru/moscow/audi/q7/53422772.html;Характеристики совпадают с ПТС;1 запись о регистрации;Не числится в розыске;Ограничений не обнаружено;Москве;дизель, 3.0 л;249 л.с., налог;АКПП;4WD;261 226 км;левый;2 поколение;синий;;;;;
Audi;Q5;2016;2849000;https://auto.drom.ru/voronezh/audi/q5/54077074.html;Характеристики совпадают с ПТС;1 запись о регистрации;Не числится в розыске;Ограничений не обнаружено;Воронеже;бензин, 2.0 л;230 л.с., налог;АКПП;4WD;42 593 км;левый;1 поколение, рестайлинг;синий;;;;;
Audi;Q3;2016;2585000;https://auto.drom.ru/spb/audi/q3/52540705.html;Характеристики совпадают с ПТС;1 запись о регистрации;Не числится в розыске;Ограничений не обнаружено;Санкт-Петербурге;бензин, 2.0 л;180 л.с., налог;робот;4WD;86 800 км;левый;1 поколение;синий;;;;;
Audi;A6;2016;2298000;https://auto.drom.ru/moscow/audi/a6/895700871.html;Характеристики совпадают с ПТС;2 записи о регистрации;Не числится в розыске;Ограничений не обнаружено;Москве;бензин, 1.8 л;190 л.с., налог;робот;передний;120 013 км;левый;4 поколение, рестайлинг;черный;седан;;;;
Audi;A4;2016;1959000;https://auto.drom.ru/spb/audi/a4/709332255.html;Характеристики совпадают с ПТС;2 записи о регистрации;Не числится в розыске;Ограничений не обнаружено;Санкт-Петербурге;бензин, 1.4 л;150 л.с., налог;робот;передний;183 000 км;левый;5 поколение;белый;седан;;;;
Audi;Q7;2016;4500000;https://auto.drom.ru/kaluga/audi/q7/421393076.html;Характеристики совпадают с ПТС;3 записи о регистрации;Не числится в розыске;Ограничений не обнаружено;Калуге;дизель, 3.0 л;249 л.с., налог;АКПП;4WD;165 000 км;левый;2 поколение;черный;;3.0 45 TDI quattro tiptronic Business;;;
Audi;A5;2016;2999000;https://auto.drom.ru/moscow/audi/a5/53787799.html;Характеристики совпадают с ПТС;2 записи о регистрации;Не числится в розыске;Ограничений не обнаружено;Москве;бензин, 2.0 л;249 л.с., налог;робот;4WD;102 010 км;левый;2 поколение;серый;купе;;;;
Audi;Q5;2016;2300000;https://auto.drom.ru/spb/audi/q5/54070717.html;Характеристики совпадают с ПТС;5 записей о регистрации;Не числится в розыске;Ограничений не обнаружено;Санкт-Петербурге;бензин, 2.0 л;230 л.с., налог;АКПП;4WD;38 500 км;левый;1 поколение, рестайлинг;синий;;2.0 TFSI quattro tiptronic Sport;;;
Audi;Q5;2016;1989000;https://auto.drom.ru/spb/audi/q5/53394878.html;Характеристики совпадают с ПТС;2 записи о регистрации;Не числится в розыске;Ограничений не обнаружено;Санкт-Петербурге;бензин, 2.0 л;180 л.с., налог;АКПП;4WD;238 685 км;левый;1 поколение, рестайлинг;синий;;;;;
Audi;A4;2016;2680000;https://auto.drom.ru/kazan/audi/a4/490474155.html;;;;;Казани;бензин, 2.0 л;249 л.с., налог;робот;4WD;94 000 км;левый;5 поколение;черный;седан;;;;
Audi;Q5;2016;2635000;https://auto.drom.ru/moscow/audi/q5/481970194.html;Характеристики совпадают с ПТС;5 записей о регистрации;Не числится в розыске;Ограничений не обнаружено;Москве;бензин, 2.0 л;180 л.с., налог;АКПП;4WD;89 869 км;левый;1 поколение, рестайлинг;белый;;;;;
Audi;A6;2016;2014542;https://auto.drom.ru/minsk/audi/a6/54065800.html;;;;;Минске;дизель, 2.0 л;136 л.с., налог;автомат;передний;;левый;4 поколение, рестайлинг;;универсал;;;;
Audi;TT;2016;3699000;https://auto.drom.ru/moscow/audi/tt/52079605.html;Характеристики совпадают с ПТС;7 записей о регистрации;Не числится в розыске;Ограничений не обнаружено;Москве;бензин, 2.0 л;230 л.с., налог;робот;4WD;136 700 км;левый;3 поколение;серый;хэтчбек 3 дв.;2.0 TFSI quattro S tronic Sport;;;
Audi;A6;2016;2615700;https://auto.drom.ru/moscow/audi/a6/214538107.html;Характеристики совпадают с ПТС;3 записи о регистрации;Не числится в розыске;Ограничений не обнаружено;Москве;бензин, 2.0 л;249 л.с., налог;робот;4WD;147 336 км;левый;4 поколение, рестайлинг;серый;седан;;;;
Audi;A4;2016;1792666;https://auto.drom.ru/minsk/audi/a4/897407757.html;;;;;Минске;дизель, 2.0 л;150 л.с., налог;робот;передний;282 476 км;левый;5 поколение;черный;универсал;;;;
Audi;A6;2016;1999000;https://auto.drom.ru/himki/audi/a6/710218694.html;Характеристики совпадают с ПТС;4 записи о регистрации;Не числится в розыске;Ограничений не обнаружено;Химках;бензин, 1.8 л;190 л.с., налог;робот;передний;249 710 км;левый;4 поколение, рестайлинг;синий;седан;;;;
Audi;Q7;2016;4749000;https://auto.drom.ru/moscow/audi/q7/54047257.html;Характеристики совпадают с ПТС;3 записи о регистрации;Не числится в розыске;Ограничений не обнаружено;Москве;дизель, 3.0 л;249 л.с., налог;АКПП;4WD;90 570 км;левый;2 поколение;синий;;;;;
Audi;A6;2016;2549000;https://auto.drom.ru/moscow/audi/a6/53768792.html;Характеристики совпадают с ПТС;5 записей о регистрации;Не числится в розыске;Ограничений не обнаружено;Москве;бензин, 2.0 л;249 л.с., налог;робот;4WD;149 900 км;левый;4 поколение, рестайлинг;белый;седан;2.0 TFSI quattro S tronic Business;;;
Audi;Q7;2016;4099000;https://auto.drom.ru/moscow/audi/q7/422043334.html;Характеристики совпадают с ПТС;1 запись о регистрации;Не числится в розыске;Ограничений не обнаружено;Москве;дизель, 3.0 л;249 л.с., налог;АКПП;4WD;138 008 км;левый;2 поколение;черный;;;;;
Audi;Q7;2016;4830000;https://auto.drom.ru/moscow/audi/q7/911741597.html;Характеристики совпадают с ПТС;2 записи о регистрации;Не числится в розыске;Ограничений не обнаружено;Москве;дизель, 3.0 л;249 л.с., налог;АКПП;4WD;80 673 км;левый;2 поколение;серый;;;;;
Audi;A6;2016;2820000;https://auto.drom.ru/moscow/audi/a6/544350823.html;Характеристики совпадают с ПТС;3 записи о регистрации;Не числится в розыске;Ограничений не обнаружено;Москве;бензин, 1.8 л;190 л.с., налог;робот;передний;99 128 км;левый;4 поколение, рестайлинг;белый;седан;;;;
Audi;A6;2016;2420000;https://auto.drom.ru/moscow/audi/a6/53734780.html;Характеристики совпадают с ПТС;2 записи о регистрации;Не числится в розыске;Есть ограничения;Москве;бензин, 2.0 л;249 л.с., налог;робот;4WD;204 400 км;левый;4 поколение, рестайлинг;белый;седан;;;;
Audi;Q3;2016;2641000;https://auto.drom.ru/spb/audi/q3/537492306.html;Характеристики совпадают с ПТС;1 запись о регистрации;Не числится в розыске;Ограничений не обнаружено;Санкт-Петербурге;бензин, 2.0 л;180 л.с., налог;робот;4WD;65 673 км;левый;1 поколение;голубой;;;;;
Audi;Q7;2016;3624000;https://auto.drom.ru/moscow/audi/q7/54034579.html;Характеристики совпадают с ПТС;2 записи о регистрации;Не числится в розыске;Ограничений не обнаружено;Москве;дизель, 3.0 л;249 л.с., налог;АКПП;4WD;125 000 км;левый;2 поколение;серебристый;;;;;
Audi;A6;2016;2075000;https://auto.drom.ru/spb/audi/a6/54034268.html;Характеристики совпадают с ПТС;3 записи о регистрации;Не числится в розыске;Ограничений не обнаружено;Санкт-Петербурге;бензин, 1.8 л;190 л.с., налог;робот;передний;107 291 км;левый;4 поколение, рестайлинг;бежевый;седан;;;;
Audi;Q5;2016;2095000;https://auto.drom.ru/spb/audi/q5/52920567.html;Характеристики совпадают с ПТС;1 запись о регистрации;Не числится в розыске;Ограничений не обнаружено;Санкт-Петербурге;бензин, 2.0 л;180 л.с., налог;АКПП;4WD;205 048 км;левый;1 поколение, рестайлинг;коричневый;;;;;
Audi;A6 allroad quattro;2016;3130000;https://auto.drom.ru/spb/audi/a6_allroad_quattro/52722774.html;Характеристики совпадают с ПТС;3 записи о регистрации;Не числится в розыске;Ограничений не обнаружено;Санкт-Петербурге;бензин, 3.0 л;333 л.с., налог;робот;4WD;123 000 км;левый;3 поколение, рестайлинг;белый;;;;;
Audi;Q3;2016;2190000;https://auto.drom.ru/tver/audi/q3/897480304.html;Характеристики совпадают с ПТС;3 записи о регистрации;Не числится в розыске;Ограничений не обнаружено;Твери;бензин, 2.0 л;180 л.с., налог;робот;4WD;63 439 км;левый;1 поколение;синий;;;;;
Audi;Q7;2016;3349000;https://auto.drom.ru/vologda/audi/q7/183019942.html;Характеристики совпадают с ПТС;3 записи о регистрации;Не числится в розыске;Ограничений не обнаружено;Вологде;дизель, 3.0 л;249 л.с., налог;АКПП;4WD;288 762 км;левый;2 поколение;серый;;;;;
Audi;Q5;2016;2525000;https://auto.drom.ru/moscow/audi/q5/117767101.html;Характеристики совпадают с ПТС;1 запись о регистрации;Не числится в розыске;Ограничений не обнаружено;Москве;бензин, 2.0 л;180 л.с., налог;АКПП;4WD;101 505 км;левый;1 поколение, рестайлинг;черный;;;;;
Audi;A4;2016;2030000;https://auto.drom.ru/kazan/audi/a4/54017752.html;Характеристики совпадают с ПТС;2 записи о регистрации;Не числится в розыске;Ограничений не обнаружено;Казани;бензин, 1.4 л;150 л.с., налог;робот;передний;107 740 км;левый;5 поколение;черный;седан;;;;
Audi;A4;2016;2970000;https://auto.drom.ru/moscow/audi/a4/52458231.html;Характеристики совпадают с ПТС;2 записи о регистрации;Не числится в розыске;Ограничений не обнаружено;Москве;бензин, 2.0 л;249 л.с., налог;робот;4WD;122 000 км;левый;5 поколение;серый;седан;;;;
Audi;A6;2016;2280000;https://auto.drom.ru/moscow/audi/a6/46249054.html;Характеристики совпадают с ПТС;3 записи о регистрации;Не числится в розыске;Ограничений не обнаружено;Москве;бензин, 2.0 л;249 л.с., налог;робот;4WD;116 000 км;левый;4 поколение, рестайлинг;черный;седан;;;;
Audi;Q7;2016;4250000;https://auto.drom.ru/ryazan/audi/q7/797276332.html;Характеристики совпадают с ПТС;1 запись о регистрации;Не числится в розыске;Ограничений не обнаружено;Рязани;дизель, 3.0 л;249 л.с., налог;АКПП;4WD;125 250 км;левый;2 поколение;коричневый;;;;;
