Бренд;Модель;Год;Цена;URL;ПТС;Владельцы;Розыск;Ограничения;Город;Двигатель;Мощность;Коробка передач;Привод;Тип кузова;Цвет;Пробег;Руль;Поколение;Комплектация;Особые отметки;VIN;
Mercedes-Benz;E-Class;2011;1500000;https://auto.drom.ru/kuzovatovo/mercedes-benz/e-class/53986219.html;Характеристики совпадают с ПТС;5 записей о регистрации;Не числится в розыске;Ограничений не обнаружено;Кузоватово;бензин, 1.8 л;184 л.с., налог;АКПП;задний;седан;коричневый;221 223 км;левый;4 поколение;E 200 CGI BlueEfficiency AТ Avantgarde;;;
Mercedes-Benz;G-Class;2011;4571275;https://auto.drom.ru/minsk/mercedes-benz/g-class/53672493.html;Характеристики совпадают с ПТС;2 записи о регистрации;Не числится в розыске;Ограничений не обнаружено;Минске;бензин, 5.5 л;388 л.с., налог;АКПП;4WD;джип/suv 5 дв.;черный;142 000 км;левый;2 поколение, 5 рестайлинг;G 500;;;
Mercedes-Benz;G-Class;2011;4870000;https://auto.drom.ru/moscow/mercedes-benz/g-class/53194750.html;Характеристики совпадают с ПТС;5 записей о регистрации;Не числится в розыске;Ограничений не обнаружено;Москве;бензин, 5.4 л;507 л.с., налог;АКПП;4WD;джип/suv 5 дв.;коричневый;140 000 км;левый;2 поколение, 5 рестайлинг;G 55 AMG Компрессор;;;
Mercedes-Benz;R-Class;2011;1883920;https://auto.drom.ru/minsk/mercedes-benz/r-class/53930914.html;;;;;Минске;дизель, 3.0 л;265 л.с., налог;автомат;4WD;;черный;229 000 км;левый;1 поколение, рестайлинг;;;;
Mercedes-Benz;M-Class;2011;1700000;https://auto.drom.ru/moscow/mercedes-benz/m-class/139352809.html;Характеристики совпадают с ПТС;3 записи о регистрации;Не числится в розыске;Ограничений не обнаружено;Москве;бензин, 3.5 л;272 л.с., налог;АКПП;4WD;;черный;233 732 км;левый;2 поколение, рестайлинг;;;;
Mercedes-Benz;E-Class;2011;1800000;https://auto.drom.ru/moscow/mercedes-benz/e-class/671689828.html;Характеристики совпадают с ПТС;4 записи о регистрации;Не числится в розыске;Ограничений не обнаружено;Москве;бензин, 3.0 л;231 л.с., налог;АКПП;задний;седан;серый;184 000 км;левый;4 поколение;E 300 AT Особая серия;;;
Mercedes-Benz;A-Class;2011;889000;https://auto.drom.ru/moscow/mercedes-benz/a-class/925972917.html;Характеристики совпадают с ПТС;4 записи о регистрации;Не числится в розыске;Ограничений не обнаружено;Москве;бензин, 1.7 л;116 л.с., налог;вариатор;передний;хэтчбек 5 дв.;белый;115 100 км;левый;2 поколение, рестайлинг;;;;
Mercedes-Benz;S-Class;2011;2400000;https://auto.drom.ru/moscow/mercedes-benz/s-class/146341392.html;Характеристики совпадают с ПТС;3 записи о регистрации;Не числится в розыске;Ограничений не обнаружено;Москве;бензин, 3.5 л;306 л.с., налог;АКПП;4WD;седан;коричневый;146 500 км;левый;5 поколение, рестайлинг;S350 L 4MATIC Базовая;;;
Mercedes-Benz;E-Class;2011;1100000;https://auto.drom.ru/kursk/mercedes-benz/e-class/377990227.html;;;;;Курске;бензин, 1.8 л;184 л.с., налог;АКПП;задний;седан;белый;264 000 км;левый;4 поколение;;требуется ремонт или не на ходу;;
Mercedes-Benz;S-Class;2011;7500000;https://auto.drom.ru/moscow/mercedes-benz/s-class/290130642.html;Характеристики совпадают с ПТС;3 записи о регистрации;Не числится в розыске;Ограничений не обнаружено;Москве;бензин, 5.5 л;517 л.с., налог;АКПП;задний;седан;черный;67 000 км;левый;5 поколение, рестайлинг;S 600 AT Guard;;;
Mercedes-Benz;C-Class;2011;1540000;https://auto.drom.ru/spb/mercedes-benz/c-class/352734840.html;Характеристики совпадают с ПТС;4 записи о регистрации;Не числится в розыске;Ограничений не обнаружено;Санкт-Петербурге;бензин, 1.8 л;184 л.с., налог;АКПП;задний;седан;коричневый;221 110 км;левый;3 поколение;;;;
Mercedes-Benz;C-Class;2011;1180000;https://auto.drom.ru/moscow/mercedes-benz/c-class/533244746.html;Характеристики совпадают с ПТС;3 записи о регистрации;Не числится в розыске;Ограничений не обнаружено;Москве;бензин, 1.8 л;156 л.с., налог;АКПП;задний;седан;синий;192 416 км;левый;3 поколение;;;;
Mercedes-Benz;C-Class;2011;1700000;https://auto.drom.ru/belgorod/mercedes-benz/c-class/53965329.html;Характеристики совпадают с ПТС;7 записей о регистрации;Не числится в розыске;Ограничений не обнаружено;Белгороде;бензин, 1.8 л;184 л.с., налог;АКПП;задний;седан;черный;250 000 км;левый;3 поколение;;;;
Mercedes-Benz;GL-Class;2011;2200000;https://auto.drom.ru/kazan/mercedes-benz/gl-class/53229486.html;Характеристики совпадают с ПТС;4 записи о регистрации;Не числится в розыске;Ограничений не обнаружено;Казани;дизель, 3.0 л;224 л.с., налог;автомат;4WD;;черный;241 528 км;;;;;;
Mercedes-Benz;A-Class;2011;760000;https://auto.drom.ru/spb/mercedes-benz/a-class/53223946.html;Характеристики совпадают с ПТС;2 записи о регистрации;Не числится в розыске;Ограничений не обнаружено;Санкт-Петербурге;бензин, 1.7 л;116 л.с., налог;вариатор;передний;хэтчбек 5 дв.;белый;162 917 км;левый;2 поколение, рестайлинг;;;;
Mercedes-Benz;C-Class;2011;1387400;https://auto.drom.ru/moscow/mercedes-benz/c-class/892873916.html;Характеристики совпадают с ПТС;5 записей о регистрации;Не числится в розыске;Ограничений не обнаружено;Москве;бензин, 1.8 л;156 л.с., налог;АКПП;задний;купе;белый;153 000 км;левый;3 поколение, рестайлинг;C 180 BlueEFFICIENCY AT;;;
Mercedes-Benz;E-Class;2011;685000;https://auto.drom.ru/spb/mercedes-benz/e-class/820419432.html;;;;;Санкт-Петербурге;бензин, 1.8 л;204 л.с., налог;АКПП;задний;купе;черный;140 000 км;левый;4 поколение;;требуется ремонт или не на ходу;;
Mercedes-Benz;M-Class;2011;1950000;https://auto.drom.ru/spb/mercedes-benz/m-class/805623724.html;Характеристики совпадают с ПТС;4 записи о регистрации;Не числится в розыске;Ограничений не обнаружено;Санкт-Петербурге;бензин, 3.5 л;272 л.с., налог;АКПП;4WD;;серебристый;271 800 км;левый;2 поколение, рестайлинг;;;;
Mercedes-Benz;E-Class;2011;1750000;https://auto.drom.ru/moscow/mercedes-benz/e-class/53611517.html;Характеристики совпадают с ПТС;3 записи о регистрации;Не числится в розыске;Ограничений не обнаружено;Москве;бензин, 3.0 л, ГБО;231 л.с., налог;АКПП;задний;седан;белый;290 000 км;левый;4 поколение;E 300 AT Особая серия;;;
Mercedes-Benz;C-Class;2011;1385000;https://auto.drom.ru/kazan/mercedes-benz/c-class/53610073.html;Характеристики совпадают с ПТС;4 записи о регистрации;Не числится в розыске;Ограничений не обнаружено;Казани;бензин, 1.8 л;156 л.с., налог;АКПП;задний;седан;бежевый;119 759 км;левый;3 поколение;;;;
Mercedes-Benz;CLS-Class;2011;2500000;https://auto.drom.ru/vladimir/mercedes-benz/cls-class/53202628.html;Характеристики совпадают с ПТС;13 записей о регистрации;Не числится в розыске;Ограничений не обнаружено;Владимире;бензин, 4.7 л;408 л.с., налог;АКПП;4WD;седан;красный;185 000 км;левый;2 поколение;CLS 500 4MATIC AT Особая серия;;;
Mercedes-Benz;M-Class;2011;1999000;https://auto.drom.ru/moscow/mercedes-benz/m-class/801308148.html;Характеристики совпадают с ПТС;5 записей о регистрации;Не числится в розыске;Ограничений не обнаружено;Москве;бензин, 3.5 л;306 л.с., налог;АКПП;4WD;;черный;301 309 км;левый;3 поколение;;;;
Mercedes-Benz;E-Class;2011;3100000;https://auto.drom.ru/moscow/mercedes-benz/e-class/204827314.html;Характеристики совпадают с ПТС;4 записи о регистрации;Не числится в розыске;Есть ограничения;Москве;бензин, 4.7 л;408 л.с., налог;АКПП;4WD;седан;черный;126 000 км;левый;4 поколение;;;;
Mercedes-Benz;C-Class;2011;1350000;https://auto.drom.ru/moscow/mercedes-benz/c-class/53189761.html;Характеристики совпадают с ПТС;9 записей о регистрации;Не числится в розыске;Ограничений не обнаружено;Москве;бензин, 1.8 л;156 л.с., налог;АКПП;задний;седан;черный;154 345 км;левый;3 поколение;C 180 CGI BlueEFFICIENCY AT Avantgarde;;;
Mercedes-Benz;E-Class;2011;1339000;https://auto.drom.ru/spb/mercedes-benz/e-class/310105625.html;Характеристики совпадают с ПТС;4 записи о регистрации;Не числится в розыске;Ограничений не обнаружено;Санкт-Петербурге;бензин, 1.8 л;184 л.с., налог;АКПП;задний;седан;черный;244 298 км;левый;4 поколение;;;;
Mercedes-Benz;M-Class;2011;1699999;https://auto.drom.ru/spb/mercedes-benz/m-class/50158725.html;Характеристики совпадают с ПТС;4 записи о регистрации;Не числится в розыске;Ограничений не обнаружено;Санкт-Петербурге;дизель, 3.0 л;224 л.с., налог;АКПП;4WD;;черный;211 244 км;левый;2 поколение, рестайлинг;;;;
Mercedes-Benz;E-Class;2011;1900000;https://auto.drom.ru/volgograd/mercedes-benz/e-class/53176858.html;Характеристики совпадают с ПТС;2 записи о регистрации;Не числится в розыске;Ограничений не обнаружено;Волгограде;бензин, 3.5 л;272 л.с., налог;АКПП;4WD;седан;коричневый;138 262 км;левый;4 поколение;;;;
Mercedes-Benz;E-Class;2011;1565000;https://auto.drom.ru/spb/mercedes-benz/e-class/52693540.html;Цвет не совпадает с ПТС;4 записи о регистрации;Не числится в розыске;Ограничений не обнаружено;Санкт-Петербурге;бензин, 3.5 л;306 л.с., налог;АКПП;4WD;седан;черный;182 000 км;левый;4 поколение;;;;
Mercedes-Benz;C-Class;2011;1350000;https://auto.drom.ru/balashiha/mercedes-benz/c-class/330969363.html;Характеристики совпадают с ПТС;6 записей о регистрации;Не числится в розыске;Ограничений не обнаружено;Балашихе;бензин, 1.8 л;156 л.с., налог;АКПП;задний;седан;;213 000 км;левый;3 поколение;;;;
Mercedes-Benz;M-Class;2011;2790000;https://auto.drom.ru/voronezh/mercedes-benz/m-class/52984048.html;Характеристики совпадают с ПТС;2 записи о регистрации;Не числится в розыске;Ограничений не обнаружено;Воронеже;дизель, 3.0 л;243 л.с., налог;АКПП;4WD;;серый;157 000 км;левый;3 поколение;ML 350 BlueTEC AT 4MATIC;;;
Mercedes-Benz;GL-Class;2011;2159000;https://auto.drom.ru/moscow/mercedes-benz/gl-class/455477692.html;Характеристики совпадают с ПТС;3 записи о регистрации;Не числится в розыске;Ограничений не обнаружено;Москве;дизель, 3.0 л;224 л.с., налог;АКПП;4WD;;черный;225 419 км;левый;1 поколение, рестайлинг;GL 350 CDI "Особая серия";;;
Mercedes-Benz;E-Class;2011;1515000;https://auto.drom.ru/moscow/mercedes-benz/e-class/53929162.html;Характеристики совпадают с ПТС;5 записей о регистрации;Не числится в розыске;Ограничений не обнаружено;Москве;3.5 л;;автомат;;седан;черный;171 989 км;левый;4 поколение;;;;
Mercedes-Benz;E-Class;2011;1200000;https://auto.drom.ru/spb/mercedes-benz/e-class/53918499.html;Характеристики совпадают с ПТС;8 записей о регистрации;Не числится в розыске;Ограничений не обнаружено;Санкт-Петербурге;бензин, 1.8 л;184 л.с., налог;АКПП;задний;седан;черный;275 000 км;левый;4 поколение;E 200 CGI AT Особая серия;;;
Mercedes-Benz;M-Class;2011;2360000;https://auto.drom.ru/tula/mercedes-benz/m-class/53928337.html;Мощность двигателя не совпадает с ПТС;1 запись о регистрации;Не числится в розыске;Ограничений не обнаружено;Туле;дизель, 3.0 л;249 л.с., налог;АКПП;4WD;;белый;255 472 км;левый;3 поколение;ML 350 BlueTEC 4MATIC Особая серия;;;
Mercedes-Benz;E-Class;2011;1250000;https://auto.drom.ru/kazan/mercedes-benz/e-class/482768038.html;Характеристики совпадают с ПТС;9 записей о регистрации;Не числится в розыске;Ограничений не обнаружено;Казани;бензин, 1.8 л;204 л.с., налог;АКПП;задний;купе;;200 239 км;левый;4 поколение;;;;
Mercedes-Benz;Viano;2011;3000000;https://auto.drom.ru/donetsk/mercedes-benz/viano/53558580.html;;;;;Донецке;дизель, 3.0 л;224 л.с., налог;АКПП;задний;;черный;345 000 км;левый;2 поколение, рестайлинг;3.0 CDI Ambiente Сверхдлинный;;;
Mercedes-Benz;G-Class;2011;4350000;https://auto.drom.ru/togliatti/mercedes-benz/g-class/943032194.html;Характеристики совпадают с ПТС;5 записей о регистрации;Не числится в розыске;Ограничений не обнаружено;Тольятти;дизель, 3.0 л;224 л.с., налог;АКПП;4WD;джип/suv 5 дв.;серый;204 000 км;левый;2 поколение, 5 рестайлинг;G 350 CDI Cabriolet Особая серия;;;
Mercedes-Benz;C-Class;2011;1900000;https://auto.drom.ru/moscow/mercedes-benz/c-class/53904489.html;Характеристики совпадают с ПТС;6 записей о регистрации;Не числится в розыске;Ограничений не обнаружено;Москве;бензин, 1.8 л;184 л.с., налог;АКПП;задний;седан;черный;172 222 км;левый;3 поколение;C 200 CGI BlueEFFICIENCY AT Avantgarde;;;
Mercedes-Benz;SLS AMG;2011;20000000;https://auto.drom.ru/moscow/mercedes-benz/sls_amg/53548832.html;Характеристики совпадают с ПТС;6 записей о регистрации;Не числится в розыске;Ограничений не обнаружено;Москве;бензин, 6.2 л;571 л.с., налог;робот;задний;открытый;черный;17 000 км;левый;1 поколение;;;;
Mercedes-Benz;C-Class;2011;1317008;https://auto.drom.ru/spb/mercedes-benz/c-class/53548328.html;Характеристики совпадают с ПТС;3 записи о регистрации;Не числится в розыске;Ограничений не обнаружено;Санкт-Петербурге;бензин, 1.8 л;156 л.с., налог;АКПП;задний;седан;серый;115 000 км;левый;3 поколение;;;;
Mercedes-Benz;E-Class;2011;1600000;https://auto.drom.ru/himki/mercedes-benz/e-class/254644697.html;Характеристики совпадают с ПТС;7 записей о регистрации;Не числится в розыске;Ограничений не обнаружено;Химках;бензин, 1.8 л;184 л.с., налог;АКПП;задний;купе;красный;84 838 км;левый;4 поколение;;;;
Mercedes-Benz;C-Class;2011;1797667;https://auto.drom.ru/spb/mercedes-benz/c-class/53894122.html;Характеристики совпадают с ПТС;1 запись о регистрации;Не числится в розыске;Ограничений не обнаружено;Санкт-Петербурге;бензин, 1.8 л;156 л.с., налог;АКПП;задний;купе;черный;42 459 км;левый;3 поколение, рестайлинг;C 180 BlueEFFICIENCY AT;;;
Mercedes-Benz;E-Class;2011;1599000;https://auto.drom.ru/voronezh/mercedes-benz/e-class/53108552.html;Характеристики совпадают с ПТС;4 записи о регистрации;Не числится в розыске;Ограничений не обнаружено;Воронеже;бензин, 1.8 л;184 л.с., налог;АКПП;задний;седан;черный;203 531 км;левый;4 поколение;;;;
Mercedes-Benz;GLK-Class;2011;2150000;https://auto.drom.ru/moscow/mercedes-benz/glk-class/148841967.html;Характеристики совпадают с ПТС;1 запись о регистрации;Не числится в розыске;Ограничений не обнаружено;Москве;дизель, 2.1 л;170 л.с., налог;АКПП;4WD;;белый;143 000 км;левый;1 поколение;GLK 220 CDI 4MATIC AT Особая серия;;;
Mercedes-Benz;E-Class;2011;1488000;https://auto.drom.ru/moscow/mercedes-benz/e-class/595624978.html;Характеристики совпадают с ПТС;3 записи о регистрации;Не числится в розыске;Ограничений не обнаружено;Москве;бензин, 3.5 л;272 л.с., налог;автомат;задний;купе;серый;116 000 км;левый;;;;;
Mercedes-Benz;GLK-Class;2011;1670000;https://auto.drom.ru/cheboksary/mercedes-benz/glk-class/620691448.html;Характеристики совпадают с ПТС;7 записей о регистрации;Не числится в розыске;Ограничений не обнаружено;Чебоксарах;бензин, 3.0 л;231 л.с., налог;АКПП;4WD;;серый;;левый;1 поколение;GLK 300 4MATIC AT Особая серия;;;
Mercedes-Benz;Vito;2011;1600000;https://auto.drom.ru/sofrino/mercedes-benz/vito/53888242.html;Характеристики совпадают с ПТС;2 записи о регистрации;Не числится в розыске;Ограничений не обнаружено;Софрино;дизель, 2.1 л;163 л.с., налог;АКПП;задний;;серый;372 000 км;левый;2 поколение, рестайлинг;;;;
Mercedes-Benz;C-Class;2011;1400000;https://auto.drom.ru/saratov/mercedes-benz/c-class/669806994.html;Характеристики совпадают с ПТС;9 записей о регистрации;Не числится в розыске;Ограничений не обнаружено;Саратове;бензин, 1.8 л;184 л.с., налог;АКПП;задний;седан;черный;230 000 км;левый;3 поколение, рестайлинг;C 200 AT Elegance;;;
Mercedes-Benz;S-Class;2011;1550000;https://auto.drom.ru/spb/mercedes-benz/s-class/53091591.html;Характеристики совпадают с ПТС;8 записей о регистрации;Не числится в розыске;Ограничений не обнаружено;Санкт-Петербурге;бензин, 3.5 л;306 л.с., налог;АКПП;4WD;седан;черный;274 801 км;левый;5 поколение, рестайлинг;;;;
Mercedes-Benz;C-Class;2011;1690000;https://auto.drom.ru/belgorod/mercedes-benz/c-class/53859509.html;Характеристики совпадают с ПТС;;Не числится в розыске;Ограничений не обнаружено;Белгороде;бензин, 1.8 л;156 л.с., налог;АКПП;задний;седан;серебристый;381 000 км;левый;3 поколение, рестайлинг;C 180 BlueEFFICIENCY AT Особая серия;;;
Mercedes-Benz;M-Class;2012;2999000;https://auto.drom.ru/spb/mercedes-benz/m-class/737528338.html;Характеристики совпадают с ПТС;2 записи о регистрации;Не числится в розыске;Ограничений не обнаружено;Санкт-Петербурге;бензин, 3.5 л;306 л.с., налог;АКПП;4WD;;серый;103 333 км;левый;3 поколение;;;;
Mercedes-Benz;E-Class;2012;1650000;https://auto.drom.ru/nahabino/mercedes-benz/e-class/53200901.html;Характеристики совпадают с ПТС;2 записи о регистрации;Не числится в розыске;Ограничений не обнаружено;Нахабино;бензин, 1.8 л;184 л.с., налог;АКПП;задний;седан;коричневый;338 500 км;левый;4 поколение;E 200 CGI BlueEfficiency AТ Avantgarde;;;
Mercedes-Benz;GLK-Class;2012;2350000;https://auto.drom.ru/moscow/mercedes-benz/glk-class/53496699.html;Характеристики совпадают с ПТС;1 запись о регистрации;Не числится в розыске;Ограничений не обнаружено;Москве;бензин;;автомат;4WD;;белый;148 260 км;левый;1 поколение;;;;
Mercedes-Benz;C-Class;2012;1493000;https://auto.drom.ru/spb/mercedes-benz/c-class/49641648.html;Характеристики совпадают с ПТС;3 записи о регистрации;Не числится в розыске;Ограничений не обнаружено;Санкт-Петербурге;бензин, 1.8 л;156 л.с., налог;АКПП;задний;седан;черный;120 000 км;левый;3 поколение, рестайлинг;;;;
Mercedes-Benz;E-Class;2012;1420000;https://auto.drom.ru/kazan/mercedes-benz/e-class/53819798.html;Характеристики совпадают с ПТС;5 записей о регистрации;Не числится в розыске;Ограничений не обнаружено;Казани;дизель, 2.1 л;170 л.с., налог;АКПП;задний;седан;черный;300 000 км;левый;4 поколение;E 220 CDI BlueEfficiency AТ Avantgarde;;;
Mercedes-Benz;M-Class;2012;2750000;https://auto.drom.ru/moscow/mercedes-benz/m-class/282660447.html;Характеристики совпадают с ПТС;5 записей о регистрации;Не числится в розыске;Ограничений не обнаружено;Москве;бензин, 3.5 л;306 л.с., налог;АКПП;4WD;;черный;213 000 км;левый;3 поколение;ML 350 AT 4MATIC;;;
Mercedes-Benz;E-Class;2012;1850000;https://auto.drom.ru/moscow/mercedes-benz/e-class/54145711.html;Характеристики совпадают с ПТС;4 записи о регистрации;Не числится в розыске;Ограничений не обнаружено;Москве;бензин, 1.8 л;184 л.с., налог;АКПП;задний;купе;белый;136 000 км;левый;4 поколение;E 200 CGI AT Особая серия;;;
Mercedes-Benz;E-Class;2012;1699000;https://auto.drom.ru/tula/mercedes-benz/e-class/53853361.html;Характеристики совпадают с ПТС;4 записи о регистрации;Не числится в розыске;Ограничений не обнаружено;Туле;бензин, 1.8 л;184 л.с., налог;АКПП;задний;седан;черный;113 669 км;левый;4 поколение;;;;
Mercedes-Benz;S-Class;2012;2299900;https://auto.drom.ru/spb/mercedes-benz/s-class/53476256.html;Характеристики совпадают с ПТС;7 записей о регистрации;Не числится в розыске;Ограничений не обнаружено;Санкт-Петербурге;бензин, 3.5 л;306 л.с., налог;АКПП;4WD;седан;черный;169 000 км;левый;5 поколение, рестайлинг;;;;
Mercedes-Benz;GLK-Class;2012;1800000;https://auto.drom.ru/moscow/mercedes-benz/glk-class/135628233.html;Характеристики совпадают с ПТС;3 записи о регистрации;Не числится в розыске;Ограничений не обнаружено;Москве;3.0 л;;автомат;4WD;;белый;158 421 км;левый;1 поколение;;;;
Mercedes-Benz;C-Class;2012;1499000;https://auto.drom.ru/spb/mercedes-benz/c-class/476867271.html;Характеристики совпадают с ПТС;2 записи о регистрации;Не числится в розыске;Ограничений не обнаружено;Санкт-Петербурге;бензин, 1.8 л;184 л.с., налог;АКПП;задний;седан;белый;129 600 км;левый;3 поколение, рестайлинг;;;;
Mercedes-Benz;SLK-Class;2012;3990000;https://auto.drom.ru/moscow/mercedes-benz/slk-class/113736548.html;Характеристики совпадают с ПТС;9 записей о регистрации;Не числится в розыске;Ограничений не обнаружено;Москве;бензин, 5.5 л;421 л.с., налог;АКПП;задний;;черный;130 000 км;левый;3 поколение;SLK 55 AMG AT;;;
Mercedes-Benz;C-Class;2012;1588000;https://auto.drom.ru/moscow/mercedes-benz/c-class/54123010.html;Характеристики совпадают с ПТС;1 запись о регистрации;Не числится в розыске;Ограничений не обнаружено;Москве;бензин, 1.6 л;156 л.с., налог;АКПП;задний;седан;коричневый;110 934 км;левый;3 поколение, рестайлинг;;;;
Mercedes-Benz;E-Class;2012;1900000;https://auto.drom.ru/moscow/mercedes-benz/e-class/53475122.html;Мощность двигателя не совпадает с ПТС;6 записей о регистрации;Не числится в розыске;Ограничений не обнаружено;Москве;бензин, 3.5 л;306 л.с., налог;АКПП;задний;купе;белый;212 000 км;левый;4 поколение;;;;
Mercedes-Benz;CLS-Class;2012;2650000;https://auto.drom.ru/moscow/mercedes-benz/cls-class/53475022.html;Характеристики совпадают с ПТС;3 записи о регистрации;Не числится в розыске;Ограничений не обнаружено;Москве;бензин, 3.5 л;306 л.с., налог;АКПП;задний;седан;черный;190 000 км;левый;2 поколение;CLS 350 AT;;;
Mercedes-Benz;GLK-Class;2012;2200000;https://auto.drom.ru/severniy/mercedes-benz/glk-class/53040143.html;Характеристики совпадают с ПТС;3 записи о регистрации;Не числится в розыске;Ограничений не обнаружено;Северном;бензин, 3.5 л;249 л.с., налог;АКПП;4WD;;белый;136 000 км;левый;1 поколение, рестайлинг;GLK 300 4MATIC AT Особая серия;;;
Mercedes-Benz;M-Class;2012;2799000;https://auto.drom.ru/spb/mercedes-benz/m-class/526024882.html;Характеристики совпадают с ПТС;2 записи о регистрации;Не числится в розыске;Ограничений не обнаружено;Санкт-Петербурге;дизель, 3.0 л;258 л.с., налог;АКПП;4WD;;синий;215 304 км;левый;3 поколение;ML 350 BlueTEC AT 4MATIC;;;
Mercedes-Benz;M-Class;2012;2500000;https://auto.drom.ru/moscow/mercedes-benz/m-class/52723259.html;Характеристики совпадают с ПТС;4 записи о регистрации;Не числится в розыске;Ограничений не обнаружено;Москве;дизель, 3.0 л;249 л.с., налог;АКПП;4WD;;серый;186 000 км;левый;3 поколение;ML 350 BlueTEC 4MATIC Особая серия;;;
Mercedes-Benz;Viano;2012;1690000;https://auto.drom.ru/moscow/mercedes-benz/viano/343312909.html;Характеристики совпадают с ПТС;1 запись о регистрации;Не числится в розыске;Ограничений не обнаружено;Москве;дизель, 2.2 л;163 л.с., налог;автомат;задний;;серый;550 000 км;левый;2 поколение, рестайлинг;;;;
Mercedes-Benz;B-Class;2012;1131000;https://auto.drom.ru/himki/mercedes-benz/b-class/54111735.html;Модель не совпадает с ПТС;3 записи о регистрации;Не числится в розыске;Ограничений не обнаружено;Химках;бензин, 1.6 л;156 л.с., налог;робот;передний;;черный;113 009 км;левый;2 поколение;;;;
Mercedes-Benz;C-Class;2012;1720000;https://auto.drom.ru/moscow/mercedes-benz/c-class/381850075.html;Характеристики совпадают с ПТС;4 записи о регистрации;Не числится в розыске;Ограничений не обнаружено;Москве;бензин, 1.8 л;184 л.с., налог;АКПП;задний;седан;серый;102 400 км;левый;3 поколение, рестайлинг;C 200 CGI AT Особая серия;;;
Mercedes-Benz;GLK-Class;2012;1479090;https://auto.drom.ru/voronezh/mercedes-benz/glk-class/475116418.html;Характеристики совпадают с ПТС;2 записи о регистрации;Не числится в розыске;Ограничений не обнаружено;Воронеже;бензин, 3.0 л;231 л.с., налог;АКПП;4WD;;черный;175 875 км;левый;1 поколение;GLK 300 4MATIC AT Особая серия;;;
Mercedes-Benz;GLK-Class;2012;2079789;https://auto.drom.ru/spb/mercedes-benz/glk-class/852015689.html;Характеристики совпадают с ПТС;2 записи о регистрации;Не числится в розыске;Ограничений не обнаружено;Санкт-Петербурге;дизель, 2.1 л;170 л.с., налог;АКПП;4WD;;коричневый;188 953 км;левый;1 поколение;;;;
Mercedes-Benz;M-Class;2012;3110000;https://auto.drom.ru/spb/mercedes-benz/m-class/433375733.html;Характеристики совпадают с ПТС;2 записи о регистрации;Не числится в розыске;Ограничений не обнаружено;Санкт-Петербурге;дизель, 3.0 л;258 л.с., налог;АКПП;4WD;;серый;116 399 км;левый;3 поколение;ML 350 BlueTEC AT 4MATIC;;;
Mercedes-Benz;C-Class;2012;1500000;https://auto.drom.ru/moscow/mercedes-benz/c-class/50127833.html;Характеристики совпадают с ПТС;7 записей о регистрации;Не числится в розыске;Ограничений не обнаружено;Москве;бензин, 1.6 л;156 л.с., налог;АКПП;задний;седан;коричневый;130 000 км;левый;3 поколение, рестайлинг;;;;
Mercedes-Benz;E-Class;2012;2200000;https://auto.drom.ru/moscow/mercedes-benz/e-class/785924531.html;Характеристики совпадают с ПТС;1 запись о регистрации;Не числится в розыске;Ограничений не обнаружено;Москве;бензин, 1.8 л;184 л.с., налог;АКПП;задний;купе;голубой;43 550 км;левый;4 поколение;E 200 BlueEfficiency AТ Elegance;;;
Mercedes-Benz;GL-Class;2012;2390000;https://auto.drom.ru/spb/mercedes-benz/gl-class/574229882.html;Характеристики совпадают с ПТС;3 записи о регистрации;Не числится в розыске;Ограничений не обнаружено;Санкт-Петербурге;дизель, 3.0 л;224 л.с., налог;АКПП;4WD;;коричневый;185 334 км;левый;1 поколение, рестайлинг;GL 350 CDI "Особая серия";;;
Mercedes-Benz;E-Class;2012;1998000;https://auto.drom.ru/moscow/mercedes-benz/e-class/731608892.html;Характеристики совпадают с ПТС;3 записи о регистрации;Не числится в розыске;Ограничений не обнаружено;Москве;бензин, 3.5 л;249 л.с., налог;АКПП;4WD;седан;черный;119 050 км;левый;4 поколение;E 300 4MATIC AT Особая серия;;;
Mercedes-Benz;M-Class;2012;2468000;https://auto.drom.ru/moscow/mercedes-benz/m-class/54088598.html;Характеристики совпадают с ПТС;6 записей о регистрации;Не числится в розыске;Ограничений не обнаружено;Москве;дизель, 3.0 л;258 л.с., налог;АКПП;4WD;;белый;155 288 км;левый;3 поколение;ML 350 BlueTEC AT 4MATIC;;;
Mercedes-Benz;E-Class;2012;1450000;https://auto.drom.ru/minsk/mercedes-benz/e-class/53432149.html;Характеристики совпадают с ПТС;7 записей о регистрации;Не числится в розыске;Ограничений не обнаружено;Минске;бензин, 1.8 л;184 л.с., налог;АКПП;задний;седан;белый;224 000 км;левый;4 поколение;E 200 CGI BlueEfficiency AТ Avantgarde;;;
Mercedes-Benz;E-Class;2012;1500000;https://auto.drom.ru/moscow/mercedes-benz/e-class/409936365.html;Характеристики совпадают с ПТС;4 записи о регистрации;Не числится в розыске;Ограничений не обнаружено;Москве;бензин, 1.8 л;184 л.с., налог;АКПП;задний;седан;коричневый;224 630 км;левый;4 поколение;E 200 CGI BlueEfficiency AТ Avantgarde;;;
Mercedes-Benz;C-Class;2012;1359000;https://auto.drom.ru/moscow/mercedes-benz/c-class/54087383.html;Характеристики совпадают с ПТС;4 записи о регистрации;Не числится в розыске;Ограничений не обнаружено;Москве;бензин, 1.8 л;156 л.с., налог;АКПП;задний;купе;белый;158 720 км;левый;3 поколение, рестайлинг;C 180 BlueEFFICIENCY AT;;;
Mercedes-Benz;GLK-Class;2012;2135000;https://auto.drom.ru/velikiy-novgorod/mercedes-benz/glk-class/54080118.html;Характеристики совпадают с ПТС;5 записей о регистрации;Не числится в розыске;Ограничений не обнаружено;Великом Новгороде;бензин, 3.5 л;249 л.с., налог;АКПП;4WD;;белый;150 000 км;левый;1 поколение, рестайлинг;GLK 300 4MATIC AT Особая серия;;;
Mercedes-Benz;E-Class;2012;1585000;https://auto.drom.ru/saratov/mercedes-benz/e-class/53798146.html;Характеристики совпадают с ПТС;6 записей о регистрации;Не числится в розыске;Ограничений не обнаружено;Саратове;бензин, 1.8 л;184 л.с., налог;АКПП;задний;седан;белый;300 000 км;левый;4 поколение;;;;
Mercedes-Benz;M-Class;2012;2449000;https://auto.drom.ru/moscow/mercedes-benz/m-class/53773551.html;Характеристики совпадают с ПТС;2 записи о регистрации;Не числится в розыске;Ограничений не обнаружено;Москве;бензин, 3.5 л;306 л.с., налог;АКПП;4WD;;серебристый;99 857 км;левый;3 поколение;;;;
Mercedes-Benz;C-Class;2012;1399000;https://auto.drom.ru/spb/mercedes-benz/c-class/53410656.html;Характеристики совпадают с ПТС;5 записей о регистрации;Не числится в розыске;Ограничений не обнаружено;Санкт-Петербурге;бензин, 1.8 л;156 л.с., налог;АКПП;задний;седан;белый;193 035 км;левый;3 поколение, рестайлинг;;;;
Mercedes-Benz;C-Class;2012;1600000;https://auto.drom.ru/spb/mercedes-benz/c-class/643149393.html;Характеристики совпадают с ПТС;2 записи о регистрации;Не числится в розыске;Ограничений не обнаружено;Санкт-Петербурге;бензин, 1.6 л;156 л.с., налог;АКПП;задний;седан;белый;320 км;левый;3 поколение, рестайлинг;C 180 CGI AT Особая серия;;;
Mercedes-Benz;R-Class;2012;2037000;https://auto.drom.ru/moscow/mercedes-benz/r-class/53395686.html;Характеристики совпадают с ПТС;6 записей о регистрации;Не числится в розыске;Ограничений не обнаружено;Москве;дизель, 3.0 л;224 л.с., налог;АКПП;4WD;;белый;132 100 км;левый;1 поколение, 2 рестайлинг;R 350 CDI L 4MATIC Особая серия;;;
Mercedes-Benz;S-Class;2012;1790000;https://auto.drom.ru/pushkino/mercedes-benz/s-class/538098800.html;Характеристики совпадают с ПТС;7 записей о регистрации;Не числится в розыске;Ограничений не обнаружено;Пушкино;бензин, 4.7 л;435 л.с., налог;АКПП;4WD;седан;черный;205 000 км;левый;5 поколение, рестайлинг;;;;
Mercedes-Benz;C-Class;2012;1599000;https://auto.drom.ru/spb/mercedes-benz/c-class/54066322.html;Характеристики совпадают с ПТС;7 записей о регистрации;Не числится в розыске;Ограничений не обнаружено;Санкт-Петербурге;бензин, 3.5 л;252 л.с., налог;автомат;4WD;седан;черный;182 824 км;левый;;;;;
Mercedes-Benz;C-Class;2012;1550000;https://auto.drom.ru/spb/mercedes-benz/c-class/54066076.html;Характеристики совпадают с ПТС;4 записи о регистрации;Не числится в розыске;Ограничений не обнаружено;Санкт-Петербурге;бензин, 1.8 л;156 л.с., налог;АКПП;задний;седан;белый;143 000 км;левый;3 поколение, рестайлинг;C 180 BlueEFFICIENCY AT Classic;;;
Mercedes-Benz;C-Class;2012;1285000;https://auto.drom.ru/moscow/mercedes-benz/c-class/54064447.html;Характеристики совпадают с ПТС;4 записи о регистрации;Не числится в розыске;Ограничений не обнаружено;Москве;бензин, 1.8 л;156 л.с., налог;АКПП;задний;седан;черный;338 000 км;левый;3 поколение, рестайлинг;C 180 BlueEFFICIENCY AT Classic;;;
Mercedes-Benz;B-Class;2012;1260000;https://auto.drom.ru/moscow/mercedes-benz/b-class/54057685.html;Характеристики совпадают с ПТС;4 записи о регистрации;Не числится в розыске;Ограничений не обнаружено;Москве;бензин, 1.6 л;156 л.с., налог;робот;передний;;серебристый;99 025 км;левый;2 поколение;;;;
Mercedes-Benz;GLK-Class;2012;2169000;https://auto.drom.ru/spb/mercedes-benz/glk-class/138047341.html;Цвет не совпадает с ПТС;4 записи о регистрации;Не числится в розыске;Ограничений не обнаружено;Санкт-Петербурге;бензин, 3.5 л;306 л.с., налог;АКПП;4WD;;черный;115 000 км;левый;1 поколение, рестайлинг;GLK 350 4MATIC AT Особая серия;;;
Mercedes-Benz;GL-Class;2012;4750000;https://auto.drom.ru/penza/mercedes-benz/gl-class/54027513.html;Характеристики совпадают с ПТС;3 записи о регистрации;Не числится в розыске;Ограничений не обнаружено;Пензе;бензин, 4.7 л;435 л.с., налог;АКПП;4WD;;черный;97 531 км;левый;2 поколение;GL 500 4MATIC AT Особая серия;;;
Mercedes-Benz;GL-Class;2012;3200000;https://auto.drom.ru/moscow/mercedes-benz/gl-class/54056516.html;Характеристики совпадают с ПТС;3 записи о регистрации;Не числится в розыске;Ограничений не обнаружено;Москве;бензин, 4.7 л;435 л.с., налог;АКПП;4WD;;черный;175 000 км;левый;2 поколение;GL 500 4MATIC AT Особая серия;;;
Mercedes-Benz;E-Class;2012;1999000;https://auto.drom.ru/yaroslavl/mercedes-benz/e-class/54055605.html;Характеристики совпадают с ПТС;1 запись о регистрации;Не числится в розыске;Ограничений не обнаружено;Ярославле;бензин, 1.8 л;184 л.с., налог;АКПП;задний;седан;черный;109 593 км;левый;4 поколение;;;;
Mercedes-Benz;E-Class;2012;1850000;https://auto.drom.ru/podolsk/mercedes-benz/e-class/52942416.html;Характеристики совпадают с ПТС;4 записи о регистрации;Не числится в розыске;Ограничений не обнаружено;Подольске;бензин, 1.8 л;184 л.с., налог;АКПП;задний;седан;белый;142 000 км;левый;4 поколение;E 200 CGI BlueEfficiency AТ Base;;;
Mercedes-Benz;GL-Class;2012;2308633;https://auto.drom.ru/minsk/mercedes-benz/gl-class/54045172.html;Характеристики совпадают с ПТС;1 запись о регистрации;Не числится в розыске;Ограничений не обнаружено;Минске;бензин, 4.7 л;367 л.с., налог;автомат;4WD;;серебристый;113 000 км;левый;2 поколение;;;;
Mercedes-Benz;M-Class;2012;3150000;https://auto.drom.ru/moscow/mercedes-benz/m-class/828466952.html;Характеристики совпадают с ПТС;3 записи о регистрации;Не числится в розыске;Ограничений не обнаружено;Москве;бензин, 5.5 л;525 л.с., налог;АКПП;4WD;;белый;186 581 км;левый;3 поколение;;;;
Mercedes-Benz;C-Class;2012;1480000;https://auto.drom.ru/protvino/mercedes-benz/c-class/51960862.html;Характеристики совпадают с ПТС;3 записи о регистрации;Не числится в розыске;Ограничений не обнаружено;Протвино;бензин, 1.8 л;156 л.с., налог;АКПП;задний;седан;серый;247 000 км;левый;3 поколение, рестайлинг;C 180 BlueEFFICIENCY AT Особая серия;;;
Mercedes-Benz;B-Class;2012;1300000;https://auto.drom.ru/dubna/mercedes-benz/b-class/54044177.html;;;;;Дубне;бензин, 1.6 л;156 л.с., налог;робот;передний;;белый;191 000 км;левый;2 поколение;B 200 DCT;;;
Mercedes-Benz;E-Class;2012;1500000;https://auto.drom.ru/moscow/mercedes-benz/e-class/54042725.html;Характеристики совпадают с ПТС;5 записей о регистрации;Не числится в розыске;Ограничений не обнаружено;Москве;бензин, 1.8 л;184 л.с., налог;АКПП;задний;купе;черный;240 792 км;левый;4 поколение;E 200 BlueEfficiency AТ Elegance;;;
Mercedes-Benz;G-Class;2012;5010000;https://auto.drom.ru/moscow/mercedes-benz/g-class/53747799.html;Характеристики совпадают с ПТС;4 записи о регистрации;Не числится в розыске;Ограничений не обнаружено;Москве;бензин, 5.5 л;544 л.с., налог;АКПП;4WD;джип/suv 5 дв.;черный;193 027 км;левый;2 поколение, 6 рестайлинг;G 63 AMG;;;
Mercedes-Benz;B-Class;2012;1400000;https://auto.drom.ru/kazan/mercedes-benz/b-class/46442460.html;Характеристики совпадают с ПТС;4 записи о регистрации;Не числится в розыске;Ограничений не обнаружено;Казани;бензин, 1.6 л;156 л.с., налог;робот;передний;;серебристый;183 000 км;левый;2 поколение;B 200 DCT "Особая серия";;;
Mercedes-Benz;C-Class;2012;1744000;https://auto.drom.ru/moscow/mercedes-benz/c-class/750635697.html;Характеристики совпадают с ПТС;1 запись о регистрации;Не числится в розыске;Ограничений не обнаружено;Москве;бензин, 1.6 л;156 л.с., налог;АКПП;задний;седан;коричневый;76 988 км;левый;3 поколение, рестайлинг;;;;
Mercedes-Benz;C-Class;2012;1908000;https://auto.drom.ru/moscow/mercedes-benz/c-class/405995398.html;Характеристики совпадают с ПТС;2 записи о регистрации;Не числится в розыске;Ограничений не обнаружено;Москве;бензин, 1.8 л;156 л.с., налог;АКПП;задний;седан;бежевый;89 774 км;левый;3 поколение, рестайлинг;;;;
Mercedes-Benz;E-Class;2012;1800000;https://auto.drom.ru/mihaylovka/mercedes-benz/e-class/509362364.html;Характеристики совпадают с ПТС;3 записи о регистрации;Не числится в розыске;Ограничений не обнаружено;Михайловке;бензин, 1.8 л;184 л.с., налог;АКПП;задний;седан;серый;126 000 км;левый;4 поколение;E 200 CGI BlueEfficiency AТ Avantgarde;;;
Mercedes-Benz;E-Class;2012;1898000;https://auto.drom.ru/moscow/mercedes-benz/e-class/51034989.html;Характеристики совпадают с ПТС;3 записи о регистрации;Не числится в розыске;Ограничений не обнаружено;Москве;бензин, 1.8 л;184 л.с., налог;АКПП;задний;седан;черный;86 700 км;левый;4 поколение;;;;
Mercedes-Benz;B-Class;2012;1365000;https://auto.drom.ru/moscow/mercedes-benz/b-class/54013322.html;Характеристики совпадают с ПТС;3 записи о регистрации;Не числится в розыске;Ограничений не обнаружено;Москве;бензин, 1.6 л;122 л.с., налог;робот;передний;;черный;117 009 км;левый;2 поколение;;;;
Mercedes-Benz;E-Class;2012;1630000;https://auto.drom.ru/kamensk-shahtinskiy/mercedes-benz/e-class/53550367.html;Характеристики совпадают с ПТС;4 записи о регистрации;Не числится в розыске;Ограничений не обнаружено;Каменске-Шахтинском;бензин, 1.8 л;184 л.с., налог;АКПП;задний;седан;черный;164 000 км;левый;4 поколение;E 200 CGI AT Особая серия;;;
Mercedes-Benz;GLK-Class;2012;1849000;https://auto.drom.ru/nizhniy-novgorod/mercedes-benz/glk-class/52443358.html;Характеристики совпадают с ПТС;4 записи о регистрации;Не числится в розыске;Ограничений не обнаружено;Нижнем Новгороде;бензин, 3.5 л;250 л.с., налог;автомат;4WD;;серый;170 000 км;левый;;;;;
Mercedes-Benz;E-Class;2012;1700000;https://auto.drom.ru/moscow/mercedes-benz/e-class/936548874.html;Характеристики совпадают с ПТС;1 запись о регистрации;Не числится в розыске;Ограничений не обнаружено;Москве;бензин, 1.8 л;184 л.с., налог;АКПП;задний;седан;коричневый;104 346 км;левый;4 поколение;;;;
Mercedes-Benz;C-Class;2012;1390000;https://auto.drom.ru/moscow/mercedes-benz/c-class/561925703.html;Характеристики совпадают с ПТС;2 записи о регистрации;Не числится в розыске;Ограничений не обнаружено;Москве;бензин, 1.6 л;156 л.с., налог;АКПП;задний;седан;белый;211 612 км;левый;3 поколение, рестайлинг;;;;
Mercedes-Benz;M-Class;2012;2600000;https://auto.drom.ru/moscow/mercedes-benz/m-class/745621770.html;Характеристики совпадают с ПТС;5 записей о регистрации;Не числится в розыске;Ограничений не обнаружено;Москве;бензин, 3.5 л;306 л.с., налог;АКПП;4WD;;черный;213 000 км;левый;3 поколение;ML 350 AT 4MATIC;;;
Mercedes-Benz;C-Class;2012;1525000;https://auto.drom.ru/kazan/mercedes-benz/c-class/508319518.html;Характеристики совпадают с ПТС;4 записи о регистрации;Не числится в розыске;Ограничений не обнаружено;Казани;бензин, 1.6 л;156 л.с., налог;АКПП;задний;седан;черный;180 001 км;левый;3 поколение, рестайлинг;;;;
Mercedes-Benz;GLK-Class;2012;1950000;https://auto.drom.ru/moscow/mercedes-benz/glk-class/539441152.html;Характеристики совпадают с ПТС;3 записи о регистрации;Не числится в розыске;Ограничений не обнаружено;Москве;бензин, 3.5 л;249 л.с., налог;АКПП;4WD;;серый;151 000 км;левый;1 поколение, рестайлинг;GLK 300 4MATIC AT Особая серия;;;
Mercedes-Benz;GLK-Class;2012;2156000;https://auto.drom.ru/moscow/mercedes-benz/glk-class/713194625.html;Характеристики совпадают с ПТС;;Не числится в розыске;Ограничений не обнаружено;Москве;бензин, 3.5 л;249 л.с., налог;АКПП;4WD;;белый;96 156 км;левый;1 поколение, рестайлинг;GLK 300 4MATIC AT Особая серия;;;
Mercedes-Benz;GLK-Class;2012;1881000;https://auto.drom.ru/spb/mercedes-benz/glk-class/54010089.html;Характеристики совпадают с ПТС;7 записей о регистрации;Не числится в розыске;Ограничений не обнаружено;Санкт-Петербурге;бензин, 3.5 л;249 л.с., налог;АКПП;4WD;;коричневый;168 100 км;левый;1 поколение, рестайлинг;GLK 300 4MATIC AT Особая серия;;;
Mercedes-Benz;C-Class;2012;1750000;https://auto.drom.ru/moscow/mercedes-benz/c-class/54008885.html;Характеристики совпадают с ПТС;2 записи о регистрации;Не числится в розыске;Ограничений не обнаружено;Москве;бензин, 1.8 л;156 л.с., налог;АКПП;задний;седан;белый;170 500 км;левый;3 поколение, рестайлинг;C 180 BlueEFFICIENCY AT Elegance;;;
Mercedes-Benz;B-Class;2012;1275000;https://auto.drom.ru/moscow/mercedes-benz/b-class/54008888.html;Характеристики совпадают с ПТС;2 записи о регистрации;Не числится в розыске;Ограничений не обнаружено;Москве;бензин, 1.6 л;156 л.с., налог;робот;передний;;черный;136 151 км;левый;2 поколение;B 200 DCT "Особая серия";;;
Mercedes-Benz;E-Class;2012;1849000;https://auto.drom.ru/moscow/mercedes-benz/e-class/53312173.html;Характеристики совпадают с ПТС;4 записи о регистрации;Не числится в розыске;Ограничений не обнаружено;Москве;бензин, 1.8 л;184 л.с., налог;АКПП;задний;седан;черный;117 000 км;левый;4 поколение;E 200 CGI BlueEfficiency AТ Elegance;;;
Mercedes-Benz;E-Class;2012;1550000;https://auto.drom.ru/moscow/mercedes-benz/e-class/264240909.html;Характеристики совпадают с ПТС;4 записи о регистрации;Не числится в розыске;Ограничений не обнаружено;Москве;бензин, 1.8 л;184 л.с., налог;АКПП;задний;седан;черный;220 000 км;левый;4 поколение;E 200 CGI BlueEfficiency AТ Avantgarde;;;
Mercedes-Benz;GL-Class;2012;2450000;https://auto.drom.ru/moscow/mercedes-benz/gl-class/54132220.html;Характеристики совпадают с ПТС;1 запись о регистрации;Не числится в розыске;Ограничений не обнаружено;Москве;дизель, 3.0 л;224 л.с., налог;АКПП;4WD;;коричневый;149 000 км;левый;1 поколение, рестайлинг;GL 350 CDI "Особая серия";;;
Mercedes-Benz;M-Class;2012;3990000;https://auto.drom.ru/moscow/mercedes-benz/m-class/52852197.html;Характеристики совпадают с ПТС;6 записей о регистрации;Не числится в розыске;Ограничений не обнаружено;Москве;бензин, 5.5 л;525 л.с., налог;АКПП;4WD;;черный;78 500 км;левый;3 поколение;ML 63 AMG Особая серия;;;
Mercedes-Benz;C-Class;2012;1400000;https://auto.drom.ru/moscow/mercedes-benz/c-class/157319571.html;Характеристики совпадают с ПТС;3 записи о регистрации;Не числится в розыске;Ограничений не обнаружено;Москве;бензин, 1.8 л;156 л.с., налог;АКПП;задний;седан;белый;279 000 км;левый;3 поколение, рестайлинг;;;;
Mercedes-Benz;M-Class;2012;2398000;https://auto.drom.ru/moscow/mercedes-benz/m-class/53996749.html;Характеристики совпадают с ПТС;2 записи о регистрации;Не числится в розыске;Ограничений не обнаружено;Москве;бензин, 3.5 л;306 л.с., налог;АКПП;4WD;;черный;146 650 км;левый;3 поколение;;;;
Mercedes-Benz;E-Class;2012;1750000;https://auto.drom.ru/kazan/mercedes-benz/e-class/54003947.html;Характеристики совпадают с ПТС;10 записей о регистрации;Не числится в розыске;Ограничений не обнаружено;Казани;бензин, 1.8 л;184 л.с., налог;АКПП;задний;седан;белый;212 000 км;левый;4 поколение;;;;
Mercedes-Benz;E-Class;2012;2200000;https://auto.drom.ru/moscow/mercedes-benz/e-class/52865832.html;Характеристики совпадают с ПТС;4 записи о регистрации;Не числится в розыске;Ограничений не обнаружено;Москве;бензин, 1.8 л;184 л.с., налог;АКПП;задний;седан;черный;108 000 км;левый;4 поколение;E 200 CGI BlueEfficiency AТ Avantgarde;;;
Mercedes-Benz;E-Class;2012;1749000;https://auto.drom.ru/yaroslavl/mercedes-benz/e-class/936948540.html;Характеристики совпадают с ПТС;1 запись о регистрации;Не числится в розыске;Ограничений не обнаружено;Ярославле;бензин, 1.8 л;184 л.с., налог;АКПП;задний;седан;черный;202 500 км;левый;4 поколение;;;;
Mercedes-Benz;C-Class;2012;1520000;https://auto.drom.ru/mogilev/mercedes-benz/c-class/53992552.html;Характеристики совпадают с ПТС;5 записей о регистрации;Не числится в розыске;Ограничений не обнаружено;Могилёве;бензин, 1.8 л;156 л.с., налог;АКПП;задний;седан;белый;219 000 км;левый;3 поколение, рестайлинг;C 180 BlueEFFICIENCY AT Classic;;;
Mercedes-Benz;GLK-Class;2012;1850000;https://auto.drom.ru/spb/mercedes-benz/glk-class/215336114.html;Характеристики совпадают с ПТС;2 записи о регистрации;Не числится в розыске;Ограничений не обнаружено;Санкт-Петербурге;бензин, 3.0 л;231 л.с., налог;АКПП;4WD;;черный;119 843 км;левый;1 поколение;GLK 300 4MATIC AT Особая серия;;;
Mercedes-Benz;GLK-Class;2012;2400000;https://auto.drom.ru/moscow/mercedes-benz/glk-class/932252507.html;Характеристики совпадают с ПТС;3 записи о регистрации;Не числится в розыске;Ограничений не обнаружено;Москве;бензин, 3.5 л;249 л.с., налог;АКПП;4WD;;белый;227 000 км;левый;1 поколение, рестайлинг;GLK 300 4MATIC AT Особая серия;;;
Mercedes-Benz;B-Class;2012;1185000;https://auto.drom.ru/spb/mercedes-benz/b-class/623780699.html;Цвет не совпадает с ПТС;3 записи о регистрации;Не числится в розыске;Ограничений не обнаружено;Санкт-Петербурге;бензин, 1.6 л;156 л.с., налог;робот;передний;;коричневый;149 000 км;левый;2 поколение;;;;
Mercedes-Benz;GL-Class;2012;2700000;https://auto.drom.ru/podolsk/mercedes-benz/gl-class/488035643.html;Характеристики совпадают с ПТС;4 записи о регистрации;Не числится в розыске;Ограничений не обнаружено;Подольске;дизель, 3.0 л;224 л.с., налог;АКПП;4WD;;черный;188 000 км;левый;1 поколение, рестайлинг;GL 350 CDI "Особая серия";;;
Mercedes-Benz;E-Class;2012;1850000;https://auto.drom.ru/moscow/mercedes-benz/e-class/941636454.html;Характеристики совпадают с ПТС;4 записи о регистрации;Не числится в розыске;Ограничений не обнаружено;Москве;бензин, 1.8 л;184 л.с., налог;АКПП;задний;универсал;серый;135 000 км;левый;4 поколение;E 200 CGI BlueEfficiency AТ Elegance;;;
Mercedes-Benz;C-Class;2012;1682000;https://auto.drom.ru/moscow/mercedes-benz/c-class/53673547.html;Характеристики совпадают с ПТС;4 записи о регистрации;Не числится в розыске;Ограничений не обнаружено;Москве;бензин, 1.8 л;156 л.с., налог;АКПП;задний;купе;красный;71 880 км;левый;3 поколение, рестайлинг;C 180 BlueEFFICIENCY AT;;;
Mercedes-Benz;A-Class;2012;810000;https://auto.drom.ru/kaluga/mercedes-benz/a-class/53985738.html;Характеристики совпадают с ПТС;3 записи о регистрации;Не числится в розыске;Ограничений не обнаружено;Калуге;бензин, 1.7 л;116 л.с., налог;вариатор;передний;хэтчбек 5 дв.;красный;78 738 км;левый;2 поколение, рестайлинг;;;;
Mercedes-Benz;Viano;2012;2220000;https://auto.drom.ru/moscow/mercedes-benz/viano/298952037.html;Характеристики совпадают с ПТС;4 записи о регистрации;Не числится в розыске;Ограничений не обнаружено;Москве;дизель, 2.1 л;163 л.с., налог;автомат;4WD;;черный;288 380 км;левый;;;;;
Mercedes-Benz;E-Class;2012;1449789;https://auto.drom.ru/spb/mercedes-benz/e-class/53981937.html;Характеристики совпадают с ПТС;6 записей о регистрации;Не числится в розыске;Ограничений не обнаружено;Санкт-Петербурге;бензин, 1.8 л;204 л.с., налог;АКПП;задний;купе;серый;118 479 км;левый;4 поколение;;;;
Mercedes-Benz;M-Class;2012;2090000;https://auto.drom.ru/kazan/mercedes-benz/m-class/53685952.html;Характеристики совпадают с ПТС;2 записи о регистрации;Не числится в розыске;Ограничений не обнаружено;Казани;бензин, 3.5 л;306 л.с., налог;АКПП;4WD;;бежевый;184 612 км;левый;3 поколение;;;;
Mercedes-Benz;E-Class;2012;1590000;https://auto.drom.ru/shuya/mercedes-benz/e-class/561655660.html;Характеристики совпадают с ПТС;4 записи о регистрации;Не числится в розыске;Есть ограничения;Шуе;бензин, 1.8 л;184 л.с., налог;АКПП;задний;седан;черный;183 500 км;левый;4 поколение;;;;
Mercedes-Benz;E-Class;2012;1089000;https://auto.drom.ru/moscow/mercedes-benz/e-class/616590406.html;Характеристики совпадают с ПТС;7 записей о регистрации;Не числится в розыске;Ограничений не обнаружено;Москве;бензин, 1.8 л;184 л.с., налог;АКПП;задний;седан;черный;263 000 км;левый;4 поколение;;;;
Mercedes-Benz;M-Class;2012;2140000;https://auto.drom.ru/moscow/mercedes-benz/m-class/225499674.html;Характеристики совпадают с ПТС;1 запись о регистрации;Не числится в розыске;Ограничений не обнаружено;Москве;дизель, 3.0 л;258 л.с., налог;АКПП;4WD;;черный;311 000 км;левый;3 поколение;ML 350 BlueTEC AT 4MATIC;;;
Mercedes-Benz;M-Class;2012;2450000;https://auto.drom.ru/nizhniy-novgorod/mercedes-benz/m-class/53671828.html;Характеристики совпадают с ПТС;5 записей о регистрации;Не числится в розыске;Ограничений не обнаружено;Нижнем Новгороде;бензин, 3.5 л;306 л.с., налог;АКПП;4WD;;белый;250 000 км;левый;3 поколение;;;;
Mercedes-Benz;M-Class;2012;2629700;https://auto.drom.ru/moscow/mercedes-benz/m-class/53668326.html;Характеристики совпадают с ПТС;4 записи о регистрации;Не числится в розыске;Ограничений не обнаружено;Москве;бензин, 3.5 л;306 л.с., налог;АКПП;4WD;;серый;113 001 км;левый;3 поколение;;;;
Mercedes-Benz;GLK-Class;2012;1600000;https://auto.drom.ru/moscow/mercedes-benz/glk-class/47699769.html;Характеристики совпадают с ПТС;4 записи о регистрации;Не числится в розыске;Ограничений не обнаружено;Москве;дизель, 2.1 л;170 л.с., налог;АКПП;4WD;;черный;150 000 км;левый;1 поколение;GLK 220 CDI 4MATIC AT Особая серия;;;
Mercedes-Benz;GL-Class;2012;1799000;https://auto.drom.ru/moscow/mercedes-benz/gl-class/698580966.html;Характеристики совпадают с ПТС;3 записи о регистрации;Не числится в розыске;Ограничений не обнаружено;Москве;дизель, 3.0 л;224 л.с., налог;АКПП;4WD;;черный;137 028 км;левый;1 поколение, рестайлинг;GL 350 CDI "Особая серия";;;
Mercedes-Benz;E-Class;2012;1662190;https://auto.drom.ru/minsk/mercedes-benz/e-class/53583672.html;Мощность двигателя не совпадает с ПТС;5 записей о регистрации;Не числится в розыске;Есть ограничения;Минске;бензин, 3.5 л;306 л.с., налог;АКПП;4WD;седан;черный;265 000 км;левый;4 поколение;E 350 BlueEfficiency 4MATIC AТ Elegance;;;
Mercedes-Benz;GL-Class;2012;2150000;https://auto.drom.ru/togliatti/mercedes-benz/gl-class/53973863.html;Год не совпадает с ПТС;8 записей о регистрации;Не числится в розыске;Ограничений не обнаружено;Тольятти;дизель, 3.0 л;224 л.с., налог;АКПП;4WD;;черный;168 000 км;левый;1 поколение, рестайлинг;GL 350 CDI "Особая серия";;;
Mercedes-Benz;M-Class;2012;3000000;https://auto.drom.ru/moscow/mercedes-benz/m-class/53970040.html;Характеристики совпадают с ПТС;3 записи о регистрации;Не числится в розыске;Ограничений не обнаружено;Москве;бензин, 4.7 л;408 л.с., налог;АКПП;4WD;;золотистый;124 858 км;левый;3 поколение;ML 500 4MATIC AT Особая серия;;;
Mercedes-Benz;E-Class;2012;1780000;https://auto.drom.ru/moscow/mercedes-benz/e-class/52801953.html;Характеристики совпадают с ПТС;4 записи о регистрации;Не числится в розыске;Ограничений не обнаружено;Москве;бензин, 3.5 л;252 л.с., налог;АКПП;4WD;седан;черный;127 971 км;левый;4 поколение;;;;
Mercedes-Benz;M-Class;2012;2420000;https://auto.drom.ru/moscow/mercedes-benz/m-class/52801959.html;Характеристики совпадают с ПТС;4 записи о регистрации;Не числится в розыске;Ограничений не обнаружено;Москве;бензин, 4.7 л;408 л.с., налог;АКПП;4WD;;белый;167 531 км;левый;3 поколение;;;;
Mercedes-Benz;M-Class;2012;3700000;https://auto.drom.ru/moscow/mercedes-benz/m-class/39430512.html;Характеристики совпадают с ПТС;1 запись о регистрации;Не числится в розыске;Ограничений не обнаружено;Москве;бензин, 3.5 л;306 л.с., налог;АКПП;4WD;;белый;125 000 км;левый;3 поколение;ML 350 4MATIC AT Особая серия;;;
Mercedes-Benz;E-Class;2012;1530000;https://auto.drom.ru/moscow/mercedes-benz/e-class/414514070.html;Характеристики совпадают с ПТС;3 записи о регистрации;Не числится в розыске;Ограничений не обнаружено;Москве;бензин, 1.8 л;184 л.с., налог;АКПП;задний;седан;черный;147 852 км;левый;4 поколение;;;;
Mercedes-Benz;B-Class;2012;1330000;https://auto.drom.ru/spb/mercedes-benz/b-class/519326994.html;Характеристики совпадают с ПТС;2 записи о регистрации;Не числится в розыске;Ограничений не обнаружено;Санкт-Петербурге;бензин, 1.6 л;122 л.с., налог;робот;передний;;белый;86 207 км;левый;2 поколение;B 180 BlueEFFICIENCY DCT;;;
Mercedes-Benz;A-Class;2012;1350000;https://auto.drom.ru/belgorod/mercedes-benz/a-class/52356980.html;Характеристики совпадают с ПТС;2 записи о регистрации;Не числится в розыске;Ограничений не обнаружено;Белгороде;бензин, 1.7 л;116 л.с., налог;вариатор;передний;хэтчбек 5 дв.;красный;76 000 км;левый;2 поколение, рестайлинг;;;;
Mercedes-Benz;M-Class;2012;2030000;https://auto.drom.ru/spb/mercedes-benz/m-class/835997338.html;Характеристики совпадают с ПТС;1 запись о регистрации;Не числится в розыске;Ограничений не обнаружено;Санкт-Петербурге;дизель, 3.0 л;258 л.с., налог;АКПП;4WD;;коричневый;332 586 км;левый;3 поколение;ML 350 BlueTEC AT 4MATIC;;;
Mercedes-Benz;E-Class;2012;1490000;https://auto.drom.ru/spb/mercedes-benz/e-class/356113364.html;Характеристики совпадают с ПТС;2 записи о регистрации;Не числится в розыске;Ограничений не обнаружено;Санкт-Петербурге;бензин, 1.8 л;184 л.с., налог;АКПП;задний;седан;черный;177 000 км;левый;4 поколение;;;;
Mercedes-Benz;E-Class;2012;1255000;https://auto.drom.ru/spb/mercedes-benz/e-class/53648859.html;Характеристики совпадают с ПТС;6 записей о регистрации;Не числится в розыске;Ограничений не обнаружено;Санкт-Петербурге;бензин, 1.8 л;184 л.с., налог;АКПП;задний;седан;бежевый;232 341 км;левый;4 поколение;;;;
Mercedes-Benz;GLK-Class;2012;1990000;https://auto.drom.ru/bryansk/mercedes-benz/glk-class/910568815.html;Характеристики совпадают с ПТС;4 записи о регистрации;Не числится в розыске;Ограничений не обнаружено;Брянске;дизель, 2.1 л;170 л.с., налог;АКПП;4WD;;белый;164 823 км;левый;1 поколение;;;;
Mercedes-Benz;C-Class;2012;1300000;https://auto.drom.ru/cheboksary/mercedes-benz/c-class/53227271.html;Характеристики совпадают с ПТС;5 записей о регистрации;Не числится в розыске;Есть ограничения;Чебоксарах;бензин, 1.8 л;156 л.с., налог;АКПП;задний;седан;синий;210 000 км;левый;3 поколение, рестайлинг;C 180 BlueEFFICIENCY AT Classic;;;
Mercedes-Benz;GLK-Class;2012;2375000;https://auto.drom.ru/moscow/mercedes-benz/glk-class/267639931.html;Характеристики совпадают с ПТС;2 записи о регистрации;Не числится в розыске;Ограничений не обнаружено;Москве;дизель, 2.1 л;170 л.с., налог;АКПП;4WD;;серый;101 500 км;левый;1 поколение;;;;
Mercedes-Benz;M-Class;2012;2664000;https://auto.drom.ru/moscow/mercedes-benz/m-class/872076859.html;Характеристики совпадают с ПТС;1 запись о регистрации;Не числится в розыске;Ограничений не обнаружено;Москве;бензин, 3.5 л;306 л.с., налог;АКПП;4WD;;черный;151 945 км;левый;3 поколение;;;;
Mercedes-Benz;A-Class;2012;775000;https://auto.drom.ru/saratov/mercedes-benz/a-class/52772566.html;Характеристики совпадают с ПТС;5 записей о регистрации;Не числится в розыске;Ограничений не обнаружено;Саратове;бензин, 1.7 л;116 л.с., налог;вариатор;передний;хэтчбек 5 дв.;красный;173 619 км;левый;2 поколение, рестайлинг;;;;
Mercedes-Benz;E-Class;2012;1400000;https://auto.drom.ru/ivanovo/mercedes-benz/e-class/254878383.html;Характеристики совпадают с ПТС;5 записей о регистрации;Не числится в розыске;Ограничений не обнаружено;Иваново;бензин, 1.8 л;184 л.с., налог;АКПП;задний;седан;бежевый;220 000 км;левый;4 поколение;;;;
Mercedes-Benz;GLK-Class;2012;1695000;https://auto.drom.ru/moscow/mercedes-benz/glk-class/797096299.html;Характеристики совпадают с ПТС;1 запись о регистрации;Не числится в розыске;Ограничений не обнаружено;Москве;бензин, 3.5 л;250 л.с., налог;автомат;4WD;;белый;204 500 км;левый;;;;;
Mercedes-Benz;E-Class;2012;5350000;https://auto.drom.ru/moscow/mercedes-benz/e-class/53613049.html;Характеристики совпадают с ПТС;2 записи о регистрации;Не числится в розыске;Ограничений не обнаружено;Москве;бензин, 3.5 л;306 л.с., налог;АКПП;4WD;седан;белый;17 000 км;левый;4 поколение;;;;
Mercedes-Benz;E-Class;2012;1808500;https://auto.drom.ru/moscow/mercedes-benz/e-class/53961996.html;Характеристики совпадают с ПТС;2 записи о регистрации;Не числится в розыске;Ограничений не обнаружено;Москве;бензин, 1.8 л;204 л.с., налог;АКПП;задний;седан;белый;156 000 км;левый;4 поколение;;;;
Mercedes-Benz;M-Class;2012;2649000;https://auto.drom.ru/spb/mercedes-benz/m-class/481289968.html;Характеристики совпадают с ПТС;2 записи о регистрации;Не числится в розыске;Ограничений не обнаружено;Санкт-Петербурге;дизель, 3.0 л;258 л.с., налог;АКПП;4WD;;белый;158 591 км;левый;3 поколение;ML 350 BlueTEC AT 4MATIC;;;
Mercedes-Benz;C-Class;2012;1291000;https://auto.drom.ru/spb/mercedes-benz/c-class/789303022.html;Характеристики совпадают с ПТС;2 записи о регистрации;Не числится в розыске;Ограничений не обнаружено;Санкт-Петербурге;бензин, 1.8 л;156 л.с., налог;АКПП;задний;купе;серебристый;129 060 км;левый;3 поколение, рестайлинг;C 180 BlueEFFICIENCY AT;;;
Mercedes-Benz;C-Class;2012;1189000;https://auto.drom.ru/spb/mercedes-benz/c-class/563408380.html;Характеристики совпадают с ПТС;5 записей о регистрации;Не числится в розыске;Ограничений не обнаружено;Санкт-Петербурге;бензин, 1.6 л;156 л.с., налог;АКПП;задний;седан;серебристый;153 765 км;левый;3 поколение, рестайлинг;;;;
Mercedes-Benz;C-Class;2012;1470000;https://auto.drom.ru/volgograd/mercedes-benz/c-class/939941221.html;Характеристики совпадают с ПТС;4 записи о регистрации;Не числится в розыске;Ограничений не обнаружено;Волгограде;бензин, 1.6 л;156 л.с., налог;АКПП;задний;седан;серый;126 639 км;левый;3 поколение, рестайлинг;;;;
Mercedes-Benz;M-Class;2012;3999000;https://auto.drom.ru/voronezh/mercedes-benz/m-class/53193796.html;Характеристики совпадают с ПТС;1 запись о регистрации;Не числится в розыске;Ограничений не обнаружено;Воронеже;бензин, 3.5 л;306 л.с., налог;АКПП;4WD;;коричневый;101 294 км;левый;3 поколение;;;;
Mercedes-Benz;C-Class;2012;1950000;https://auto.drom.ru/moscow/mercedes-benz/c-class/276795495.html;Характеристики совпадают с ПТС;4 записи о регистрации;Не числится в розыске;Ограничений не обнаружено;Москве;бензин, 1.6 л;156 л.с., налог;АКПП;задний;седан;красный;67 685 км;левый;3 поколение, рестайлинг;;;;
Mercedes-Benz;E-Class;2012;1819000;https://auto.drom.ru/moscow/mercedes-benz/e-class/828637480.html;Характеристики совпадают с ПТС;2 записи о регистрации;Не числится в розыске;Ограничений не обнаружено;Москве;бензин, 1.8 л;184 л.с., налог;АКПП;задний;седан;серебристый;116 332 км;левый;4 поколение;;;;
Mercedes-Benz;C-Class;2012;1800000;https://auto.drom.ru/moscow/mercedes-benz/c-class/53082498.html;Характеристики совпадают с ПТС;4 записи о регистрации;Не числится в розыске;Ограничений не обнаружено;Москве;бензин, 1.8 л;156 л.с., налог;АКПП;задний;седан;черный;140 000 км;левый;3 поколение, рестайлинг;;;;
Mercedes-Benz;B-Class;2012;1150000;https://auto.drom.ru/ryazan/mercedes-benz/b-class/53182709.html;Характеристики совпадают с ПТС;2 записи о регистрации;Не числится в розыске;Ограничений не обнаружено;Рязани;бензин, 1.6 л;156 л.с., налог;робот;передний;;черный;174 244 км;левый;2 поколение;;;;
Mercedes-Benz;C-Class;2012;1500000;https://auto.drom.ru/moscow/mercedes-benz/c-class/53938703.html;Характеристики совпадают с ПТС;4 записи о регистрации;Не числится в розыске;Ограничений не обнаружено;Москве;бензин, 1.8 л;156 л.с., налог;АКПП;задний;седан;черный;252 700 км;левый;3 поколение, рестайлинг;C 180 BlueEFFICIENCY AT Особая серия;;;
Mercedes-Benz;E-Class;2012;1729000;https://auto.drom.ru/engels/mercedes-benz/e-class/53933878.html;Характеристики совпадают с ПТС;4 записи о регистрации;Не числится в розыске;Ограничений не обнаружено;Энгельсе;бензин, 3.5 л;252 л.с., налог;АКПП;задний;седан;белый;225 000 км;левый;4 поколение;E 300 BlueEfficiency AТ Avantgarde;;;
Mercedes-Benz;S-Class;2012;2450000;https://auto.drom.ru/tula/mercedes-benz/s-class/53583669.html;Характеристики совпадают с ПТС;7 записей о регистрации;Не числится в розыске;Ограничений не обнаружено;Туле;бензин, 4.7 л;435 л.с., налог;АКПП;4WD;седан;черный;212 000 км;левый;5 поколение, рестайлинг;S500 L 4MATIC Базовая;;;
Mercedes-Benz;C-Class;2012;1590000;https://auto.drom.ru/spb/mercedes-benz/c-class/630468055.html;Характеристики совпадают с ПТС;3 записи о регистрации;Не числится в розыске;Ограничений не обнаружено;Санкт-Петербурге;бензин, 1.8 л;156 л.с., налог;АКПП;задний;купе;белый;69 535 км;левый;3 поколение, рестайлинг;C 180 BlueEFFICIENCY AT;;;
Mercedes-Benz;C-Class;2012;1680000;https://auto.drom.ru/balashiha/mercedes-benz/c-class/53929341.html;Характеристики совпадают с ПТС;3 записи о регистрации;Не числится в розыске;Ограничений не обнаружено;Балашихе;бензин, 1.8 л;184 л.с., налог;АКПП;задний;седан;черный;165 000 км;левый;3 поколение, рестайлинг;;;;
Mercedes-Benz;CLS-Class;2012;2700000;https://auto.drom.ru/moscow/mercedes-benz/cls-class/53569714.html;Характеристики совпадают с ПТС;1 запись о регистрации;Не числится в розыске;Ограничений не обнаружено;Москве;бензин, 4.7 л;408 л.с., налог;АКПП;4WD;седан;бежевый;115 000 км;левый;2 поколение;CLS 500 4MATIC AT;;;
Mercedes-Benz;E-Class;2012;1779000;https://auto.drom.ru/moscow/mercedes-benz/e-class/186526444.html;Характеристики совпадают с ПТС;4 записи о регистрации;Не числится в розыске;Ограничений не обнаружено;Москве;бензин, 1.8 л;184 л.с., налог;АКПП;задний;седан;черный;104 341 км;левый;4 поколение;;;;
Mercedes-Benz;E-Class;2012;1800000;https://auto.drom.ru/naro-fominsk/mercedes-benz/e-class/423238027.html;Характеристики совпадают с ПТС;3 записи о регистрации;Не числится в розыске;Есть ограничения;Наро-Фоминске;бензин, 1.8 л;184 л.с., налог;АКПП;задний;седан;белый;215 000 км;левый;4 поколение;E 200 CGI BlueEfficiency AТ Base;;;
Mercedes-Benz;B-Class;2012;979000;https://auto.drom.ru/moscow/mercedes-benz/b-class/53916915.html;Характеристики совпадают с ПТС;1 запись о регистрации;Не числится в розыске;Ограничений не обнаружено;Москве;бензин, 1.6 л;122 л.с., налог;робот;передний;;черный;253 965 км;левый;2 поколение;;;;
Mercedes-Benz;GL-Class;2012;3770000;https://auto.drom.ru/balashiha/mercedes-benz/gl-class/53916663.html;Характеристики совпадают с ПТС;6 записей о регистрации;Не числится в розыске;Ограничений не обнаружено;Балашихе;бензин, 4.7 л;435 л.с., налог;АКПП;4WD;;коричневый;133 790 км;левый;2 поколение;GL 500 4MATIC AT Особая серия;;;
Mercedes-Benz;C-Class;2012;1299000;https://auto.drom.ru/spb/mercedes-benz/c-class/53552567.html;Характеристики совпадают с ПТС;7 записей о регистрации;Не числится в розыске;Есть ограничения;Санкт-Петербурге;бензин, 1.8 л;156 л.с., налог;АКПП;задний;седан;черный;194 871 км;левый;3 поколение, рестайлинг;;;;
Mercedes-Benz;E-Class;2012;1379000;https://auto.drom.ru/spb/mercedes-benz/e-class/752755587.html;Характеристики совпадают с ПТС;5 записей о регистрации;Не числится в розыске;Ограничений не обнаружено;Санкт-Петербурге;бензин, 1.8 л;184 л.с., налог;АКПП;задний;седан;белый;193 044 км;левый;4 поколение;;;;
Mercedes-Benz;E-Class;2012;1695000;https://auto.drom.ru/moscow/mercedes-benz/e-class/270996636.html;Характеристики совпадают с ПТС;3 записи о регистрации;Не числится в розыске;Ограничений не обнаружено;Москве;бензин, 1.8 л;184 л.с., налог;АКПП;задний;седан;белый;265 874 км;левый;4 поколение;E 200 CGI BlueEfficiency AТ Avantgarde;;;
Mercedes-Benz;M-Class;2012;2650000;https://auto.drom.ru/spb/mercedes-benz/m-class/350045235.html;Характеристики совпадают с ПТС;12 записей о регистрации;Не числится в розыске;Ограничений не обнаружено;Санкт-Петербурге;дизель, 3.0 л;258 л.с., налог;АКПП;4WD;;белый;240 000 км;левый;3 поколение;ML 350 BlueTEC AT 4MATIC;;;
Mercedes-Benz;CLS-Class;2012;1919000;https://auto.drom.ru/moscow/mercedes-benz/cls-class/874055865.html;Характеристики совпадают с ПТС;4 записи о регистрации;Не числится в розыске;Ограничений не обнаружено;Москве;бензин, 3.5 л;306 л.с., налог;АКПП;задний;седан;коричневый;177 878 км;левый;2 поколение;;;;
Mercedes-Benz;C-Class;2012;1367428;https://auto.drom.ru/kazan/mercedes-benz/c-class/53130799.html;Характеристики совпадают с ПТС;5 записей о регистрации;Не числится в розыске;Ограничений не обнаружено;Казани;бензин, 1.6 л;156 л.с., налог;АКПП;задний;седан;серый;202 500 км;левый;3 поколение, рестайлинг;;;;
Mercedes-Benz;C-Class;2012;1370000;https://auto.drom.ru/saratov/mercedes-benz/c-class/53126303.html;Год не совпадает с ПТС;10 записей о регистрации;Не числится в розыске;Ограничений не обнаружено;Саратове;бензин, 1.8 л;156 л.с., налог;АКПП;задний;седан;черный;207 000 км;левый;3 поколение, рестайлинг;;;;
Mercedes-Benz;C-Class;2012;1699000;https://auto.drom.ru/kazan/mercedes-benz/c-class/270803629.html;Характеристики совпадают с ПТС;5 записей о регистрации;Не числится в розыске;Ограничений не обнаружено;Казани;бензин, 1.6 л;156 л.с., налог;АКПП;задний;седан;коричневый;135 710 км;левый;3 поколение, рестайлинг;C 180 AT Elegance;;;
Mercedes-Benz;S-Class;2012;2050000;https://auto.drom.ru/volgograd/mercedes-benz/s-class/399289699.html;Характеристики совпадают с ПТС;7 записей о регистрации;Не числится в розыске;Ограничений не обнаружено;Волгограде;бензин, 4.7 л;435 л.с., налог;АКПП;4WD;седан;черный;249 892 км;левый;5 поколение, рестайлинг;;;;
Mercedes-Benz;M-Class;2012;2105000;https://auto.drom.ru/spb/mercedes-benz/m-class/170073116.html;Характеристики совпадают с ПТС;6 записей о регистрации;Не числится в розыске;Ограничений не обнаружено;Санкт-Петербурге;бензин, 3.5 л;306 л.с., налог;АКПП;4WD;;синий;230 000 км;левый;3 поколение;;;;
Mercedes-Benz;M-Class;2012;2730097;https://auto.drom.ru/spb/mercedes-benz/m-class/720500440.html;Характеристики совпадают с ПТС;4 записи о регистрации;Не числится в розыске;Ограничений не обнаружено;Санкт-Петербурге;дизель, 2.1 л;204 л.с., налог;АКПП;4WD;;серый;128 280 км;левый;3 поколение;ML 250 BlueTEC AT 4MATIC;;;
Mercedes-Benz;E-Class;2012;1770000;https://auto.drom.ru/moscow/mercedes-benz/e-class/53896844.html;Характеристики совпадают с ПТС;3 записи о регистрации;Не числится в розыске;Ограничений не обнаружено;Москве;бензин, 1.8 л;184 л.с., налог;АКПП;задний;седан;белый;133 300 км;левый;4 поколение;;;;
